solid OpenSCAD_Model
  facet normal 0.514121 -0.857718 0
    outer loop
      vertex 96.1142 -2.34577 0
      vertex 96.3667 -2.19442 8.6
      vertex 96.1142 -2.34577 8.6
    endloop
  endfacet
  facet normal 0.514121 -0.857718 0
    outer loop
      vertex 96.3667 -2.19442 8.6
      vertex 96.1142 -2.34577 0
      vertex 96.3667 -2.19442 0
    endloop
  endfacet
  facet normal -0.970018 0.243031 0
    outer loop
      vertex -2.64235 95.2853 0
      vertex -2.57082 95.5708 8.6
      vertex -2.57082 95.5708 0
    endloop
  endfacet
  facet normal -0.970018 0.243031 0
    outer loop
      vertex -2.57082 95.5708 8.6
      vertex -2.64235 95.2853 0
      vertex -2.64235 95.2853 8.6
    endloop
  endfacet
  facet normal 0.4274 0.904063 -0
    outer loop
      vertex 96.1142 97.3458 0
      vertex 95.8481 97.4716 8.6
      vertex 96.1142 97.3458 8.6
    endloop
  endfacet
  facet normal 0.4274 0.904063 0
    outer loop
      vertex 95.8481 97.4716 8.6
      vertex 96.1142 97.3458 0
      vertex 95.8481 97.4716 0
    endloop
  endfacet
  facet normal -0.671539 0.740969 0
    outer loop
      vertex -1.60318 97.019 0
      vertex -1.82132 96.8213 8.6
      vertex -1.60318 97.019 8.6
    endloop
  endfacet
  facet normal -0.671539 0.740969 0
    outer loop
      vertex -1.82132 96.8213 8.6
      vertex -1.60318 97.019 0
      vertex -1.82132 96.8213 0
    endloop
  endfacet
  facet normal 0.336771 -0.941587 0
    outer loop
      vertex 95.5708 -2.57082 0
      vertex 95.8481 -2.47164 8.6
      vertex 95.5708 -2.57082 8.6
    endloop
  endfacet
  facet normal 0.336771 -0.941587 0
    outer loop
      vertex 95.8481 -2.47164 8.6
      vertex 95.5708 -2.57082 0
      vertex 95.8481 -2.47164 0
    endloop
  endfacet
  facet normal 0.427594 -0.903971 0
    outer loop
      vertex 95.8481 -2.47164 0
      vertex 96.1142 -2.34577 8.6
      vertex 95.8481 -2.47164 8.6
    endloop
  endfacet
  facet normal 0.427594 -0.903971 0
    outer loop
      vertex 96.1142 -2.34577 8.6
      vertex 95.8481 -2.47164 0
      vertex 96.1142 -2.34577 0
    endloop
  endfacet
  facet normal -0.803224 0.595677 0
    outer loop
      vertex -2.19442 96.3667 0
      vertex -2.01903 96.6032 8.6
      vertex -2.01903 96.6032 0
    endloop
  endfacet
  facet normal -0.803224 0.595677 0
    outer loop
      vertex -2.01903 96.6032 8.6
      vertex -2.19442 96.3667 0
      vertex -2.19442 96.3667 8.6
    endloop
  endfacet
  facet normal -0.740891 0.671625 0
    outer loop
      vertex -2.01903 96.6032 0
      vertex -1.82132 96.8213 8.6
      vertex -1.82132 96.8213 0
    endloop
  endfacet
  facet normal -0.740891 0.671625 0
    outer loop
      vertex -1.82132 96.8213 8.6
      vertex -2.01903 96.6032 0
      vertex -2.01903 96.6032 8.6
    endloop
  endfacet
  facet normal -0.595742 -0.803176 0
    outer loop
      vertex -1.60318 -2.01903 0
      vertex -1.36672 -2.19442 8.6
      vertex -1.60318 -2.01903 8.6
    endloop
  endfacet
  facet normal -0.595742 -0.803176 -0
    outer loop
      vertex -1.36672 -2.19442 8.6
      vertex -1.60318 -2.01903 0
      vertex -1.36672 -2.19442 0
    endloop
  endfacet
  facet normal 0 1 0
    outer loop
      vertex 94.7 97.7 8.6
      vertex 22 97.7 8.5
      vertex 0.299999 97.7 8.6
    endloop
  endfacet
  facet normal 0 1 0
    outer loop
      vertex 94.7 97.7 8.6
      vertex 22 97.7 1.5
      vertex 22 97.7 8.5
    endloop
  endfacet
  facet normal 0 1 0
    outer loop
      vertex 0.299999 97.7 0
      vertex 22 97.7 1.5
      vertex 94.7 97.7 0
    endloop
  endfacet
  facet normal 0 1 -0
    outer loop
      vertex 94.7 97.7 0
      vertex 22 97.7 1.5
      vertex 94.7 97.7 8.6
    endloop
  endfacet
  facet normal 0 1 -0
    outer loop
      vertex 10 97.7 8.5
      vertex 0.299999 97.7 8.6
      vertex 22 97.7 8.5
    endloop
  endfacet
  facet normal 0 1 -0
    outer loop
      vertex 10 97.7 1.5
      vertex 0.299999 97.7 8.6
      vertex 10 97.7 8.5
    endloop
  endfacet
  facet normal 0 1 0
    outer loop
      vertex 10 97.7 1.5
      vertex 0.299999 97.7 0
      vertex 0.299999 97.7 8.6
    endloop
  endfacet
  facet normal 0 1 0
    outer loop
      vertex 22 97.7 1.5
      vertex 0.299999 97.7 0
      vertex 10 97.7 1.5
    endloop
  endfacet
  facet normal -0.514061 -0.857754 0
    outer loop
      vertex -1.36672 -2.19442 0
      vertex -1.11418 -2.34577 8.6
      vertex -1.36672 -2.19442 8.6
    endloop
  endfacet
  facet normal -0.514061 -0.857754 -0
    outer loop
      vertex -1.11418 -2.34577 8.6
      vertex -1.36672 -2.19442 0
      vertex -1.11418 -2.34577 0
    endloop
  endfacet
  facet normal -0.427563 -0.903986 0
    outer loop
      vertex -1.11418 -2.34577 0
      vertex -0.848056 -2.47164 8.6
      vertex -1.11418 -2.34577 8.6
    endloop
  endfacet
  facet normal -0.427563 -0.903986 -0
    outer loop
      vertex -0.848056 -2.47164 8.6
      vertex -1.11418 -2.34577 0
      vertex -0.848056 -2.47164 0
    endloop
  endfacet
  facet normal 0.904063 0.4274 0
    outer loop
      vertex 97.4716 95.8481 8.6
      vertex 97.3458 96.1142 0
      vertex 97.3458 96.1142 8.6
    endloop
  endfacet
  facet normal 0.904063 0.4274 0
    outer loop
      vertex 97.3458 96.1142 0
      vertex 97.4716 95.8481 8.6
      vertex 97.4716 95.8481 0
    endloop
  endfacet
  facet normal 0.146696 -0.989182 0
    outer loop
      vertex 94.994 -2.68555 0
      vertex 95.2853 -2.64235 8.6
      vertex 94.994 -2.68555 8.6
    endloop
  endfacet
  facet normal 0.146696 -0.989182 0
    outer loop
      vertex 95.2853 -2.64235 8.6
      vertex 94.994 -2.68555 0
      vertex 95.2853 -2.64235 0
    endloop
  endfacet
  facet normal -1 0 0
    outer loop
      vertex -2.7 0.299999 0
      vertex -2.7 94.7 8.6
      vertex -2.7 94.7 0
    endloop
  endfacet
  facet normal -1 -0 0
    outer loop
      vertex -2.7 94.7 8.6
      vertex -2.7 0.299999 0
      vertex -2.7 0.299999 8.6
    endloop
  endfacet
  facet normal -0.427368 0.904078 0
    outer loop
      vertex -0.848056 97.4716 0
      vertex -1.11418 97.3458 8.6
      vertex -0.848056 97.4716 8.6
    endloop
  endfacet
  facet normal -0.427368 0.904078 0
    outer loop
      vertex -1.11418 97.3458 8.6
      vertex -0.848056 97.4716 0
      vertex -1.11418 97.3458 0
    endloop
  endfacet
  facet normal 0 -1 0
    outer loop
      vertex 0.299999 -2.7 0
      vertex 94.7 -2.7 8.6
      vertex 0.299999 -2.7 8.6
    endloop
  endfacet
  facet normal 0 -1 -0
    outer loop
      vertex 94.7 -2.7 8.6
      vertex 0.299999 -2.7 0
      vertex 94.7 -2.7 0
    endloop
  endfacet
  facet normal 0.0490904 -0.998794 0
    outer loop
      vertex 94.7 -2.7 0
      vertex 94.994 -2.68555 8.6
      vertex 94.7 -2.7 8.6
    endloop
  endfacet
  facet normal 0.0490904 -0.998794 0
    outer loop
      vertex 94.994 -2.68555 8.6
      vertex 94.7 -2.7 0
      vertex 94.994 -2.68555 0
    endloop
  endfacet
  facet normal -0.857718 0.514121 0
    outer loop
      vertex -2.34577 96.1142 0
      vertex -2.19442 96.3667 8.6
      vertex -2.19442 96.3667 0
    endloop
  endfacet
  facet normal -0.857718 0.514121 0
    outer loop
      vertex -2.19442 96.3667 8.6
      vertex -2.34577 96.1142 0
      vertex -2.34577 96.1142 8.6
    endloop
  endfacet
  facet normal 0.243031 -0.970018 0
    outer loop
      vertex 95.2853 -2.64235 0
      vertex 95.5708 -2.57082 8.6
      vertex 95.2853 -2.64235 8.6
    endloop
  endfacet
  facet normal 0.243031 -0.970018 0
    outer loop
      vertex 95.5708 -2.57082 8.6
      vertex 95.2853 -2.64235 0
      vertex 95.5708 -2.57082 0
    endloop
  endfacet
  facet normal -0.989175 -0.146739 0
    outer loop
      vertex -2.64235 -0.285266 0
      vertex -2.68555 0.00594711 8.6
      vertex -2.68555 0.00594711 0
    endloop
  endfacet
  facet normal -0.989175 -0.146739 0
    outer loop
      vertex -2.68555 0.00594711 8.6
      vertex -2.64235 -0.285266 0
      vertex -2.64235 -0.285266 8.6
    endloop
  endfacet
  facet normal -0.671558 -0.740952 0
    outer loop
      vertex -1.82132 -1.82132 0
      vertex -1.60318 -2.01903 8.6
      vertex -1.82132 -1.82132 8.6
    endloop
  endfacet
  facet normal -0.671558 -0.740952 -0
    outer loop
      vertex -1.60318 -2.01903 8.6
      vertex -1.82132 -1.82132 0
      vertex -1.60318 -2.01903 0
    endloop
  endfacet
  facet normal -0.857754 -0.514061 0
    outer loop
      vertex -2.19442 -1.36672 0
      vertex -2.34577 -1.11418 8.6
      vertex -2.34577 -1.11418 0
    endloop
  endfacet
  facet normal -0.857754 -0.514061 0
    outer loop
      vertex -2.34577 -1.11418 8.6
      vertex -2.19442 -1.36672 0
      vertex -2.19442 -1.36672 8.6
    endloop
  endfacet
  facet normal -0.514186 0.857679 0
    outer loop
      vertex -1.11418 97.3458 0
      vertex -1.36672 97.1944 8.6
      vertex -1.11418 97.3458 8.6
    endloop
  endfacet
  facet normal -0.514186 0.857679 0
    outer loop
      vertex -1.36672 97.1944 8.6
      vertex -1.11418 97.3458 0
      vertex -1.36672 97.1944 0
    endloop
  endfacet
  facet normal -0.595764 0.80316 0
    outer loop
      vertex -1.36672 97.1944 0
      vertex -1.60318 97.019 8.6
      vertex -1.36672 97.1944 8.6
    endloop
  endfacet
  facet normal -0.595764 0.80316 0
    outer loop
      vertex -1.60318 97.019 8.6
      vertex -1.36672 97.1944 0
      vertex -1.60318 97.019 0
    endloop
  endfacet
  facet normal -0.941587 0.336771 0
    outer loop
      vertex -2.57082 95.5708 0
      vertex -2.47164 95.8481 8.6
      vertex -2.47164 95.8481 0
    endloop
  endfacet
  facet normal -0.941587 0.336771 0
    outer loop
      vertex -2.47164 95.8481 8.6
      vertex -2.57082 95.5708 0
      vertex -2.57082 95.5708 8.6
    endloop
  endfacet
  facet normal 0.857643 0.514246 0
    outer loop
      vertex 97.3458 96.1142 8.6
      vertex 97.1944 96.3667 0
      vertex 97.1944 96.3667 8.6
    endloop
  endfacet
  facet normal 0.857643 0.514246 0
    outer loop
      vertex 97.1944 96.3667 0
      vertex 97.3458 96.1142 8.6
      vertex 97.3458 96.1142 0
    endloop
  endfacet
  facet normal -0.989182 0.146696 0
    outer loop
      vertex -2.68555 94.994 0
      vertex -2.64235 95.2853 8.6
      vertex -2.64235 95.2853 0
    endloop
  endfacet
  facet normal -0.989182 0.146696 0
    outer loop
      vertex -2.64235 95.2853 8.6
      vertex -2.68555 94.994 0
      vertex -2.68555 94.994 8.6
    endloop
  endfacet
  facet normal -0.146739 0.989175 0
    outer loop
      vertex 0.00594711 97.6855 0
      vertex -0.285266 97.6423 8.6
      vertex 0.00594711 97.6855 8.6
    endloop
  endfacet
  facet normal -0.146739 0.989175 0
    outer loop
      vertex -0.285266 97.6423 8.6
      vertex 0.00594711 97.6855 0
      vertex -0.285266 97.6423 0
    endloop
  endfacet
  facet normal 0.80316 -0.595764 0
    outer loop
      vertex 97.019 -1.60318 8.6
      vertex 97.1944 -1.36672 0
      vertex 97.1944 -1.36672 8.6
    endloop
  endfacet
  facet normal 0.80316 -0.595764 0
    outer loop
      vertex 97.1944 -1.36672 0
      vertex 97.019 -1.60318 8.6
      vertex 97.019 -1.60318 0
    endloop
  endfacet
  facet normal -0.803176 -0.595742 0
    outer loop
      vertex -2.01903 -1.60318 0
      vertex -2.19442 -1.36672 8.6
      vertex -2.19442 -1.36672 0
    endloop
  endfacet
  facet normal -0.803176 -0.595742 0
    outer loop
      vertex -2.19442 -1.36672 8.6
      vertex -2.01903 -1.60318 0
      vertex -2.01903 -1.60318 8.6
    endloop
  endfacet
  facet normal 1 -0 0
    outer loop
      vertex 97.7 0.299999 8.6
      vertex 97.7 94.7 0
      vertex 97.7 94.7 8.6
    endloop
  endfacet
  facet normal 1 0 0
    outer loop
      vertex 97.7 94.7 0
      vertex 97.7 0.299999 8.6
      vertex 97.7 0.299999 0
    endloop
  endfacet
  facet normal -0.0490818 -0.998795 0
    outer loop
      vertex 0.00594711 -2.68555 0
      vertex 0.299999 -2.7 8.6
      vertex 0.00594711 -2.68555 8.6
    endloop
  endfacet
  facet normal -0.0490818 -0.998795 -0
    outer loop
      vertex 0.299999 -2.7 8.6
      vertex 0.00594711 -2.68555 0
      vertex 0.299999 -2.7 0
    endloop
  endfacet
  facet normal -0.998795 -0.0490818 0
    outer loop
      vertex -2.68555 0.00594711 0
      vertex -2.7 0.299999 8.6
      vertex -2.7 0.299999 0
    endloop
  endfacet
  facet normal -0.998795 -0.0490818 0
    outer loop
      vertex -2.7 0.299999 8.6
      vertex -2.68555 0.00594711 0
      vertex -2.68555 0.00594711 8.6
    endloop
  endfacet
  facet normal 0.941529 -0.336931 0
    outer loop
      vertex 97.4716 -0.848056 8.6
      vertex 97.5708 -0.570849 0
      vertex 97.5708 -0.570849 8.6
    endloop
  endfacet
  facet normal 0.941529 -0.336931 0
    outer loop
      vertex 97.5708 -0.570849 0
      vertex 97.4716 -0.848056 8.6
      vertex 97.4716 -0.848056 0
    endloop
  endfacet
  facet normal 0.595699 0.803208 -0
    outer loop
      vertex 96.6032 97.019 0
      vertex 96.3667 97.1944 8.6
      vertex 96.6032 97.019 8.6
    endloop
  endfacet
  facet normal 0.595699 0.803208 0
    outer loop
      vertex 96.3667 97.1944 8.6
      vertex 96.6032 97.019 0
      vertex 96.3667 97.1944 0
    endloop
  endfacet
  facet normal -0.998794 0.0490904 0
    outer loop
      vertex -2.7 94.7 0
      vertex -2.68555 94.994 8.6
      vertex -2.68555 94.994 0
    endloop
  endfacet
  facet normal -0.998794 0.0490904 0
    outer loop
      vertex -2.68555 94.994 8.6
      vertex -2.7 94.7 0
      vertex -2.7 94.7 8.6
    endloop
  endfacet
  facet normal 0.989182 0.146696 0
    outer loop
      vertex 97.6855 94.994 8.6
      vertex 97.6423 95.2853 0
      vertex 97.6423 95.2853 8.6
    endloop
  endfacet
  facet normal 0.989182 0.146696 0
    outer loop
      vertex 97.6423 95.2853 0
      vertex 97.6855 94.994 8.6
      vertex 97.6855 94.994 0
    endloop
  endfacet
  facet normal 0.671607 0.740908 -0
    outer loop
      vertex 96.8213 96.8213 0
      vertex 96.6032 97.019 8.6
      vertex 96.8213 96.8213 8.6
    endloop
  endfacet
  facet normal 0.671607 0.740908 0
    outer loop
      vertex 96.6032 97.019 8.6
      vertex 96.8213 96.8213 0
      vertex 96.6032 97.019 0
    endloop
  endfacet
  facet normal -0.242965 -0.970035 0
    outer loop
      vertex -0.570849 -2.57082 0
      vertex -0.285266 -2.64235 8.6
      vertex -0.570849 -2.57082 8.6
    endloop
  endfacet
  facet normal -0.242965 -0.970035 -0
    outer loop
      vertex -0.285266 -2.64235 8.6
      vertex -0.570849 -2.57082 0
      vertex -0.285266 -2.64235 0
    endloop
  endfacet
  facet normal -0.0492512 0.998786 0
    outer loop
      vertex 0.299999 97.7 0
      vertex 0.00594711 97.6855 8.6
      vertex 0.299999 97.7 8.6
    endloop
  endfacet
  facet normal -0.0492512 0.998786 0
    outer loop
      vertex 0.00594711 97.6855 8.6
      vertex 0.299999 97.7 0
      vertex 0.00594711 97.6855 0
    endloop
  endfacet
  facet normal 0 0 -1
    outer loop
      vertex 94.7 -2.7 0
      vertex 97.7 0.299999 0
      vertex 97.6855 0.00594711 0
    endloop
  endfacet
  facet normal -0 0 -1
    outer loop
      vertex 97.7 0.299999 0
      vertex 94.7 -2.7 0
      vertex 97.7 94.7 0
    endloop
  endfacet
  facet normal 0 0 -1
    outer loop
      vertex 94.7 -2.7 0
      vertex 97.6855 0.00594711 0
      vertex 97.6423 -0.285266 0
    endloop
  endfacet
  facet normal 0 0 -1
    outer loop
      vertex 94.7 97.7 0
      vertex 97.7 94.7 0
      vertex 94.7 -2.7 0
    endloop
  endfacet
  facet normal 0 0 -1
    outer loop
      vertex 94.7 -2.7 0
      vertex 97.6423 -0.285266 0
      vertex 97.5708 -0.570849 0
    endloop
  endfacet
  facet normal 0 0 -1
    outer loop
      vertex 97.7 94.7 0
      vertex 94.7 97.7 0
      vertex 97.6855 94.994 0
    endloop
  endfacet
  facet normal 0 0 -1
    outer loop
      vertex 94.7 -2.7 0
      vertex 97.5708 -0.570849 0
      vertex 97.4716 -0.848056 0
    endloop
  endfacet
  facet normal 0 0 -1
    outer loop
      vertex 97.6855 94.994 0
      vertex 94.7 97.7 0
      vertex 97.6423 95.2853 0
    endloop
  endfacet
  facet normal 0 0 -1
    outer loop
      vertex 94.7 -2.7 0
      vertex 97.4716 -0.848056 0
      vertex 97.3458 -1.11418 0
    endloop
  endfacet
  facet normal 0 0 -1
    outer loop
      vertex 97.6423 95.2853 0
      vertex 94.7 97.7 0
      vertex 97.5708 95.5708 0
    endloop
  endfacet
  facet normal 0 0 -1
    outer loop
      vertex 94.7 -2.7 0
      vertex 97.3458 -1.11418 0
      vertex 97.1944 -1.36672 0
    endloop
  endfacet
  facet normal 0 0 -1
    outer loop
      vertex 97.5708 95.5708 0
      vertex 94.7 97.7 0
      vertex 97.4716 95.8481 0
    endloop
  endfacet
  facet normal 0 0 -1
    outer loop
      vertex 94.7 -2.7 0
      vertex 97.1944 -1.36672 0
      vertex 97.019 -1.60318 0
    endloop
  endfacet
  facet normal 0 0 -1
    outer loop
      vertex 97.4716 95.8481 0
      vertex 94.7 97.7 0
      vertex 97.3458 96.1142 0
    endloop
  endfacet
  facet normal 0 0 -1
    outer loop
      vertex 94.7 -2.7 0
      vertex 97.019 -1.60318 0
      vertex 96.8213 -1.82132 0
    endloop
  endfacet
  facet normal 0 0 -1
    outer loop
      vertex 97.3458 96.1142 0
      vertex 94.7 97.7 0
      vertex 97.1944 96.3667 0
    endloop
  endfacet
  facet normal 0 0 -1
    outer loop
      vertex 94.7 -2.7 0
      vertex 96.8213 -1.82132 0
      vertex 96.6032 -2.01903 0
    endloop
  endfacet
  facet normal 0 0 -1
    outer loop
      vertex 97.1944 96.3667 0
      vertex 94.7 97.7 0
      vertex 97.019 96.6032 0
    endloop
  endfacet
  facet normal 0 0 -1
    outer loop
      vertex 94.7 -2.7 0
      vertex 96.6032 -2.01903 0
      vertex 96.3667 -2.19442 0
    endloop
  endfacet
  facet normal 0 0 -1
    outer loop
      vertex 97.019 96.6032 0
      vertex 94.7 97.7 0
      vertex 96.8213 96.8213 0
    endloop
  endfacet
  facet normal 0 0 -1
    outer loop
      vertex 94.7 -2.7 0
      vertex 96.3667 -2.19442 0
      vertex 96.1142 -2.34577 0
    endloop
  endfacet
  facet normal 0 0 -1
    outer loop
      vertex 96.8213 96.8213 0
      vertex 94.7 97.7 0
      vertex 96.6032 97.019 0
    endloop
  endfacet
  facet normal 0 0 -1
    outer loop
      vertex 94.7 -2.7 0
      vertex 96.1142 -2.34577 0
      vertex 95.8481 -2.47164 0
    endloop
  endfacet
  facet normal 0 0 -1
    outer loop
      vertex 96.6032 97.019 0
      vertex 94.7 97.7 0
      vertex 96.3667 97.1944 0
    endloop
  endfacet
  facet normal 0 0 -1
    outer loop
      vertex 94.7 -2.7 0
      vertex 95.8481 -2.47164 0
      vertex 95.5708 -2.57082 0
    endloop
  endfacet
  facet normal 0 0 -1
    outer loop
      vertex 96.3667 97.1944 0
      vertex 94.7 97.7 0
      vertex 96.1142 97.3458 0
    endloop
  endfacet
  facet normal 0 0 -1
    outer loop
      vertex 94.7 -2.7 0
      vertex 95.5708 -2.57082 0
      vertex 95.2853 -2.64235 0
    endloop
  endfacet
  facet normal 0 0 -1
    outer loop
      vertex 96.1142 97.3458 0
      vertex 94.7 97.7 0
      vertex 95.8481 97.4716 0
    endloop
  endfacet
  facet normal 0 0 -1
    outer loop
      vertex 94.7 -2.7 0
      vertex 95.2853 -2.64235 0
      vertex 94.994 -2.68555 0
    endloop
  endfacet
  facet normal 0 0 -1
    outer loop
      vertex 95.8481 97.4716 0
      vertex 94.7 97.7 0
      vertex 95.5708 97.5708 0
    endloop
  endfacet
  facet normal 0 0 -1
    outer loop
      vertex 95.5708 97.5708 0
      vertex 94.7 97.7 0
      vertex 95.2853 97.6423 0
    endloop
  endfacet
  facet normal 0 0 -1
    outer loop
      vertex 95.2853 97.6423 0
      vertex 94.7 97.7 0
      vertex 94.994 97.6855 0
    endloop
  endfacet
  facet normal 0 0 -1
    outer loop
      vertex 0.299999 -2.7 0
      vertex 94.7 97.7 0
      vertex 94.7 -2.7 0
    endloop
  endfacet
  facet normal 0 0 -1
    outer loop
      vertex 0.299999 -2.7 0
      vertex 0.299999 97.7 0
      vertex 94.7 97.7 0
    endloop
  endfacet
  facet normal 0 0 -1
    outer loop
      vertex -2.7 0.299999 0
      vertex 0.299999 -2.7 0
      vertex 0.00594711 -2.68555 0
    endloop
  endfacet
  facet normal 0 0 -1
    outer loop
      vertex 0.299999 -2.7 0
      vertex -2.7 0.299999 0
      vertex 0.299999 97.7 0
    endloop
  endfacet
  facet normal 0 0 -1
    outer loop
      vertex -2.7 0.299999 0
      vertex 0.00594711 -2.68555 0
      vertex -0.285266 -2.64235 0
    endloop
  endfacet
  facet normal 0 0 -1
    outer loop
      vertex -2.7 94.7 0
      vertex 0.299999 97.7 0
      vertex -2.7 0.299999 0
    endloop
  endfacet
  facet normal 0 0 -1
    outer loop
      vertex -2.7 0.299999 0
      vertex -0.285266 -2.64235 0
      vertex -0.570849 -2.57082 0
    endloop
  endfacet
  facet normal 0 0 -1
    outer loop
      vertex 0.299999 97.7 0
      vertex -2.7 94.7 0
      vertex 0.00594711 97.6855 0
    endloop
  endfacet
  facet normal 0 0 -1
    outer loop
      vertex -2.7 0.299999 0
      vertex -0.570849 -2.57082 0
      vertex -0.848056 -2.47164 0
    endloop
  endfacet
  facet normal 0 0 -1
    outer loop
      vertex 0.00594711 97.6855 0
      vertex -2.7 94.7 0
      vertex -0.285266 97.6423 0
    endloop
  endfacet
  facet normal 0 0 -1
    outer loop
      vertex -2.7 0.299999 0
      vertex -0.848056 -2.47164 0
      vertex -1.11418 -2.34577 0
    endloop
  endfacet
  facet normal 0 0 -1
    outer loop
      vertex -0.285266 97.6423 0
      vertex -2.7 94.7 0
      vertex -0.570849 97.5708 0
    endloop
  endfacet
  facet normal 0 0 -1
    outer loop
      vertex -2.7 0.299999 0
      vertex -1.11418 -2.34577 0
      vertex -1.36672 -2.19442 0
    endloop
  endfacet
  facet normal 0 0 -1
    outer loop
      vertex -0.570849 97.5708 0
      vertex -2.7 94.7 0
      vertex -0.848056 97.4716 0
    endloop
  endfacet
  facet normal 0 0 -1
    outer loop
      vertex -2.7 0.299999 0
      vertex -1.36672 -2.19442 0
      vertex -1.60318 -2.01903 0
    endloop
  endfacet
  facet normal 0 0 -1
    outer loop
      vertex -0.848056 97.4716 0
      vertex -2.7 94.7 0
      vertex -1.11418 97.3458 0
    endloop
  endfacet
  facet normal 0 0 -1
    outer loop
      vertex -2.7 0.299999 0
      vertex -1.60318 -2.01903 0
      vertex -1.82132 -1.82132 0
    endloop
  endfacet
  facet normal 0 0 -1
    outer loop
      vertex -1.11418 97.3458 0
      vertex -2.7 94.7 0
      vertex -1.36672 97.1944 0
    endloop
  endfacet
  facet normal 0 0 -1
    outer loop
      vertex -2.7 0.299999 0
      vertex -1.82132 -1.82132 0
      vertex -2.01903 -1.60318 0
    endloop
  endfacet
  facet normal 0 0 -1
    outer loop
      vertex -1.36672 97.1944 0
      vertex -2.7 94.7 0
      vertex -1.60318 97.019 0
    endloop
  endfacet
  facet normal 0 0 -1
    outer loop
      vertex -2.7 0.299999 0
      vertex -2.01903 -1.60318 0
      vertex -2.19442 -1.36672 0
    endloop
  endfacet
  facet normal 0 0 -1
    outer loop
      vertex -1.60318 97.019 0
      vertex -2.7 94.7 0
      vertex -1.82132 96.8213 0
    endloop
  endfacet
  facet normal 0 0 -1
    outer loop
      vertex -2.7 0.299999 0
      vertex -2.19442 -1.36672 0
      vertex -2.34577 -1.11418 0
    endloop
  endfacet
  facet normal 0 0 -1
    outer loop
      vertex -1.82132 96.8213 0
      vertex -2.7 94.7 0
      vertex -2.01903 96.6032 0
    endloop
  endfacet
  facet normal 0 0 -1
    outer loop
      vertex -2.7 0.299999 0
      vertex -2.34577 -1.11418 0
      vertex -2.47164 -0.848056 0
    endloop
  endfacet
  facet normal 0 0 -1
    outer loop
      vertex -2.01903 96.6032 0
      vertex -2.7 94.7 0
      vertex -2.19442 96.3667 0
    endloop
  endfacet
  facet normal 0 0 -1
    outer loop
      vertex -2.7 0.299999 0
      vertex -2.47164 -0.848056 0
      vertex -2.57082 -0.570849 0
    endloop
  endfacet
  facet normal 0 0 -1
    outer loop
      vertex -2.19442 96.3667 0
      vertex -2.7 94.7 0
      vertex -2.34577 96.1142 0
    endloop
  endfacet
  facet normal 0 0 -1
    outer loop
      vertex -2.7 0.299999 0
      vertex -2.57082 -0.570849 0
      vertex -2.64235 -0.285266 0
    endloop
  endfacet
  facet normal 0 0 -1
    outer loop
      vertex -2.34577 96.1142 0
      vertex -2.7 94.7 0
      vertex -2.47164 95.8481 0
    endloop
  endfacet
  facet normal 0 0 -1
    outer loop
      vertex -2.7 0.299999 0
      vertex -2.64235 -0.285266 0
      vertex -2.68555 0.00594711 0
    endloop
  endfacet
  facet normal 0 0 -1
    outer loop
      vertex -2.47164 95.8481 0
      vertex -2.7 94.7 0
      vertex -2.57082 95.5708 0
    endloop
  endfacet
  facet normal 0 0 -1
    outer loop
      vertex -2.57082 95.5708 0
      vertex -2.7 94.7 0
      vertex -2.64235 95.2853 0
    endloop
  endfacet
  facet normal 0 0 -1
    outer loop
      vertex -2.64235 95.2853 0
      vertex -2.7 94.7 0
      vertex -2.68555 94.994 0
    endloop
  endfacet
  facet normal 0.146696 0.989182 -0
    outer loop
      vertex 95.2853 97.6423 0
      vertex 94.994 97.6855 8.6
      vertex 95.2853 97.6423 8.6
    endloop
  endfacet
  facet normal 0.146696 0.989182 0
    outer loop
      vertex 94.994 97.6855 8.6
      vertex 95.2853 97.6423 0
      vertex 94.994 97.6855 0
    endloop
  endfacet
  facet normal -0.336931 0.941529 0
    outer loop
      vertex -0.570849 97.5708 0
      vertex -0.848056 97.4716 8.6
      vertex -0.570849 97.5708 8.6
    endloop
  endfacet
  facet normal -0.336931 0.941529 0
    outer loop
      vertex -0.848056 97.4716 8.6
      vertex -0.570849 97.5708 0
      vertex -0.848056 97.4716 0
    endloop
  endfacet
  facet normal -0.242869 0.970059 0
    outer loop
      vertex -0.285266 97.6423 0
      vertex -0.570849 97.5708 8.6
      vertex -0.285266 97.6423 8.6
    endloop
  endfacet
  facet normal -0.242869 0.970059 0
    outer loop
      vertex -0.570849 97.5708 8.6
      vertex -0.285266 97.6423 0
      vertex -0.570849 97.5708 0
    endloop
  endfacet
  facet normal 0.514246 0.857643 -0
    outer loop
      vertex 96.3667 97.1944 0
      vertex 96.1142 97.3458 8.6
      vertex 96.3667 97.1944 8.6
    endloop
  endfacet
  facet normal 0.514246 0.857643 0
    outer loop
      vertex 96.1142 97.3458 8.6
      vertex 96.3667 97.1944 0
      vertex 96.1142 97.3458 0
    endloop
  endfacet
  facet normal 0.989175 -0.146739 0
    outer loop
      vertex 97.6423 -0.285266 8.6
      vertex 97.6855 0.00594711 0
      vertex 97.6855 0.00594711 8.6
    endloop
  endfacet
  facet normal 0.989175 -0.146739 0
    outer loop
      vertex 97.6855 0.00594711 0
      vertex 97.6423 -0.285266 8.6
      vertex 97.6423 -0.285266 0
    endloop
  endfacet
  facet normal 0.904078 -0.427368 0
    outer loop
      vertex 97.3458 -1.11418 8.6
      vertex 97.4716 -0.848056 0
      vertex 97.4716 -0.848056 8.6
    endloop
  endfacet
  facet normal 0.904078 -0.427368 0
    outer loop
      vertex 97.4716 -0.848056 0
      vertex 97.3458 -1.11418 8.6
      vertex 97.3458 -1.11418 0
    endloop
  endfacet
  facet normal 0.857679 -0.514186 0
    outer loop
      vertex 97.1944 -1.36672 8.6
      vertex 97.3458 -1.11418 0
      vertex 97.3458 -1.11418 8.6
    endloop
  endfacet
  facet normal 0.857679 -0.514186 0
    outer loop
      vertex 97.3458 -1.11418 0
      vertex 97.1944 -1.36672 8.6
      vertex 97.1944 -1.36672 0
    endloop
  endfacet
  facet normal -0.903986 -0.427563 0
    outer loop
      vertex -2.34577 -1.11418 0
      vertex -2.47164 -0.848056 8.6
      vertex -2.47164 -0.848056 0
    endloop
  endfacet
  facet normal -0.903986 -0.427563 0
    outer loop
      vertex -2.47164 -0.848056 8.6
      vertex -2.34577 -1.11418 0
      vertex -2.34577 -1.11418 8.6
    endloop
  endfacet
  facet normal -0.970035 -0.242965 0
    outer loop
      vertex -2.57082 -0.570849 0
      vertex -2.64235 -0.285266 8.6
      vertex -2.64235 -0.285266 0
    endloop
  endfacet
  facet normal -0.970035 -0.242965 0
    outer loop
      vertex -2.64235 -0.285266 8.6
      vertex -2.57082 -0.570849 0
      vertex -2.57082 -0.570849 8.6
    endloop
  endfacet
  facet normal 0.671625 -0.740891 0
    outer loop
      vertex 96.6032 -2.01903 0
      vertex 96.8213 -1.82132 8.6
      vertex 96.6032 -2.01903 8.6
    endloop
  endfacet
  facet normal 0.671625 -0.740891 0
    outer loop
      vertex 96.8213 -1.82132 8.6
      vertex 96.6032 -2.01903 0
      vertex 96.8213 -1.82132 0
    endloop
  endfacet
  facet normal -0.336871 -0.941551 0
    outer loop
      vertex -0.848056 -2.47164 0
      vertex -0.570849 -2.57082 8.6
      vertex -0.848056 -2.47164 8.6
    endloop
  endfacet
  facet normal -0.336871 -0.941551 -0
    outer loop
      vertex -0.570849 -2.57082 8.6
      vertex -0.848056 -2.47164 0
      vertex -0.570849 -2.57082 0
    endloop
  endfacet
  facet normal 0.336831 0.941565 -0
    outer loop
      vertex 95.8481 97.4716 0
      vertex 95.5708 97.5708 8.6
      vertex 95.8481 97.4716 8.6
    endloop
  endfacet
  facet normal 0.336831 0.941565 0
    outer loop
      vertex 95.5708 97.5708 8.6
      vertex 95.8481 97.4716 0
      vertex 95.5708 97.5708 0
    endloop
  endfacet
  facet normal 0.998786 0.0492599 0
    outer loop
      vertex 97.7 94.7 8.6
      vertex 97.6855 94.994 0
      vertex 97.6855 94.994 8.6
    endloop
  endfacet
  facet normal 0.998786 0.0492599 0
    outer loop
      vertex 97.6855 94.994 0
      vertex 97.7 94.7 8.6
      vertex 97.7 94.7 0
    endloop
  endfacet
  facet normal 0.242935 0.970042 -0
    outer loop
      vertex 95.5708 97.5708 0
      vertex 95.2853 97.6423 8.6
      vertex 95.5708 97.5708 8.6
    endloop
  endfacet
  facet normal 0.242935 0.970042 0
    outer loop
      vertex 95.2853 97.6423 8.6
      vertex 95.5708 97.5708 0
      vertex 95.2853 97.6423 0
    endloop
  endfacet
  facet normal 0.740908 0.671607 0
    outer loop
      vertex 97.019 96.6032 8.6
      vertex 96.8213 96.8213 0
      vertex 96.8213 96.8213 8.6
    endloop
  endfacet
  facet normal 0.740908 0.671607 0
    outer loop
      vertex 96.8213 96.8213 0
      vertex 97.019 96.6032 8.6
      vertex 97.019 96.6032 0
    endloop
  endfacet
  facet normal 0.970042 0.242935 0
    outer loop
      vertex 97.6423 95.2853 8.6
      vertex 97.5708 95.5708 0
      vertex 97.5708 95.5708 8.6
    endloop
  endfacet
  facet normal 0.970042 0.242935 0
    outer loop
      vertex 97.5708 95.5708 0
      vertex 97.6423 95.2853 8.6
      vertex 97.6423 95.2853 0
    endloop
  endfacet
  facet normal 0.998786 -0.0492512 0
    outer loop
      vertex 97.6855 0.00594711 8.6
      vertex 97.7 0.299999 0
      vertex 97.7 0.299999 8.6
    endloop
  endfacet
  facet normal 0.998786 -0.0492512 0
    outer loop
      vertex 97.7 0.299999 0
      vertex 97.6855 0.00594711 8.6
      vertex 97.6855 0.00594711 0
    endloop
  endfacet
  facet normal -0.941551 -0.336871 0
    outer loop
      vertex -2.47164 -0.848056 0
      vertex -2.57082 -0.570849 8.6
      vertex -2.57082 -0.570849 0
    endloop
  endfacet
  facet normal -0.941551 -0.336871 0
    outer loop
      vertex -2.57082 -0.570849 8.6
      vertex -2.47164 -0.848056 0
      vertex -2.47164 -0.848056 8.6
    endloop
  endfacet
  facet normal 0.0492599 0.998786 -0
    outer loop
      vertex 94.994 97.6855 0
      vertex 94.7 97.7 8.6
      vertex 94.994 97.6855 8.6
    endloop
  endfacet
  facet normal 0.0492599 0.998786 0
    outer loop
      vertex 94.7 97.7 8.6
      vertex 94.994 97.6855 0
      vertex 94.7 97.7 0
    endloop
  endfacet
  facet normal 0 0 1
    outer loop
      vertex 95.2 95.2 8.6
      vertex 97.7 94.7 8.6
      vertex 97.6855 94.994 8.6
    endloop
  endfacet
  facet normal 0 0 1
    outer loop
      vertex 97.7 94.7 8.6
      vertex 95.2 95.2 8.6
      vertex 97.7 0.299999 8.6
    endloop
  endfacet
  facet normal -0 0 1
    outer loop
      vertex 95.2 95.2 8.6
      vertex 97.6855 94.994 8.6
      vertex 97.6423 95.2853 8.6
    endloop
  endfacet
  facet normal 0 0 1
    outer loop
      vertex 95.2 -0.2 8.6
      vertex 97.7 0.299999 8.6
      vertex 95.2 95.2 8.6
    endloop
  endfacet
  facet normal 0 0 1
    outer loop
      vertex 95.2 95.2 8.6
      vertex 97.6423 95.2853 8.6
      vertex 97.5708 95.5708 8.6
    endloop
  endfacet
  facet normal 0 0 1
    outer loop
      vertex 97.7 0.299999 8.6
      vertex 95.2 -0.2 8.6
      vertex 97.6855 0.00594711 8.6
    endloop
  endfacet
  facet normal 0 0 1
    outer loop
      vertex 95.2 95.2 8.6
      vertex 97.5708 95.5708 8.6
      vertex 97.4716 95.8481 8.6
    endloop
  endfacet
  facet normal 0 0 1
    outer loop
      vertex 97.6855 0.00594711 8.6
      vertex 95.2 -0.2 8.6
      vertex 97.6423 -0.285266 8.6
    endloop
  endfacet
  facet normal 0 0 1
    outer loop
      vertex 95.2 95.2 8.6
      vertex 97.4716 95.8481 8.6
      vertex 97.3458 96.1142 8.6
    endloop
  endfacet
  facet normal 0 0 1
    outer loop
      vertex 97.6423 -0.285266 8.6
      vertex 95.2 -0.2 8.6
      vertex 97.5708 -0.570849 8.6
    endloop
  endfacet
  facet normal 0 0 1
    outer loop
      vertex 95.2 95.2 8.6
      vertex 97.3458 96.1142 8.6
      vertex 97.1944 96.3667 8.6
    endloop
  endfacet
  facet normal 0 0 1
    outer loop
      vertex 97.5708 -0.570849 8.6
      vertex 95.2 -0.2 8.6
      vertex 97.4716 -0.848056 8.6
    endloop
  endfacet
  facet normal 0 0 1
    outer loop
      vertex 95.2 95.2 8.6
      vertex 97.1944 96.3667 8.6
      vertex 97.019 96.6032 8.6
    endloop
  endfacet
  facet normal 0 0 1
    outer loop
      vertex 97.4716 -0.848056 8.6
      vertex 95.2 -0.2 8.6
      vertex 97.3458 -1.11418 8.6
    endloop
  endfacet
  facet normal 0 0 1
    outer loop
      vertex 95.2 95.2 8.6
      vertex 97.019 96.6032 8.6
      vertex 96.8213 96.8213 8.6
    endloop
  endfacet
  facet normal 0 0 1
    outer loop
      vertex 97.3458 -1.11418 8.6
      vertex 95.2 -0.2 8.6
      vertex 97.1944 -1.36672 8.6
    endloop
  endfacet
  facet normal 0 0 1
    outer loop
      vertex 95.2 95.2 8.6
      vertex 96.8213 96.8213 8.6
      vertex 96.6032 97.019 8.6
    endloop
  endfacet
  facet normal 0 0 1
    outer loop
      vertex 97.1944 -1.36672 8.6
      vertex 95.2 -0.2 8.6
      vertex 97.019 -1.60318 8.6
    endloop
  endfacet
  facet normal 0 0 1
    outer loop
      vertex 95.2 95.2 8.6
      vertex 96.6032 97.019 8.6
      vertex 96.3667 97.1944 8.6
    endloop
  endfacet
  facet normal 0 0 1
    outer loop
      vertex 97.019 -1.60318 8.6
      vertex 95.2 -0.2 8.6
      vertex 96.8213 -1.82132 8.6
    endloop
  endfacet
  facet normal 0 0 1
    outer loop
      vertex 95.2 95.2 8.6
      vertex 96.3667 97.1944 8.6
      vertex 96.1142 97.3458 8.6
    endloop
  endfacet
  facet normal 0 0 1
    outer loop
      vertex 96.8213 -1.82132 8.6
      vertex 95.2 -0.2 8.6
      vertex 96.6032 -2.01903 8.6
    endloop
  endfacet
  facet normal 0 0 1
    outer loop
      vertex 95.2 95.2 8.6
      vertex 96.1142 97.3458 8.6
      vertex 95.8481 97.4716 8.6
    endloop
  endfacet
  facet normal 0 0 1
    outer loop
      vertex 96.6032 -2.01903 8.6
      vertex 95.2 -0.2 8.6
      vertex 96.3667 -2.19442 8.6
    endloop
  endfacet
  facet normal 0 0 1
    outer loop
      vertex 95.2 95.2 8.6
      vertex 95.8481 97.4716 8.6
      vertex 95.5708 97.5708 8.6
    endloop
  endfacet
  facet normal 0 0 1
    outer loop
      vertex 96.3667 -2.19442 8.6
      vertex 95.2 -0.2 8.6
      vertex 96.1142 -2.34577 8.6
    endloop
  endfacet
  facet normal 0 0 1
    outer loop
      vertex 95.2 95.2 8.6
      vertex 95.5708 97.5708 8.6
      vertex 95.2853 97.6423 8.6
    endloop
  endfacet
  facet normal 0 0 1
    outer loop
      vertex 96.1142 -2.34577 8.6
      vertex 95.2 -0.2 8.6
      vertex 95.8481 -2.47164 8.6
    endloop
  endfacet
  facet normal 0 0 1
    outer loop
      vertex 95.8481 -2.47164 8.6
      vertex 95.2 -0.2 8.6
      vertex 95.5708 -2.57082 8.6
    endloop
  endfacet
  facet normal 0 0 1
    outer loop
      vertex 94.994 97.6855 8.6
      vertex 95.2 95.2 8.6
      vertex 95.2853 97.6423 8.6
    endloop
  endfacet
  facet normal 0 0 1
    outer loop
      vertex 94.7 97.7 8.6
      vertex 95.2 95.2 8.6
      vertex 94.994 97.6855 8.6
    endloop
  endfacet
  facet normal -0 0 1
    outer loop
      vertex 0.299999 97.7 8.6
      vertex 95.2 95.2 8.6
      vertex 94.7 97.7 8.6
    endloop
  endfacet
  facet normal 0 0 1
    outer loop
      vertex -0.2 95.2 8.6
      vertex 0.299999 97.7 8.6
      vertex 0.00594711 97.6855 8.6
    endloop
  endfacet
  facet normal 0 0 1
    outer loop
      vertex 0.299999 97.7 8.6
      vertex -0.2 95.2 8.6
      vertex 95.2 95.2 8.6
    endloop
  endfacet
  facet normal -0 0 1
    outer loop
      vertex -0.570849 97.5708 8.6
      vertex -0.2 95.2 8.6
      vertex -0.285266 97.6423 8.6
    endloop
  endfacet
  facet normal -0 0 1
    outer loop
      vertex -0.285266 97.6423 8.6
      vertex -0.2 95.2 8.6
      vertex 0.00594711 97.6855 8.6
    endloop
  endfacet
  facet normal 0 0 1
    outer loop
      vertex 95.5708 -2.57082 8.6
      vertex 95.2 -0.2 8.6
      vertex 95.2853 -2.64235 8.6
    endloop
  endfacet
  facet normal 0 0 1
    outer loop
      vertex 95.2 -0.2 8.6
      vertex 94.994 -2.68555 8.6
      vertex 95.2853 -2.64235 8.6
    endloop
  endfacet
  facet normal 0 0 1
    outer loop
      vertex 95.2 -0.2 8.6
      vertex 94.7 -2.7 8.6
      vertex 94.994 -2.68555 8.6
    endloop
  endfacet
  facet normal 0 0 1
    outer loop
      vertex 95.2 -0.2 8.6
      vertex 0.299999 -2.7 8.6
      vertex 94.7 -2.7 8.6
    endloop
  endfacet
  facet normal -0 0 1
    outer loop
      vertex -0.2 -0.2 8.6
      vertex 0.299999 -2.7 8.6
      vertex 95.2 -0.2 8.6
    endloop
  endfacet
  facet normal 0 0 1
    outer loop
      vertex 0.299999 -2.7 8.6
      vertex -0.2 -0.2 8.6
      vertex 0.00594711 -2.68555 8.6
    endloop
  endfacet
  facet normal 0 0 1
    outer loop
      vertex -0.2 -0.2 8.6
      vertex -0.285266 -2.64235 8.6
      vertex 0.00594711 -2.68555 8.6
    endloop
  endfacet
  facet normal 0 0 1
    outer loop
      vertex -0.2 95.2 8.6
      vertex -2.7 94.7 8.6
      vertex -0.2 -0.2 8.6
    endloop
  endfacet
  facet normal -0 0 1
    outer loop
      vertex -0.848056 97.4716 8.6
      vertex -0.2 95.2 8.6
      vertex -0.570849 97.5708 8.6
    endloop
  endfacet
  facet normal -0 0 1
    outer loop
      vertex -2.7 0.299999 8.6
      vertex -0.2 -0.2 8.6
      vertex -2.7 94.7 8.6
    endloop
  endfacet
  facet normal -0 0 1
    outer loop
      vertex -1.11418 97.3458 8.6
      vertex -0.2 95.2 8.6
      vertex -0.848056 97.4716 8.6
    endloop
  endfacet
  facet normal -0 -0 1
    outer loop
      vertex -2.68555 0.00594711 8.6
      vertex -0.2 -0.2 8.6
      vertex -2.7 0.299999 8.6
    endloop
  endfacet
  facet normal -0 0 1
    outer loop
      vertex -1.36672 97.1944 8.6
      vertex -0.2 95.2 8.6
      vertex -1.11418 97.3458 8.6
    endloop
  endfacet
  facet normal 0 0 1
    outer loop
      vertex -0.2 -0.2 8.6
      vertex -0.570849 -2.57082 8.6
      vertex -0.285266 -2.64235 8.6
    endloop
  endfacet
  facet normal -0 0 1
    outer loop
      vertex -1.60318 97.019 8.6
      vertex -0.2 95.2 8.6
      vertex -1.36672 97.1944 8.6
    endloop
  endfacet
  facet normal 0 0 1
    outer loop
      vertex -0.2 -0.2 8.6
      vertex -0.848056 -2.47164 8.6
      vertex -0.570849 -2.57082 8.6
    endloop
  endfacet
  facet normal -0 0 1
    outer loop
      vertex -1.82132 96.8213 8.6
      vertex -0.2 95.2 8.6
      vertex -1.60318 97.019 8.6
    endloop
  endfacet
  facet normal 0 0 1
    outer loop
      vertex -0.2 -0.2 8.6
      vertex -1.11418 -2.34577 8.6
      vertex -0.848056 -2.47164 8.6
    endloop
  endfacet
  facet normal -0 0 1
    outer loop
      vertex -2.01903 96.6032 8.6
      vertex -0.2 95.2 8.6
      vertex -1.82132 96.8213 8.6
    endloop
  endfacet
  facet normal 0 0 1
    outer loop
      vertex -0.2 -0.2 8.6
      vertex -1.36672 -2.19442 8.6
      vertex -1.11418 -2.34577 8.6
    endloop
  endfacet
  facet normal -0 0 1
    outer loop
      vertex -2.19442 96.3667 8.6
      vertex -0.2 95.2 8.6
      vertex -2.01903 96.6032 8.6
    endloop
  endfacet
  facet normal 0 0 1
    outer loop
      vertex -0.2 -0.2 8.6
      vertex -1.60318 -2.01903 8.6
      vertex -1.36672 -2.19442 8.6
    endloop
  endfacet
  facet normal -0 0 1
    outer loop
      vertex -2.34577 96.1142 8.6
      vertex -0.2 95.2 8.6
      vertex -2.19442 96.3667 8.6
    endloop
  endfacet
  facet normal 0 0 1
    outer loop
      vertex -0.2 -0.2 8.6
      vertex -1.82132 -1.82132 8.6
      vertex -1.60318 -2.01903 8.6
    endloop
  endfacet
  facet normal -0 0 1
    outer loop
      vertex -2.47164 95.8481 8.6
      vertex -0.2 95.2 8.6
      vertex -2.34577 96.1142 8.6
    endloop
  endfacet
  facet normal 0 0 1
    outer loop
      vertex -0.2 -0.2 8.6
      vertex -2.01903 -1.60318 8.6
      vertex -1.82132 -1.82132 8.6
    endloop
  endfacet
  facet normal -0 0 1
    outer loop
      vertex -2.57082 95.5708 8.6
      vertex -0.2 95.2 8.6
      vertex -2.47164 95.8481 8.6
    endloop
  endfacet
  facet normal 0 0 1
    outer loop
      vertex -0.2 -0.2 8.6
      vertex -2.19442 -1.36672 8.6
      vertex -2.01903 -1.60318 8.6
    endloop
  endfacet
  facet normal -0 0 1
    outer loop
      vertex -2.64235 95.2853 8.6
      vertex -0.2 95.2 8.6
      vertex -2.57082 95.5708 8.6
    endloop
  endfacet
  facet normal 0 0 1
    outer loop
      vertex -0.2 -0.2 8.6
      vertex -2.34577 -1.11418 8.6
      vertex -2.19442 -1.36672 8.6
    endloop
  endfacet
  facet normal 0 0 1
    outer loop
      vertex -2.68555 94.994 8.6
      vertex -0.2 95.2 8.6
      vertex -2.64235 95.2853 8.6
    endloop
  endfacet
  facet normal 0 0 1
    outer loop
      vertex -0.2 -0.2 8.6
      vertex -2.47164 -0.848056 8.6
      vertex -2.34577 -1.11418 8.6
    endloop
  endfacet
  facet normal 0 0 1
    outer loop
      vertex -0.2 95.2 8.6
      vertex -2.68555 94.994 8.6
      vertex -2.7 94.7 8.6
    endloop
  endfacet
  facet normal 0 0 1
    outer loop
      vertex -0.2 -0.2 8.6
      vertex -2.57082 -0.570849 8.6
      vertex -2.47164 -0.848056 8.6
    endloop
  endfacet
  facet normal 0 0 1
    outer loop
      vertex -0.2 -0.2 8.6
      vertex -2.64235 -0.285266 8.6
      vertex -2.57082 -0.570849 8.6
    endloop
  endfacet
  facet normal 0 0 1
    outer loop
      vertex -0.2 -0.2 8.6
      vertex -2.68555 0.00594711 8.6
      vertex -2.64235 -0.285266 8.6
    endloop
  endfacet
  facet normal -0.146739 -0.989175 0
    outer loop
      vertex -0.285266 -2.64235 0
      vertex 0.00594711 -2.68555 8.6
      vertex -0.285266 -2.64235 8.6
    endloop
  endfacet
  facet normal -0.146739 -0.989175 -0
    outer loop
      vertex 0.00594711 -2.68555 8.6
      vertex -0.285266 -2.64235 0
      vertex 0.00594711 -2.68555 0
    endloop
  endfacet
  facet normal -0.903971 0.427594 0
    outer loop
      vertex -2.47164 95.8481 0
      vertex -2.34577 96.1142 8.6
      vertex -2.34577 96.1142 0
    endloop
  endfacet
  facet normal -0.903971 0.427594 0
    outer loop
      vertex -2.34577 96.1142 8.6
      vertex -2.47164 95.8481 0
      vertex -2.47164 95.8481 8.6
    endloop
  endfacet
  facet normal 0.595677 -0.803224 0
    outer loop
      vertex 96.3667 -2.19442 0
      vertex 96.6032 -2.01903 8.6
      vertex 96.3667 -2.19442 8.6
    endloop
  endfacet
  facet normal 0.595677 -0.803224 0
    outer loop
      vertex 96.6032 -2.01903 8.6
      vertex 96.3667 -2.19442 0
      vertex 96.6032 -2.01903 0
    endloop
  endfacet
  facet normal 0.803208 0.595699 0
    outer loop
      vertex 97.1944 96.3667 8.6
      vertex 97.019 96.6032 0
      vertex 97.019 96.6032 8.6
    endloop
  endfacet
  facet normal 0.803208 0.595699 0
    outer loop
      vertex 97.019 96.6032 0
      vertex 97.1944 96.3667 8.6
      vertex 97.1944 96.3667 0
    endloop
  endfacet
  facet normal 0.941565 0.336831 0
    outer loop
      vertex 97.5708 95.5708 8.6
      vertex 97.4716 95.8481 0
      vertex 97.4716 95.8481 8.6
    endloop
  endfacet
  facet normal 0.941565 0.336831 0
    outer loop
      vertex 97.4716 95.8481 0
      vertex 97.5708 95.5708 8.6
      vertex 97.5708 95.5708 0
    endloop
  endfacet
  facet normal -0.740952 -0.671558 0
    outer loop
      vertex -1.82132 -1.82132 0
      vertex -2.01903 -1.60318 8.6
      vertex -2.01903 -1.60318 0
    endloop
  endfacet
  facet normal -0.740952 -0.671558 0
    outer loop
      vertex -2.01903 -1.60318 8.6
      vertex -1.82132 -1.82132 0
      vertex -1.82132 -1.82132 8.6
    endloop
  endfacet
  facet normal 0.970059 -0.242869 0
    outer loop
      vertex 97.5708 -0.570849 8.6
      vertex 97.6423 -0.285266 0
      vertex 97.6423 -0.285266 8.6
    endloop
  endfacet
  facet normal 0.970059 -0.242869 0
    outer loop
      vertex 97.6423 -0.285266 0
      vertex 97.5708 -0.570849 8.6
      vertex 97.5708 -0.570849 0
    endloop
  endfacet
  facet normal 0.740969 -0.671539 0
    outer loop
      vertex 96.8213 -1.82132 8.6
      vertex 97.019 -1.60318 0
      vertex 97.019 -1.60318 8.6
    endloop
  endfacet
  facet normal 0.740969 -0.671539 0
    outer loop
      vertex 97.019 -1.60318 0
      vertex 96.8213 -1.82132 8.6
      vertex 96.8213 -1.82132 0
    endloop
  endfacet
  facet normal -1 0 0
    outer loop
      vertex 95.2 -0.2 2
      vertex 95.2 95.2 8.6
      vertex 95.2 95.2 2
    endloop
  endfacet
  facet normal -1 -0 0
    outer loop
      vertex 95.2 95.2 8.6
      vertex 95.2 -0.2 2
      vertex 95.2 -0.2 8.6
    endloop
  endfacet
  facet normal -0 0 1
    outer loop
      vertex 8.92314 89.2196 2
      vertex 10 81.2 2
      vertex 8.98074 89.6079 2
    endloop
  endfacet
  facet normal 0 0 1
    outer loop
      vertex 10 81.2 2
      vertex 8.98074 5.39207 2
      vertex 9 5 2
    endloop
  endfacet
  facet normal -0 0 1
    outer loop
      vertex 8.82776 88.8389 2
      vertex 10 81.2 2
      vertex 8.92314 89.2196 2
    endloop
  endfacet
  facet normal 0 0 1
    outer loop
      vertex 10 81.2 2
      vertex 8.92314 5.78036 2
      vertex 8.98074 5.39207 2
    endloop
  endfacet
  facet normal -0 0 1
    outer loop
      vertex 8.69552 88.4693 2
      vertex 10 81.2 2
      vertex 8.82776 88.8389 2
    endloop
  endfacet
  facet normal 0 0 1
    outer loop
      vertex 10 81.2 2
      vertex 8.82776 6.16114 2
      vertex 8.92314 5.78036 2
    endloop
  endfacet
  facet normal -0 0 1
    outer loop
      vertex 8.52768 88.1144 2
      vertex 10 81.2 2
      vertex 8.69552 88.4693 2
    endloop
  endfacet
  facet normal 0 0 1
    outer loop
      vertex 10 81.2 2
      vertex 8.69552 6.53073 2
      vertex 8.82776 6.16114 2
    endloop
  endfacet
  facet normal -0 0 1
    outer loop
      vertex 8.32588 87.7777 2
      vertex 10 81.2 2
      vertex 8.52768 88.1144 2
    endloop
  endfacet
  facet normal 0 0 1
    outer loop
      vertex 10 81.2 2
      vertex 8.52768 6.88559 2
      vertex 8.69552 6.53073 2
    endloop
  endfacet
  facet normal -0 0 1
    outer loop
      vertex 8.09204 87.4624 2
      vertex 10 81.2 2
      vertex 8.32588 87.7777 2
    endloop
  endfacet
  facet normal 0 0 1
    outer loop
      vertex 10 81.2 2
      vertex 8.32588 7.22228 2
      vertex 8.52768 6.88559 2
    endloop
  endfacet
  facet normal -0 0 1
    outer loop
      vertex 7.82843 87.1716 2
      vertex 10 81.2 2
      vertex 8.09204 87.4624 2
    endloop
  endfacet
  facet normal 0 0 1
    outer loop
      vertex 10 81.2 2
      vertex 8.09204 7.53757 2
      vertex 8.32588 7.22228 2
    endloop
  endfacet
  facet normal -0 0 1
    outer loop
      vertex 7.53757 86.908 2
      vertex 10 81.2 2
      vertex 7.82843 87.1716 2
    endloop
  endfacet
  facet normal 0 0 1
    outer loop
      vertex 10 81.2 2
      vertex 7.82843 7.82843 2
      vertex 8.09204 7.53757 2
    endloop
  endfacet
  facet normal -0 0 1
    outer loop
      vertex 7.22228 86.6741 2
      vertex 10 81.2 2
      vertex 7.53757 86.908 2
    endloop
  endfacet
  facet normal 0 0 1
    outer loop
      vertex 10 81.2 2
      vertex 7.53757 8.09204 2
      vertex 7.82843 7.82843 2
    endloop
  endfacet
  facet normal -0 0 1
    outer loop
      vertex 6.88559 86.4723 2
      vertex 10 81.2 2
      vertex 7.22228 86.6741 2
    endloop
  endfacet
  facet normal 0 0 1
    outer loop
      vertex 10 81.2 2
      vertex 7.22228 8.32588 2
      vertex 7.53757 8.09204 2
    endloop
  endfacet
  facet normal -0 0 1
    outer loop
      vertex 6.53073 86.3045 2
      vertex 10 81.2 2
      vertex 6.88559 86.4723 2
    endloop
  endfacet
  facet normal 0 0 1
    outer loop
      vertex 10 81.2 2
      vertex 6.88559 8.52768 2
      vertex 7.22228 8.32588 2
    endloop
  endfacet
  facet normal -0 0 1
    outer loop
      vertex 6.16114 86.1722 2
      vertex 10 81.2 2
      vertex 6.53073 86.3045 2
    endloop
  endfacet
  facet normal 0 0 1
    outer loop
      vertex 10 81.2 2
      vertex 6.53073 8.69552 2
      vertex 6.88559 8.52768 2
    endloop
  endfacet
  facet normal -0 0 1
    outer loop
      vertex 5.78036 86.0769 2
      vertex 10 81.2 2
      vertex 6.16114 86.1722 2
    endloop
  endfacet
  facet normal 0 0 1
    outer loop
      vertex 10 81.2 2
      vertex 6.16114 8.82776 2
      vertex 6.53073 8.69552 2
    endloop
  endfacet
  facet normal -0 0 1
    outer loop
      vertex 5.39207 86.0193 2
      vertex 10 81.2 2
      vertex 5.78036 86.0769 2
    endloop
  endfacet
  facet normal 0 0 1
    outer loop
      vertex 10 81.2 2
      vertex 5.78036 8.92314 2
      vertex 6.16114 8.82776 2
    endloop
  endfacet
  facet normal -0 0 1
    outer loop
      vertex 5 86 2
      vertex 10 81.2 2
      vertex 5.39207 86.0193 2
    endloop
  endfacet
  facet normal 0 0 1
    outer loop
      vertex 10 81.2 2
      vertex 5.39207 8.98074 2
      vertex 5.78036 8.92314 2
    endloop
  endfacet
  facet normal 0 0 1
    outer loop
      vertex 4.60793 86.0193 2
      vertex 10 81.2 2
      vertex 5 86 2
    endloop
  endfacet
  facet normal 0 0 1
    outer loop
      vertex 10 81.2 2
      vertex 5 9 2
      vertex 5.39207 8.98074 2
    endloop
  endfacet
  facet normal 0 0 1
    outer loop
      vertex 4.21964 86.0769 2
      vertex 10 81.2 2
      vertex 4.60793 86.0193 2
    endloop
  endfacet
  facet normal 0 0 1
    outer loop
      vertex 10 81.2 2
      vertex 4.60793 8.98074 2
      vertex 5 9 2
    endloop
  endfacet
  facet normal 0 0 1
    outer loop
      vertex 3.83886 86.1722 2
      vertex 10 81.2 2
      vertex 4.21964 86.0769 2
    endloop
  endfacet
  facet normal 0 0 1
    outer loop
      vertex 10 81.2 2
      vertex 4.21964 8.92314 2
      vertex 4.60793 8.98074 2
    endloop
  endfacet
  facet normal 0 0 1
    outer loop
      vertex 3.46927 86.3045 2
      vertex 10 81.2 2
      vertex 3.83886 86.1722 2
    endloop
  endfacet
  facet normal 0 0 1
    outer loop
      vertex 10 81.2 2
      vertex 3.83886 8.82776 2
      vertex 4.21964 8.92314 2
    endloop
  endfacet
  facet normal 0 0 1
    outer loop
      vertex 3.11441 86.4723 2
      vertex 10 81.2 2
      vertex 3.46927 86.3045 2
    endloop
  endfacet
  facet normal 0 0 1
    outer loop
      vertex 10 81.2 2
      vertex 3.46927 8.69552 2
      vertex 3.83886 8.82776 2
    endloop
  endfacet
  facet normal 0 0 1
    outer loop
      vertex 2.77772 86.6741 2
      vertex 10 81.2 2
      vertex 3.11441 86.4723 2
    endloop
  endfacet
  facet normal 0 0 1
    outer loop
      vertex 10 81.2 2
      vertex 3.11441 8.52768 2
      vertex 3.46927 8.69552 2
    endloop
  endfacet
  facet normal 0 0 1
    outer loop
      vertex 2.77772 8.32588 2
      vertex 10 81.2 2
      vertex 2.77772 86.6741 2
    endloop
  endfacet
  facet normal 0 0 1
    outer loop
      vertex 10 81.2 2
      vertex 2.77772 8.32588 2
      vertex 3.11441 8.52768 2
    endloop
  endfacet
  facet normal 0 0 1
    outer loop
      vertex 2.46243 86.908 2
      vertex 2.77772 8.32588 2
      vertex 2.77772 86.6741 2
    endloop
  endfacet
  facet normal 0 0 1
    outer loop
      vertex 2.46243 86.908 2
      vertex 2.46243 8.09204 2
      vertex 2.77772 8.32588 2
    endloop
  endfacet
  facet normal 0 0 1
    outer loop
      vertex 2.17157 87.1716 2
      vertex 2.46243 8.09204 2
      vertex 2.46243 86.908 2
    endloop
  endfacet
  facet normal 0 0 1
    outer loop
      vertex 2.17157 87.1716 2
      vertex 2.17157 7.82843 2
      vertex 2.46243 8.09204 2
    endloop
  endfacet
  facet normal 0 0 1
    outer loop
      vertex 1.90796 87.4624 2
      vertex 2.17157 7.82843 2
      vertex 2.17157 87.1716 2
    endloop
  endfacet
  facet normal 0 0 1
    outer loop
      vertex 1.90796 87.4624 2
      vertex 1.90796 7.53757 2
      vertex 2.17157 7.82843 2
    endloop
  endfacet
  facet normal 0 0 1
    outer loop
      vertex 1.67412 87.7777 2
      vertex 1.90796 7.53757 2
      vertex 1.90796 87.4624 2
    endloop
  endfacet
  facet normal 0 0 1
    outer loop
      vertex 1.67412 87.7777 2
      vertex 1.67412 7.22228 2
      vertex 1.90796 7.53757 2
    endloop
  endfacet
  facet normal 0 0 1
    outer loop
      vertex 1.47232 88.1144 2
      vertex 1.67412 7.22228 2
      vertex 1.67412 87.7777 2
    endloop
  endfacet
  facet normal 0 0 1
    outer loop
      vertex 1.47232 88.1144 2
      vertex 1.47232 6.88559 2
      vertex 1.67412 7.22228 2
    endloop
  endfacet
  facet normal 0 0 1
    outer loop
      vertex 1.30448 88.4693 2
      vertex 1.47232 6.88559 2
      vertex 1.47232 88.1144 2
    endloop
  endfacet
  facet normal 0 0 1
    outer loop
      vertex 1.30448 88.4693 2
      vertex 1.30448 6.53073 2
      vertex 1.47232 6.88559 2
    endloop
  endfacet
  facet normal 0 0 1
    outer loop
      vertex 1.17224 88.8389 2
      vertex 1.30448 6.53073 2
      vertex 1.30448 88.4693 2
    endloop
  endfacet
  facet normal 0 0 1
    outer loop
      vertex 1.17224 88.8389 2
      vertex 1.17224 6.16114 2
      vertex 1.30448 6.53073 2
    endloop
  endfacet
  facet normal 0 0 1
    outer loop
      vertex 1.07686 89.2196 2
      vertex 1.17224 6.16114 2
      vertex 1.17224 88.8389 2
    endloop
  endfacet
  facet normal 0 0 1
    outer loop
      vertex 1.07686 89.2196 2
      vertex 1.07686 5.78036 2
      vertex 1.17224 6.16114 2
    endloop
  endfacet
  facet normal 0 0 1
    outer loop
      vertex -0.2 95.2 2
      vertex 1.07686 89.2196 2
      vertex 1.01926 89.6079 2
    endloop
  endfacet
  facet normal 0 0 1
    outer loop
      vertex 1.07686 89.2196 2
      vertex -0.2 95.2 2
      vertex 1.07686 5.78036 2
    endloop
  endfacet
  facet normal 0 0 1
    outer loop
      vertex -0.2 95.2 2
      vertex 1.01926 89.6079 2
      vertex 1 90 2
    endloop
  endfacet
  facet normal 0 0 1
    outer loop
      vertex -0.2 -0.2 2
      vertex 1.07686 5.78036 2
      vertex -0.2 95.2 2
    endloop
  endfacet
  facet normal 0 0 1
    outer loop
      vertex 8.98074 89.6079 2
      vertex 10 95.2 2
      vertex 9 90 2
    endloop
  endfacet
  facet normal 0 0 1
    outer loop
      vertex 10 95.2 2
      vertex 8.98074 90.3921 2
      vertex 9 90 2
    endloop
  endfacet
  facet normal 0 0 1
    outer loop
      vertex 10 95.2 2
      vertex 8.92314 90.7804 2
      vertex 8.98074 90.3921 2
    endloop
  endfacet
  facet normal 0 0 1
    outer loop
      vertex 10 95.2 2
      vertex 8.82776 91.1611 2
      vertex 8.92314 90.7804 2
    endloop
  endfacet
  facet normal 0 0 1
    outer loop
      vertex 10 95.2 2
      vertex 8.69552 91.5307 2
      vertex 8.82776 91.1611 2
    endloop
  endfacet
  facet normal 0 0 1
    outer loop
      vertex 10 95.2 2
      vertex 8.52768 91.8856 2
      vertex 8.69552 91.5307 2
    endloop
  endfacet
  facet normal 0 0 1
    outer loop
      vertex 10 95.2 2
      vertex 8.32588 92.2223 2
      vertex 8.52768 91.8856 2
    endloop
  endfacet
  facet normal 0 0 1
    outer loop
      vertex 10 95.2 2
      vertex 8.09204 92.5376 2
      vertex 8.32588 92.2223 2
    endloop
  endfacet
  facet normal 0 0 1
    outer loop
      vertex 10 95.2 2
      vertex 7.82843 92.8284 2
      vertex 8.09204 92.5376 2
    endloop
  endfacet
  facet normal 0 0 1
    outer loop
      vertex 10 95.2 2
      vertex 7.53757 93.092 2
      vertex 7.82843 92.8284 2
    endloop
  endfacet
  facet normal 0 0 1
    outer loop
      vertex 10 95.2 2
      vertex 7.22228 93.3259 2
      vertex 7.53757 93.092 2
    endloop
  endfacet
  facet normal 0 0 1
    outer loop
      vertex 10 95.2 2
      vertex 6.88559 93.5277 2
      vertex 7.22228 93.3259 2
    endloop
  endfacet
  facet normal 0 0 1
    outer loop
      vertex 10 95.2 2
      vertex 6.53073 93.6955 2
      vertex 6.88559 93.5277 2
    endloop
  endfacet
  facet normal 0 0 1
    outer loop
      vertex 10 95.2 2
      vertex 6.16114 93.8278 2
      vertex 6.53073 93.6955 2
    endloop
  endfacet
  facet normal 0 0 1
    outer loop
      vertex 10 95.2 2
      vertex 5.78036 93.9231 2
      vertex 6.16114 93.8278 2
    endloop
  endfacet
  facet normal 0 0 1
    outer loop
      vertex 10 95.2 2
      vertex 5.39207 93.9807 2
      vertex 5.78036 93.9231 2
    endloop
  endfacet
  facet normal 0 0 1
    outer loop
      vertex 10 95.2 2
      vertex 5 94 2
      vertex 5.39207 93.9807 2
    endloop
  endfacet
  facet normal -0 0 1
    outer loop
      vertex -0.2 95.2 2
      vertex 5 94 2
      vertex 10 95.2 2
    endloop
  endfacet
  facet normal 0 0 1
    outer loop
      vertex 5 94 2
      vertex -0.2 95.2 2
      vertex 4.60793 93.9807 2
    endloop
  endfacet
  facet normal 0 0 1
    outer loop
      vertex 1.07686 5.78036 2
      vertex -0.2 -0.2 2
      vertex 1.01926 5.39207 2
    endloop
  endfacet
  facet normal 0 0 1
    outer loop
      vertex 1.01926 90.3921 2
      vertex -0.2 95.2 2
      vertex 1 90 2
    endloop
  endfacet
  facet normal 0 0 1
    outer loop
      vertex 1.07686 90.7804 2
      vertex -0.2 95.2 2
      vertex 1.01926 90.3921 2
    endloop
  endfacet
  facet normal 0 0 1
    outer loop
      vertex 1.17224 91.1611 2
      vertex -0.2 95.2 2
      vertex 1.07686 90.7804 2
    endloop
  endfacet
  facet normal 0 0 1
    outer loop
      vertex 1.30448 91.5307 2
      vertex -0.2 95.2 2
      vertex 1.17224 91.1611 2
    endloop
  endfacet
  facet normal 0 0 1
    outer loop
      vertex 1.47232 91.8856 2
      vertex -0.2 95.2 2
      vertex 1.30448 91.5307 2
    endloop
  endfacet
  facet normal 0 0 1
    outer loop
      vertex 1.67412 92.2223 2
      vertex -0.2 95.2 2
      vertex 1.47232 91.8856 2
    endloop
  endfacet
  facet normal 0 0 1
    outer loop
      vertex 1.90796 92.5376 2
      vertex -0.2 95.2 2
      vertex 1.67412 92.2223 2
    endloop
  endfacet
  facet normal 0 0 1
    outer loop
      vertex 2.17157 92.8284 2
      vertex -0.2 95.2 2
      vertex 1.90796 92.5376 2
    endloop
  endfacet
  facet normal 0 0 1
    outer loop
      vertex 2.46243 93.092 2
      vertex -0.2 95.2 2
      vertex 2.17157 92.8284 2
    endloop
  endfacet
  facet normal 0 0 1
    outer loop
      vertex 2.77772 93.3259 2
      vertex -0.2 95.2 2
      vertex 2.46243 93.092 2
    endloop
  endfacet
  facet normal 0 0 1
    outer loop
      vertex 3.11441 93.5277 2
      vertex -0.2 95.2 2
      vertex 2.77772 93.3259 2
    endloop
  endfacet
  facet normal 0 0 1
    outer loop
      vertex 3.46927 93.6955 2
      vertex -0.2 95.2 2
      vertex 3.11441 93.5277 2
    endloop
  endfacet
  facet normal 0 0 1
    outer loop
      vertex 3.83886 93.8278 2
      vertex -0.2 95.2 2
      vertex 3.46927 93.6955 2
    endloop
  endfacet
  facet normal 0 0 1
    outer loop
      vertex 4.21964 93.9231 2
      vertex -0.2 95.2 2
      vertex 3.83886 93.8278 2
    endloop
  endfacet
  facet normal 0 0 1
    outer loop
      vertex 4.60793 93.9807 2
      vertex -0.2 95.2 2
      vertex 4.21964 93.9231 2
    endloop
  endfacet
  facet normal -0 0 1
    outer loop
      vertex 93.9231 47.2196 2
      vertex 95.2 -0.2 2
      vertex 93.9807 47.6079 2
    endloop
  endfacet
  facet normal 0 0 1
    outer loop
      vertex 95.2 -0.2 2
      vertex 93.9807 5.39207 2
      vertex 94 5 2
    endloop
  endfacet
  facet normal -0 0 1
    outer loop
      vertex 93.9231 5.78036 2
      vertex 95.2 -0.2 2
      vertex 93.9231 47.2196 2
    endloop
  endfacet
  facet normal 0 0 1
    outer loop
      vertex 95.2 -0.2 2
      vertex 93.9231 5.78036 2
      vertex 93.9807 5.39207 2
    endloop
  endfacet
  facet normal -0 0 1
    outer loop
      vertex 93.8278 46.8389 2
      vertex 93.9231 5.78036 2
      vertex 93.9231 47.2196 2
    endloop
  endfacet
  facet normal 0 0 1
    outer loop
      vertex 93.8278 46.8389 2
      vertex 93.8278 6.16114 2
      vertex 93.9231 5.78036 2
    endloop
  endfacet
  facet normal -0 0 1
    outer loop
      vertex 93.6955 46.4693 2
      vertex 93.8278 6.16114 2
      vertex 93.8278 46.8389 2
    endloop
  endfacet
  facet normal 0 0 1
    outer loop
      vertex 93.6955 46.4693 2
      vertex 93.6955 6.53073 2
      vertex 93.8278 6.16114 2
    endloop
  endfacet
  facet normal -0 0 1
    outer loop
      vertex 93.5277 46.1144 2
      vertex 93.6955 6.53073 2
      vertex 93.6955 46.4693 2
    endloop
  endfacet
  facet normal 0 0 1
    outer loop
      vertex 93.5277 46.1144 2
      vertex 93.5277 6.88559 2
      vertex 93.6955 6.53073 2
    endloop
  endfacet
  facet normal -0 0 1
    outer loop
      vertex 93.3259 45.7777 2
      vertex 93.5277 6.88559 2
      vertex 93.5277 46.1144 2
    endloop
  endfacet
  facet normal 0 0 1
    outer loop
      vertex 93.3259 45.7777 2
      vertex 93.3259 7.22228 2
      vertex 93.5277 6.88559 2
    endloop
  endfacet
  facet normal -0 0 1
    outer loop
      vertex 93.092 45.4624 2
      vertex 93.3259 7.22228 2
      vertex 93.3259 45.7777 2
    endloop
  endfacet
  facet normal 0 0 1
    outer loop
      vertex 93.092 45.4624 2
      vertex 93.092 7.53757 2
      vertex 93.3259 7.22228 2
    endloop
  endfacet
  facet normal -0 0 1
    outer loop
      vertex 92.8284 45.1716 2
      vertex 93.092 7.53757 2
      vertex 93.092 45.4624 2
    endloop
  endfacet
  facet normal 0 0 1
    outer loop
      vertex 92.8284 45.1716 2
      vertex 92.8284 7.82843 2
      vertex 93.092 7.53757 2
    endloop
  endfacet
  facet normal -0 0 1
    outer loop
      vertex 92.5376 44.908 2
      vertex 92.8284 7.82843 2
      vertex 92.8284 45.1716 2
    endloop
  endfacet
  facet normal 0 0 1
    outer loop
      vertex 92.5376 44.908 2
      vertex 92.5376 8.09204 2
      vertex 92.8284 7.82843 2
    endloop
  endfacet
  facet normal -0 0 1
    outer loop
      vertex 92.2223 44.6741 2
      vertex 92.5376 8.09204 2
      vertex 92.5376 44.908 2
    endloop
  endfacet
  facet normal 0 0 1
    outer loop
      vertex 92.2223 44.6741 2
      vertex 92.2223 8.32588 2
      vertex 92.5376 8.09204 2
    endloop
  endfacet
  facet normal -0 0 1
    outer loop
      vertex 91.8856 44.4723 2
      vertex 92.2223 8.32588 2
      vertex 92.2223 44.6741 2
    endloop
  endfacet
  facet normal 0 0 1
    outer loop
      vertex 91.8856 44.4723 2
      vertex 91.8856 8.52768 2
      vertex 92.2223 8.32588 2
    endloop
  endfacet
  facet normal -0 0 1
    outer loop
      vertex 91.5307 44.3045 2
      vertex 91.8856 8.52768 2
      vertex 91.8856 44.4723 2
    endloop
  endfacet
  facet normal 0 0 1
    outer loop
      vertex 91.5307 44.3045 2
      vertex 91.5307 8.69552 2
      vertex 91.8856 8.52768 2
    endloop
  endfacet
  facet normal -0 0 1
    outer loop
      vertex 91.1611 44.1722 2
      vertex 91.5307 8.69552 2
      vertex 91.5307 44.3045 2
    endloop
  endfacet
  facet normal 0 0 1
    outer loop
      vertex 91.1611 44.1722 2
      vertex 91.1611 8.82776 2
      vertex 91.5307 8.69552 2
    endloop
  endfacet
  facet normal -0 0 1
    outer loop
      vertex 90.7804 44.0769 2
      vertex 91.1611 8.82776 2
      vertex 91.1611 44.1722 2
    endloop
  endfacet
  facet normal 0 0 1
    outer loop
      vertex 90.7804 44.0769 2
      vertex 90.7804 8.92314 2
      vertex 91.1611 8.82776 2
    endloop
  endfacet
  facet normal -0 0 1
    outer loop
      vertex 90.3921 44.0193 2
      vertex 90.7804 8.92314 2
      vertex 90.7804 44.0769 2
    endloop
  endfacet
  facet normal 0 0 1
    outer loop
      vertex 90.3921 44.0193 2
      vertex 90.3921 8.98074 2
      vertex 90.7804 8.92314 2
    endloop
  endfacet
  facet normal -0 0 1
    outer loop
      vertex 90 44 2
      vertex 90.3921 8.98074 2
      vertex 90.3921 44.0193 2
    endloop
  endfacet
  facet normal 0 0 1
    outer loop
      vertex 90 44 2
      vertex 90 9 2
      vertex 90.3921 8.98074 2
    endloop
  endfacet
  facet normal 0 0 1
    outer loop
      vertex 89.6079 44.0193 2
      vertex 90 9 2
      vertex 90 44 2
    endloop
  endfacet
  facet normal 0 0 1
    outer loop
      vertex 89.6079 44.0193 2
      vertex 89.6079 8.98074 2
      vertex 90 9 2
    endloop
  endfacet
  facet normal 0 0 1
    outer loop
      vertex 89.2196 44.0769 2
      vertex 89.6079 8.98074 2
      vertex 89.6079 44.0193 2
    endloop
  endfacet
  facet normal 0 0 1
    outer loop
      vertex 89.2196 44.0769 2
      vertex 89.2196 8.92314 2
      vertex 89.6079 8.98074 2
    endloop
  endfacet
  facet normal 0 0 1
    outer loop
      vertex 88.8389 44.1722 2
      vertex 89.2196 8.92314 2
      vertex 89.2196 44.0769 2
    endloop
  endfacet
  facet normal 0 0 1
    outer loop
      vertex 88.8389 44.1722 2
      vertex 88.8389 8.82776 2
      vertex 89.2196 8.92314 2
    endloop
  endfacet
  facet normal 0 0 1
    outer loop
      vertex 88.4693 44.3045 2
      vertex 88.8389 8.82776 2
      vertex 88.8389 44.1722 2
    endloop
  endfacet
  facet normal 0 0 1
    outer loop
      vertex 88.4693 44.3045 2
      vertex 88.4693 8.69552 2
      vertex 88.8389 8.82776 2
    endloop
  endfacet
  facet normal 0 0 1
    outer loop
      vertex 88.1144 44.4723 2
      vertex 88.4693 8.69552 2
      vertex 88.4693 44.3045 2
    endloop
  endfacet
  facet normal 0 0 1
    outer loop
      vertex 88.1144 44.4723 2
      vertex 88.1144 8.52768 2
      vertex 88.4693 8.69552 2
    endloop
  endfacet
  facet normal 0 0 1
    outer loop
      vertex 87.7777 44.6741 2
      vertex 88.1144 8.52768 2
      vertex 88.1144 44.4723 2
    endloop
  endfacet
  facet normal 0 0 1
    outer loop
      vertex 87.7777 44.6741 2
      vertex 87.7777 8.32588 2
      vertex 88.1144 8.52768 2
    endloop
  endfacet
  facet normal 0 0 1
    outer loop
      vertex 87.4624 44.908 2
      vertex 87.7777 8.32588 2
      vertex 87.7777 44.6741 2
    endloop
  endfacet
  facet normal 0 0 1
    outer loop
      vertex 87.4624 44.908 2
      vertex 87.4624 8.09204 2
      vertex 87.7777 8.32588 2
    endloop
  endfacet
  facet normal 0 0 1
    outer loop
      vertex 87.1716 45.1716 2
      vertex 87.4624 8.09204 2
      vertex 87.4624 44.908 2
    endloop
  endfacet
  facet normal 0 0 1
    outer loop
      vertex 87.1716 45.1716 2
      vertex 87.1716 7.82843 2
      vertex 87.4624 8.09204 2
    endloop
  endfacet
  facet normal 0 0 1
    outer loop
      vertex 50.0376 8.09204 2
      vertex 87.1716 45.1716 2
      vertex 86.908 45.4624 2
    endloop
  endfacet
  facet normal 0 0 1
    outer loop
      vertex 87.1716 45.1716 2
      vertex 50.3284 7.82843 2
      vertex 87.1716 7.82843 2
    endloop
  endfacet
  facet normal 0 0 1
    outer loop
      vertex 49.7223 8.32588 2
      vertex 86.908 45.4624 2
      vertex 86.6741 45.7777 2
    endloop
  endfacet
  facet normal 0 0 1
    outer loop
      vertex 87.1716 7.82843 2
      vertex 50.3284 7.82843 2
      vertex 86.908 7.53757 2
    endloop
  endfacet
  facet normal 0 0 1
    outer loop
      vertex 49.3856 8.52768 2
      vertex 86.6741 45.7777 2
      vertex 86.4723 46.1144 2
    endloop
  endfacet
  facet normal 0 -0 1
    outer loop
      vertex 50.592 7.53757 2
      vertex 86.908 7.53757 2
      vertex 50.3284 7.82843 2
    endloop
  endfacet
  facet normal 0 0 1
    outer loop
      vertex 49.0307 8.69552 2
      vertex 86.4723 46.1144 2
      vertex 86.3045 46.4693 2
    endloop
  endfacet
  facet normal 0 0 1
    outer loop
      vertex 86.908 7.53757 2
      vertex 50.592 7.53757 2
      vertex 86.6741 7.22228 2
    endloop
  endfacet
  facet normal 0 0 1
    outer loop
      vertex 48.6611 8.82776 2
      vertex 86.3045 46.4693 2
      vertex 86.1722 46.8389 2
    endloop
  endfacet
  facet normal 0 -0 1
    outer loop
      vertex 50.8259 7.22228 2
      vertex 86.6741 7.22228 2
      vertex 50.592 7.53757 2
    endloop
  endfacet
  facet normal 0 0 1
    outer loop
      vertex 48.2804 8.92314 2
      vertex 86.1722 46.8389 2
      vertex 86.0769 47.2196 2
    endloop
  endfacet
  facet normal 0 0 1
    outer loop
      vertex 86.6741 7.22228 2
      vertex 50.8259 7.22228 2
      vertex 86.4723 6.88559 2
    endloop
  endfacet
  facet normal 0 0 1
    outer loop
      vertex 47.8921 8.98074 2
      vertex 86.0769 47.2196 2
      vertex 86.0193 47.6079 2
    endloop
  endfacet
  facet normal 0 -0 1
    outer loop
      vertex 51.0277 6.88559 2
      vertex 86.4723 6.88559 2
      vertex 50.8259 7.22228 2
    endloop
  endfacet
  facet normal 0 0 1
    outer loop
      vertex 47.5 9 2
      vertex 86.0193 47.6079 2
      vertex 86 48 2
    endloop
  endfacet
  facet normal 0 0 1
    outer loop
      vertex 86.4723 6.88559 2
      vertex 51.0277 6.88559 2
      vertex 86.3045 6.53073 2
    endloop
  endfacet
  facet normal 0 0 1
    outer loop
      vertex 93.9231 89.2196 2
      vertex 95.2 95.2 2
      vertex 93.9807 89.6079 2
    endloop
  endfacet
  facet normal 0 0 1
    outer loop
      vertex 95.2 95.2 2
      vertex 93.9807 48.3921 2
      vertex 94 48 2
    endloop
  endfacet
  facet normal 0 0 1
    outer loop
      vertex 93.9231 48.7804 2
      vertex 95.2 95.2 2
      vertex 93.9231 89.2196 2
    endloop
  endfacet
  facet normal 0 0 1
    outer loop
      vertex 95.2 95.2 2
      vertex 93.9231 48.7804 2
      vertex 93.9807 48.3921 2
    endloop
  endfacet
  facet normal -0 0 1
    outer loop
      vertex 93.8278 88.8389 2
      vertex 93.9231 48.7804 2
      vertex 93.9231 89.2196 2
    endloop
  endfacet
  facet normal 0 0 1
    outer loop
      vertex 93.8278 88.8389 2
      vertex 93.8278 49.1611 2
      vertex 93.9231 48.7804 2
    endloop
  endfacet
  facet normal -0 0 1
    outer loop
      vertex 93.6955 88.4693 2
      vertex 93.8278 49.1611 2
      vertex 93.8278 88.8389 2
    endloop
  endfacet
  facet normal 0 0 1
    outer loop
      vertex 93.6955 88.4693 2
      vertex 93.6955 49.5307 2
      vertex 93.8278 49.1611 2
    endloop
  endfacet
  facet normal -0 0 1
    outer loop
      vertex 93.5277 88.1144 2
      vertex 93.6955 49.5307 2
      vertex 93.6955 88.4693 2
    endloop
  endfacet
  facet normal 0 0 1
    outer loop
      vertex 93.5277 88.1144 2
      vertex 93.5277 49.8856 2
      vertex 93.6955 49.5307 2
    endloop
  endfacet
  facet normal -0 0 1
    outer loop
      vertex 93.3259 87.7777 2
      vertex 93.5277 49.8856 2
      vertex 93.5277 88.1144 2
    endloop
  endfacet
  facet normal 0 0 1
    outer loop
      vertex 93.3259 87.7777 2
      vertex 93.3259 50.2223 2
      vertex 93.5277 49.8856 2
    endloop
  endfacet
  facet normal -0 0 1
    outer loop
      vertex 93.092 87.4624 2
      vertex 93.3259 50.2223 2
      vertex 93.3259 87.7777 2
    endloop
  endfacet
  facet normal 0 0 1
    outer loop
      vertex 93.092 87.4624 2
      vertex 93.092 50.5376 2
      vertex 93.3259 50.2223 2
    endloop
  endfacet
  facet normal -0 0 1
    outer loop
      vertex 92.8284 87.1716 2
      vertex 93.092 50.5376 2
      vertex 93.092 87.4624 2
    endloop
  endfacet
  facet normal 0 0 1
    outer loop
      vertex 92.8284 87.1716 2
      vertex 92.8284 50.8284 2
      vertex 93.092 50.5376 2
    endloop
  endfacet
  facet normal -0 0 1
    outer loop
      vertex 92.5376 86.908 2
      vertex 92.8284 50.8284 2
      vertex 92.8284 87.1716 2
    endloop
  endfacet
  facet normal 0 0 1
    outer loop
      vertex 92.5376 86.908 2
      vertex 92.5376 51.092 2
      vertex 92.8284 50.8284 2
    endloop
  endfacet
  facet normal -0 0 1
    outer loop
      vertex 92.2223 86.6741 2
      vertex 92.5376 51.092 2
      vertex 92.5376 86.908 2
    endloop
  endfacet
  facet normal 0 0 1
    outer loop
      vertex 92.2223 86.6741 2
      vertex 92.2223 51.3259 2
      vertex 92.5376 51.092 2
    endloop
  endfacet
  facet normal -0 0 1
    outer loop
      vertex 91.8856 86.4723 2
      vertex 92.2223 51.3259 2
      vertex 92.2223 86.6741 2
    endloop
  endfacet
  facet normal 0 0 1
    outer loop
      vertex 91.8856 86.4723 2
      vertex 91.8856 51.5277 2
      vertex 92.2223 51.3259 2
    endloop
  endfacet
  facet normal -0 0 1
    outer loop
      vertex 91.5307 86.3045 2
      vertex 91.8856 51.5277 2
      vertex 91.8856 86.4723 2
    endloop
  endfacet
  facet normal 0 0 1
    outer loop
      vertex 91.5307 86.3045 2
      vertex 91.5307 51.6955 2
      vertex 91.8856 51.5277 2
    endloop
  endfacet
  facet normal -0 0 1
    outer loop
      vertex 91.1611 86.1722 2
      vertex 91.5307 51.6955 2
      vertex 91.5307 86.3045 2
    endloop
  endfacet
  facet normal 0 0 1
    outer loop
      vertex 91.1611 86.1722 2
      vertex 91.1611 51.8278 2
      vertex 91.5307 51.6955 2
    endloop
  endfacet
  facet normal -0 0 1
    outer loop
      vertex 90.7804 86.0769 2
      vertex 91.1611 51.8278 2
      vertex 91.1611 86.1722 2
    endloop
  endfacet
  facet normal 0 0 1
    outer loop
      vertex 90.7804 86.0769 2
      vertex 90.7804 51.9231 2
      vertex 91.1611 51.8278 2
    endloop
  endfacet
  facet normal -0 0 1
    outer loop
      vertex 90.3921 86.0193 2
      vertex 90.7804 51.9231 2
      vertex 90.7804 86.0769 2
    endloop
  endfacet
  facet normal 0 0 1
    outer loop
      vertex 90.3921 86.0193 2
      vertex 90.3921 51.9807 2
      vertex 90.7804 51.9231 2
    endloop
  endfacet
  facet normal -0 0 1
    outer loop
      vertex 90 86 2
      vertex 90.3921 51.9807 2
      vertex 90.3921 86.0193 2
    endloop
  endfacet
  facet normal 0 0 1
    outer loop
      vertex 90 86 2
      vertex 90 52 2
      vertex 90.3921 51.9807 2
    endloop
  endfacet
  facet normal 0 0 1
    outer loop
      vertex 89.6079 86.0193 2
      vertex 90 52 2
      vertex 90 86 2
    endloop
  endfacet
  facet normal 0 0 1
    outer loop
      vertex 89.6079 86.0193 2
      vertex 89.6079 51.9807 2
      vertex 90 52 2
    endloop
  endfacet
  facet normal 0 0 1
    outer loop
      vertex 89.2196 86.0769 2
      vertex 89.6079 51.9807 2
      vertex 89.6079 86.0193 2
    endloop
  endfacet
  facet normal 0 0 1
    outer loop
      vertex 89.2196 86.0769 2
      vertex 89.2196 51.9231 2
      vertex 89.6079 51.9807 2
    endloop
  endfacet
  facet normal 0 0 1
    outer loop
      vertex 88.8389 86.1722 2
      vertex 89.2196 51.9231 2
      vertex 89.2196 86.0769 2
    endloop
  endfacet
  facet normal 0 0 1
    outer loop
      vertex 88.8389 86.1722 2
      vertex 88.8389 51.8278 2
      vertex 89.2196 51.9231 2
    endloop
  endfacet
  facet normal 0 0 1
    outer loop
      vertex 88.4693 86.3045 2
      vertex 88.8389 51.8278 2
      vertex 88.8389 86.1722 2
    endloop
  endfacet
  facet normal 0 0 1
    outer loop
      vertex 88.4693 86.3045 2
      vertex 88.4693 51.6955 2
      vertex 88.8389 51.8278 2
    endloop
  endfacet
  facet normal 0 0 1
    outer loop
      vertex 88.1144 86.4723 2
      vertex 88.4693 51.6955 2
      vertex 88.4693 86.3045 2
    endloop
  endfacet
  facet normal 0 0 1
    outer loop
      vertex 88.1144 86.4723 2
      vertex 88.1144 51.5277 2
      vertex 88.4693 51.6955 2
    endloop
  endfacet
  facet normal 0 0 1
    outer loop
      vertex 87.7777 86.6741 2
      vertex 88.1144 51.5277 2
      vertex 88.1144 86.4723 2
    endloop
  endfacet
  facet normal 0 0 1
    outer loop
      vertex 87.7777 86.6741 2
      vertex 87.7777 51.3259 2
      vertex 88.1144 51.5277 2
    endloop
  endfacet
  facet normal 0 0 1
    outer loop
      vertex 87.4624 86.908 2
      vertex 87.7777 51.3259 2
      vertex 87.7777 86.6741 2
    endloop
  endfacet
  facet normal 0 0 1
    outer loop
      vertex 87.4624 86.908 2
      vertex 87.4624 51.092 2
      vertex 87.7777 51.3259 2
    endloop
  endfacet
  facet normal 0 0 1
    outer loop
      vertex 87.1716 87.1716 2
      vertex 87.4624 51.092 2
      vertex 87.4624 86.908 2
    endloop
  endfacet
  facet normal 0 0 1
    outer loop
      vertex 87.1716 87.1716 2
      vertex 87.1716 50.8284 2
      vertex 87.4624 51.092 2
    endloop
  endfacet
  facet normal 0 0 1
    outer loop
      vertex 86.908 87.4624 2
      vertex 87.1716 50.8284 2
      vertex 87.1716 87.1716 2
    endloop
  endfacet
  facet normal 0 0 1
    outer loop
      vertex 86.908 87.4624 2
      vertex 86.908 50.5376 2
      vertex 87.1716 50.8284 2
    endloop
  endfacet
  facet normal 0 0 1
    outer loop
      vertex 86.6741 87.7777 2
      vertex 86.908 50.5376 2
      vertex 86.908 87.4624 2
    endloop
  endfacet
  facet normal 0 0 1
    outer loop
      vertex 86.6741 87.7777 2
      vertex 86.6741 50.2223 2
      vertex 86.908 50.5376 2
    endloop
  endfacet
  facet normal 0 0 1
    outer loop
      vertex 22 81.2 2
      vertex 86.6741 87.7777 2
      vertex 86.4723 88.1144 2
    endloop
  endfacet
  facet normal 0 0 1
    outer loop
      vertex 86.6741 87.7777 2
      vertex 22 81.2 2
      vertex 86.6741 50.2223 2
    endloop
  endfacet
  facet normal 0 0 1
    outer loop
      vertex 22 81.2 2
      vertex 86.4723 88.1144 2
      vertex 86.3045 88.4693 2
    endloop
  endfacet
  facet normal 0 0 1
    outer loop
      vertex 86.6741 50.2223 2
      vertex 22 81.2 2
      vertex 86.4723 49.8856 2
    endloop
  endfacet
  facet normal 0 0 1
    outer loop
      vertex 22 81.2 2
      vertex 86.3045 88.4693 2
      vertex 86.1722 88.8389 2
    endloop
  endfacet
  facet normal 0 0 1
    outer loop
      vertex 86.4723 49.8856 2
      vertex 22 81.2 2
      vertex 86.3045 49.5307 2
    endloop
  endfacet
  facet normal 0 0 1
    outer loop
      vertex 22 81.2 2
      vertex 86.1722 88.8389 2
      vertex 86.0769 89.2196 2
    endloop
  endfacet
  facet normal 0 0 1
    outer loop
      vertex 86.3045 49.5307 2
      vertex 22 81.2 2
      vertex 86.1722 49.1611 2
    endloop
  endfacet
  facet normal 0 0 1
    outer loop
      vertex 22 81.2 2
      vertex 86.0769 89.2196 2
      vertex 86.0193 89.6079 2
    endloop
  endfacet
  facet normal 0 0 1
    outer loop
      vertex 86.1722 49.1611 2
      vertex 22 81.2 2
      vertex 86.0769 48.7804 2
    endloop
  endfacet
  facet normal 0 0 1
    outer loop
      vertex 22 81.2 2
      vertex 86.0193 89.6079 2
      vertex 86 90 2
    endloop
  endfacet
  facet normal 0 0 1
    outer loop
      vertex 86.0769 48.7804 2
      vertex 22 81.2 2
      vertex 86.0193 48.3921 2
    endloop
  endfacet
  facet normal 0 0 1
    outer loop
      vertex 93.9807 89.6079 2
      vertex 95.2 95.2 2
      vertex 94 90 2
    endloop
  endfacet
  facet normal 0 0 1
    outer loop
      vertex 95.2 95.2 2
      vertex 93.9807 90.3921 2
      vertex 94 90 2
    endloop
  endfacet
  facet normal 0 0 1
    outer loop
      vertex 95.2 95.2 2
      vertex 93.9231 90.7804 2
      vertex 93.9807 90.3921 2
    endloop
  endfacet
  facet normal 0 0 1
    outer loop
      vertex 95.2 95.2 2
      vertex 93.8278 91.1611 2
      vertex 93.9231 90.7804 2
    endloop
  endfacet
  facet normal 0 0 1
    outer loop
      vertex 95.2 95.2 2
      vertex 93.6955 91.5307 2
      vertex 93.8278 91.1611 2
    endloop
  endfacet
  facet normal 0 0 1
    outer loop
      vertex 95.2 95.2 2
      vertex 93.5277 91.8856 2
      vertex 93.6955 91.5307 2
    endloop
  endfacet
  facet normal 0 0 1
    outer loop
      vertex 95.2 95.2 2
      vertex 93.3259 92.2223 2
      vertex 93.5277 91.8856 2
    endloop
  endfacet
  facet normal 0 0 1
    outer loop
      vertex 95.2 95.2 2
      vertex 93.092 92.5376 2
      vertex 93.3259 92.2223 2
    endloop
  endfacet
  facet normal 0 0 1
    outer loop
      vertex 95.2 95.2 2
      vertex 92.8284 92.8284 2
      vertex 93.092 92.5376 2
    endloop
  endfacet
  facet normal 0 0 1
    outer loop
      vertex 95.2 95.2 2
      vertex 92.5376 93.092 2
      vertex 92.8284 92.8284 2
    endloop
  endfacet
  facet normal 0 0 1
    outer loop
      vertex 95.2 95.2 2
      vertex 92.2223 93.3259 2
      vertex 92.5376 93.092 2
    endloop
  endfacet
  facet normal 0 0 1
    outer loop
      vertex 95.2 95.2 2
      vertex 91.8856 93.5277 2
      vertex 92.2223 93.3259 2
    endloop
  endfacet
  facet normal 0 0 1
    outer loop
      vertex 95.2 95.2 2
      vertex 91.5307 93.6955 2
      vertex 91.8856 93.5277 2
    endloop
  endfacet
  facet normal 0 0 1
    outer loop
      vertex 95.2 95.2 2
      vertex 91.1611 93.8278 2
      vertex 91.5307 93.6955 2
    endloop
  endfacet
  facet normal 0 0 1
    outer loop
      vertex 95.2 95.2 2
      vertex 90.7804 93.9231 2
      vertex 91.1611 93.8278 2
    endloop
  endfacet
  facet normal 0 0 1
    outer loop
      vertex 95.2 95.2 2
      vertex 90.3921 93.9807 2
      vertex 90.7804 93.9231 2
    endloop
  endfacet
  facet normal 0 0 1
    outer loop
      vertex 95.2 95.2 2
      vertex 90 94 2
      vertex 90.3921 93.9807 2
    endloop
  endfacet
  facet normal 0 0 1
    outer loop
      vertex 95.2 95.2 2
      vertex 89.6079 93.9807 2
      vertex 90 94 2
    endloop
  endfacet
  facet normal 0 0 1
    outer loop
      vertex 95.2 95.2 2
      vertex 89.2196 93.9231 2
      vertex 89.6079 93.9807 2
    endloop
  endfacet
  facet normal 0 0 1
    outer loop
      vertex 86.0193 48.3921 2
      vertex 22 81.2 2
      vertex 86 48 2
    endloop
  endfacet
  facet normal 0 0 1
    outer loop
      vertex 86.6741 45.7777 2
      vertex 49.3856 8.52768 2
      vertex 49.7223 8.32588 2
    endloop
  endfacet
  facet normal 0 0 1
    outer loop
      vertex 22 95.2 2
      vertex 86 90 2
      vertex 86.0193 90.3921 2
    endloop
  endfacet
  facet normal 0 0 1
    outer loop
      vertex 22 95.2 2
      vertex 86.0193 90.3921 2
      vertex 86.0769 90.7804 2
    endloop
  endfacet
  facet normal 0 0 1
    outer loop
      vertex 22 95.2 2
      vertex 86.0769 90.7804 2
      vertex 86.1722 91.1611 2
    endloop
  endfacet
  facet normal 0 0 1
    outer loop
      vertex 22 95.2 2
      vertex 86.1722 91.1611 2
      vertex 86.3045 91.5307 2
    endloop
  endfacet
  facet normal 0 0 1
    outer loop
      vertex 86 5 2
      vertex 51.4807 5.39207 2
      vertex 51.5 5 2
    endloop
  endfacet
  facet normal 0 0 1
    outer loop
      vertex 86.0193 5.39207 2
      vertex 51.4807 5.39207 2
      vertex 86 5 2
    endloop
  endfacet
  facet normal 0 -0 1
    outer loop
      vertex 51.4807 5.39207 2
      vertex 86.0193 5.39207 2
      vertex 51.4231 5.78036 2
    endloop
  endfacet
  facet normal 0 0 1
    outer loop
      vertex 86.0769 5.78036 2
      vertex 51.4231 5.78036 2
      vertex 86.0193 5.39207 2
    endloop
  endfacet
  facet normal 0 -0 1
    outer loop
      vertex 51.4231 5.78036 2
      vertex 86.0769 5.78036 2
      vertex 51.3278 6.16114 2
    endloop
  endfacet
  facet normal 0 0 1
    outer loop
      vertex 86.1722 6.16114 2
      vertex 51.3278 6.16114 2
      vertex 86.0769 5.78036 2
    endloop
  endfacet
  facet normal 0 -0 1
    outer loop
      vertex 51.3278 6.16114 2
      vertex 86.1722 6.16114 2
      vertex 51.1955 6.53073 2
    endloop
  endfacet
  facet normal 0 0 1
    outer loop
      vertex 86.3045 6.53073 2
      vertex 51.1955 6.53073 2
      vertex 86.1722 6.16114 2
    endloop
  endfacet
  facet normal 0 -0 1
    outer loop
      vertex 51.1955 6.53073 2
      vertex 86.3045 6.53073 2
      vertex 51.0277 6.88559 2
    endloop
  endfacet
  facet normal 0 0 1
    outer loop
      vertex 87.1716 45.1716 2
      vertex 50.0376 8.09204 2
      vertex 50.3284 7.82843 2
    endloop
  endfacet
  facet normal 0 0 1
    outer loop
      vertex 86.908 45.4624 2
      vertex 49.7223 8.32588 2
      vertex 50.0376 8.09204 2
    endloop
  endfacet
  facet normal 0 0 1
    outer loop
      vertex 86.4723 46.1144 2
      vertex 49.0307 8.69552 2
      vertex 49.3856 8.52768 2
    endloop
  endfacet
  facet normal 0 0 1
    outer loop
      vertex 86.3045 46.4693 2
      vertex 48.6611 8.82776 2
      vertex 49.0307 8.69552 2
    endloop
  endfacet
  facet normal 0 0 1
    outer loop
      vertex 86.1722 46.8389 2
      vertex 48.2804 8.92314 2
      vertex 48.6611 8.82776 2
    endloop
  endfacet
  facet normal 0 -0 1
    outer loop
      vertex 47.5 9 2
      vertex 86 48 2
      vertex 22 81.2 2
    endloop
  endfacet
  facet normal 0 0 1
    outer loop
      vertex 86.0769 47.2196 2
      vertex 47.8921 8.98074 2
      vertex 48.2804 8.92314 2
    endloop
  endfacet
  facet normal 0 0 1
    outer loop
      vertex 86.0193 47.6079 2
      vertex 47.5 9 2
      vertex 47.8921 8.98074 2
    endloop
  endfacet
  facet normal 0 0 1
    outer loop
      vertex 22 95.2 2
      vertex 86.3045 91.5307 2
      vertex 86.4723 91.8856 2
    endloop
  endfacet
  facet normal 0 0 1
    outer loop
      vertex 47.5 9 2
      vertex 22 81.2 2
      vertex 47.1079 8.98074 2
    endloop
  endfacet
  facet normal 0 0 1
    outer loop
      vertex 47.1079 8.98074 2
      vertex 22 81.2 2
      vertex 46.7196 8.92314 2
    endloop
  endfacet
  facet normal 0 0 1
    outer loop
      vertex 46.7196 8.92314 2
      vertex 22 81.2 2
      vertex 46.3389 8.82776 2
    endloop
  endfacet
  facet normal 0 0 1
    outer loop
      vertex 46.3389 8.82776 2
      vertex 22 81.2 2
      vertex 45.9693 8.69552 2
    endloop
  endfacet
  facet normal 0 0 1
    outer loop
      vertex 45.9693 8.69552 2
      vertex 22 81.2 2
      vertex 45.6144 8.52768 2
    endloop
  endfacet
  facet normal 0 0 1
    outer loop
      vertex 45.6144 8.52768 2
      vertex 22 81.2 2
      vertex 45.2777 8.32588 2
    endloop
  endfacet
  facet normal 0 0 1
    outer loop
      vertex 9 5 2
      vertex 45.2777 8.32588 2
      vertex 22 81.2 2
    endloop
  endfacet
  facet normal 0 0 1
    outer loop
      vertex 45.2777 8.32588 2
      vertex 9 5 2
      vertex 44.9624 8.09204 2
    endloop
  endfacet
  facet normal 0 0 1
    outer loop
      vertex 44.9624 8.09204 2
      vertex 9 5 2
      vertex 44.6716 7.82843 2
    endloop
  endfacet
  facet normal 0 0 1
    outer loop
      vertex 44.6716 7.82843 2
      vertex 9 5 2
      vertex 44.408 7.53757 2
    endloop
  endfacet
  facet normal 0 0 1
    outer loop
      vertex 43.6722 6.16114 2
      vertex 9 5 2
      vertex 43.5769 5.78036 2
    endloop
  endfacet
  facet normal 0 0 1
    outer loop
      vertex 43.8045 6.53073 2
      vertex 9 5 2
      vertex 43.6722 6.16114 2
    endloop
  endfacet
  facet normal 0 0 1
    outer loop
      vertex 43.9723 6.88559 2
      vertex 9 5 2
      vertex 43.8045 6.53073 2
    endloop
  endfacet
  facet normal 0 0 1
    outer loop
      vertex 44.1741 7.22228 2
      vertex 9 5 2
      vertex 43.9723 6.88559 2
    endloop
  endfacet
  facet normal 0 0 1
    outer loop
      vertex 44.408 7.53757 2
      vertex 9 5 2
      vertex 44.1741 7.22228 2
    endloop
  endfacet
  facet normal 0 0 1
    outer loop
      vertex 86 90 2
      vertex 22 95.2 2
      vertex 22 81.2 2
    endloop
  endfacet
  facet normal 0 0 1
    outer loop
      vertex 86.6741 92.2223 2
      vertex 22 95.2 2
      vertex 86.4723 91.8856 2
    endloop
  endfacet
  facet normal 0 0 1
    outer loop
      vertex 86.908 92.5376 2
      vertex 22 95.2 2
      vertex 86.6741 92.2223 2
    endloop
  endfacet
  facet normal 0 0 1
    outer loop
      vertex 87.1716 92.8284 2
      vertex 22 95.2 2
      vertex 86.908 92.5376 2
    endloop
  endfacet
  facet normal 0 0 1
    outer loop
      vertex 87.4624 93.092 2
      vertex 22 95.2 2
      vertex 87.1716 92.8284 2
    endloop
  endfacet
  facet normal 0 0 1
    outer loop
      vertex 87.7777 93.3259 2
      vertex 22 95.2 2
      vertex 87.4624 93.092 2
    endloop
  endfacet
  facet normal 0 0 1
    outer loop
      vertex 88.1144 93.5277 2
      vertex 22 95.2 2
      vertex 87.7777 93.3259 2
    endloop
  endfacet
  facet normal 0 0 1
    outer loop
      vertex 88.4693 93.6955 2
      vertex 22 95.2 2
      vertex 88.1144 93.5277 2
    endloop
  endfacet
  facet normal 0 0 1
    outer loop
      vertex 88.8389 93.8278 2
      vertex 22 95.2 2
      vertex 88.4693 93.6955 2
    endloop
  endfacet
  facet normal 0 0 1
    outer loop
      vertex 89.2196 93.9231 2
      vertex 22 95.2 2
      vertex 88.8389 93.8278 2
    endloop
  endfacet
  facet normal -0 0 1
    outer loop
      vertex 22 95.2 2
      vertex 89.2196 93.9231 2
      vertex 95.2 95.2 2
    endloop
  endfacet
  facet normal 0 0 1
    outer loop
      vertex 95.2 95.2 2
      vertex 94 48 2
      vertex 95.2 -0.2 2
    endloop
  endfacet
  facet normal -0 0 1
    outer loop
      vertex 93.9807 47.6079 2
      vertex 95.2 -0.2 2
      vertex 94 48 2
    endloop
  endfacet
  facet normal -0 0 1
    outer loop
      vertex 93.9807 4.60793 2
      vertex 95.2 -0.2 2
      vertex 94 5 2
    endloop
  endfacet
  facet normal -0 0 1
    outer loop
      vertex 93.9231 4.21964 2
      vertex 95.2 -0.2 2
      vertex 93.9807 4.60793 2
    endloop
  endfacet
  facet normal -0 0 1
    outer loop
      vertex 93.8278 3.83886 2
      vertex 95.2 -0.2 2
      vertex 93.9231 4.21964 2
    endloop
  endfacet
  facet normal -0 0 1
    outer loop
      vertex 93.6955 3.46927 2
      vertex 95.2 -0.2 2
      vertex 93.8278 3.83886 2
    endloop
  endfacet
  facet normal -0 0 1
    outer loop
      vertex 93.5277 3.11441 2
      vertex 95.2 -0.2 2
      vertex 93.6955 3.46927 2
    endloop
  endfacet
  facet normal -0 0 1
    outer loop
      vertex 93.3259 2.77772 2
      vertex 95.2 -0.2 2
      vertex 93.5277 3.11441 2
    endloop
  endfacet
  facet normal -0 0 1
    outer loop
      vertex 93.092 2.46243 2
      vertex 95.2 -0.2 2
      vertex 93.3259 2.77772 2
    endloop
  endfacet
  facet normal -0 0 1
    outer loop
      vertex 92.8284 2.17157 2
      vertex 95.2 -0.2 2
      vertex 93.092 2.46243 2
    endloop
  endfacet
  facet normal -0 0 1
    outer loop
      vertex 92.5376 1.90796 2
      vertex 95.2 -0.2 2
      vertex 92.8284 2.17157 2
    endloop
  endfacet
  facet normal -0 0 1
    outer loop
      vertex 92.2223 1.67412 2
      vertex 95.2 -0.2 2
      vertex 92.5376 1.90796 2
    endloop
  endfacet
  facet normal -0 0 1
    outer loop
      vertex 91.8856 1.47232 2
      vertex 95.2 -0.2 2
      vertex 92.2223 1.67412 2
    endloop
  endfacet
  facet normal -0 0 1
    outer loop
      vertex 91.5307 1.30448 2
      vertex 95.2 -0.2 2
      vertex 91.8856 1.47232 2
    endloop
  endfacet
  facet normal -0 0 1
    outer loop
      vertex 91.1611 1.17224 2
      vertex 95.2 -0.2 2
      vertex 91.5307 1.30448 2
    endloop
  endfacet
  facet normal -0 0 1
    outer loop
      vertex 90.7804 1.07686 2
      vertex 95.2 -0.2 2
      vertex 91.1611 1.17224 2
    endloop
  endfacet
  facet normal -0 0 1
    outer loop
      vertex 90.3921 1.01926 2
      vertex 95.2 -0.2 2
      vertex 90.7804 1.07686 2
    endloop
  endfacet
  facet normal -0 0 1
    outer loop
      vertex 90 1 2
      vertex 95.2 -0.2 2
      vertex 90.3921 1.01926 2
    endloop
  endfacet
  facet normal 0 0 1
    outer loop
      vertex 89.6079 1.01926 2
      vertex 95.2 -0.2 2
      vertex 90 1 2
    endloop
  endfacet
  facet normal 0 0 1
    outer loop
      vertex 89.2196 1.07686 2
      vertex 95.2 -0.2 2
      vertex 89.6079 1.01926 2
    endloop
  endfacet
  facet normal -0 0 1
    outer loop
      vertex 51.5 5 2
      vertex 86.0193 4.60793 2
      vertex 86 5 2
    endloop
  endfacet
  facet normal 0 0 1
    outer loop
      vertex 51.4807 4.60793 2
      vertex 86.0193 4.60793 2
      vertex 51.5 5 2
    endloop
  endfacet
  facet normal 0 0 1
    outer loop
      vertex 86.0193 4.60793 2
      vertex 51.4807 4.60793 2
      vertex 86.0769 4.21964 2
    endloop
  endfacet
  facet normal 0 0 1
    outer loop
      vertex 51.4231 4.21964 2
      vertex 86.0769 4.21964 2
      vertex 51.4807 4.60793 2
    endloop
  endfacet
  facet normal 0 0 1
    outer loop
      vertex 86.0769 4.21964 2
      vertex 51.4231 4.21964 2
      vertex 86.1722 3.83886 2
    endloop
  endfacet
  facet normal 0 0 1
    outer loop
      vertex 51.3278 3.83886 2
      vertex 86.1722 3.83886 2
      vertex 51.4231 4.21964 2
    endloop
  endfacet
  facet normal 0 0 1
    outer loop
      vertex 86.1722 3.83886 2
      vertex 51.3278 3.83886 2
      vertex 86.3045 3.46927 2
    endloop
  endfacet
  facet normal 0 0 1
    outer loop
      vertex 51.1955 3.46927 2
      vertex 86.3045 3.46927 2
      vertex 51.3278 3.83886 2
    endloop
  endfacet
  facet normal 0 0 1
    outer loop
      vertex 86.3045 3.46927 2
      vertex 51.1955 3.46927 2
      vertex 86.4723 3.11441 2
    endloop
  endfacet
  facet normal 0 0 1
    outer loop
      vertex 51.0277 3.11441 2
      vertex 86.4723 3.11441 2
      vertex 51.1955 3.46927 2
    endloop
  endfacet
  facet normal 0 0 1
    outer loop
      vertex 86.4723 3.11441 2
      vertex 51.0277 3.11441 2
      vertex 86.6741 2.77772 2
    endloop
  endfacet
  facet normal 0 0 1
    outer loop
      vertex 50.8259 2.77772 2
      vertex 86.6741 2.77772 2
      vertex 51.0277 3.11441 2
    endloop
  endfacet
  facet normal 0 0 1
    outer loop
      vertex 86.6741 2.77772 2
      vertex 50.8259 2.77772 2
      vertex 86.908 2.46243 2
    endloop
  endfacet
  facet normal 0 0 1
    outer loop
      vertex 50.592 2.46243 2
      vertex 86.908 2.46243 2
      vertex 50.8259 2.77772 2
    endloop
  endfacet
  facet normal 0 0 1
    outer loop
      vertex 86.908 2.46243 2
      vertex 50.592 2.46243 2
      vertex 87.1716 2.17157 2
    endloop
  endfacet
  facet normal 0 0 1
    outer loop
      vertex 50.3284 2.17157 2
      vertex 87.1716 2.17157 2
      vertex 50.592 2.46243 2
    endloop
  endfacet
  facet normal 0 0 1
    outer loop
      vertex 87.1716 2.17157 2
      vertex 50.3284 2.17157 2
      vertex 87.4624 1.90796 2
    endloop
  endfacet
  facet normal 0 0 1
    outer loop
      vertex 50.0376 1.90796 2
      vertex 87.4624 1.90796 2
      vertex 50.3284 2.17157 2
    endloop
  endfacet
  facet normal 0 0 1
    outer loop
      vertex 87.4624 1.90796 2
      vertex 50.0376 1.90796 2
      vertex 87.7777 1.67412 2
    endloop
  endfacet
  facet normal 0 0 1
    outer loop
      vertex 49.7223 1.67412 2
      vertex 87.7777 1.67412 2
      vertex 50.0376 1.90796 2
    endloop
  endfacet
  facet normal 0 0 1
    outer loop
      vertex 87.7777 1.67412 2
      vertex 49.7223 1.67412 2
      vertex 88.1144 1.47232 2
    endloop
  endfacet
  facet normal 0 0 1
    outer loop
      vertex 49.3856 1.47232 2
      vertex 88.1144 1.47232 2
      vertex 49.7223 1.67412 2
    endloop
  endfacet
  facet normal 0 0 1
    outer loop
      vertex 88.1144 1.47232 2
      vertex 49.3856 1.47232 2
      vertex 88.4693 1.30448 2
    endloop
  endfacet
  facet normal 0 0 1
    outer loop
      vertex 49.0307 1.30448 2
      vertex 88.4693 1.30448 2
      vertex 49.3856 1.47232 2
    endloop
  endfacet
  facet normal 0 0 1
    outer loop
      vertex 88.4693 1.30448 2
      vertex 49.0307 1.30448 2
      vertex 88.8389 1.17224 2
    endloop
  endfacet
  facet normal 0 0 1
    outer loop
      vertex 48.6611 1.17224 2
      vertex 88.8389 1.17224 2
      vertex 49.0307 1.30448 2
    endloop
  endfacet
  facet normal 0 0 1
    outer loop
      vertex 88.8389 1.17224 2
      vertex 48.6611 1.17224 2
      vertex 89.2196 1.07686 2
    endloop
  endfacet
  facet normal 0 0 1
    outer loop
      vertex 48.2804 1.07686 2
      vertex 89.2196 1.07686 2
      vertex 48.6611 1.17224 2
    endloop
  endfacet
  facet normal 0 0 1
    outer loop
      vertex 89.2196 1.07686 2
      vertex 48.2804 1.07686 2
      vertex 95.2 -0.2 2
    endloop
  endfacet
  facet normal -0 0 1
    outer loop
      vertex 47.8921 1.01926 2
      vertex 95.2 -0.2 2
      vertex 48.2804 1.07686 2
    endloop
  endfacet
  facet normal -0 0 1
    outer loop
      vertex 47.5 1 2
      vertex 95.2 -0.2 2
      vertex 47.8921 1.01926 2
    endloop
  endfacet
  facet normal 0 0 1
    outer loop
      vertex 43.5769 5.78036 2
      vertex 9 5 2
      vertex 43.5193 5.39207 2
    endloop
  endfacet
  facet normal 0 0 1
    outer loop
      vertex 43.5193 5.39207 2
      vertex 9 5 2
      vertex 43.5 5 2
    endloop
  endfacet
  facet normal 0 0 1
    outer loop
      vertex 43.5 5 2
      vertex 9 5 2
      vertex 43.5193 4.60793 2
    endloop
  endfacet
  facet normal 0 0 1
    outer loop
      vertex 8.98074 4.60793 2
      vertex 43.5193 4.60793 2
      vertex 9 5 2
    endloop
  endfacet
  facet normal 0 0 1
    outer loop
      vertex 9 5 2
      vertex 22 81.2 2
      vertex 10 81.2 2
    endloop
  endfacet
  facet normal 0 0 1
    outer loop
      vertex 43.5193 4.60793 2
      vertex 8.98074 4.60793 2
      vertex 43.5769 4.21964 2
    endloop
  endfacet
  facet normal 0 0 1
    outer loop
      vertex 10 95.2 2
      vertex 8.98074 89.6079 2
      vertex 10 81.2 2
    endloop
  endfacet
  facet normal 0 0 1
    outer loop
      vertex 8.92314 4.21964 2
      vertex 43.5769 4.21964 2
      vertex 8.98074 4.60793 2
    endloop
  endfacet
  facet normal 0 0 1
    outer loop
      vertex 43.5769 4.21964 2
      vertex 8.92314 4.21964 2
      vertex 43.6722 3.83886 2
    endloop
  endfacet
  facet normal 0 0 1
    outer loop
      vertex 8.82776 3.83886 2
      vertex 43.6722 3.83886 2
      vertex 8.92314 4.21964 2
    endloop
  endfacet
  facet normal 0 0 1
    outer loop
      vertex 43.6722 3.83886 2
      vertex 8.82776 3.83886 2
      vertex 43.8045 3.46927 2
    endloop
  endfacet
  facet normal 0 0 1
    outer loop
      vertex 8.69552 3.46927 2
      vertex 43.8045 3.46927 2
      vertex 8.82776 3.83886 2
    endloop
  endfacet
  facet normal 0 0 1
    outer loop
      vertex 43.8045 3.46927 2
      vertex 8.69552 3.46927 2
      vertex 43.9723 3.11441 2
    endloop
  endfacet
  facet normal 0 0 1
    outer loop
      vertex 8.52768 3.11441 2
      vertex 43.9723 3.11441 2
      vertex 8.69552 3.46927 2
    endloop
  endfacet
  facet normal 0 0 1
    outer loop
      vertex 43.9723 3.11441 2
      vertex 8.52768 3.11441 2
      vertex 44.1741 2.77772 2
    endloop
  endfacet
  facet normal 0 0 1
    outer loop
      vertex 8.32588 2.77772 2
      vertex 44.1741 2.77772 2
      vertex 8.52768 3.11441 2
    endloop
  endfacet
  facet normal 0 0 1
    outer loop
      vertex 44.1741 2.77772 2
      vertex 8.32588 2.77772 2
      vertex 44.408 2.46243 2
    endloop
  endfacet
  facet normal 0 0 1
    outer loop
      vertex 8.09204 2.46243 2
      vertex 44.408 2.46243 2
      vertex 8.32588 2.77772 2
    endloop
  endfacet
  facet normal 0 0 1
    outer loop
      vertex 44.408 2.46243 2
      vertex 8.09204 2.46243 2
      vertex 44.6716 2.17157 2
    endloop
  endfacet
  facet normal 0 0 1
    outer loop
      vertex 7.82843 2.17157 2
      vertex 44.6716 2.17157 2
      vertex 8.09204 2.46243 2
    endloop
  endfacet
  facet normal 0 0 1
    outer loop
      vertex 44.6716 2.17157 2
      vertex 7.82843 2.17157 2
      vertex 44.9624 1.90796 2
    endloop
  endfacet
  facet normal 0 0 1
    outer loop
      vertex 7.53757 1.90796 2
      vertex 44.9624 1.90796 2
      vertex 7.82843 2.17157 2
    endloop
  endfacet
  facet normal 0 0 1
    outer loop
      vertex 44.9624 1.90796 2
      vertex 7.53757 1.90796 2
      vertex 45.2777 1.67412 2
    endloop
  endfacet
  facet normal 0 0 1
    outer loop
      vertex 7.22228 1.67412 2
      vertex 45.2777 1.67412 2
      vertex 7.53757 1.90796 2
    endloop
  endfacet
  facet normal 0 0 1
    outer loop
      vertex 45.2777 1.67412 2
      vertex 7.22228 1.67412 2
      vertex 45.6144 1.47232 2
    endloop
  endfacet
  facet normal 0 0 1
    outer loop
      vertex 6.88559 1.47232 2
      vertex 45.6144 1.47232 2
      vertex 7.22228 1.67412 2
    endloop
  endfacet
  facet normal 0 0 1
    outer loop
      vertex 45.6144 1.47232 2
      vertex 6.88559 1.47232 2
      vertex 45.9693 1.30448 2
    endloop
  endfacet
  facet normal 0 0 1
    outer loop
      vertex 6.53073 1.30448 2
      vertex 45.9693 1.30448 2
      vertex 6.88559 1.47232 2
    endloop
  endfacet
  facet normal 0 0 1
    outer loop
      vertex 45.9693 1.30448 2
      vertex 6.53073 1.30448 2
      vertex 46.3389 1.17224 2
    endloop
  endfacet
  facet normal 0 0 1
    outer loop
      vertex 6.16114 1.17224 2
      vertex 46.3389 1.17224 2
      vertex 6.53073 1.30448 2
    endloop
  endfacet
  facet normal 0 0 1
    outer loop
      vertex 46.3389 1.17224 2
      vertex 6.16114 1.17224 2
      vertex 46.7196 1.07686 2
    endloop
  endfacet
  facet normal 0 0 1
    outer loop
      vertex 5.78036 1.07686 2
      vertex 46.7196 1.07686 2
      vertex 6.16114 1.17224 2
    endloop
  endfacet
  facet normal 0 0 1
    outer loop
      vertex -0.2 -0.2 2
      vertex 46.7196 1.07686 2
      vertex 5.78036 1.07686 2
    endloop
  endfacet
  facet normal 0 0 1
    outer loop
      vertex 46.7196 1.07686 2
      vertex -0.2 -0.2 2
      vertex 47.1079 1.01926 2
    endloop
  endfacet
  facet normal 0 0 1
    outer loop
      vertex 47.1079 1.01926 2
      vertex -0.2 -0.2 2
      vertex 47.5 1 2
    endloop
  endfacet
  facet normal 0 0 1
    outer loop
      vertex -0.2 -0.2 2
      vertex 5.78036 1.07686 2
      vertex 5.39207 1.01926 2
    endloop
  endfacet
  facet normal 0 0 1
    outer loop
      vertex -0.2 -0.2 2
      vertex 5.39207 1.01926 2
      vertex 5 1 2
    endloop
  endfacet
  facet normal 0 0 1
    outer loop
      vertex 47.5 1 2
      vertex -0.2 -0.2 2
      vertex 95.2 -0.2 2
    endloop
  endfacet
  facet normal 0 0 1
    outer loop
      vertex 4.60793 1.01926 2
      vertex -0.2 -0.2 2
      vertex 5 1 2
    endloop
  endfacet
  facet normal 0 0 1
    outer loop
      vertex 4.21964 1.07686 2
      vertex -0.2 -0.2 2
      vertex 4.60793 1.01926 2
    endloop
  endfacet
  facet normal 0 0 1
    outer loop
      vertex 3.83886 1.17224 2
      vertex -0.2 -0.2 2
      vertex 4.21964 1.07686 2
    endloop
  endfacet
  facet normal 0 0 1
    outer loop
      vertex 3.46927 1.30448 2
      vertex -0.2 -0.2 2
      vertex 3.83886 1.17224 2
    endloop
  endfacet
  facet normal 0 0 1
    outer loop
      vertex 3.11441 1.47232 2
      vertex -0.2 -0.2 2
      vertex 3.46927 1.30448 2
    endloop
  endfacet
  facet normal 0 0 1
    outer loop
      vertex 2.77772 1.67412 2
      vertex -0.2 -0.2 2
      vertex 3.11441 1.47232 2
    endloop
  endfacet
  facet normal 0 0 1
    outer loop
      vertex 2.46243 1.90796 2
      vertex -0.2 -0.2 2
      vertex 2.77772 1.67412 2
    endloop
  endfacet
  facet normal 0 0 1
    outer loop
      vertex 2.17157 2.17157 2
      vertex -0.2 -0.2 2
      vertex 2.46243 1.90796 2
    endloop
  endfacet
  facet normal 0 0 1
    outer loop
      vertex 1.90796 2.46243 2
      vertex -0.2 -0.2 2
      vertex 2.17157 2.17157 2
    endloop
  endfacet
  facet normal 0 0 1
    outer loop
      vertex 1.67412 2.77772 2
      vertex -0.2 -0.2 2
      vertex 1.90796 2.46243 2
    endloop
  endfacet
  facet normal 0 0 1
    outer loop
      vertex 1.47232 3.11441 2
      vertex -0.2 -0.2 2
      vertex 1.67412 2.77772 2
    endloop
  endfacet
  facet normal 0 0 1
    outer loop
      vertex 1.30448 3.46927 2
      vertex -0.2 -0.2 2
      vertex 1.47232 3.11441 2
    endloop
  endfacet
  facet normal 0 0 1
    outer loop
      vertex 1.17224 3.83886 2
      vertex -0.2 -0.2 2
      vertex 1.30448 3.46927 2
    endloop
  endfacet
  facet normal 0 0 1
    outer loop
      vertex 1.07686 4.21964 2
      vertex -0.2 -0.2 2
      vertex 1.17224 3.83886 2
    endloop
  endfacet
  facet normal 0 0 1
    outer loop
      vertex 1.01926 4.60793 2
      vertex -0.2 -0.2 2
      vertex 1.07686 4.21964 2
    endloop
  endfacet
  facet normal 0 0 1
    outer loop
      vertex 1 5 2
      vertex -0.2 -0.2 2
      vertex 1.01926 4.60793 2
    endloop
  endfacet
  facet normal 0 0 1
    outer loop
      vertex 1.01926 5.39207 2
      vertex -0.2 -0.2 2
      vertex 1 5 2
    endloop
  endfacet
  facet normal 1 -0 0
    outer loop
      vertex -0.2 -0.2 8.6
      vertex -0.2 95.2 2
      vertex -0.2 95.2 8.6
    endloop
  endfacet
  facet normal 1 0 0
    outer loop
      vertex -0.2 95.2 2
      vertex -0.2 -0.2 8.6
      vertex -0.2 -0.2 2
    endloop
  endfacet
  facet normal 0 -1 0
    outer loop
      vertex -0.2 95.2 8.6
      vertex 10 95.2 8.5
      vertex 95.2 95.2 8.6
    endloop
  endfacet
  facet normal 0 -1 0
    outer loop
      vertex -0.2 95.2 2
      vertex 10 95.2 8.5
      vertex -0.2 95.2 8.6
    endloop
  endfacet
  facet normal 0 -1 -0
    outer loop
      vertex 10 95.2 8.5
      vertex -0.2 95.2 2
      vertex 10 95.2 2
    endloop
  endfacet
  facet normal 0 -1 0
    outer loop
      vertex 22 95.2 8.5
      vertex 95.2 95.2 8.6
      vertex 10 95.2 8.5
    endloop
  endfacet
  facet normal 0 -1 0
    outer loop
      vertex 22 95.2 2
      vertex 95.2 95.2 8.6
      vertex 22 95.2 8.5
    endloop
  endfacet
  facet normal 0 -1 -0
    outer loop
      vertex 95.2 95.2 8.6
      vertex 22 95.2 2
      vertex 95.2 95.2 2
    endloop
  endfacet
  facet normal 0 1 -0
    outer loop
      vertex 95.2 -0.2 2
      vertex -0.2 -0.2 8.6
      vertex 95.2 -0.2 8.6
    endloop
  endfacet
  facet normal 0 1 0
    outer loop
      vertex -0.2 -0.2 8.6
      vertex 95.2 -0.2 2
      vertex -0.2 -0.2 2
    endloop
  endfacet
  facet normal -1 0 0
    outer loop
      vertex 22 97.7 1.5
      vertex 22 95.2 2
      vertex 22 97.7 8.5
    endloop
  endfacet
  facet normal -1 0 0
    outer loop
      vertex 22 81.2 1.5
      vertex 22 95.2 2
      vertex 22 97.7 1.5
    endloop
  endfacet
  facet normal -1 -0 0
    outer loop
      vertex 22 95.2 2
      vertex 22 81.2 1.5
      vertex 22 81.2 2
    endloop
  endfacet
  facet normal -1 -0 0
    outer loop
      vertex 22 97.7 8.5
      vertex 22 95.2 2
      vertex 22 95.2 8.5
    endloop
  endfacet
  facet normal 0 0 -1
    outer loop
      vertex 10 95.2 8.5
      vertex 22 97.7 8.5
      vertex 22 95.2 8.5
    endloop
  endfacet
  facet normal -0 0 -1
    outer loop
      vertex 22 97.7 8.5
      vertex 10 95.2 8.5
      vertex 10 97.7 8.5
    endloop
  endfacet
  facet normal -0 0 1
    outer loop
      vertex 10 97.7 1.5
      vertex 22 81.2 1.5
      vertex 22 97.7 1.5
    endloop
  endfacet
  facet normal 0 0 1
    outer loop
      vertex 22 81.2 1.5
      vertex 10 97.7 1.5
      vertex 10 81.2 1.5
    endloop
  endfacet
  facet normal 1 0 0
    outer loop
      vertex 10 95.2 2
      vertex 10 97.7 8.5
      vertex 10 95.2 8.5
    endloop
  endfacet
  facet normal 1 0 0
    outer loop
      vertex 10 97.7 8.5
      vertex 10 95.2 2
      vertex 10 97.7 1.5
    endloop
  endfacet
  facet normal 1 0 0
    outer loop
      vertex 10 81.2 1.5
      vertex 10 95.2 2
      vertex 10 81.2 2
    endloop
  endfacet
  facet normal 1 0 0
    outer loop
      vertex 10 95.2 2
      vertex 10 81.2 1.5
      vertex 10 97.7 1.5
    endloop
  endfacet
  facet normal 0 1 -0
    outer loop
      vertex 22 81.2 1.5
      vertex 10 81.2 2
      vertex 22 81.2 2
    endloop
  endfacet
  facet normal 0 1 0
    outer loop
      vertex 10 81.2 2
      vertex 22 81.2 1.5
      vertex 10 81.2 1.5
    endloop
  endfacet
  facet normal -0.42748 -0.904025 0
    outer loop
      vertex 3.11441 86.4723 2
      vertex 3.46927 86.3045 7
      vertex 3.11441 86.4723 7
    endloop
  endfacet
  facet normal -0.42748 -0.904025 -0
    outer loop
      vertex 3.46927 86.3045 7
      vertex 3.11441 86.4723 2
      vertex 3.46927 86.3045 2
    endloop
  endfacet
  facet normal 0.989176 0.146733 0
    outer loop
      vertex 8.98074 90.3921 7
      vertex 8.92314 90.7804 2
      vertex 8.92314 90.7804 7
    endloop
  endfacet
  facet normal 0.989176 0.146733 0
    outer loop
      vertex 8.92314 90.7804 2
      vertex 8.98074 90.3921 7
      vertex 8.98074 90.3921 2
    endloop
  endfacet
  facet normal 0.998796 0.049061 0
    outer loop
      vertex 9 90 7
      vertex 8.98074 90.3921 2
      vertex 8.98074 90.3921 7
    endloop
  endfacet
  facet normal 0.998796 0.049061 0
    outer loop
      vertex 8.98074 90.3921 2
      vertex 9 90 7
      vertex 9 90 2
    endloop
  endfacet
  facet normal 0.970019 0.243027 0
    outer loop
      vertex 8.92314 90.7804 7
      vertex 8.82776 91.1611 2
      vertex 8.82776 91.1611 7
    endloop
  endfacet
  facet normal 0.970019 0.243027 0
    outer loop
      vertex 8.82776 91.1611 2
      vertex 8.92314 90.7804 7
      vertex 8.92314 90.7804 2
    endloop
  endfacet
  facet normal 0.42748 -0.904025 0
    outer loop
      vertex 6.53073 86.3045 2
      vertex 6.88559 86.4723 7
      vertex 6.53073 86.3045 7
    endloop
  endfacet
  facet normal 0.42748 -0.904025 0
    outer loop
      vertex 6.88559 86.4723 7
      vertex 6.53073 86.3045 2
      vertex 6.88559 86.4723 2
    endloop
  endfacet
  facet normal -0.671531 0.740977 0
    outer loop
      vertex 2.46243 93.092 2
      vertex 2.17157 92.8284 7
      vertex 2.46243 93.092 7
    endloop
  endfacet
  facet normal -0.671531 0.740977 0
    outer loop
      vertex 2.17157 92.8284 7
      vertex 2.46243 93.092 2
      vertex 2.17157 92.8284 2
    endloop
  endfacet
  facet normal -0.970019 -0.243027 0
    outer loop
      vertex 1.17224 88.8389 2
      vertex 1.07686 89.2196 7
      vertex 1.07686 89.2196 2
    endloop
  endfacet
  facet normal -0.970019 -0.243027 0
    outer loop
      vertex 1.07686 89.2196 7
      vertex 1.17224 88.8389 2
      vertex 1.17224 88.8389 7
    endloop
  endfacet
  facet normal 0.42748 0.904025 -0
    outer loop
      vertex 6.88559 93.5277 2
      vertex 6.53073 93.6955 7
      vertex 6.88559 93.5277 7
    endloop
  endfacet
  facet normal 0.42748 0.904025 0
    outer loop
      vertex 6.53073 93.6955 7
      vertex 6.88559 93.5277 2
      vertex 6.53073 93.6955 2
    endloop
  endfacet
  facet normal -0.989176 0.146733 0
    outer loop
      vertex 1.01926 90.3921 2
      vertex 1.07686 90.7804 7
      vertex 1.07686 90.7804 2
    endloop
  endfacet
  facet normal -0.989176 0.146733 0
    outer loop
      vertex 1.07686 90.7804 7
      vertex 1.01926 90.3921 2
      vertex 1.01926 90.3921 7
    endloop
  endfacet
  facet normal -0.146737 -0.989176 0
    outer loop
      vertex 4.21964 86.0769 2
      vertex 4.60793 86.0193 7
      vertex 4.21964 86.0769 7
    endloop
  endfacet
  facet normal -0.146737 -0.989176 -0
    outer loop
      vertex 4.60793 86.0193 7
      vertex 4.21964 86.0769 2
      vertex 4.60793 86.0193 2
    endloop
  endfacet
  facet normal 0.242787 0.97008 -0
    outer loop
      vertex 6.16114 93.8278 2
      vertex 5.78036 93.9231 7
      vertex 6.16114 93.8278 7
    endloop
  endfacet
  facet normal 0.242787 0.97008 0
    outer loop
      vertex 5.78036 93.9231 7
      vertex 6.16114 93.8278 2
      vertex 5.78036 93.9231 2
    endloop
  endfacet
  facet normal -0.740895 0.671621 0
    outer loop
      vertex 1.90796 92.5376 2
      vertex 2.17157 92.8284 7
      vertex 2.17157 92.8284 2
    endloop
  endfacet
  facet normal -0.740895 0.671621 0
    outer loop
      vertex 2.17157 92.8284 7
      vertex 1.90796 92.5376 2
      vertex 1.90796 92.5376 7
    endloop
  endfacet
  facet normal 0.514095 -0.857733 0
    outer loop
      vertex 6.88559 86.4723 2
      vertex 7.22228 86.6741 7
      vertex 6.88559 86.4723 7
    endloop
  endfacet
  facet normal 0.514095 -0.857733 0
    outer loop
      vertex 7.22228 86.6741 7
      vertex 6.88559 86.4723 2
      vertex 7.22228 86.6741 2
    endloop
  endfacet
  facet normal -0.242787 -0.97008 0
    outer loop
      vertex 3.83886 86.1722 2
      vertex 4.21964 86.0769 7
      vertex 3.83886 86.1722 7
    endloop
  endfacet
  facet normal -0.242787 -0.97008 -0
    outer loop
      vertex 4.21964 86.0769 7
      vertex 3.83886 86.1722 2
      vertex 4.21964 86.0769 2
    endloop
  endfacet
  facet normal -0.337022 0.941497 0
    outer loop
      vertex 3.83886 93.8278 2
      vertex 3.46927 93.6955 7
      vertex 3.83886 93.8278 7
    endloop
  endfacet
  facet normal -0.337022 0.941497 0
    outer loop
      vertex 3.46927 93.6955 7
      vertex 3.83886 93.8278 2
      vertex 3.46927 93.6955 2
    endloop
  endfacet
  facet normal 0.0491664 -0.998791 0
    outer loop
      vertex 5 86 2
      vertex 5.39207 86.0193 7
      vertex 5 86 7
    endloop
  endfacet
  facet normal 0.0491664 -0.998791 0
    outer loop
      vertex 5.39207 86.0193 7
      vertex 5 86 2
      vertex 5.39207 86.0193 2
    endloop
  endfacet
  facet normal 0.146737 -0.989176 0
    outer loop
      vertex 5.39207 86.0193 2
      vertex 5.78036 86.0769 7
      vertex 5.39207 86.0193 7
    endloop
  endfacet
  facet normal 0.146737 -0.989176 0
    outer loop
      vertex 5.78036 86.0769 7
      vertex 5.39207 86.0193 2
      vertex 5.78036 86.0769 2
    endloop
  endfacet
  facet normal -0.0491664 0.998791 0
    outer loop
      vertex 5 94 2
      vertex 4.60793 93.9807 7
      vertex 5 94 7
    endloop
  endfacet
  facet normal -0.0491664 0.998791 0
    outer loop
      vertex 4.60793 93.9807 7
      vertex 5 94 2
      vertex 4.60793 93.9807 2
    endloop
  endfacet
  facet normal -0.595806 -0.803128 0
    outer loop
      vertex 2.46243 86.908 2
      vertex 2.77772 86.6741 7
      vertex 2.46243 86.908 7
    endloop
  endfacet
  facet normal -0.595806 -0.803128 -0
    outer loop
      vertex 2.77772 86.6741 7
      vertex 2.46243 86.908 2
      vertex 2.77772 86.6741 2
    endloop
  endfacet
  facet normal -0.904004 -0.427523 0
    outer loop
      vertex 1.47232 88.1144 2
      vertex 1.30448 88.4693 7
      vertex 1.30448 88.4693 2
    endloop
  endfacet
  facet normal -0.904004 -0.427523 0
    outer loop
      vertex 1.30448 88.4693 7
      vertex 1.47232 88.1144 2
      vertex 1.47232 88.1144 7
    endloop
  endfacet
  facet normal -0.146737 0.989176 0
    outer loop
      vertex 4.60793 93.9807 2
      vertex 4.21964 93.9231 7
      vertex 4.60793 93.9807 7
    endloop
  endfacet
  facet normal -0.146737 0.989176 0
    outer loop
      vertex 4.21964 93.9231 7
      vertex 4.60793 93.9807 2
      vertex 4.21964 93.9231 2
    endloop
  endfacet
  facet normal 0.595806 -0.803128 0
    outer loop
      vertex 7.22228 86.6741 2
      vertex 7.53757 86.908 7
      vertex 7.22228 86.6741 7
    endloop
  endfacet
  facet normal 0.595806 -0.803128 0
    outer loop
      vertex 7.53757 86.908 7
      vertex 7.22228 86.6741 2
      vertex 7.53757 86.908 2
    endloop
  endfacet
  facet normal 0.0491664 0.998791 -0
    outer loop
      vertex 5.39207 93.9807 2
      vertex 5 94 7
      vertex 5.39207 93.9807 7
    endloop
  endfacet
  facet normal 0.0491664 0.998791 0
    outer loop
      vertex 5 94 7
      vertex 5.39207 93.9807 2
      vertex 5 94 2
    endloop
  endfacet
  facet normal 0.514095 0.857733 -0
    outer loop
      vertex 7.22228 93.3259 2
      vertex 6.88559 93.5277 7
      vertex 7.22228 93.3259 7
    endloop
  endfacet
  facet normal 0.514095 0.857733 0
    outer loop
      vertex 6.88559 93.5277 7
      vertex 7.22228 93.3259 2
      vertex 6.88559 93.5277 2
    endloop
  endfacet
  facet normal -0.998796 -0.049061 0
    outer loop
      vertex 1.01926 89.6079 2
      vertex 1 90 7
      vertex 1 90 2
    endloop
  endfacet
  facet normal -0.998796 -0.049061 0
    outer loop
      vertex 1 90 7
      vertex 1.01926 89.6079 2
      vertex 1.01926 89.6079 7
    endloop
  endfacet
  facet normal -0.904004 0.427523 0
    outer loop
      vertex 1.30448 91.5307 2
      vertex 1.47232 91.8856 7
      vertex 1.47232 91.8856 2
    endloop
  endfacet
  facet normal -0.904004 0.427523 0
    outer loop
      vertex 1.47232 91.8856 7
      vertex 1.30448 91.5307 2
      vertex 1.30448 91.5307 7
    endloop
  endfacet
  facet normal 0.970019 -0.243027 0
    outer loop
      vertex 8.82776 88.8389 7
      vertex 8.92314 89.2196 2
      vertex 8.92314 89.2196 7
    endloop
  endfacet
  facet normal 0.970019 -0.243027 0
    outer loop
      vertex 8.92314 89.2196 2
      vertex 8.82776 88.8389 7
      vertex 8.82776 88.8389 2
    endloop
  endfacet
  facet normal 0.740895 0.671621 0
    outer loop
      vertex 8.09204 92.5376 7
      vertex 7.82843 92.8284 2
      vertex 7.82843 92.8284 7
    endloop
  endfacet
  facet normal 0.740895 0.671621 0
    outer loop
      vertex 7.82843 92.8284 2
      vertex 8.09204 92.5376 7
      vertex 8.09204 92.5376 2
    endloop
  endfacet
  facet normal 0.595806 0.803128 -0
    outer loop
      vertex 7.53757 93.092 2
      vertex 7.22228 93.3259 7
      vertex 7.53757 93.092 7
    endloop
  endfacet
  facet normal 0.595806 0.803128 0
    outer loop
      vertex 7.22228 93.3259 7
      vertex 7.53757 93.092 2
      vertex 7.22228 93.3259 2
    endloop
  endfacet
  facet normal -0.595806 0.803128 0
    outer loop
      vertex 2.77772 93.3259 2
      vertex 2.46243 93.092 7
      vertex 2.77772 93.3259 7
    endloop
  endfacet
  facet normal -0.595806 0.803128 0
    outer loop
      vertex 2.46243 93.092 7
      vertex 2.77772 93.3259 2
      vertex 2.46243 93.092 2
    endloop
  endfacet
  facet normal 0.80321 0.595695 0
    outer loop
      vertex 8.32588 92.2223 7
      vertex 8.09204 92.5376 2
      vertex 8.09204 92.5376 7
    endloop
  endfacet
  facet normal 0.80321 0.595695 0
    outer loop
      vertex 8.09204 92.5376 2
      vertex 8.32588 92.2223 7
      vertex 8.32588 92.2223 2
    endloop
  endfacet
  facet normal 0.989176 -0.146733 0
    outer loop
      vertex 8.92314 89.2196 7
      vertex 8.98074 89.6079 2
      vertex 8.98074 89.6079 7
    endloop
  endfacet
  facet normal 0.989176 -0.146733 0
    outer loop
      vertex 8.98074 89.6079 2
      vertex 8.92314 89.2196 7
      vertex 8.92314 89.2196 2
    endloop
  endfacet
  facet normal -0.941548 0.336879 0
    outer loop
      vertex 1.17224 91.1611 2
      vertex 1.30448 91.5307 7
      vertex 1.30448 91.5307 2
    endloop
  endfacet
  facet normal -0.941548 0.336879 0
    outer loop
      vertex 1.30448 91.5307 7
      vertex 1.17224 91.1611 2
      vertex 1.17224 91.1611 7
    endloop
  endfacet
  facet normal 0.904004 -0.427523 0
    outer loop
      vertex 8.52768 88.1144 7
      vertex 8.69552 88.4693 2
      vertex 8.69552 88.4693 7
    endloop
  endfacet
  facet normal 0.904004 -0.427523 0
    outer loop
      vertex 8.69552 88.4693 2
      vertex 8.52768 88.1144 7
      vertex 8.52768 88.1144 2
    endloop
  endfacet
  facet normal 0.998796 -0.049061 0
    outer loop
      vertex 8.98074 89.6079 7
      vertex 9 90 2
      vertex 9 90 7
    endloop
  endfacet
  facet normal 0.998796 -0.049061 0
    outer loop
      vertex 9 90 2
      vertex 8.98074 89.6079 7
      vertex 8.98074 89.6079 2
    endloop
  endfacet
  facet normal 0.337022 -0.941497 0
    outer loop
      vertex 6.16114 86.1722 2
      vertex 6.53073 86.3045 7
      vertex 6.16114 86.1722 7
    endloop
  endfacet
  facet normal 0.337022 -0.941497 0
    outer loop
      vertex 6.53073 86.3045 7
      vertex 6.16114 86.1722 2
      vertex 6.53073 86.3045 2
    endloop
  endfacet
  facet normal 0.941548 0.336879 0
    outer loop
      vertex 8.82776 91.1611 7
      vertex 8.69552 91.5307 2
      vertex 8.69552 91.5307 7
    endloop
  endfacet
  facet normal 0.941548 0.336879 0
    outer loop
      vertex 8.69552 91.5307 2
      vertex 8.82776 91.1611 7
      vertex 8.82776 91.1611 2
    endloop
  endfacet
  facet normal 0.80321 -0.595695 0
    outer loop
      vertex 8.09204 87.4624 7
      vertex 8.32588 87.7777 2
      vertex 8.32588 87.7777 7
    endloop
  endfacet
  facet normal 0.80321 -0.595695 0
    outer loop
      vertex 8.32588 87.7777 2
      vertex 8.09204 87.4624 7
      vertex 8.09204 87.4624 2
    endloop
  endfacet
  facet normal 0.85774 -0.514084 0
    outer loop
      vertex 8.32588 87.7777 7
      vertex 8.52768 88.1144 2
      vertex 8.52768 88.1144 7
    endloop
  endfacet
  facet normal 0.85774 -0.514084 0
    outer loop
      vertex 8.52768 88.1144 2
      vertex 8.32588 87.7777 7
      vertex 8.32588 87.7777 2
    endloop
  endfacet
  facet normal 0.941548 -0.336879 0
    outer loop
      vertex 8.69552 88.4693 7
      vertex 8.82776 88.8389 2
      vertex 8.82776 88.8389 7
    endloop
  endfacet
  facet normal 0.941548 -0.336879 0
    outer loop
      vertex 8.82776 88.8389 2
      vertex 8.69552 88.4693 7
      vertex 8.69552 88.4693 2
    endloop
  endfacet
  facet normal -0.242787 0.97008 0
    outer loop
      vertex 4.21964 93.9231 2
      vertex 3.83886 93.8278 7
      vertex 4.21964 93.9231 7
    endloop
  endfacet
  facet normal -0.242787 0.97008 0
    outer loop
      vertex 3.83886 93.8278 7
      vertex 4.21964 93.9231 2
      vertex 3.83886 93.8278 2
    endloop
  endfacet
  facet normal 0.904004 0.427523 0
    outer loop
      vertex 8.69552 91.5307 7
      vertex 8.52768 91.8856 2
      vertex 8.52768 91.8856 7
    endloop
  endfacet
  facet normal 0.904004 0.427523 0
    outer loop
      vertex 8.52768 91.8856 2
      vertex 8.69552 91.5307 7
      vertex 8.69552 91.5307 2
    endloop
  endfacet
  facet normal 0.146737 0.989176 -0
    outer loop
      vertex 5.78036 93.9231 2
      vertex 5.39207 93.9807 7
      vertex 5.78036 93.9231 7
    endloop
  endfacet
  facet normal 0.146737 0.989176 0
    outer loop
      vertex 5.39207 93.9807 7
      vertex 5.78036 93.9231 2
      vertex 5.39207 93.9807 2
    endloop
  endfacet
  facet normal -0.85774 -0.514084 0
    outer loop
      vertex 1.67412 87.7777 2
      vertex 1.47232 88.1144 7
      vertex 1.47232 88.1144 2
    endloop
  endfacet
  facet normal -0.85774 -0.514084 0
    outer loop
      vertex 1.47232 88.1144 7
      vertex 1.67412 87.7777 2
      vertex 1.67412 87.7777 7
    endloop
  endfacet
  facet normal 0.85774 0.514084 0
    outer loop
      vertex 8.52768 91.8856 7
      vertex 8.32588 92.2223 2
      vertex 8.32588 92.2223 7
    endloop
  endfacet
  facet normal 0.85774 0.514084 0
    outer loop
      vertex 8.32588 92.2223 2
      vertex 8.52768 91.8856 7
      vertex 8.52768 91.8856 2
    endloop
  endfacet
  facet normal -0.740895 -0.671621 0
    outer loop
      vertex 2.17157 87.1716 2
      vertex 1.90796 87.4624 7
      vertex 1.90796 87.4624 2
    endloop
  endfacet
  facet normal -0.740895 -0.671621 0
    outer loop
      vertex 1.90796 87.4624 7
      vertex 2.17157 87.1716 2
      vertex 2.17157 87.1716 7
    endloop
  endfacet
  facet normal 0.242787 -0.97008 0
    outer loop
      vertex 5.78036 86.0769 2
      vertex 6.16114 86.1722 7
      vertex 5.78036 86.0769 7
    endloop
  endfacet
  facet normal 0.242787 -0.97008 0
    outer loop
      vertex 6.16114 86.1722 7
      vertex 5.78036 86.0769 2
      vertex 6.16114 86.1722 2
    endloop
  endfacet
  facet normal -0.514095 0.857733 0
    outer loop
      vertex 3.11441 93.5277 2
      vertex 2.77772 93.3259 7
      vertex 3.11441 93.5277 7
    endloop
  endfacet
  facet normal -0.514095 0.857733 0
    outer loop
      vertex 2.77772 93.3259 7
      vertex 3.11441 93.5277 2
      vertex 2.77772 93.3259 2
    endloop
  endfacet
  facet normal -0.42748 0.904025 0
    outer loop
      vertex 3.46927 93.6955 2
      vertex 3.11441 93.5277 7
      vertex 3.46927 93.6955 7
    endloop
  endfacet
  facet normal -0.42748 0.904025 0
    outer loop
      vertex 3.11441 93.5277 7
      vertex 3.46927 93.6955 2
      vertex 3.11441 93.5277 2
    endloop
  endfacet
  facet normal -0.941548 -0.336879 0
    outer loop
      vertex 1.30448 88.4693 2
      vertex 1.17224 88.8389 7
      vertex 1.17224 88.8389 2
    endloop
  endfacet
  facet normal -0.941548 -0.336879 0
    outer loop
      vertex 1.17224 88.8389 7
      vertex 1.30448 88.4693 2
      vertex 1.30448 88.4693 7
    endloop
  endfacet
  facet normal -0.514095 -0.857733 0
    outer loop
      vertex 2.77772 86.6741 2
      vertex 3.11441 86.4723 7
      vertex 2.77772 86.6741 7
    endloop
  endfacet
  facet normal -0.514095 -0.857733 -0
    outer loop
      vertex 3.11441 86.4723 7
      vertex 2.77772 86.6741 2
      vertex 3.11441 86.4723 2
    endloop
  endfacet
  facet normal 0.671531 0.740977 -0
    outer loop
      vertex 7.82843 92.8284 2
      vertex 7.53757 93.092 7
      vertex 7.82843 92.8284 7
    endloop
  endfacet
  facet normal 0.671531 0.740977 0
    outer loop
      vertex 7.53757 93.092 7
      vertex 7.82843 92.8284 2
      vertex 7.53757 93.092 2
    endloop
  endfacet
  facet normal 0.337022 0.941497 -0
    outer loop
      vertex 6.53073 93.6955 2
      vertex 6.16114 93.8278 7
      vertex 6.53073 93.6955 7
    endloop
  endfacet
  facet normal 0.337022 0.941497 0
    outer loop
      vertex 6.16114 93.8278 7
      vertex 6.53073 93.6955 2
      vertex 6.16114 93.8278 2
    endloop
  endfacet
  facet normal -0.970019 0.243027 0
    outer loop
      vertex 1.07686 90.7804 2
      vertex 1.17224 91.1611 7
      vertex 1.17224 91.1611 2
    endloop
  endfacet
  facet normal -0.970019 0.243027 0
    outer loop
      vertex 1.17224 91.1611 7
      vertex 1.07686 90.7804 2
      vertex 1.07686 90.7804 7
    endloop
  endfacet
  facet normal -0.80321 -0.595695 0
    outer loop
      vertex 1.90796 87.4624 2
      vertex 1.67412 87.7777 7
      vertex 1.67412 87.7777 2
    endloop
  endfacet
  facet normal -0.80321 -0.595695 0
    outer loop
      vertex 1.67412 87.7777 7
      vertex 1.90796 87.4624 2
      vertex 1.90796 87.4624 7
    endloop
  endfacet
  facet normal -0.989176 -0.146733 0
    outer loop
      vertex 1.07686 89.2196 2
      vertex 1.01926 89.6079 7
      vertex 1.01926 89.6079 2
    endloop
  endfacet
  facet normal -0.989176 -0.146733 0
    outer loop
      vertex 1.01926 89.6079 7
      vertex 1.07686 89.2196 2
      vertex 1.07686 89.2196 7
    endloop
  endfacet
  facet normal -0.671531 -0.740977 0
    outer loop
      vertex 2.17157 87.1716 2
      vertex 2.46243 86.908 7
      vertex 2.17157 87.1716 7
    endloop
  endfacet
  facet normal -0.671531 -0.740977 -0
    outer loop
      vertex 2.46243 86.908 7
      vertex 2.17157 87.1716 2
      vertex 2.46243 86.908 2
    endloop
  endfacet
  facet normal -0.80321 0.595695 0
    outer loop
      vertex 1.67412 92.2223 2
      vertex 1.90796 92.5376 7
      vertex 1.90796 92.5376 2
    endloop
  endfacet
  facet normal -0.80321 0.595695 0
    outer loop
      vertex 1.90796 92.5376 7
      vertex 1.67412 92.2223 2
      vertex 1.67412 92.2223 7
    endloop
  endfacet
  facet normal -0.85774 0.514084 0
    outer loop
      vertex 1.47232 91.8856 2
      vertex 1.67412 92.2223 7
      vertex 1.67412 92.2223 2
    endloop
  endfacet
  facet normal -0.85774 0.514084 0
    outer loop
      vertex 1.67412 92.2223 7
      vertex 1.47232 91.8856 2
      vertex 1.47232 91.8856 7
    endloop
  endfacet
  facet normal 0 0 1
    outer loop
      vertex 7.35 90 7
      vertex 9 90 7
      vertex 8.98074 90.3921 7
    endloop
  endfacet
  facet normal 0 0 1
    outer loop
      vertex 7.33868 90.2303 7
      vertex 8.98074 90.3921 7
      vertex 8.92314 90.7804 7
    endloop
  endfacet
  facet normal 0 0 1
    outer loop
      vertex 9 90 7
      vertex 7.35 90 7
      vertex 8.98074 89.6079 7
    endloop
  endfacet
  facet normal 0 0 1
    outer loop
      vertex 7.30484 90.4585 7
      vertex 8.92314 90.7804 7
      vertex 8.82776 91.1611 7
    endloop
  endfacet
  facet normal -0 0 1
    outer loop
      vertex 7.33868 89.7697 7
      vertex 8.98074 89.6079 7
      vertex 7.35 90 7
    endloop
  endfacet
  facet normal 0 0 1
    outer loop
      vertex 7.24881 90.6822 7
      vertex 8.82776 91.1611 7
      vertex 8.69552 91.5307 7
    endloop
  endfacet
  facet normal 0 0 1
    outer loop
      vertex 8.98074 89.6079 7
      vertex 7.33868 89.7697 7
      vertex 8.92314 89.2196 7
    endloop
  endfacet
  facet normal 0 0 1
    outer loop
      vertex 7.17112 90.8993 7
      vertex 8.69552 91.5307 7
      vertex 8.52768 91.8856 7
    endloop
  endfacet
  facet normal -0 0 1
    outer loop
      vertex 7.30484 89.5415 7
      vertex 8.92314 89.2196 7
      vertex 7.33868 89.7697 7
    endloop
  endfacet
  facet normal 0 0 1
    outer loop
      vertex 7.07251 91.1078 7
      vertex 8.52768 91.8856 7
      vertex 8.32588 92.2223 7
    endloop
  endfacet
  facet normal 0 0 1
    outer loop
      vertex 8.92314 89.2196 7
      vertex 7.30484 89.5415 7
      vertex 8.82776 88.8389 7
    endloop
  endfacet
  facet normal 0 0 1
    outer loop
      vertex 6.95395 91.3056 7
      vertex 8.32588 92.2223 7
      vertex 8.09204 92.5376 7
    endloop
  endfacet
  facet normal -0 0 1
    outer loop
      vertex 7.24881 89.3178 7
      vertex 8.82776 88.8389 7
      vertex 7.30484 89.5415 7
    endloop
  endfacet
  facet normal 0 0 1
    outer loop
      vertex 6.81657 91.4908 7
      vertex 8.09204 92.5376 7
      vertex 7.82843 92.8284 7
    endloop
  endfacet
  facet normal 0 0 1
    outer loop
      vertex 8.82776 88.8389 7
      vertex 7.24881 89.3178 7
      vertex 8.69552 88.4693 7
    endloop
  endfacet
  facet normal 0 0 1
    outer loop
      vertex 6.6617 91.6617 7
      vertex 7.82843 92.8284 7
      vertex 7.53757 93.092 7
    endloop
  endfacet
  facet normal -0 0 1
    outer loop
      vertex 7.17112 89.1007 7
      vertex 8.69552 88.4693 7
      vertex 7.24881 89.3178 7
    endloop
  endfacet
  facet normal 0 0 1
    outer loop
      vertex 8.69552 88.4693 7
      vertex 7.17112 89.1007 7
      vertex 8.52768 88.1144 7
    endloop
  endfacet
  facet normal 0 0 1
    outer loop
      vertex 8.98074 90.3921 7
      vertex 7.33868 90.2303 7
      vertex 7.35 90 7
    endloop
  endfacet
  facet normal 0 0 1
    outer loop
      vertex 8.92314 90.7804 7
      vertex 7.30484 90.4585 7
      vertex 7.33868 90.2303 7
    endloop
  endfacet
  facet normal 0 0 1
    outer loop
      vertex 8.82776 91.1611 7
      vertex 7.24881 90.6822 7
      vertex 7.30484 90.4585 7
    endloop
  endfacet
  facet normal 0 0 1
    outer loop
      vertex 6.49082 91.8166 7
      vertex 7.53757 93.092 7
      vertex 7.22228 93.3259 7
    endloop
  endfacet
  facet normal 0 0 1
    outer loop
      vertex 8.69552 91.5307 7
      vertex 7.17112 90.8993 7
      vertex 7.24881 90.6822 7
    endloop
  endfacet
  facet normal 0 0 1
    outer loop
      vertex 8.52768 91.8856 7
      vertex 7.07251 91.1078 7
      vertex 7.17112 90.8993 7
    endloop
  endfacet
  facet normal 0 0 1
    outer loop
      vertex 8.32588 92.2223 7
      vertex 6.95395 91.3056 7
      vertex 7.07251 91.1078 7
    endloop
  endfacet
  facet normal 0 0 1
    outer loop
      vertex 6.30559 91.9539 7
      vertex 7.22228 93.3259 7
      vertex 6.88559 93.5277 7
    endloop
  endfacet
  facet normal 0 0 1
    outer loop
      vertex 8.09204 92.5376 7
      vertex 6.81657 91.4908 7
      vertex 6.95395 91.3056 7
    endloop
  endfacet
  facet normal 0 0 1
    outer loop
      vertex 7.82843 92.8284 7
      vertex 6.6617 91.6617 7
      vertex 6.81657 91.4908 7
    endloop
  endfacet
  facet normal 0 0 1
    outer loop
      vertex 6.10778 92.0725 7
      vertex 6.88559 93.5277 7
      vertex 6.53073 93.6955 7
    endloop
  endfacet
  facet normal 0 0 1
    outer loop
      vertex 7.53757 93.092 7
      vertex 6.49082 91.8166 7
      vertex 6.6617 91.6617 7
    endloop
  endfacet
  facet normal 0 0 1
    outer loop
      vertex 7.22228 93.3259 7
      vertex 6.30559 91.9539 7
      vertex 6.49082 91.8166 7
    endloop
  endfacet
  facet normal 0 0 1
    outer loop
      vertex 5.89931 92.1711 7
      vertex 6.53073 93.6955 7
      vertex 6.16114 93.8278 7
    endloop
  endfacet
  facet normal 0 0 1
    outer loop
      vertex 6.88559 93.5277 7
      vertex 6.10778 92.0725 7
      vertex 6.30559 91.9539 7
    endloop
  endfacet
  facet normal 0 0 1
    outer loop
      vertex 6.53073 93.6955 7
      vertex 5.89931 92.1711 7
      vertex 6.10778 92.0725 7
    endloop
  endfacet
  facet normal 0 0 1
    outer loop
      vertex 5.68217 92.2488 7
      vertex 6.16114 93.8278 7
      vertex 5.78036 93.9231 7
    endloop
  endfacet
  facet normal 0 0 1
    outer loop
      vertex 6.16114 93.8278 7
      vertex 5.68217 92.2488 7
      vertex 5.89931 92.1711 7
    endloop
  endfacet
  facet normal 0 0 1
    outer loop
      vertex 5.78036 93.9231 7
      vertex 5.45846 92.3048 7
      vertex 5.68217 92.2488 7
    endloop
  endfacet
  facet normal 0 0 1
    outer loop
      vertex 5.39207 93.9807 7
      vertex 5.45846 92.3048 7
      vertex 5.78036 93.9231 7
    endloop
  endfacet
  facet normal 0 0 1
    outer loop
      vertex 5.39207 93.9807 7
      vertex 5.23034 92.3387 7
      vertex 5.45846 92.3048 7
    endloop
  endfacet
  facet normal 0 0 1
    outer loop
      vertex 5 94 7
      vertex 5.23034 92.3387 7
      vertex 5.39207 93.9807 7
    endloop
  endfacet
  facet normal 0 0 1
    outer loop
      vertex 5 94 7
      vertex 5 92.35 7
      vertex 5.23034 92.3387 7
    endloop
  endfacet
  facet normal 0 0 1
    outer loop
      vertex 5 94 7
      vertex 4.76966 92.3387 7
      vertex 5 92.35 7
    endloop
  endfacet
  facet normal -0 0 1
    outer loop
      vertex 4.60793 93.9807 7
      vertex 4.76966 92.3387 7
      vertex 5 94 7
    endloop
  endfacet
  facet normal 0 0 1
    outer loop
      vertex 4.60793 93.9807 7
      vertex 4.54154 92.3048 7
      vertex 4.76966 92.3387 7
    endloop
  endfacet
  facet normal -0 0 1
    outer loop
      vertex 4.21964 93.9231 7
      vertex 4.54154 92.3048 7
      vertex 4.60793 93.9807 7
    endloop
  endfacet
  facet normal 0 0 1
    outer loop
      vertex 4.54154 92.3048 7
      vertex 4.21964 93.9231 7
      vertex 4.31783 92.2488 7
    endloop
  endfacet
  facet normal -0 0 1
    outer loop
      vertex 3.83886 93.8278 7
      vertex 4.31783 92.2488 7
      vertex 4.21964 93.9231 7
    endloop
  endfacet
  facet normal 0 0 1
    outer loop
      vertex 4.31783 92.2488 7
      vertex 3.83886 93.8278 7
      vertex 4.10069 92.1711 7
    endloop
  endfacet
  facet normal -0 0 1
    outer loop
      vertex 3.46927 93.6955 7
      vertex 4.10069 92.1711 7
      vertex 3.83886 93.8278 7
    endloop
  endfacet
  facet normal 0 0 1
    outer loop
      vertex 4.10069 92.1711 7
      vertex 3.46927 93.6955 7
      vertex 3.89222 92.0725 7
    endloop
  endfacet
  facet normal -0 0 1
    outer loop
      vertex 3.11441 93.5277 7
      vertex 3.89222 92.0725 7
      vertex 3.46927 93.6955 7
    endloop
  endfacet
  facet normal 0 0 1
    outer loop
      vertex 3.89222 92.0725 7
      vertex 3.11441 93.5277 7
      vertex 3.69441 91.9539 7
    endloop
  endfacet
  facet normal -0 0 1
    outer loop
      vertex 2.77772 93.3259 7
      vertex 3.69441 91.9539 7
      vertex 3.11441 93.5277 7
    endloop
  endfacet
  facet normal 0 0 1
    outer loop
      vertex 3.69441 91.9539 7
      vertex 2.77772 93.3259 7
      vertex 3.50918 91.8166 7
    endloop
  endfacet
  facet normal -0 0 1
    outer loop
      vertex 2.46243 93.092 7
      vertex 3.50918 91.8166 7
      vertex 2.77772 93.3259 7
    endloop
  endfacet
  facet normal 0 0 1
    outer loop
      vertex 3.50918 91.8166 7
      vertex 2.46243 93.092 7
      vertex 3.3383 91.6617 7
    endloop
  endfacet
  facet normal -0 0 1
    outer loop
      vertex 2.17157 92.8284 7
      vertex 3.3383 91.6617 7
      vertex 2.46243 93.092 7
    endloop
  endfacet
  facet normal 0 0 1
    outer loop
      vertex 3.3383 91.6617 7
      vertex 2.17157 92.8284 7
      vertex 3.18343 91.4908 7
    endloop
  endfacet
  facet normal -0 0 1
    outer loop
      vertex 1.90796 92.5376 7
      vertex 3.18343 91.4908 7
      vertex 2.17157 92.8284 7
    endloop
  endfacet
  facet normal 0 0 1
    outer loop
      vertex 3.18343 91.4908 7
      vertex 1.90796 92.5376 7
      vertex 3.04605 91.3056 7
    endloop
  endfacet
  facet normal -0 0 1
    outer loop
      vertex 1.67412 92.2223 7
      vertex 3.04605 91.3056 7
      vertex 1.90796 92.5376 7
    endloop
  endfacet
  facet normal 0 0 1
    outer loop
      vertex 3.04605 91.3056 7
      vertex 1.67412 92.2223 7
      vertex 2.92749 91.1078 7
    endloop
  endfacet
  facet normal -0 0 1
    outer loop
      vertex 1.47232 91.8856 7
      vertex 2.92749 91.1078 7
      vertex 1.67412 92.2223 7
    endloop
  endfacet
  facet normal 0 0 1
    outer loop
      vertex 2.92749 91.1078 7
      vertex 1.47232 91.8856 7
      vertex 2.82888 90.8993 7
    endloop
  endfacet
  facet normal -0 0 1
    outer loop
      vertex 7.07251 88.8922 7
      vertex 8.52768 88.1144 7
      vertex 7.17112 89.1007 7
    endloop
  endfacet
  facet normal 0 0 1
    outer loop
      vertex 8.52768 88.1144 7
      vertex 7.07251 88.8922 7
      vertex 8.32588 87.7777 7
    endloop
  endfacet
  facet normal -0 0 1
    outer loop
      vertex 6.95395 88.6944 7
      vertex 8.32588 87.7777 7
      vertex 7.07251 88.8922 7
    endloop
  endfacet
  facet normal 0 0 1
    outer loop
      vertex 8.32588 87.7777 7
      vertex 6.95395 88.6944 7
      vertex 8.09204 87.4624 7
    endloop
  endfacet
  facet normal -0 0 1
    outer loop
      vertex 6.81657 88.5092 7
      vertex 8.09204 87.4624 7
      vertex 6.95395 88.6944 7
    endloop
  endfacet
  facet normal 0 0 1
    outer loop
      vertex 8.09204 87.4624 7
      vertex 6.81657 88.5092 7
      vertex 7.82843 87.1716 7
    endloop
  endfacet
  facet normal -0 0 1
    outer loop
      vertex 6.6617 88.3383 7
      vertex 7.82843 87.1716 7
      vertex 6.81657 88.5092 7
    endloop
  endfacet
  facet normal 0 0 1
    outer loop
      vertex 7.82843 87.1716 7
      vertex 6.6617 88.3383 7
      vertex 7.53757 86.908 7
    endloop
  endfacet
  facet normal -0 0 1
    outer loop
      vertex 6.49082 88.1834 7
      vertex 7.53757 86.908 7
      vertex 6.6617 88.3383 7
    endloop
  endfacet
  facet normal 0 0 1
    outer loop
      vertex 7.53757 86.908 7
      vertex 6.49082 88.1834 7
      vertex 7.22228 86.6741 7
    endloop
  endfacet
  facet normal -0 0 1
    outer loop
      vertex 6.30559 88.0461 7
      vertex 7.22228 86.6741 7
      vertex 6.49082 88.1834 7
    endloop
  endfacet
  facet normal 0 0 1
    outer loop
      vertex 7.22228 86.6741 7
      vertex 6.30559 88.0461 7
      vertex 6.88559 86.4723 7
    endloop
  endfacet
  facet normal -0 0 1
    outer loop
      vertex 6.10778 87.9275 7
      vertex 6.88559 86.4723 7
      vertex 6.30559 88.0461 7
    endloop
  endfacet
  facet normal 0 0 1
    outer loop
      vertex 6.88559 86.4723 7
      vertex 6.10778 87.9275 7
      vertex 6.53073 86.3045 7
    endloop
  endfacet
  facet normal -0 0 1
    outer loop
      vertex 5.89931 87.8289 7
      vertex 6.53073 86.3045 7
      vertex 6.10778 87.9275 7
    endloop
  endfacet
  facet normal 0 0 1
    outer loop
      vertex 6.53073 86.3045 7
      vertex 5.89931 87.8289 7
      vertex 6.16114 86.1722 7
    endloop
  endfacet
  facet normal -0 0 1
    outer loop
      vertex 5.68217 87.7512 7
      vertex 6.16114 86.1722 7
      vertex 5.89931 87.8289 7
    endloop
  endfacet
  facet normal 0 0 1
    outer loop
      vertex 6.16114 86.1722 7
      vertex 5.68217 87.7512 7
      vertex 5.78036 86.0769 7
    endloop
  endfacet
  facet normal -0 0 1
    outer loop
      vertex 5.45846 87.6952 7
      vertex 5.78036 86.0769 7
      vertex 5.68217 87.7512 7
    endloop
  endfacet
  facet normal 0 0 1
    outer loop
      vertex 5.45846 87.6952 7
      vertex 5.39207 86.0193 7
      vertex 5.78036 86.0769 7
    endloop
  endfacet
  facet normal -0 0 1
    outer loop
      vertex 5.23034 87.6613 7
      vertex 5.39207 86.0193 7
      vertex 5.45846 87.6952 7
    endloop
  endfacet
  facet normal -0 0 1
    outer loop
      vertex 5 87.65 7
      vertex 5.39207 86.0193 7
      vertex 5.23034 87.6613 7
    endloop
  endfacet
  facet normal 0 0 1
    outer loop
      vertex 5 87.65 7
      vertex 5 86 7
      vertex 5.39207 86.0193 7
    endloop
  endfacet
  facet normal 0 0 1
    outer loop
      vertex 4.76966 87.6613 7
      vertex 5 86 7
      vertex 5 87.65 7
    endloop
  endfacet
  facet normal 0 0 1
    outer loop
      vertex 4.76966 87.6613 7
      vertex 4.60793 86.0193 7
      vertex 5 86 7
    endloop
  endfacet
  facet normal 0 0 1
    outer loop
      vertex 4.54154 87.6952 7
      vertex 4.60793 86.0193 7
      vertex 4.76966 87.6613 7
    endloop
  endfacet
  facet normal 0 0 1
    outer loop
      vertex 4.21964 86.0769 7
      vertex 4.54154 87.6952 7
      vertex 4.31783 87.7512 7
    endloop
  endfacet
  facet normal 0 0 1
    outer loop
      vertex 4.54154 87.6952 7
      vertex 4.21964 86.0769 7
      vertex 4.60793 86.0193 7
    endloop
  endfacet
  facet normal 0 0 1
    outer loop
      vertex 3.83886 86.1722 7
      vertex 4.31783 87.7512 7
      vertex 4.10069 87.8289 7
    endloop
  endfacet
  facet normal 0 0 1
    outer loop
      vertex 3.46927 86.3045 7
      vertex 4.10069 87.8289 7
      vertex 3.89222 87.9275 7
    endloop
  endfacet
  facet normal 0 0 1
    outer loop
      vertex 4.31783 87.7512 7
      vertex 3.83886 86.1722 7
      vertex 4.21964 86.0769 7
    endloop
  endfacet
  facet normal 0 0 1
    outer loop
      vertex 3.11441 86.4723 7
      vertex 3.89222 87.9275 7
      vertex 3.69441 88.0461 7
    endloop
  endfacet
  facet normal 0 0 1
    outer loop
      vertex 2.77772 86.6741 7
      vertex 3.69441 88.0461 7
      vertex 3.50918 88.1834 7
    endloop
  endfacet
  facet normal 0 0 1
    outer loop
      vertex 4.10069 87.8289 7
      vertex 3.46927 86.3045 7
      vertex 3.83886 86.1722 7
    endloop
  endfacet
  facet normal 0 0 1
    outer loop
      vertex 2.46243 86.908 7
      vertex 3.50918 88.1834 7
      vertex 3.3383 88.3383 7
    endloop
  endfacet
  facet normal 0 0 1
    outer loop
      vertex 2.17157 87.1716 7
      vertex 3.3383 88.3383 7
      vertex 3.18343 88.5092 7
    endloop
  endfacet
  facet normal 0 0 1
    outer loop
      vertex 3.89222 87.9275 7
      vertex 3.11441 86.4723 7
      vertex 3.46927 86.3045 7
    endloop
  endfacet
  facet normal 0 0 1
    outer loop
      vertex 1.90796 87.4624 7
      vertex 3.18343 88.5092 7
      vertex 3.04605 88.6944 7
    endloop
  endfacet
  facet normal 0 0 1
    outer loop
      vertex 1.67412 87.7777 7
      vertex 3.04605 88.6944 7
      vertex 2.92749 88.8922 7
    endloop
  endfacet
  facet normal 0 0 1
    outer loop
      vertex 1.47232 88.1144 7
      vertex 2.92749 88.8922 7
      vertex 2.82888 89.1007 7
    endloop
  endfacet
  facet normal 0 0 1
    outer loop
      vertex 3.69441 88.0461 7
      vertex 2.77772 86.6741 7
      vertex 3.11441 86.4723 7
    endloop
  endfacet
  facet normal 0 0 1
    outer loop
      vertex 1.30448 88.4693 7
      vertex 2.82888 89.1007 7
      vertex 2.75119 89.3178 7
    endloop
  endfacet
  facet normal 0 0 1
    outer loop
      vertex 1.17224 88.8389 7
      vertex 2.75119 89.3178 7
      vertex 2.69516 89.5415 7
    endloop
  endfacet
  facet normal 0 0 1
    outer loop
      vertex 1.07686 89.2196 7
      vertex 2.69516 89.5415 7
      vertex 2.66132 89.7697 7
    endloop
  endfacet
  facet normal 0 0 1
    outer loop
      vertex 1.01926 89.6079 7
      vertex 2.66132 89.7697 7
      vertex 2.65 90 7
    endloop
  endfacet
  facet normal -0 0 1
    outer loop
      vertex 1.30448 91.5307 7
      vertex 2.82888 90.8993 7
      vertex 1.47232 91.8856 7
    endloop
  endfacet
  facet normal 0 0 1
    outer loop
      vertex 3.50918 88.1834 7
      vertex 2.46243 86.908 7
      vertex 2.77772 86.6741 7
    endloop
  endfacet
  facet normal 0 0 1
    outer loop
      vertex 2.82888 90.8993 7
      vertex 1.30448 91.5307 7
      vertex 2.75119 90.6822 7
    endloop
  endfacet
  facet normal 0 0 1
    outer loop
      vertex 3.3383 88.3383 7
      vertex 2.17157 87.1716 7
      vertex 2.46243 86.908 7
    endloop
  endfacet
  facet normal -0 0 1
    outer loop
      vertex 1.17224 91.1611 7
      vertex 2.75119 90.6822 7
      vertex 1.30448 91.5307 7
    endloop
  endfacet
  facet normal 0 0 1
    outer loop
      vertex 3.18343 88.5092 7
      vertex 1.90796 87.4624 7
      vertex 2.17157 87.1716 7
    endloop
  endfacet
  facet normal 0 0 1
    outer loop
      vertex 2.75119 90.6822 7
      vertex 1.17224 91.1611 7
      vertex 2.69516 90.4585 7
    endloop
  endfacet
  facet normal 0 0 1
    outer loop
      vertex 3.04605 88.6944 7
      vertex 1.67412 87.7777 7
      vertex 1.90796 87.4624 7
    endloop
  endfacet
  facet normal -0 0 1
    outer loop
      vertex 1.07686 90.7804 7
      vertex 2.69516 90.4585 7
      vertex 1.17224 91.1611 7
    endloop
  endfacet
  facet normal 0 0 1
    outer loop
      vertex 2.92749 88.8922 7
      vertex 1.47232 88.1144 7
      vertex 1.67412 87.7777 7
    endloop
  endfacet
  facet normal 0 0 1
    outer loop
      vertex 2.69516 90.4585 7
      vertex 1.07686 90.7804 7
      vertex 2.66132 90.2303 7
    endloop
  endfacet
  facet normal 0 0 1
    outer loop
      vertex 2.82888 89.1007 7
      vertex 1.30448 88.4693 7
      vertex 1.47232 88.1144 7
    endloop
  endfacet
  facet normal -0 0 1
    outer loop
      vertex 1.01926 90.3921 7
      vertex 2.66132 90.2303 7
      vertex 1.07686 90.7804 7
    endloop
  endfacet
  facet normal 0 0 1
    outer loop
      vertex 2.75119 89.3178 7
      vertex 1.17224 88.8389 7
      vertex 1.30448 88.4693 7
    endloop
  endfacet
  facet normal 0 0 1
    outer loop
      vertex 2.66132 90.2303 7
      vertex 1.01926 90.3921 7
      vertex 2.65 90 7
    endloop
  endfacet
  facet normal 0 0 1
    outer loop
      vertex 2.69516 89.5415 7
      vertex 1.07686 89.2196 7
      vertex 1.17224 88.8389 7
    endloop
  endfacet
  facet normal 0 0 1
    outer loop
      vertex 1 90 7
      vertex 2.65 90 7
      vertex 1.01926 90.3921 7
    endloop
  endfacet
  facet normal 0 0 1
    outer loop
      vertex 2.66132 89.7697 7
      vertex 1.01926 89.6079 7
      vertex 1.07686 89.2196 7
    endloop
  endfacet
  facet normal 0 0 1
    outer loop
      vertex 2.65 90 7
      vertex 1 90 7
      vertex 1.01926 89.6079 7
    endloop
  endfacet
  facet normal -0.0491664 -0.998791 0
    outer loop
      vertex 4.60793 86.0193 2
      vertex 5 86 7
      vertex 4.60793 86.0193 7
    endloop
  endfacet
  facet normal -0.0491664 -0.998791 -0
    outer loop
      vertex 5 86 7
      vertex 4.60793 86.0193 2
      vertex 5 86 2
    endloop
  endfacet
  facet normal -0.998796 0.049061 0
    outer loop
      vertex 1 90 2
      vertex 1.01926 90.3921 7
      vertex 1.01926 90.3921 2
    endloop
  endfacet
  facet normal -0.998796 0.049061 0
    outer loop
      vertex 1.01926 90.3921 7
      vertex 1 90 2
      vertex 1 90 7
    endloop
  endfacet
  facet normal -0.337022 -0.941497 0
    outer loop
      vertex 3.46927 86.3045 2
      vertex 3.83886 86.1722 7
      vertex 3.46927 86.3045 7
    endloop
  endfacet
  facet normal -0.337022 -0.941497 -0
    outer loop
      vertex 3.83886 86.1722 7
      vertex 3.46927 86.3045 2
      vertex 3.83886 86.1722 2
    endloop
  endfacet
  facet normal 0.740895 -0.671621 0
    outer loop
      vertex 7.82843 87.1716 7
      vertex 8.09204 87.4624 2
      vertex 8.09204 87.4624 7
    endloop
  endfacet
  facet normal 0.740895 -0.671621 0
    outer loop
      vertex 8.09204 87.4624 2
      vertex 7.82843 87.1716 7
      vertex 7.82843 87.1716 2
    endloop
  endfacet
  facet normal 0.671531 -0.740977 0
    outer loop
      vertex 7.53757 86.908 2
      vertex 7.82843 87.1716 7
      vertex 7.53757 86.908 7
    endloop
  endfacet
  facet normal 0.671531 -0.740977 0
    outer loop
      vertex 7.82843 87.1716 7
      vertex 7.53757 86.908 2
      vertex 7.82843 87.1716 2
    endloop
  endfacet
  facet normal 0.146992 -0.989138 0
    outer loop
      vertex 4.54154 92.3048 3
      vertex 4.76966 92.3387 7
      vertex 4.54154 92.3048 7
    endloop
  endfacet
  facet normal 0.146992 -0.989138 0
    outer loop
      vertex 4.76966 92.3387 7
      vertex 4.54154 92.3048 3
      vertex 4.76966 92.3387 3
    endloop
  endfacet
  facet normal -0.989183 -0.146687 0
    outer loop
      vertex 7.33868 90.2303 3
      vertex 7.30484 90.4585 7
      vertex 7.30484 90.4585 3
    endloop
  endfacet
  facet normal -0.989183 -0.146687 0
    outer loop
      vertex 7.30484 90.4585 7
      vertex 7.33868 90.2303 3
      vertex 7.33868 90.2303 7
    endloop
  endfacet
  facet normal -0.998794 -0.049094 0
    outer loop
      vertex 7.35 90 3
      vertex 7.33868 90.2303 7
      vertex 7.33868 90.2303 3
    endloop
  endfacet
  facet normal -0.998794 -0.049094 0
    outer loop
      vertex 7.33868 90.2303 7
      vertex 7.35 90 3
      vertex 7.35 90 7
    endloop
  endfacet
  facet normal -0.970035 -0.242964 0
    outer loop
      vertex 7.30484 90.4585 3
      vertex 7.24881 90.6822 7
      vertex 7.24881 90.6822 3
    endloop
  endfacet
  facet normal -0.970035 -0.242964 0
    outer loop
      vertex 7.24881 90.6822 7
      vertex 7.30484 90.4585 3
      vertex 7.30484 90.4585 7
    endloop
  endfacet
  facet normal -0.998794 0.049094 0
    outer loop
      vertex 7.33868 89.7697 3
      vertex 7.35 90 7
      vertex 7.35 90 3
    endloop
  endfacet
  facet normal -0.998794 0.049094 0
    outer loop
      vertex 7.35 90 7
      vertex 7.33868 89.7697 3
      vertex 7.33868 89.7697 7
    endloop
  endfacet
  facet normal -0.427559 -0.903988 0
    outer loop
      vertex 5.89931 92.1711 3
      vertex 6.10778 92.0725 7
      vertex 5.89931 92.1711 7
    endloop
  endfacet
  facet normal -0.427559 -0.903988 -0
    outer loop
      vertex 6.10778 92.0725 7
      vertex 5.89931 92.1711 3
      vertex 6.10778 92.0725 3
    endloop
  endfacet
  facet normal -0.94153 0.33693 0
    outer loop
      vertex 7.17112 89.1007 3
      vertex 7.24881 89.3178 7
      vertex 7.24881 89.3178 3
    endloop
  endfacet
  facet normal -0.94153 0.33693 0
    outer loop
      vertex 7.24881 89.3178 7
      vertex 7.17112 89.1007 3
      vertex 7.17112 89.1007 7
    endloop
  endfacet
  facet normal -0.336913 -0.941536 0
    outer loop
      vertex 5.68217 92.2488 3
      vertex 5.89931 92.1711 7
      vertex 5.68217 92.2488 7
    endloop
  endfacet
  facet normal -0.336913 -0.941536 -0
    outer loop
      vertex 5.89931 92.1711 7
      vertex 5.68217 92.2488 3
      vertex 5.89931 92.1711 3
    endloop
  endfacet
  facet normal 0.803153 -0.595773 0
    outer loop
      vertex 3.04605 91.3056 7
      vertex 3.18343 91.4908 3
      vertex 3.18343 91.4908 7
    endloop
  endfacet
  facet normal 0.803153 -0.595773 0
    outer loop
      vertex 3.18343 91.4908 3
      vertex 3.04605 91.3056 7
      vertex 3.04605 91.3056 3
    endloop
  endfacet
  facet normal -0.803153 -0.595773 0
    outer loop
      vertex 6.95395 91.3056 3
      vertex 6.81657 91.4908 7
      vertex 6.81657 91.4908 3
    endloop
  endfacet
  facet normal -0.803153 -0.595773 0
    outer loop
      vertex 6.81657 91.4908 7
      vertex 6.95395 91.3056 3
      vertex 6.95395 91.3056 7
    endloop
  endfacet
  facet normal -0.514222 -0.857657 0
    outer loop
      vertex 6.10778 92.0725 3
      vertex 6.30559 91.9539 7
      vertex 6.10778 92.0725 7
    endloop
  endfacet
  facet normal -0.514222 -0.857657 -0
    outer loop
      vertex 6.30559 91.9539 7
      vertex 6.10778 92.0725 3
      vertex 6.30559 91.9539 3
    endloop
  endfacet
  facet normal 0.146992 0.989138 -0
    outer loop
      vertex 4.76966 87.6613 3
      vertex 4.54154 87.6952 7
      vertex 4.76966 87.6613 7
    endloop
  endfacet
  facet normal 0.146992 0.989138 0
    outer loop
      vertex 4.54154 87.6952 7
      vertex 4.76966 87.6613 3
      vertex 4.54154 87.6952 3
    endloop
  endfacet
  facet normal 0.857722 0.514113 0
    outer loop
      vertex 3.04605 88.6944 7
      vertex 2.92749 88.8922 3
      vertex 2.92749 88.8922 7
    endloop
  endfacet
  facet normal 0.857722 0.514113 0
    outer loop
      vertex 2.92749 88.8922 3
      vertex 3.04605 88.6944 7
      vertex 3.04605 88.6944 3
    endloop
  endfacet
  facet normal 0.989183 0.146687 0
    outer loop
      vertex 2.69516 89.5415 7
      vertex 2.66132 89.7697 3
      vertex 2.66132 89.7697 7
    endloop
  endfacet
  facet normal 0.989183 0.146687 0
    outer loop
      vertex 2.66132 89.7697 3
      vertex 2.69516 89.5415 7
      vertex 2.69516 89.5415 3
    endloop
  endfacet
  facet normal -0.741004 0.6715 0
    outer loop
      vertex 6.6617 88.3383 3
      vertex 6.81657 88.5092 7
      vertex 6.81657 88.5092 3
    endloop
  endfacet
  facet normal -0.741004 0.6715 0
    outer loop
      vertex 6.81657 88.5092 7
      vertex 6.6617 88.3383 3
      vertex 6.6617 88.3383 7
    endloop
  endfacet
  facet normal 0.970035 -0.242964 0
    outer loop
      vertex 2.69516 90.4585 7
      vertex 2.75119 90.6822 3
      vertex 2.75119 90.6822 7
    endloop
  endfacet
  facet normal 0.970035 -0.242964 0
    outer loop
      vertex 2.75119 90.6822 3
      vertex 2.69516 90.4585 7
      vertex 2.69516 90.4585 3
    endloop
  endfacet
  facet normal 0.242832 -0.970068 0
    outer loop
      vertex 4.31783 92.2488 3
      vertex 4.54154 92.3048 7
      vertex 4.31783 92.2488 7
    endloop
  endfacet
  facet normal 0.242832 -0.970068 0
    outer loop
      vertex 4.54154 92.3048 7
      vertex 4.31783 92.2488 3
      vertex 4.54154 92.3048 3
    endloop
  endfacet
  facet normal 0.336913 -0.941536 0
    outer loop
      vertex 4.10069 92.1711 3
      vertex 4.31783 92.2488 7
      vertex 4.10069 92.1711 7
    endloop
  endfacet
  facet normal 0.336913 -0.941536 0
    outer loop
      vertex 4.31783 92.2488 7
      vertex 4.10069 92.1711 3
      vertex 4.31783 92.2488 3
    endloop
  endfacet
  facet normal -0.595487 -0.803365 0
    outer loop
      vertex 6.30559 91.9539 3
      vertex 6.49082 91.8166 7
      vertex 6.30559 91.9539 7
    endloop
  endfacet
  facet normal -0.595487 -0.803365 -0
    outer loop
      vertex 6.49082 91.8166 7
      vertex 6.30559 91.9539 3
      vertex 6.49082 91.8166 3
    endloop
  endfacet
  facet normal -0.903995 0.427544 0
    outer loop
      vertex 7.07251 88.8922 3
      vertex 7.17112 89.1007 7
      vertex 7.17112 89.1007 3
    endloop
  endfacet
  facet normal -0.903995 0.427544 0
    outer loop
      vertex 7.17112 89.1007 7
      vertex 7.07251 88.8922 3
      vertex 7.07251 88.8922 7
    endloop
  endfacet
  facet normal 0.803153 0.595773 0
    outer loop
      vertex 3.18343 88.5092 7
      vertex 3.04605 88.6944 3
      vertex 3.04605 88.6944 7
    endloop
  endfacet
  facet normal 0.803153 0.595773 0
    outer loop
      vertex 3.04605 88.6944 3
      vertex 3.18343 88.5092 7
      vertex 3.18343 88.5092 3
    endloop
  endfacet
  facet normal -0.989183 0.146687 0
    outer loop
      vertex 7.30484 89.5415 3
      vertex 7.33868 89.7697 7
      vertex 7.33868 89.7697 3
    endloop
  endfacet
  facet normal -0.989183 0.146687 0
    outer loop
      vertex 7.33868 89.7697 7
      vertex 7.30484 89.5415 3
      vertex 7.30484 89.5415 7
    endloop
  endfacet
  facet normal -0.048999 0.998799 0
    outer loop
      vertex 5.23034 87.6613 3
      vertex 5 87.65 7
      vertex 5.23034 87.6613 7
    endloop
  endfacet
  facet normal -0.048999 0.998799 0
    outer loop
      vertex 5 87.65 7
      vertex 5.23034 87.6613 3
      vertex 5 87.65 3
    endloop
  endfacet
  facet normal -0.048999 -0.998799 0
    outer loop
      vertex 5 92.35 3
      vertex 5.23034 92.3387 7
      vertex 5 92.35 7
    endloop
  endfacet
  facet normal -0.048999 -0.998799 -0
    outer loop
      vertex 5.23034 92.3387 7
      vertex 5 92.35 3
      vertex 5.23034 92.3387 3
    endloop
  endfacet
  facet normal -0.146992 0.989138 0
    outer loop
      vertex 5.45846 87.6952 3
      vertex 5.23034 87.6613 7
      vertex 5.45846 87.6952 7
    endloop
  endfacet
  facet normal -0.146992 0.989138 0
    outer loop
      vertex 5.23034 87.6613 7
      vertex 5.45846 87.6952 3
      vertex 5.23034 87.6613 3
    endloop
  endfacet
  facet normal 0.427559 0.903988 -0
    outer loop
      vertex 4.10069 87.8289 3
      vertex 3.89222 87.9275 7
      vertex 4.10069 87.8289 7
    endloop
  endfacet
  facet normal 0.427559 0.903988 0
    outer loop
      vertex 3.89222 87.9275 7
      vertex 4.10069 87.8289 3
      vertex 3.89222 87.9275 3
    endloop
  endfacet
  facet normal 0.336913 0.941536 -0
    outer loop
      vertex 4.31783 87.7512 3
      vertex 4.10069 87.8289 7
      vertex 4.31783 87.7512 7
    endloop
  endfacet
  facet normal 0.336913 0.941536 0
    outer loop
      vertex 4.10069 87.8289 7
      vertex 4.31783 87.7512 3
      vertex 4.10069 87.8289 3
    endloop
  endfacet
  facet normal -0.671615 -0.740901 0
    outer loop
      vertex 6.49082 91.8166 3
      vertex 6.6617 91.6617 7
      vertex 6.49082 91.8166 7
    endloop
  endfacet
  facet normal -0.671615 -0.740901 -0
    outer loop
      vertex 6.6617 91.6617 7
      vertex 6.49082 91.8166 3
      vertex 6.6617 91.6617 3
    endloop
  endfacet
  facet normal -0.803153 0.595773 0
    outer loop
      vertex 6.81657 88.5092 3
      vertex 6.95395 88.6944 7
      vertex 6.95395 88.6944 3
    endloop
  endfacet
  facet normal -0.803153 0.595773 0
    outer loop
      vertex 6.95395 88.6944 7
      vertex 6.81657 88.5092 3
      vertex 6.81657 88.5092 7
    endloop
  endfacet
  facet normal -0.146992 -0.989138 0
    outer loop
      vertex 5.23034 92.3387 3
      vertex 5.45846 92.3048 7
      vertex 5.23034 92.3387 7
    endloop
  endfacet
  facet normal -0.146992 -0.989138 -0
    outer loop
      vertex 5.45846 92.3048 7
      vertex 5.23034 92.3387 3
      vertex 5.45846 92.3048 3
    endloop
  endfacet
  facet normal 0.048999 -0.998799 0
    outer loop
      vertex 4.76966 92.3387 3
      vertex 5 92.35 7
      vertex 4.76966 92.3387 7
    endloop
  endfacet
  facet normal 0.048999 -0.998799 0
    outer loop
      vertex 5 92.35 7
      vertex 4.76966 92.3387 3
      vertex 5 92.35 3
    endloop
  endfacet
  facet normal 0.427559 -0.903988 0
    outer loop
      vertex 3.89222 92.0725 3
      vertex 4.10069 92.1711 7
      vertex 3.89222 92.0725 7
    endloop
  endfacet
  facet normal 0.427559 -0.903988 0
    outer loop
      vertex 4.10069 92.1711 7
      vertex 3.89222 92.0725 3
      vertex 4.10069 92.1711 3
    endloop
  endfacet
  facet normal -0.741004 -0.6715 0
    outer loop
      vertex 6.81657 91.4908 3
      vertex 6.6617 91.6617 7
      vertex 6.6617 91.6617 3
    endloop
  endfacet
  facet normal -0.741004 -0.6715 0
    outer loop
      vertex 6.6617 91.6617 7
      vertex 6.81657 91.4908 3
      vertex 6.81657 91.4908 7
    endloop
  endfacet
  facet normal -0.857722 -0.514113 0
    outer loop
      vertex 7.07251 91.1078 3
      vertex 6.95395 91.3056 7
      vertex 6.95395 91.3056 3
    endloop
  endfacet
  facet normal -0.857722 -0.514113 0
    outer loop
      vertex 6.95395 91.3056 7
      vertex 7.07251 91.1078 3
      vertex 7.07251 91.1078 7
    endloop
  endfacet
  facet normal 0.903995 -0.427544 0
    outer loop
      vertex 2.82888 90.8993 7
      vertex 2.92749 91.1078 3
      vertex 2.92749 91.1078 7
    endloop
  endfacet
  facet normal 0.903995 -0.427544 0
    outer loop
      vertex 2.92749 91.1078 3
      vertex 2.82888 90.8993 7
      vertex 2.82888 90.8993 3
    endloop
  endfacet
  facet normal 0.514222 0.857657 -0
    outer loop
      vertex 3.89222 87.9275 3
      vertex 3.69441 88.0461 7
      vertex 3.89222 87.9275 7
    endloop
  endfacet
  facet normal 0.514222 0.857657 0
    outer loop
      vertex 3.69441 88.0461 7
      vertex 3.89222 87.9275 3
      vertex 3.69441 88.0461 3
    endloop
  endfacet
  facet normal 0.998794 0.049094 0
    outer loop
      vertex 2.66132 89.7697 7
      vertex 2.65 90 3
      vertex 2.65 90 7
    endloop
  endfacet
  facet normal 0.998794 0.049094 0
    outer loop
      vertex 2.65 90 3
      vertex 2.66132 89.7697 7
      vertex 2.66132 89.7697 3
    endloop
  endfacet
  facet normal -0.427559 0.903988 0
    outer loop
      vertex 6.10778 87.9275 3
      vertex 5.89931 87.8289 7
      vertex 6.10778 87.9275 7
    endloop
  endfacet
  facet normal -0.427559 0.903988 0
    outer loop
      vertex 5.89931 87.8289 7
      vertex 6.10778 87.9275 3
      vertex 5.89931 87.8289 3
    endloop
  endfacet
  facet normal -0.94153 -0.33693 0
    outer loop
      vertex 7.24881 90.6822 3
      vertex 7.17112 90.8993 7
      vertex 7.17112 90.8993 3
    endloop
  endfacet
  facet normal -0.94153 -0.33693 0
    outer loop
      vertex 7.17112 90.8993 7
      vertex 7.24881 90.6822 3
      vertex 7.24881 90.6822 7
    endloop
  endfacet
  facet normal 0.671615 -0.740901 0
    outer loop
      vertex 3.3383 91.6617 3
      vertex 3.50918 91.8166 7
      vertex 3.3383 91.6617 7
    endloop
  endfacet
  facet normal 0.671615 -0.740901 0
    outer loop
      vertex 3.50918 91.8166 7
      vertex 3.3383 91.6617 3
      vertex 3.50918 91.8166 3
    endloop
  endfacet
  facet normal -0.903995 -0.427544 0
    outer loop
      vertex 7.17112 90.8993 3
      vertex 7.07251 91.1078 7
      vertex 7.07251 91.1078 3
    endloop
  endfacet
  facet normal -0.903995 -0.427544 0
    outer loop
      vertex 7.07251 91.1078 7
      vertex 7.17112 90.8993 3
      vertex 7.17112 90.8993 7
    endloop
  endfacet
  facet normal -0.970035 0.242964 0
    outer loop
      vertex 7.24881 89.3178 3
      vertex 7.30484 89.5415 7
      vertex 7.30484 89.5415 3
    endloop
  endfacet
  facet normal -0.970035 0.242964 0
    outer loop
      vertex 7.30484 89.5415 7
      vertex 7.24881 89.3178 3
      vertex 7.24881 89.3178 7
    endloop
  endfacet
  facet normal 0.94153 0.33693 0
    outer loop
      vertex 2.82888 89.1007 7
      vertex 2.75119 89.3178 3
      vertex 2.75119 89.3178 7
    endloop
  endfacet
  facet normal 0.94153 0.33693 0
    outer loop
      vertex 2.75119 89.3178 3
      vertex 2.82888 89.1007 7
      vertex 2.82888 89.1007 3
    endloop
  endfacet
  facet normal 0.741004 0.6715 0
    outer loop
      vertex 3.3383 88.3383 7
      vertex 3.18343 88.5092 3
      vertex 3.18343 88.5092 7
    endloop
  endfacet
  facet normal 0.741004 0.6715 0
    outer loop
      vertex 3.18343 88.5092 3
      vertex 3.3383 88.3383 7
      vertex 3.3383 88.3383 3
    endloop
  endfacet
  facet normal 0.970035 0.242964 0
    outer loop
      vertex 2.75119 89.3178 7
      vertex 2.69516 89.5415 3
      vertex 2.69516 89.5415 7
    endloop
  endfacet
  facet normal 0.970035 0.242964 0
    outer loop
      vertex 2.69516 89.5415 3
      vertex 2.75119 89.3178 7
      vertex 2.75119 89.3178 3
    endloop
  endfacet
  facet normal -0.336913 0.941536 0
    outer loop
      vertex 5.89931 87.8289 3
      vertex 5.68217 87.7512 7
      vertex 5.89931 87.8289 7
    endloop
  endfacet
  facet normal -0.336913 0.941536 0
    outer loop
      vertex 5.68217 87.7512 7
      vertex 5.89931 87.8289 3
      vertex 5.68217 87.7512 3
    endloop
  endfacet
  facet normal 0.671615 0.740901 -0
    outer loop
      vertex 3.50918 88.1834 3
      vertex 3.3383 88.3383 7
      vertex 3.50918 88.1834 7
    endloop
  endfacet
  facet normal 0.671615 0.740901 0
    outer loop
      vertex 3.3383 88.3383 7
      vertex 3.50918 88.1834 3
      vertex 3.3383 88.3383 3
    endloop
  endfacet
  facet normal 0.989183 -0.146687 0
    outer loop
      vertex 2.66132 90.2303 7
      vertex 2.69516 90.4585 3
      vertex 2.69516 90.4585 7
    endloop
  endfacet
  facet normal 0.989183 -0.146687 0
    outer loop
      vertex 2.69516 90.4585 3
      vertex 2.66132 90.2303 7
      vertex 2.66132 90.2303 3
    endloop
  endfacet
  facet normal 0.741004 -0.6715 0
    outer loop
      vertex 3.18343 91.4908 7
      vertex 3.3383 91.6617 3
      vertex 3.3383 91.6617 7
    endloop
  endfacet
  facet normal 0.741004 -0.6715 0
    outer loop
      vertex 3.3383 91.6617 3
      vertex 3.18343 91.4908 7
      vertex 3.18343 91.4908 3
    endloop
  endfacet
  facet normal -0.595487 0.803365 0
    outer loop
      vertex 6.49082 88.1834 3
      vertex 6.30559 88.0461 7
      vertex 6.49082 88.1834 7
    endloop
  endfacet
  facet normal -0.595487 0.803365 0
    outer loop
      vertex 6.30559 88.0461 7
      vertex 6.49082 88.1834 3
      vertex 6.30559 88.0461 3
    endloop
  endfacet
  facet normal 0.595487 -0.803365 0
    outer loop
      vertex 3.50918 91.8166 3
      vertex 3.69441 91.9539 7
      vertex 3.50918 91.8166 7
    endloop
  endfacet
  facet normal 0.595487 -0.803365 0
    outer loop
      vertex 3.69441 91.9539 7
      vertex 3.50918 91.8166 3
      vertex 3.69441 91.9539 3
    endloop
  endfacet
  facet normal -0.242832 -0.970068 0
    outer loop
      vertex 5.45846 92.3048 3
      vertex 5.68217 92.2488 7
      vertex 5.45846 92.3048 7
    endloop
  endfacet
  facet normal -0.242832 -0.970068 -0
    outer loop
      vertex 5.68217 92.2488 7
      vertex 5.45846 92.3048 3
      vertex 5.68217 92.2488 3
    endloop
  endfacet
  facet normal 0.048999 0.998799 -0
    outer loop
      vertex 5 87.65 3
      vertex 4.76966 87.6613 7
      vertex 5 87.65 7
    endloop
  endfacet
  facet normal 0.048999 0.998799 0
    outer loop
      vertex 4.76966 87.6613 7
      vertex 5 87.65 3
      vertex 4.76966 87.6613 3
    endloop
  endfacet
  facet normal -0.671615 0.740901 0
    outer loop
      vertex 6.6617 88.3383 3
      vertex 6.49082 88.1834 7
      vertex 6.6617 88.3383 7
    endloop
  endfacet
  facet normal -0.671615 0.740901 0
    outer loop
      vertex 6.49082 88.1834 7
      vertex 6.6617 88.3383 3
      vertex 6.49082 88.1834 3
    endloop
  endfacet
  facet normal 0 0 1
    outer loop
      vertex 7.33868 90.2303 3
      vertex 7.33868 89.7697 3
      vertex 7.35 90 3
    endloop
  endfacet
  facet normal 0 0 1
    outer loop
      vertex 7.30484 90.4585 3
      vertex 7.33868 89.7697 3
      vertex 7.33868 90.2303 3
    endloop
  endfacet
  facet normal 0 0 1
    outer loop
      vertex 7.30484 90.4585 3
      vertex 7.30484 89.5415 3
      vertex 7.33868 89.7697 3
    endloop
  endfacet
  facet normal 0 0 1
    outer loop
      vertex 7.24881 90.6822 3
      vertex 7.30484 89.5415 3
      vertex 7.30484 90.4585 3
    endloop
  endfacet
  facet normal 0 0 1
    outer loop
      vertex 7.24881 90.6822 3
      vertex 7.24881 89.3178 3
      vertex 7.30484 89.5415 3
    endloop
  endfacet
  facet normal 0 0 1
    outer loop
      vertex 7.17112 90.8993 3
      vertex 7.24881 89.3178 3
      vertex 7.24881 90.6822 3
    endloop
  endfacet
  facet normal 0 0 1
    outer loop
      vertex 7.17112 90.8993 3
      vertex 7.17112 89.1007 3
      vertex 7.24881 89.3178 3
    endloop
  endfacet
  facet normal 0 0 1
    outer loop
      vertex 7.07251 91.1078 3
      vertex 7.17112 89.1007 3
      vertex 7.17112 90.8993 3
    endloop
  endfacet
  facet normal 0 0 1
    outer loop
      vertex 7.07251 91.1078 3
      vertex 7.07251 88.8922 3
      vertex 7.17112 89.1007 3
    endloop
  endfacet
  facet normal 0 0 1
    outer loop
      vertex 6.95395 91.3056 3
      vertex 7.07251 88.8922 3
      vertex 7.07251 91.1078 3
    endloop
  endfacet
  facet normal 0 0 1
    outer loop
      vertex 6.95395 91.3056 3
      vertex 6.95395 88.6944 3
      vertex 7.07251 88.8922 3
    endloop
  endfacet
  facet normal 0 0 1
    outer loop
      vertex 6.81657 91.4908 3
      vertex 6.95395 88.6944 3
      vertex 6.95395 91.3056 3
    endloop
  endfacet
  facet normal 0 0 1
    outer loop
      vertex 6.81657 91.4908 3
      vertex 6.81657 88.5092 3
      vertex 6.95395 88.6944 3
    endloop
  endfacet
  facet normal 0 0 1
    outer loop
      vertex 6.6617 91.6617 3
      vertex 6.81657 88.5092 3
      vertex 6.81657 91.4908 3
    endloop
  endfacet
  facet normal 0 0 1
    outer loop
      vertex 6.6617 91.6617 3
      vertex 6.6617 88.3383 3
      vertex 6.81657 88.5092 3
    endloop
  endfacet
  facet normal 0 0 1
    outer loop
      vertex 6.49082 91.8166 3
      vertex 6.6617 88.3383 3
      vertex 6.6617 91.6617 3
    endloop
  endfacet
  facet normal 0 0 1
    outer loop
      vertex 6.49082 91.8166 3
      vertex 6.49082 88.1834 3
      vertex 6.6617 88.3383 3
    endloop
  endfacet
  facet normal 0 0 1
    outer loop
      vertex 6.30559 91.9539 3
      vertex 6.49082 88.1834 3
      vertex 6.49082 91.8166 3
    endloop
  endfacet
  facet normal 0 0 1
    outer loop
      vertex 6.30559 91.9539 3
      vertex 6.30559 88.0461 3
      vertex 6.49082 88.1834 3
    endloop
  endfacet
  facet normal 0 0 1
    outer loop
      vertex 6.10778 92.0725 3
      vertex 6.30559 88.0461 3
      vertex 6.30559 91.9539 3
    endloop
  endfacet
  facet normal 0 0 1
    outer loop
      vertex 6.10778 92.0725 3
      vertex 6.10778 87.9275 3
      vertex 6.30559 88.0461 3
    endloop
  endfacet
  facet normal 0 0 1
    outer loop
      vertex 5.89931 92.1711 3
      vertex 6.10778 87.9275 3
      vertex 6.10778 92.0725 3
    endloop
  endfacet
  facet normal 0 0 1
    outer loop
      vertex 5.89931 92.1711 3
      vertex 5.89931 87.8289 3
      vertex 6.10778 87.9275 3
    endloop
  endfacet
  facet normal 0 0 1
    outer loop
      vertex 5.68217 92.2488 3
      vertex 5.89931 87.8289 3
      vertex 5.89931 92.1711 3
    endloop
  endfacet
  facet normal 0 0 1
    outer loop
      vertex 5.68217 92.2488 3
      vertex 5.68217 87.7512 3
      vertex 5.89931 87.8289 3
    endloop
  endfacet
  facet normal 0 0 1
    outer loop
      vertex 5.45846 92.3048 3
      vertex 5.68217 87.7512 3
      vertex 5.68217 92.2488 3
    endloop
  endfacet
  facet normal 0 0 1
    outer loop
      vertex 5.45846 92.3048 3
      vertex 5.45846 87.6952 3
      vertex 5.68217 87.7512 3
    endloop
  endfacet
  facet normal 0 0 1
    outer loop
      vertex 5.23034 92.3387 3
      vertex 5.45846 87.6952 3
      vertex 5.45846 92.3048 3
    endloop
  endfacet
  facet normal 0 0 1
    outer loop
      vertex 5.23034 92.3387 3
      vertex 5.23034 87.6613 3
      vertex 5.45846 87.6952 3
    endloop
  endfacet
  facet normal 0 0 1
    outer loop
      vertex 5 92.35 3
      vertex 5.23034 87.6613 3
      vertex 5.23034 92.3387 3
    endloop
  endfacet
  facet normal 0 0 1
    outer loop
      vertex 5 92.35 3
      vertex 5 87.65 3
      vertex 5.23034 87.6613 3
    endloop
  endfacet
  facet normal -0 0 1
    outer loop
      vertex 4.76966 92.3387 3
      vertex 5 87.65 3
      vertex 5 92.35 3
    endloop
  endfacet
  facet normal 0 0 1
    outer loop
      vertex 4.76966 92.3387 3
      vertex 4.76966 87.6613 3
      vertex 5 87.65 3
    endloop
  endfacet
  facet normal -0 0 1
    outer loop
      vertex 4.54154 92.3048 3
      vertex 4.76966 87.6613 3
      vertex 4.76966 92.3387 3
    endloop
  endfacet
  facet normal 0 0 1
    outer loop
      vertex 4.54154 92.3048 3
      vertex 4.54154 87.6952 3
      vertex 4.76966 87.6613 3
    endloop
  endfacet
  facet normal -0 0 1
    outer loop
      vertex 4.31783 92.2488 3
      vertex 4.54154 87.6952 3
      vertex 4.54154 92.3048 3
    endloop
  endfacet
  facet normal 0 0 1
    outer loop
      vertex 4.31783 92.2488 3
      vertex 4.31783 87.7512 3
      vertex 4.54154 87.6952 3
    endloop
  endfacet
  facet normal -0 0 1
    outer loop
      vertex 4.10069 92.1711 3
      vertex 4.31783 87.7512 3
      vertex 4.31783 92.2488 3
    endloop
  endfacet
  facet normal 0 0 1
    outer loop
      vertex 4.10069 92.1711 3
      vertex 4.10069 87.8289 3
      vertex 4.31783 87.7512 3
    endloop
  endfacet
  facet normal -0 0 1
    outer loop
      vertex 3.89222 92.0725 3
      vertex 4.10069 87.8289 3
      vertex 4.10069 92.1711 3
    endloop
  endfacet
  facet normal 0 0 1
    outer loop
      vertex 3.89222 92.0725 3
      vertex 3.89222 87.9275 3
      vertex 4.10069 87.8289 3
    endloop
  endfacet
  facet normal -0 0 1
    outer loop
      vertex 3.69441 91.9539 3
      vertex 3.89222 87.9275 3
      vertex 3.89222 92.0725 3
    endloop
  endfacet
  facet normal 0 0 1
    outer loop
      vertex 3.69441 91.9539 3
      vertex 3.69441 88.0461 3
      vertex 3.89222 87.9275 3
    endloop
  endfacet
  facet normal -0 0 1
    outer loop
      vertex 3.50918 91.8166 3
      vertex 3.69441 88.0461 3
      vertex 3.69441 91.9539 3
    endloop
  endfacet
  facet normal 0 0 1
    outer loop
      vertex 3.50918 91.8166 3
      vertex 3.50918 88.1834 3
      vertex 3.69441 88.0461 3
    endloop
  endfacet
  facet normal -0 0 1
    outer loop
      vertex 3.3383 91.6617 3
      vertex 3.50918 88.1834 3
      vertex 3.50918 91.8166 3
    endloop
  endfacet
  facet normal 0 0 1
    outer loop
      vertex 3.3383 91.6617 3
      vertex 3.3383 88.3383 3
      vertex 3.50918 88.1834 3
    endloop
  endfacet
  facet normal -0 0 1
    outer loop
      vertex 3.18343 91.4908 3
      vertex 3.3383 88.3383 3
      vertex 3.3383 91.6617 3
    endloop
  endfacet
  facet normal 0 0 1
    outer loop
      vertex 3.18343 91.4908 3
      vertex 3.18343 88.5092 3
      vertex 3.3383 88.3383 3
    endloop
  endfacet
  facet normal -0 0 1
    outer loop
      vertex 3.04605 91.3056 3
      vertex 3.18343 88.5092 3
      vertex 3.18343 91.4908 3
    endloop
  endfacet
  facet normal 0 0 1
    outer loop
      vertex 3.04605 91.3056 3
      vertex 3.04605 88.6944 3
      vertex 3.18343 88.5092 3
    endloop
  endfacet
  facet normal -0 0 1
    outer loop
      vertex 2.92749 91.1078 3
      vertex 3.04605 88.6944 3
      vertex 3.04605 91.3056 3
    endloop
  endfacet
  facet normal 0 0 1
    outer loop
      vertex 2.92749 91.1078 3
      vertex 2.92749 88.8922 3
      vertex 3.04605 88.6944 3
    endloop
  endfacet
  facet normal -0 0 1
    outer loop
      vertex 2.82888 90.8993 3
      vertex 2.92749 88.8922 3
      vertex 2.92749 91.1078 3
    endloop
  endfacet
  facet normal 0 0 1
    outer loop
      vertex 2.82888 90.8993 3
      vertex 2.82888 89.1007 3
      vertex 2.92749 88.8922 3
    endloop
  endfacet
  facet normal -0 0 1
    outer loop
      vertex 2.75119 90.6822 3
      vertex 2.82888 89.1007 3
      vertex 2.82888 90.8993 3
    endloop
  endfacet
  facet normal 0 0 1
    outer loop
      vertex 2.75119 90.6822 3
      vertex 2.75119 89.3178 3
      vertex 2.82888 89.1007 3
    endloop
  endfacet
  facet normal -0 0 1
    outer loop
      vertex 2.69516 90.4585 3
      vertex 2.75119 89.3178 3
      vertex 2.75119 90.6822 3
    endloop
  endfacet
  facet normal 0 0 1
    outer loop
      vertex 2.69516 90.4585 3
      vertex 2.69516 89.5415 3
      vertex 2.75119 89.3178 3
    endloop
  endfacet
  facet normal -0 0 1
    outer loop
      vertex 2.66132 90.2303 3
      vertex 2.69516 89.5415 3
      vertex 2.69516 90.4585 3
    endloop
  endfacet
  facet normal 0 0 1
    outer loop
      vertex 2.66132 90.2303 3
      vertex 2.66132 89.7697 3
      vertex 2.69516 89.5415 3
    endloop
  endfacet
  facet normal 0 -0 1
    outer loop
      vertex 2.66132 89.7697 3
      vertex 2.66132 90.2303 3
      vertex 2.65 90 3
    endloop
  endfacet
  facet normal -0.514222 0.857657 0
    outer loop
      vertex 6.30559 88.0461 3
      vertex 6.10778 87.9275 7
      vertex 6.30559 88.0461 7
    endloop
  endfacet
  facet normal -0.514222 0.857657 0
    outer loop
      vertex 6.10778 87.9275 7
      vertex 6.30559 88.0461 3
      vertex 6.10778 87.9275 3
    endloop
  endfacet
  facet normal -0.857722 0.514113 0
    outer loop
      vertex 6.95395 88.6944 3
      vertex 7.07251 88.8922 7
      vertex 7.07251 88.8922 3
    endloop
  endfacet
  facet normal -0.857722 0.514113 0
    outer loop
      vertex 7.07251 88.8922 7
      vertex 6.95395 88.6944 3
      vertex 6.95395 88.6944 7
    endloop
  endfacet
  facet normal -0.242832 0.970068 0
    outer loop
      vertex 5.68217 87.7512 3
      vertex 5.45846 87.6952 7
      vertex 5.68217 87.7512 7
    endloop
  endfacet
  facet normal -0.242832 0.970068 0
    outer loop
      vertex 5.45846 87.6952 7
      vertex 5.68217 87.7512 3
      vertex 5.45846 87.6952 3
    endloop
  endfacet
  facet normal 0.514222 -0.857657 0
    outer loop
      vertex 3.69441 91.9539 3
      vertex 3.89222 92.0725 7
      vertex 3.69441 91.9539 7
    endloop
  endfacet
  facet normal 0.514222 -0.857657 0
    outer loop
      vertex 3.89222 92.0725 7
      vertex 3.69441 91.9539 3
      vertex 3.89222 92.0725 3
    endloop
  endfacet
  facet normal 0.94153 -0.33693 0
    outer loop
      vertex 2.75119 90.6822 7
      vertex 2.82888 90.8993 3
      vertex 2.82888 90.8993 7
    endloop
  endfacet
  facet normal 0.94153 -0.33693 0
    outer loop
      vertex 2.82888 90.8993 3
      vertex 2.75119 90.6822 7
      vertex 2.75119 90.6822 3
    endloop
  endfacet
  facet normal 0.998794 -0.049094 0
    outer loop
      vertex 2.65 90 7
      vertex 2.66132 90.2303 3
      vertex 2.66132 90.2303 7
    endloop
  endfacet
  facet normal 0.998794 -0.049094 0
    outer loop
      vertex 2.66132 90.2303 3
      vertex 2.65 90 7
      vertex 2.65 90 3
    endloop
  endfacet
  facet normal 0.242832 0.970068 -0
    outer loop
      vertex 4.54154 87.6952 3
      vertex 4.31783 87.7512 7
      vertex 4.54154 87.6952 7
    endloop
  endfacet
  facet normal 0.242832 0.970068 0
    outer loop
      vertex 4.31783 87.7512 7
      vertex 4.54154 87.6952 3
      vertex 4.31783 87.7512 3
    endloop
  endfacet
  facet normal 0.595487 0.803365 -0
    outer loop
      vertex 3.69441 88.0461 3
      vertex 3.50918 88.1834 7
      vertex 3.69441 88.0461 7
    endloop
  endfacet
  facet normal 0.595487 0.803365 0
    outer loop
      vertex 3.50918 88.1834 7
      vertex 3.69441 88.0461 3
      vertex 3.50918 88.1834 3
    endloop
  endfacet
  facet normal 0.903995 0.427544 0
    outer loop
      vertex 2.92749 88.8922 7
      vertex 2.82888 89.1007 3
      vertex 2.82888 89.1007 7
    endloop
  endfacet
  facet normal 0.903995 0.427544 0
    outer loop
      vertex 2.82888 89.1007 3
      vertex 2.92749 88.8922 7
      vertex 2.92749 88.8922 3
    endloop
  endfacet
  facet normal 0.857722 -0.514113 0
    outer loop
      vertex 2.92749 91.1078 7
      vertex 3.04605 91.3056 3
      vertex 3.04605 91.3056 7
    endloop
  endfacet
  facet normal 0.857722 -0.514113 0
    outer loop
      vertex 3.04605 91.3056 3
      vertex 2.92749 91.1078 7
      vertex 2.92749 91.1078 3
    endloop
  endfacet
  facet normal -0.42744 -0.904044 0
    outer loop
      vertex 88.1144 86.4723 2
      vertex 88.4693 86.3045 7
      vertex 88.1144 86.4723 7
    endloop
  endfacet
  facet normal -0.42744 -0.904044 -0
    outer loop
      vertex 88.4693 86.3045 7
      vertex 88.1144 86.4723 2
      vertex 88.4693 86.3045 2
    endloop
  endfacet
  facet normal 0.989176 0.146733 0
    outer loop
      vertex 93.9807 90.3921 7
      vertex 93.9231 90.7804 2
      vertex 93.9231 90.7804 7
    endloop
  endfacet
  facet normal 0.989176 0.146733 0
    outer loop
      vertex 93.9231 90.7804 2
      vertex 93.9807 90.3921 7
      vertex 93.9807 90.3921 2
    endloop
  endfacet
  facet normal 0.998791 0.0491626 0
    outer loop
      vertex 94 90 7
      vertex 93.9807 90.3921 2
      vertex 93.9807 90.3921 7
    endloop
  endfacet
  facet normal 0.998791 0.0491626 0
    outer loop
      vertex 93.9807 90.3921 2
      vertex 94 90 7
      vertex 94 90 2
    endloop
  endfacet
  facet normal 0.970068 0.242835 0
    outer loop
      vertex 93.9231 90.7804 7
      vertex 93.8278 91.1611 2
      vertex 93.8278 91.1611 7
    endloop
  endfacet
  facet normal 0.970068 0.242835 0
    outer loop
      vertex 93.8278 91.1611 2
      vertex 93.9231 90.7804 7
      vertex 93.9231 90.7804 2
    endloop
  endfacet
  facet normal 0.42744 -0.904044 0
    outer loop
      vertex 91.5307 86.3045 2
      vertex 91.8856 86.4723 7
      vertex 91.5307 86.3045 7
    endloop
  endfacet
  facet normal 0.42744 -0.904044 0
    outer loop
      vertex 91.8856 86.4723 7
      vertex 91.5307 86.3045 2
      vertex 91.8856 86.4723 2
    endloop
  endfacet
  facet normal -0.671607 0.740908 0
    outer loop
      vertex 87.4624 93.092 2
      vertex 87.1716 92.8284 7
      vertex 87.4624 93.092 7
    endloop
  endfacet
  facet normal -0.671607 0.740908 0
    outer loop
      vertex 87.1716 92.8284 7
      vertex 87.4624 93.092 2
      vertex 87.1716 92.8284 2
    endloop
  endfacet
  facet normal -0.970068 -0.242835 0
    outer loop
      vertex 86.1722 88.8389 2
      vertex 86.0769 89.2196 7
      vertex 86.0769 89.2196 2
    endloop
  endfacet
  facet normal -0.970068 -0.242835 0
    outer loop
      vertex 86.0769 89.2196 7
      vertex 86.1722 88.8389 2
      vertex 86.1722 88.8389 7
    endloop
  endfacet
  facet normal 0.42744 0.904044 -0
    outer loop
      vertex 91.8856 93.5277 2
      vertex 91.5307 93.6955 7
      vertex 91.8856 93.5277 7
    endloop
  endfacet
  facet normal 0.42744 0.904044 0
    outer loop
      vertex 91.5307 93.6955 7
      vertex 91.8856 93.5277 2
      vertex 91.5307 93.6955 2
    endloop
  endfacet
  facet normal -0.989176 0.146733 0
    outer loop
      vertex 86.0193 90.3921 2
      vertex 86.0769 90.7804 7
      vertex 86.0769 90.7804 2
    endloop
  endfacet
  facet normal -0.989176 0.146733 0
    outer loop
      vertex 86.0769 90.7804 7
      vertex 86.0193 90.3921 2
      vertex 86.0193 90.3921 7
    endloop
  endfacet
  facet normal -0.146733 -0.989176 0
    outer loop
      vertex 89.2196 86.0769 2
      vertex 89.6079 86.0193 7
      vertex 89.2196 86.0769 7
    endloop
  endfacet
  facet normal -0.146733 -0.989176 -0
    outer loop
      vertex 89.6079 86.0193 7
      vertex 89.2196 86.0769 2
      vertex 89.6079 86.0193 2
    endloop
  endfacet
  facet normal 0.242835 0.970068 -0
    outer loop
      vertex 91.1611 93.8278 2
      vertex 90.7804 93.9231 7
      vertex 91.1611 93.8278 7
    endloop
  endfacet
  facet normal 0.242835 0.970068 0
    outer loop
      vertex 90.7804 93.9231 7
      vertex 91.1611 93.8278 2
      vertex 90.7804 93.9231 2
    endloop
  endfacet
  facet normal -0.740908 0.671607 0
    outer loop
      vertex 86.908 92.5376 2
      vertex 87.1716 92.8284 7
      vertex 87.1716 92.8284 2
    endloop
  endfacet
  facet normal -0.740908 0.671607 0
    outer loop
      vertex 87.1716 92.8284 7
      vertex 86.908 92.5376 2
      vertex 86.908 92.5376 7
    endloop
  endfacet
  facet normal 0.514084 -0.85774 0
    outer loop
      vertex 91.8856 86.4723 2
      vertex 92.2223 86.6741 7
      vertex 91.8856 86.4723 7
    endloop
  endfacet
  facet normal 0.514084 -0.85774 0
    outer loop
      vertex 92.2223 86.6741 7
      vertex 91.8856 86.4723 2
      vertex 92.2223 86.6741 2
    endloop
  endfacet
  facet normal -0.242835 -0.970068 0
    outer loop
      vertex 88.8389 86.1722 2
      vertex 89.2196 86.0769 7
      vertex 88.8389 86.1722 7
    endloop
  endfacet
  facet normal -0.242835 -0.970068 -0
    outer loop
      vertex 89.2196 86.0769 7
      vertex 88.8389 86.1722 2
      vertex 89.2196 86.0769 2
    endloop
  endfacet
  facet normal -0.337014 0.9415 0
    outer loop
      vertex 88.8389 93.8278 2
      vertex 88.4693 93.6955 7
      vertex 88.8389 93.8278 7
    endloop
  endfacet
  facet normal -0.337014 0.9415 0
    outer loop
      vertex 88.4693 93.6955 7
      vertex 88.8389 93.8278 2
      vertex 88.4693 93.6955 2
    endloop
  endfacet
  facet normal 0.0491626 -0.998791 0
    outer loop
      vertex 90 86 2
      vertex 90.3921 86.0193 7
      vertex 90 86 7
    endloop
  endfacet
  facet normal 0.0491626 -0.998791 0
    outer loop
      vertex 90.3921 86.0193 7
      vertex 90 86 2
      vertex 90.3921 86.0193 2
    endloop
  endfacet
  facet normal 0.146733 -0.989176 0
    outer loop
      vertex 90.3921 86.0193 2
      vertex 90.7804 86.0769 7
      vertex 90.3921 86.0193 7
    endloop
  endfacet
  facet normal 0.146733 -0.989176 0
    outer loop
      vertex 90.7804 86.0769 7
      vertex 90.3921 86.0193 2
      vertex 90.7804 86.0769 2
    endloop
  endfacet
  facet normal -0.0491626 0.998791 0
    outer loop
      vertex 90 94 2
      vertex 89.6079 93.9807 7
      vertex 90 94 7
    endloop
  endfacet
  facet normal -0.0491626 0.998791 0
    outer loop
      vertex 89.6079 93.9807 7
      vertex 90 94 2
      vertex 89.6079 93.9807 2
    endloop
  endfacet
  facet normal -0.595794 -0.803137 0
    outer loop
      vertex 87.4624 86.908 2
      vertex 87.7777 86.6741 7
      vertex 87.4624 86.908 7
    endloop
  endfacet
  facet normal -0.595794 -0.803137 -0
    outer loop
      vertex 87.7777 86.6741 7
      vertex 87.4624 86.908 2
      vertex 87.7777 86.6741 2
    endloop
  endfacet
  facet normal -0.904044 -0.42744 0
    outer loop
      vertex 86.4723 88.1144 2
      vertex 86.3045 88.4693 7
      vertex 86.3045 88.4693 2
    endloop
  endfacet
  facet normal -0.904044 -0.42744 0
    outer loop
      vertex 86.3045 88.4693 7
      vertex 86.4723 88.1144 2
      vertex 86.4723 88.1144 7
    endloop
  endfacet
  facet normal -0.146733 0.989176 0
    outer loop
      vertex 89.6079 93.9807 2
      vertex 89.2196 93.9231 7
      vertex 89.6079 93.9807 7
    endloop
  endfacet
  facet normal -0.146733 0.989176 0
    outer loop
      vertex 89.2196 93.9231 7
      vertex 89.6079 93.9807 2
      vertex 89.2196 93.9231 2
    endloop
  endfacet
  facet normal 0.595794 -0.803137 0
    outer loop
      vertex 92.2223 86.6741 2
      vertex 92.5376 86.908 7
      vertex 92.2223 86.6741 7
    endloop
  endfacet
  facet normal 0.595794 -0.803137 0
    outer loop
      vertex 92.5376 86.908 7
      vertex 92.2223 86.6741 2
      vertex 92.5376 86.908 2
    endloop
  endfacet
  facet normal 0.0491626 0.998791 -0
    outer loop
      vertex 90.3921 93.9807 2
      vertex 90 94 7
      vertex 90.3921 93.9807 7
    endloop
  endfacet
  facet normal 0.0491626 0.998791 0
    outer loop
      vertex 90 94 7
      vertex 90.3921 93.9807 2
      vertex 90 94 2
    endloop
  endfacet
  facet normal 0.514084 0.85774 -0
    outer loop
      vertex 92.2223 93.3259 2
      vertex 91.8856 93.5277 7
      vertex 92.2223 93.3259 7
    endloop
  endfacet
  facet normal 0.514084 0.85774 0
    outer loop
      vertex 91.8856 93.5277 7
      vertex 92.2223 93.3259 2
      vertex 91.8856 93.5277 2
    endloop
  endfacet
  facet normal -0.998791 -0.0491626 0
    outer loop
      vertex 86.0193 89.6079 2
      vertex 86 90 7
      vertex 86 90 2
    endloop
  endfacet
  facet normal -0.998791 -0.0491626 0
    outer loop
      vertex 86 90 7
      vertex 86.0193 89.6079 2
      vertex 86.0193 89.6079 7
    endloop
  endfacet
  facet normal -0.904044 0.42744 0
    outer loop
      vertex 86.3045 91.5307 2
      vertex 86.4723 91.8856 7
      vertex 86.4723 91.8856 2
    endloop
  endfacet
  facet normal -0.904044 0.42744 0
    outer loop
      vertex 86.4723 91.8856 7
      vertex 86.3045 91.5307 2
      vertex 86.3045 91.5307 7
    endloop
  endfacet
  facet normal 0.970068 -0.242835 0
    outer loop
      vertex 93.8278 88.8389 7
      vertex 93.9231 89.2196 2
      vertex 93.9231 89.2196 7
    endloop
  endfacet
  facet normal 0.970068 -0.242835 0
    outer loop
      vertex 93.9231 89.2196 2
      vertex 93.8278 88.8389 7
      vertex 93.8278 88.8389 2
    endloop
  endfacet
  facet normal 0.740908 0.671607 0
    outer loop
      vertex 93.092 92.5376 7
      vertex 92.8284 92.8284 2
      vertex 92.8284 92.8284 7
    endloop
  endfacet
  facet normal 0.740908 0.671607 0
    outer loop
      vertex 92.8284 92.8284 2
      vertex 93.092 92.5376 7
      vertex 93.092 92.5376 2
    endloop
  endfacet
  facet normal 0.595794 0.803137 -0
    outer loop
      vertex 92.5376 93.092 2
      vertex 92.2223 93.3259 7
      vertex 92.5376 93.092 7
    endloop
  endfacet
  facet normal 0.595794 0.803137 0
    outer loop
      vertex 92.2223 93.3259 7
      vertex 92.5376 93.092 2
      vertex 92.2223 93.3259 2
    endloop
  endfacet
  facet normal -0.595794 0.803137 0
    outer loop
      vertex 87.7777 93.3259 2
      vertex 87.4624 93.092 7
      vertex 87.7777 93.3259 7
    endloop
  endfacet
  facet normal -0.595794 0.803137 0
    outer loop
      vertex 87.4624 93.092 7
      vertex 87.7777 93.3259 2
      vertex 87.4624 93.092 2
    endloop
  endfacet
  facet normal 0.803137 0.595794 0
    outer loop
      vertex 93.3259 92.2223 7
      vertex 93.092 92.5376 2
      vertex 93.092 92.5376 7
    endloop
  endfacet
  facet normal 0.803137 0.595794 0
    outer loop
      vertex 93.092 92.5376 2
      vertex 93.3259 92.2223 7
      vertex 93.3259 92.2223 2
    endloop
  endfacet
  facet normal 0.989176 -0.146733 0
    outer loop
      vertex 93.9231 89.2196 7
      vertex 93.9807 89.6079 2
      vertex 93.9807 89.6079 7
    endloop
  endfacet
  facet normal 0.989176 -0.146733 0
    outer loop
      vertex 93.9807 89.6079 2
      vertex 93.9231 89.2196 7
      vertex 93.9231 89.2196 2
    endloop
  endfacet
  facet normal -0.9415 0.337014 0
    outer loop
      vertex 86.1722 91.1611 2
      vertex 86.3045 91.5307 7
      vertex 86.3045 91.5307 2
    endloop
  endfacet
  facet normal -0.9415 0.337014 0
    outer loop
      vertex 86.3045 91.5307 7
      vertex 86.1722 91.1611 2
      vertex 86.1722 91.1611 7
    endloop
  endfacet
  facet normal 0.904044 -0.42744 0
    outer loop
      vertex 93.5277 88.1144 7
      vertex 93.6955 88.4693 2
      vertex 93.6955 88.4693 7
    endloop
  endfacet
  facet normal 0.904044 -0.42744 0
    outer loop
      vertex 93.6955 88.4693 2
      vertex 93.5277 88.1144 7
      vertex 93.5277 88.1144 2
    endloop
  endfacet
  facet normal 0.998791 -0.0491626 0
    outer loop
      vertex 93.9807 89.6079 7
      vertex 94 90 2
      vertex 94 90 7
    endloop
  endfacet
  facet normal 0.998791 -0.0491626 0
    outer loop
      vertex 94 90 2
      vertex 93.9807 89.6079 7
      vertex 93.9807 89.6079 2
    endloop
  endfacet
  facet normal 0.337014 -0.9415 0
    outer loop
      vertex 91.1611 86.1722 2
      vertex 91.5307 86.3045 7
      vertex 91.1611 86.1722 7
    endloop
  endfacet
  facet normal 0.337014 -0.9415 0
    outer loop
      vertex 91.5307 86.3045 7
      vertex 91.1611 86.1722 2
      vertex 91.5307 86.3045 2
    endloop
  endfacet
  facet normal 0.9415 0.337014 0
    outer loop
      vertex 93.8278 91.1611 7
      vertex 93.6955 91.5307 2
      vertex 93.6955 91.5307 7
    endloop
  endfacet
  facet normal 0.9415 0.337014 0
    outer loop
      vertex 93.6955 91.5307 2
      vertex 93.8278 91.1611 7
      vertex 93.8278 91.1611 2
    endloop
  endfacet
  facet normal 0.803137 -0.595794 0
    outer loop
      vertex 93.092 87.4624 7
      vertex 93.3259 87.7777 2
      vertex 93.3259 87.7777 7
    endloop
  endfacet
  facet normal 0.803137 -0.595794 0
    outer loop
      vertex 93.3259 87.7777 2
      vertex 93.092 87.4624 7
      vertex 93.092 87.4624 2
    endloop
  endfacet
  facet normal 0.85774 -0.514084 0
    outer loop
      vertex 93.3259 87.7777 7
      vertex 93.5277 88.1144 2
      vertex 93.5277 88.1144 7
    endloop
  endfacet
  facet normal 0.85774 -0.514084 0
    outer loop
      vertex 93.5277 88.1144 2
      vertex 93.3259 87.7777 7
      vertex 93.3259 87.7777 2
    endloop
  endfacet
  facet normal 0.9415 -0.337014 0
    outer loop
      vertex 93.6955 88.4693 7
      vertex 93.8278 88.8389 2
      vertex 93.8278 88.8389 7
    endloop
  endfacet
  facet normal 0.9415 -0.337014 0
    outer loop
      vertex 93.8278 88.8389 2
      vertex 93.6955 88.4693 7
      vertex 93.6955 88.4693 2
    endloop
  endfacet
  facet normal -0.242835 0.970068 0
    outer loop
      vertex 89.2196 93.9231 2
      vertex 88.8389 93.8278 7
      vertex 89.2196 93.9231 7
    endloop
  endfacet
  facet normal -0.242835 0.970068 0
    outer loop
      vertex 88.8389 93.8278 7
      vertex 89.2196 93.9231 2
      vertex 88.8389 93.8278 2
    endloop
  endfacet
  facet normal 0.904044 0.42744 0
    outer loop
      vertex 93.6955 91.5307 7
      vertex 93.5277 91.8856 2
      vertex 93.5277 91.8856 7
    endloop
  endfacet
  facet normal 0.904044 0.42744 0
    outer loop
      vertex 93.5277 91.8856 2
      vertex 93.6955 91.5307 7
      vertex 93.6955 91.5307 2
    endloop
  endfacet
  facet normal 0.146733 0.989176 -0
    outer loop
      vertex 90.7804 93.9231 2
      vertex 90.3921 93.9807 7
      vertex 90.7804 93.9231 7
    endloop
  endfacet
  facet normal 0.146733 0.989176 0
    outer loop
      vertex 90.3921 93.9807 7
      vertex 90.7804 93.9231 2
      vertex 90.3921 93.9807 2
    endloop
  endfacet
  facet normal -0.85774 -0.514084 0
    outer loop
      vertex 86.6741 87.7777 2
      vertex 86.4723 88.1144 7
      vertex 86.4723 88.1144 2
    endloop
  endfacet
  facet normal -0.85774 -0.514084 0
    outer loop
      vertex 86.4723 88.1144 7
      vertex 86.6741 87.7777 2
      vertex 86.6741 87.7777 7
    endloop
  endfacet
  facet normal 0.85774 0.514084 0
    outer loop
      vertex 93.5277 91.8856 7
      vertex 93.3259 92.2223 2
      vertex 93.3259 92.2223 7
    endloop
  endfacet
  facet normal 0.85774 0.514084 0
    outer loop
      vertex 93.3259 92.2223 2
      vertex 93.5277 91.8856 7
      vertex 93.5277 91.8856 2
    endloop
  endfacet
  facet normal -0.740908 -0.671607 0
    outer loop
      vertex 87.1716 87.1716 2
      vertex 86.908 87.4624 7
      vertex 86.908 87.4624 2
    endloop
  endfacet
  facet normal -0.740908 -0.671607 0
    outer loop
      vertex 86.908 87.4624 7
      vertex 87.1716 87.1716 2
      vertex 87.1716 87.1716 7
    endloop
  endfacet
  facet normal 0.242835 -0.970068 0
    outer loop
      vertex 90.7804 86.0769 2
      vertex 91.1611 86.1722 7
      vertex 90.7804 86.0769 7
    endloop
  endfacet
  facet normal 0.242835 -0.970068 0
    outer loop
      vertex 91.1611 86.1722 7
      vertex 90.7804 86.0769 2
      vertex 91.1611 86.1722 2
    endloop
  endfacet
  facet normal -0.514084 0.85774 0
    outer loop
      vertex 88.1144 93.5277 2
      vertex 87.7777 93.3259 7
      vertex 88.1144 93.5277 7
    endloop
  endfacet
  facet normal -0.514084 0.85774 0
    outer loop
      vertex 87.7777 93.3259 7
      vertex 88.1144 93.5277 2
      vertex 87.7777 93.3259 2
    endloop
  endfacet
  facet normal -0.42744 0.904044 0
    outer loop
      vertex 88.4693 93.6955 2
      vertex 88.1144 93.5277 7
      vertex 88.4693 93.6955 7
    endloop
  endfacet
  facet normal -0.42744 0.904044 0
    outer loop
      vertex 88.1144 93.5277 7
      vertex 88.4693 93.6955 2
      vertex 88.1144 93.5277 2
    endloop
  endfacet
  facet normal -0.9415 -0.337014 0
    outer loop
      vertex 86.3045 88.4693 2
      vertex 86.1722 88.8389 7
      vertex 86.1722 88.8389 2
    endloop
  endfacet
  facet normal -0.9415 -0.337014 0
    outer loop
      vertex 86.1722 88.8389 7
      vertex 86.3045 88.4693 2
      vertex 86.3045 88.4693 7
    endloop
  endfacet
  facet normal -0.514084 -0.85774 0
    outer loop
      vertex 87.7777 86.6741 2
      vertex 88.1144 86.4723 7
      vertex 87.7777 86.6741 7
    endloop
  endfacet
  facet normal -0.514084 -0.85774 -0
    outer loop
      vertex 88.1144 86.4723 7
      vertex 87.7777 86.6741 2
      vertex 88.1144 86.4723 2
    endloop
  endfacet
  facet normal 0.671607 0.740908 -0
    outer loop
      vertex 92.8284 92.8284 2
      vertex 92.5376 93.092 7
      vertex 92.8284 92.8284 7
    endloop
  endfacet
  facet normal 0.671607 0.740908 0
    outer loop
      vertex 92.5376 93.092 7
      vertex 92.8284 92.8284 2
      vertex 92.5376 93.092 2
    endloop
  endfacet
  facet normal 0.337014 0.9415 -0
    outer loop
      vertex 91.5307 93.6955 2
      vertex 91.1611 93.8278 7
      vertex 91.5307 93.6955 7
    endloop
  endfacet
  facet normal 0.337014 0.9415 0
    outer loop
      vertex 91.1611 93.8278 7
      vertex 91.5307 93.6955 2
      vertex 91.1611 93.8278 2
    endloop
  endfacet
  facet normal -0.970068 0.242835 0
    outer loop
      vertex 86.0769 90.7804 2
      vertex 86.1722 91.1611 7
      vertex 86.1722 91.1611 2
    endloop
  endfacet
  facet normal -0.970068 0.242835 0
    outer loop
      vertex 86.1722 91.1611 7
      vertex 86.0769 90.7804 2
      vertex 86.0769 90.7804 7
    endloop
  endfacet
  facet normal -0.803137 -0.595794 0
    outer loop
      vertex 86.908 87.4624 2
      vertex 86.6741 87.7777 7
      vertex 86.6741 87.7777 2
    endloop
  endfacet
  facet normal -0.803137 -0.595794 0
    outer loop
      vertex 86.6741 87.7777 7
      vertex 86.908 87.4624 2
      vertex 86.908 87.4624 7
    endloop
  endfacet
  facet normal -0.989176 -0.146733 0
    outer loop
      vertex 86.0769 89.2196 2
      vertex 86.0193 89.6079 7
      vertex 86.0193 89.6079 2
    endloop
  endfacet
  facet normal -0.989176 -0.146733 0
    outer loop
      vertex 86.0193 89.6079 7
      vertex 86.0769 89.2196 2
      vertex 86.0769 89.2196 7
    endloop
  endfacet
  facet normal -0.671607 -0.740908 0
    outer loop
      vertex 87.1716 87.1716 2
      vertex 87.4624 86.908 7
      vertex 87.1716 87.1716 7
    endloop
  endfacet
  facet normal -0.671607 -0.740908 -0
    outer loop
      vertex 87.4624 86.908 7
      vertex 87.1716 87.1716 2
      vertex 87.4624 86.908 2
    endloop
  endfacet
  facet normal -0.803137 0.595794 0
    outer loop
      vertex 86.6741 92.2223 2
      vertex 86.908 92.5376 7
      vertex 86.908 92.5376 2
    endloop
  endfacet
  facet normal -0.803137 0.595794 0
    outer loop
      vertex 86.908 92.5376 7
      vertex 86.6741 92.2223 2
      vertex 86.6741 92.2223 7
    endloop
  endfacet
  facet normal -0.85774 0.514084 0
    outer loop
      vertex 86.4723 91.8856 2
      vertex 86.6741 92.2223 7
      vertex 86.6741 92.2223 2
    endloop
  endfacet
  facet normal -0.85774 0.514084 0
    outer loop
      vertex 86.6741 92.2223 7
      vertex 86.4723 91.8856 2
      vertex 86.4723 91.8856 7
    endloop
  endfacet
  facet normal 0 0 1
    outer loop
      vertex 92.35 90 7
      vertex 94 90 7
      vertex 93.9807 90.3921 7
    endloop
  endfacet
  facet normal 0 0 1
    outer loop
      vertex 92.3387 90.2303 7
      vertex 93.9807 90.3921 7
      vertex 93.9231 90.7804 7
    endloop
  endfacet
  facet normal 0 0 1
    outer loop
      vertex 94 90 7
      vertex 92.35 90 7
      vertex 93.9807 89.6079 7
    endloop
  endfacet
  facet normal 0 0 1
    outer loop
      vertex 92.3048 90.4585 7
      vertex 93.9231 90.7804 7
      vertex 93.8278 91.1611 7
    endloop
  endfacet
  facet normal -0 0 1
    outer loop
      vertex 92.3387 89.7697 7
      vertex 93.9807 89.6079 7
      vertex 92.35 90 7
    endloop
  endfacet
  facet normal 0 0 1
    outer loop
      vertex 92.2488 90.6822 7
      vertex 93.8278 91.1611 7
      vertex 93.6955 91.5307 7
    endloop
  endfacet
  facet normal 0 0 1
    outer loop
      vertex 93.9807 89.6079 7
      vertex 92.3387 89.7697 7
      vertex 93.9231 89.2196 7
    endloop
  endfacet
  facet normal 0 0 1
    outer loop
      vertex 92.1711 90.8993 7
      vertex 93.6955 91.5307 7
      vertex 93.5277 91.8856 7
    endloop
  endfacet
  facet normal -0 0 1
    outer loop
      vertex 92.3048 89.5415 7
      vertex 93.9231 89.2196 7
      vertex 92.3387 89.7697 7
    endloop
  endfacet
  facet normal 0 0 1
    outer loop
      vertex 92.0725 91.1078 7
      vertex 93.5277 91.8856 7
      vertex 93.3259 92.2223 7
    endloop
  endfacet
  facet normal 0 0 1
    outer loop
      vertex 93.9231 89.2196 7
      vertex 92.3048 89.5415 7
      vertex 93.8278 88.8389 7
    endloop
  endfacet
  facet normal 0 0 1
    outer loop
      vertex 91.9539 91.3056 7
      vertex 93.3259 92.2223 7
      vertex 93.092 92.5376 7
    endloop
  endfacet
  facet normal -0 0 1
    outer loop
      vertex 92.2488 89.3178 7
      vertex 93.8278 88.8389 7
      vertex 92.3048 89.5415 7
    endloop
  endfacet
  facet normal 0 0 1
    outer loop
      vertex 91.8166 91.4908 7
      vertex 93.092 92.5376 7
      vertex 92.8284 92.8284 7
    endloop
  endfacet
  facet normal 0 0 1
    outer loop
      vertex 93.8278 88.8389 7
      vertex 92.2488 89.3178 7
      vertex 93.6955 88.4693 7
    endloop
  endfacet
  facet normal 0 0 1
    outer loop
      vertex 91.6617 91.6617 7
      vertex 92.8284 92.8284 7
      vertex 92.5376 93.092 7
    endloop
  endfacet
  facet normal -0 0 1
    outer loop
      vertex 92.1711 89.1007 7
      vertex 93.6955 88.4693 7
      vertex 92.2488 89.3178 7
    endloop
  endfacet
  facet normal 0 0 1
    outer loop
      vertex 93.6955 88.4693 7
      vertex 92.1711 89.1007 7
      vertex 93.5277 88.1144 7
    endloop
  endfacet
  facet normal 0 0 1
    outer loop
      vertex 93.9807 90.3921 7
      vertex 92.3387 90.2303 7
      vertex 92.35 90 7
    endloop
  endfacet
  facet normal 0 0 1
    outer loop
      vertex 93.9231 90.7804 7
      vertex 92.3048 90.4585 7
      vertex 92.3387 90.2303 7
    endloop
  endfacet
  facet normal 0 0 1
    outer loop
      vertex 93.8278 91.1611 7
      vertex 92.2488 90.6822 7
      vertex 92.3048 90.4585 7
    endloop
  endfacet
  facet normal 0 0 1
    outer loop
      vertex 91.4908 91.8166 7
      vertex 92.5376 93.092 7
      vertex 92.2223 93.3259 7
    endloop
  endfacet
  facet normal 0 0 1
    outer loop
      vertex 93.6955 91.5307 7
      vertex 92.1711 90.8993 7
      vertex 92.2488 90.6822 7
    endloop
  endfacet
  facet normal 0 0 1
    outer loop
      vertex 93.5277 91.8856 7
      vertex 92.0725 91.1078 7
      vertex 92.1711 90.8993 7
    endloop
  endfacet
  facet normal 0 0 1
    outer loop
      vertex 93.3259 92.2223 7
      vertex 91.9539 91.3056 7
      vertex 92.0725 91.1078 7
    endloop
  endfacet
  facet normal 0 0 1
    outer loop
      vertex 91.3056 91.9539 7
      vertex 92.2223 93.3259 7
      vertex 91.8856 93.5277 7
    endloop
  endfacet
  facet normal 0 0 1
    outer loop
      vertex 93.092 92.5376 7
      vertex 91.8166 91.4908 7
      vertex 91.9539 91.3056 7
    endloop
  endfacet
  facet normal 0 0 1
    outer loop
      vertex 92.8284 92.8284 7
      vertex 91.6617 91.6617 7
      vertex 91.8166 91.4908 7
    endloop
  endfacet
  facet normal 0 0 1
    outer loop
      vertex 91.1078 92.0725 7
      vertex 91.8856 93.5277 7
      vertex 91.5307 93.6955 7
    endloop
  endfacet
  facet normal 0 0 1
    outer loop
      vertex 92.5376 93.092 7
      vertex 91.4908 91.8166 7
      vertex 91.6617 91.6617 7
    endloop
  endfacet
  facet normal 0 0 1
    outer loop
      vertex 92.2223 93.3259 7
      vertex 91.3056 91.9539 7
      vertex 91.4908 91.8166 7
    endloop
  endfacet
  facet normal 0 0 1
    outer loop
      vertex 90.8993 92.1711 7
      vertex 91.5307 93.6955 7
      vertex 91.1611 93.8278 7
    endloop
  endfacet
  facet normal 0 0 1
    outer loop
      vertex 91.8856 93.5277 7
      vertex 91.1078 92.0725 7
      vertex 91.3056 91.9539 7
    endloop
  endfacet
  facet normal 0 0 1
    outer loop
      vertex 91.5307 93.6955 7
      vertex 90.8993 92.1711 7
      vertex 91.1078 92.0725 7
    endloop
  endfacet
  facet normal 0 0 1
    outer loop
      vertex 90.6822 92.2488 7
      vertex 91.1611 93.8278 7
      vertex 90.7804 93.9231 7
    endloop
  endfacet
  facet normal 0 0 1
    outer loop
      vertex 91.1611 93.8278 7
      vertex 90.6822 92.2488 7
      vertex 90.8993 92.1711 7
    endloop
  endfacet
  facet normal 0 0 1
    outer loop
      vertex 90.7804 93.9231 7
      vertex 90.4585 92.3048 7
      vertex 90.6822 92.2488 7
    endloop
  endfacet
  facet normal 0 0 1
    outer loop
      vertex 90.3921 93.9807 7
      vertex 90.4585 92.3048 7
      vertex 90.7804 93.9231 7
    endloop
  endfacet
  facet normal 0 0 1
    outer loop
      vertex 90.3921 93.9807 7
      vertex 90.2303 92.3387 7
      vertex 90.4585 92.3048 7
    endloop
  endfacet
  facet normal 0 0 1
    outer loop
      vertex 90 94 7
      vertex 90.2303 92.3387 7
      vertex 90.3921 93.9807 7
    endloop
  endfacet
  facet normal 0 0 1
    outer loop
      vertex 90 94 7
      vertex 90 92.35 7
      vertex 90.2303 92.3387 7
    endloop
  endfacet
  facet normal 0 0 1
    outer loop
      vertex 90 94 7
      vertex 89.7697 92.3387 7
      vertex 90 92.35 7
    endloop
  endfacet
  facet normal -0 0 1
    outer loop
      vertex 89.6079 93.9807 7
      vertex 89.7697 92.3387 7
      vertex 90 94 7
    endloop
  endfacet
  facet normal 0 0 1
    outer loop
      vertex 89.6079 93.9807 7
      vertex 89.5415 92.3048 7
      vertex 89.7697 92.3387 7
    endloop
  endfacet
  facet normal -0 0 1
    outer loop
      vertex 89.2196 93.9231 7
      vertex 89.5415 92.3048 7
      vertex 89.6079 93.9807 7
    endloop
  endfacet
  facet normal 0 0 1
    outer loop
      vertex 89.5415 92.3048 7
      vertex 89.2196 93.9231 7
      vertex 89.3178 92.2488 7
    endloop
  endfacet
  facet normal -0 0 1
    outer loop
      vertex 88.8389 93.8278 7
      vertex 89.3178 92.2488 7
      vertex 89.2196 93.9231 7
    endloop
  endfacet
  facet normal 0 0 1
    outer loop
      vertex 89.3178 92.2488 7
      vertex 88.8389 93.8278 7
      vertex 89.1007 92.1711 7
    endloop
  endfacet
  facet normal -0 0 1
    outer loop
      vertex 88.4693 93.6955 7
      vertex 89.1007 92.1711 7
      vertex 88.8389 93.8278 7
    endloop
  endfacet
  facet normal 0 0 1
    outer loop
      vertex 89.1007 92.1711 7
      vertex 88.4693 93.6955 7
      vertex 88.8922 92.0725 7
    endloop
  endfacet
  facet normal -0 0 1
    outer loop
      vertex 88.1144 93.5277 7
      vertex 88.8922 92.0725 7
      vertex 88.4693 93.6955 7
    endloop
  endfacet
  facet normal 0 0 1
    outer loop
      vertex 88.8922 92.0725 7
      vertex 88.1144 93.5277 7
      vertex 88.6944 91.9539 7
    endloop
  endfacet
  facet normal -0 0 1
    outer loop
      vertex 87.7777 93.3259 7
      vertex 88.6944 91.9539 7
      vertex 88.1144 93.5277 7
    endloop
  endfacet
  facet normal 0 0 1
    outer loop
      vertex 88.6944 91.9539 7
      vertex 87.7777 93.3259 7
      vertex 88.5092 91.8166 7
    endloop
  endfacet
  facet normal -0 0 1
    outer loop
      vertex 87.4624 93.092 7
      vertex 88.5092 91.8166 7
      vertex 87.7777 93.3259 7
    endloop
  endfacet
  facet normal 0 0 1
    outer loop
      vertex 88.5092 91.8166 7
      vertex 87.4624 93.092 7
      vertex 88.3383 91.6617 7
    endloop
  endfacet
  facet normal -0 0 1
    outer loop
      vertex 87.1716 92.8284 7
      vertex 88.3383 91.6617 7
      vertex 87.4624 93.092 7
    endloop
  endfacet
  facet normal 0 0 1
    outer loop
      vertex 88.3383 91.6617 7
      vertex 87.1716 92.8284 7
      vertex 88.1834 91.4908 7
    endloop
  endfacet
  facet normal -0 0 1
    outer loop
      vertex 86.908 92.5376 7
      vertex 88.1834 91.4908 7
      vertex 87.1716 92.8284 7
    endloop
  endfacet
  facet normal 0 0 1
    outer loop
      vertex 88.1834 91.4908 7
      vertex 86.908 92.5376 7
      vertex 88.0461 91.3056 7
    endloop
  endfacet
  facet normal -0 0 1
    outer loop
      vertex 86.6741 92.2223 7
      vertex 88.0461 91.3056 7
      vertex 86.908 92.5376 7
    endloop
  endfacet
  facet normal 0 0 1
    outer loop
      vertex 88.0461 91.3056 7
      vertex 86.6741 92.2223 7
      vertex 87.9275 91.1078 7
    endloop
  endfacet
  facet normal -0 0 1
    outer loop
      vertex 86.4723 91.8856 7
      vertex 87.9275 91.1078 7
      vertex 86.6741 92.2223 7
    endloop
  endfacet
  facet normal 0 0 1
    outer loop
      vertex 87.9275 91.1078 7
      vertex 86.4723 91.8856 7
      vertex 87.8289 90.8993 7
    endloop
  endfacet
  facet normal -0 0 1
    outer loop
      vertex 92.0725 88.8922 7
      vertex 93.5277 88.1144 7
      vertex 92.1711 89.1007 7
    endloop
  endfacet
  facet normal 0 0 1
    outer loop
      vertex 93.5277 88.1144 7
      vertex 92.0725 88.8922 7
      vertex 93.3259 87.7777 7
    endloop
  endfacet
  facet normal -0 0 1
    outer loop
      vertex 91.9539 88.6944 7
      vertex 93.3259 87.7777 7
      vertex 92.0725 88.8922 7
    endloop
  endfacet
  facet normal 0 0 1
    outer loop
      vertex 93.3259 87.7777 7
      vertex 91.9539 88.6944 7
      vertex 93.092 87.4624 7
    endloop
  endfacet
  facet normal -0 0 1
    outer loop
      vertex 91.8166 88.5092 7
      vertex 93.092 87.4624 7
      vertex 91.9539 88.6944 7
    endloop
  endfacet
  facet normal 0 0 1
    outer loop
      vertex 93.092 87.4624 7
      vertex 91.8166 88.5092 7
      vertex 92.8284 87.1716 7
    endloop
  endfacet
  facet normal -0 0 1
    outer loop
      vertex 91.6617 88.3383 7
      vertex 92.8284 87.1716 7
      vertex 91.8166 88.5092 7
    endloop
  endfacet
  facet normal 0 0 1
    outer loop
      vertex 92.8284 87.1716 7
      vertex 91.6617 88.3383 7
      vertex 92.5376 86.908 7
    endloop
  endfacet
  facet normal -0 0 1
    outer loop
      vertex 91.4908 88.1834 7
      vertex 92.5376 86.908 7
      vertex 91.6617 88.3383 7
    endloop
  endfacet
  facet normal 0 0 1
    outer loop
      vertex 92.5376 86.908 7
      vertex 91.4908 88.1834 7
      vertex 92.2223 86.6741 7
    endloop
  endfacet
  facet normal -0 0 1
    outer loop
      vertex 91.3056 88.0461 7
      vertex 92.2223 86.6741 7
      vertex 91.4908 88.1834 7
    endloop
  endfacet
  facet normal 0 0 1
    outer loop
      vertex 92.2223 86.6741 7
      vertex 91.3056 88.0461 7
      vertex 91.8856 86.4723 7
    endloop
  endfacet
  facet normal -0 0 1
    outer loop
      vertex 91.1078 87.9275 7
      vertex 91.8856 86.4723 7
      vertex 91.3056 88.0461 7
    endloop
  endfacet
  facet normal 0 0 1
    outer loop
      vertex 91.8856 86.4723 7
      vertex 91.1078 87.9275 7
      vertex 91.5307 86.3045 7
    endloop
  endfacet
  facet normal -0 0 1
    outer loop
      vertex 90.8993 87.8289 7
      vertex 91.5307 86.3045 7
      vertex 91.1078 87.9275 7
    endloop
  endfacet
  facet normal 0 0 1
    outer loop
      vertex 91.5307 86.3045 7
      vertex 90.8993 87.8289 7
      vertex 91.1611 86.1722 7
    endloop
  endfacet
  facet normal -0 0 1
    outer loop
      vertex 90.6822 87.7512 7
      vertex 91.1611 86.1722 7
      vertex 90.8993 87.8289 7
    endloop
  endfacet
  facet normal 0 0 1
    outer loop
      vertex 91.1611 86.1722 7
      vertex 90.6822 87.7512 7
      vertex 90.7804 86.0769 7
    endloop
  endfacet
  facet normal -0 0 1
    outer loop
      vertex 90.4585 87.6952 7
      vertex 90.7804 86.0769 7
      vertex 90.6822 87.7512 7
    endloop
  endfacet
  facet normal 0 0 1
    outer loop
      vertex 90.4585 87.6952 7
      vertex 90.3921 86.0193 7
      vertex 90.7804 86.0769 7
    endloop
  endfacet
  facet normal -0 0 1
    outer loop
      vertex 90.2303 87.6613 7
      vertex 90.3921 86.0193 7
      vertex 90.4585 87.6952 7
    endloop
  endfacet
  facet normal -0 0 1
    outer loop
      vertex 90 87.65 7
      vertex 90.3921 86.0193 7
      vertex 90.2303 87.6613 7
    endloop
  endfacet
  facet normal 0 0 1
    outer loop
      vertex 90 87.65 7
      vertex 90 86 7
      vertex 90.3921 86.0193 7
    endloop
  endfacet
  facet normal 0 0 1
    outer loop
      vertex 89.7697 87.6613 7
      vertex 90 86 7
      vertex 90 87.65 7
    endloop
  endfacet
  facet normal 0 0 1
    outer loop
      vertex 89.7697 87.6613 7
      vertex 89.6079 86.0193 7
      vertex 90 86 7
    endloop
  endfacet
  facet normal 0 0 1
    outer loop
      vertex 89.5415 87.6952 7
      vertex 89.6079 86.0193 7
      vertex 89.7697 87.6613 7
    endloop
  endfacet
  facet normal 0 0 1
    outer loop
      vertex 89.2196 86.0769 7
      vertex 89.5415 87.6952 7
      vertex 89.3178 87.7512 7
    endloop
  endfacet
  facet normal 0 0 1
    outer loop
      vertex 89.5415 87.6952 7
      vertex 89.2196 86.0769 7
      vertex 89.6079 86.0193 7
    endloop
  endfacet
  facet normal 0 0 1
    outer loop
      vertex 88.8389 86.1722 7
      vertex 89.3178 87.7512 7
      vertex 89.1007 87.8289 7
    endloop
  endfacet
  facet normal 0 0 1
    outer loop
      vertex 88.4693 86.3045 7
      vertex 89.1007 87.8289 7
      vertex 88.8922 87.9275 7
    endloop
  endfacet
  facet normal 0 0 1
    outer loop
      vertex 89.3178 87.7512 7
      vertex 88.8389 86.1722 7
      vertex 89.2196 86.0769 7
    endloop
  endfacet
  facet normal 0 0 1
    outer loop
      vertex 88.1144 86.4723 7
      vertex 88.8922 87.9275 7
      vertex 88.6944 88.0461 7
    endloop
  endfacet
  facet normal 0 0 1
    outer loop
      vertex 87.7777 86.6741 7
      vertex 88.6944 88.0461 7
      vertex 88.5092 88.1834 7
    endloop
  endfacet
  facet normal 0 0 1
    outer loop
      vertex 89.1007 87.8289 7
      vertex 88.4693 86.3045 7
      vertex 88.8389 86.1722 7
    endloop
  endfacet
  facet normal 0 0 1
    outer loop
      vertex 87.4624 86.908 7
      vertex 88.5092 88.1834 7
      vertex 88.3383 88.3383 7
    endloop
  endfacet
  facet normal 0 0 1
    outer loop
      vertex 87.1716 87.1716 7
      vertex 88.3383 88.3383 7
      vertex 88.1834 88.5092 7
    endloop
  endfacet
  facet normal 0 0 1
    outer loop
      vertex 88.8922 87.9275 7
      vertex 88.1144 86.4723 7
      vertex 88.4693 86.3045 7
    endloop
  endfacet
  facet normal 0 0 1
    outer loop
      vertex 86.908 87.4624 7
      vertex 88.1834 88.5092 7
      vertex 88.0461 88.6944 7
    endloop
  endfacet
  facet normal 0 0 1
    outer loop
      vertex 86.6741 87.7777 7
      vertex 88.0461 88.6944 7
      vertex 87.9275 88.8922 7
    endloop
  endfacet
  facet normal 0 0 1
    outer loop
      vertex 86.4723 88.1144 7
      vertex 87.9275 88.8922 7
      vertex 87.8289 89.1007 7
    endloop
  endfacet
  facet normal 0 0 1
    outer loop
      vertex 88.6944 88.0461 7
      vertex 87.7777 86.6741 7
      vertex 88.1144 86.4723 7
    endloop
  endfacet
  facet normal 0 0 1
    outer loop
      vertex 86.3045 88.4693 7
      vertex 87.8289 89.1007 7
      vertex 87.7512 89.3178 7
    endloop
  endfacet
  facet normal 0 0 1
    outer loop
      vertex 86.1722 88.8389 7
      vertex 87.7512 89.3178 7
      vertex 87.6952 89.5415 7
    endloop
  endfacet
  facet normal 0 0 1
    outer loop
      vertex 86.0769 89.2196 7
      vertex 87.6952 89.5415 7
      vertex 87.6613 89.7697 7
    endloop
  endfacet
  facet normal 0 0 1
    outer loop
      vertex 86.0193 89.6079 7
      vertex 87.6613 89.7697 7
      vertex 87.65 90 7
    endloop
  endfacet
  facet normal -0 0 1
    outer loop
      vertex 86.3045 91.5307 7
      vertex 87.8289 90.8993 7
      vertex 86.4723 91.8856 7
    endloop
  endfacet
  facet normal 0 0 1
    outer loop
      vertex 88.5092 88.1834 7
      vertex 87.4624 86.908 7
      vertex 87.7777 86.6741 7
    endloop
  endfacet
  facet normal 0 0 1
    outer loop
      vertex 87.8289 90.8993 7
      vertex 86.3045 91.5307 7
      vertex 87.7512 90.6822 7
    endloop
  endfacet
  facet normal 0 0 1
    outer loop
      vertex 88.3383 88.3383 7
      vertex 87.1716 87.1716 7
      vertex 87.4624 86.908 7
    endloop
  endfacet
  facet normal -0 0 1
    outer loop
      vertex 86.1722 91.1611 7
      vertex 87.7512 90.6822 7
      vertex 86.3045 91.5307 7
    endloop
  endfacet
  facet normal 0 0 1
    outer loop
      vertex 88.1834 88.5092 7
      vertex 86.908 87.4624 7
      vertex 87.1716 87.1716 7
    endloop
  endfacet
  facet normal 0 0 1
    outer loop
      vertex 87.7512 90.6822 7
      vertex 86.1722 91.1611 7
      vertex 87.6952 90.4585 7
    endloop
  endfacet
  facet normal 0 0 1
    outer loop
      vertex 88.0461 88.6944 7
      vertex 86.6741 87.7777 7
      vertex 86.908 87.4624 7
    endloop
  endfacet
  facet normal -0 0 1
    outer loop
      vertex 86.0769 90.7804 7
      vertex 87.6952 90.4585 7
      vertex 86.1722 91.1611 7
    endloop
  endfacet
  facet normal 0 0 1
    outer loop
      vertex 87.9275 88.8922 7
      vertex 86.4723 88.1144 7
      vertex 86.6741 87.7777 7
    endloop
  endfacet
  facet normal 0 0 1
    outer loop
      vertex 87.6952 90.4585 7
      vertex 86.0769 90.7804 7
      vertex 87.6613 90.2303 7
    endloop
  endfacet
  facet normal 0 0 1
    outer loop
      vertex 87.8289 89.1007 7
      vertex 86.3045 88.4693 7
      vertex 86.4723 88.1144 7
    endloop
  endfacet
  facet normal -0 0 1
    outer loop
      vertex 86.0193 90.3921 7
      vertex 87.6613 90.2303 7
      vertex 86.0769 90.7804 7
    endloop
  endfacet
  facet normal 0 0 1
    outer loop
      vertex 87.7512 89.3178 7
      vertex 86.1722 88.8389 7
      vertex 86.3045 88.4693 7
    endloop
  endfacet
  facet normal 0 0 1
    outer loop
      vertex 87.6613 90.2303 7
      vertex 86.0193 90.3921 7
      vertex 87.65 90 7
    endloop
  endfacet
  facet normal 0 0 1
    outer loop
      vertex 87.6952 89.5415 7
      vertex 86.0769 89.2196 7
      vertex 86.1722 88.8389 7
    endloop
  endfacet
  facet normal 0 0 1
    outer loop
      vertex 86 90 7
      vertex 87.65 90 7
      vertex 86.0193 90.3921 7
    endloop
  endfacet
  facet normal 0 0 1
    outer loop
      vertex 87.6613 89.7697 7
      vertex 86.0193 89.6079 7
      vertex 86.0769 89.2196 7
    endloop
  endfacet
  facet normal 0 0 1
    outer loop
      vertex 87.65 90 7
      vertex 86 90 7
      vertex 86.0193 89.6079 7
    endloop
  endfacet
  facet normal -0.0491626 -0.998791 0
    outer loop
      vertex 89.6079 86.0193 2
      vertex 90 86 7
      vertex 89.6079 86.0193 7
    endloop
  endfacet
  facet normal -0.0491626 -0.998791 -0
    outer loop
      vertex 90 86 7
      vertex 89.6079 86.0193 2
      vertex 90 86 2
    endloop
  endfacet
  facet normal -0.998791 0.0491626 0
    outer loop
      vertex 86 90 2
      vertex 86.0193 90.3921 7
      vertex 86.0193 90.3921 2
    endloop
  endfacet
  facet normal -0.998791 0.0491626 0
    outer loop
      vertex 86.0193 90.3921 7
      vertex 86 90 2
      vertex 86 90 7
    endloop
  endfacet
  facet normal -0.337014 -0.9415 0
    outer loop
      vertex 88.4693 86.3045 2
      vertex 88.8389 86.1722 7
      vertex 88.4693 86.3045 7
    endloop
  endfacet
  facet normal -0.337014 -0.9415 -0
    outer loop
      vertex 88.8389 86.1722 7
      vertex 88.4693 86.3045 2
      vertex 88.8389 86.1722 2
    endloop
  endfacet
  facet normal 0.740908 -0.671607 0
    outer loop
      vertex 92.8284 87.1716 7
      vertex 93.092 87.4624 2
      vertex 93.092 87.4624 7
    endloop
  endfacet
  facet normal 0.740908 -0.671607 0
    outer loop
      vertex 93.092 87.4624 2
      vertex 92.8284 87.1716 7
      vertex 92.8284 87.1716 2
    endloop
  endfacet
  facet normal 0.671607 -0.740908 0
    outer loop
      vertex 92.5376 86.908 2
      vertex 92.8284 87.1716 7
      vertex 92.5376 86.908 7
    endloop
  endfacet
  facet normal 0.671607 -0.740908 0
    outer loop
      vertex 92.8284 87.1716 7
      vertex 92.5376 86.908 2
      vertex 92.8284 87.1716 2
    endloop
  endfacet
  facet normal 0.146941 -0.989145 0
    outer loop
      vertex 89.5415 92.3048 3
      vertex 89.7697 92.3387 7
      vertex 89.5415 92.3048 7
    endloop
  endfacet
  facet normal 0.146941 -0.989145 0
    outer loop
      vertex 89.7697 92.3387 7
      vertex 89.5415 92.3048 3
      vertex 89.7697 92.3387 3
    endloop
  endfacet
  facet normal -0.989145 -0.146941 0
    outer loop
      vertex 92.3387 90.2303 3
      vertex 92.3048 90.4585 7
      vertex 92.3048 90.4585 3
    endloop
  endfacet
  facet normal -0.989145 -0.146941 0
    outer loop
      vertex 92.3048 90.4585 7
      vertex 92.3387 90.2303 3
      vertex 92.3387 90.2303 7
    endloop
  endfacet
  facet normal -0.998798 -0.0490075 0
    outer loop
      vertex 92.35 90 3
      vertex 92.3387 90.2303 7
      vertex 92.3387 90.2303 3
    endloop
  endfacet
  facet normal -0.998798 -0.0490075 0
    outer loop
      vertex 92.3387 90.2303 7
      vertex 92.35 90 3
      vertex 92.35 90 7
    endloop
  endfacet
  facet normal -0.970066 -0.242842 0
    outer loop
      vertex 92.3048 90.4585 3
      vertex 92.2488 90.6822 7
      vertex 92.2488 90.6822 3
    endloop
  endfacet
  facet normal -0.970066 -0.242842 0
    outer loop
      vertex 92.2488 90.6822 7
      vertex 92.3048 90.4585 3
      vertex 92.3048 90.4585 7
    endloop
  endfacet
  facet normal -0.998798 0.0490075 0
    outer loop
      vertex 92.3387 89.7697 3
      vertex 92.35 90 7
      vertex 92.35 90 3
    endloop
  endfacet
  facet normal -0.998798 0.0490075 0
    outer loop
      vertex 92.35 90 7
      vertex 92.3387 89.7697 3
      vertex 92.3387 89.7697 7
    endloop
  endfacet
  facet normal -0.427508 -0.904011 0
    outer loop
      vertex 90.8993 92.1711 3
      vertex 91.1078 92.0725 7
      vertex 90.8993 92.1711 7
    endloop
  endfacet
  facet normal -0.427508 -0.904011 -0
    outer loop
      vertex 91.1078 92.0725 7
      vertex 90.8993 92.1711 3
      vertex 91.1078 92.0725 3
    endloop
  endfacet
  facet normal -0.941516 0.336968 0
    outer loop
      vertex 92.1711 89.1007 3
      vertex 92.2488 89.3178 7
      vertex 92.2488 89.3178 3
    endloop
  endfacet
  facet normal -0.941516 0.336968 0
    outer loop
      vertex 92.2488 89.3178 7
      vertex 92.1711 89.1007 3
      vertex 92.1711 89.1007 7
    endloop
  endfacet
  facet normal -0.336968 -0.941516 0
    outer loop
      vertex 90.6822 92.2488 3
      vertex 90.8993 92.1711 7
      vertex 90.6822 92.2488 7
    endloop
  endfacet
  facet normal -0.336968 -0.941516 -0
    outer loop
      vertex 90.8993 92.1711 7
      vertex 90.6822 92.2488 3
      vertex 90.8993 92.1711 3
    endloop
  endfacet
  facet normal 0.803319 -0.595549 0
    outer loop
      vertex 88.0461 91.3056 7
      vertex 88.1834 91.4908 3
      vertex 88.1834 91.4908 7
    endloop
  endfacet
  facet normal 0.803319 -0.595549 0
    outer loop
      vertex 88.1834 91.4908 3
      vertex 88.0461 91.3056 7
      vertex 88.0461 91.3056 3
    endloop
  endfacet
  facet normal -0.803319 -0.595549 0
    outer loop
      vertex 91.9539 91.3056 3
      vertex 91.8166 91.4908 7
      vertex 91.8166 91.4908 3
    endloop
  endfacet
  facet normal -0.803319 -0.595549 0
    outer loop
      vertex 91.8166 91.4908 7
      vertex 91.9539 91.3056 3
      vertex 91.9539 91.3056 7
    endloop
  endfacet
  facet normal -0.514241 -0.857646 0
    outer loop
      vertex 91.1078 92.0725 3
      vertex 91.3056 91.9539 7
      vertex 91.1078 92.0725 7
    endloop
  endfacet
  facet normal -0.514241 -0.857646 -0
    outer loop
      vertex 91.3056 91.9539 7
      vertex 91.1078 92.0725 3
      vertex 91.3056 91.9539 3
    endloop
  endfacet
  facet normal 0.146941 0.989145 -0
    outer loop
      vertex 89.7697 87.6613 3
      vertex 89.5415 87.6952 7
      vertex 89.7697 87.6613 7
    endloop
  endfacet
  facet normal 0.146941 0.989145 0
    outer loop
      vertex 89.5415 87.6952 7
      vertex 89.7697 87.6613 3
      vertex 89.5415 87.6952 3
    endloop
  endfacet
  facet normal 0.857646 0.514241 0
    outer loop
      vertex 88.0461 88.6944 7
      vertex 87.9275 88.8922 3
      vertex 87.9275 88.8922 7
    endloop
  endfacet
  facet normal 0.857646 0.514241 0
    outer loop
      vertex 87.9275 88.8922 3
      vertex 88.0461 88.6944 7
      vertex 88.0461 88.6944 3
    endloop
  endfacet
  facet normal 0.989145 0.146941 0
    outer loop
      vertex 87.6952 89.5415 7
      vertex 87.6613 89.7697 3
      vertex 87.6613 89.7697 7
    endloop
  endfacet
  facet normal 0.989145 0.146941 0
    outer loop
      vertex 87.6613 89.7697 3
      vertex 87.6952 89.5415 7
      vertex 87.6952 89.5415 3
    endloop
  endfacet
  facet normal -0.74094 0.671571 0
    outer loop
      vertex 91.6617 88.3383 3
      vertex 91.8166 88.5092 7
      vertex 91.8166 88.5092 3
    endloop
  endfacet
  facet normal -0.74094 0.671571 0
    outer loop
      vertex 91.8166 88.5092 7
      vertex 91.6617 88.3383 3
      vertex 91.6617 88.3383 7
    endloop
  endfacet
  facet normal 0.970066 -0.242842 0
    outer loop
      vertex 87.6952 90.4585 7
      vertex 87.7512 90.6822 3
      vertex 87.7512 90.6822 7
    endloop
  endfacet
  facet normal 0.970066 -0.242842 0
    outer loop
      vertex 87.7512 90.6822 3
      vertex 87.6952 90.4585 7
      vertex 87.6952 90.4585 3
    endloop
  endfacet
  facet normal 0.242842 -0.970066 0
    outer loop
      vertex 89.3178 92.2488 3
      vertex 89.5415 92.3048 7
      vertex 89.3178 92.2488 7
    endloop
  endfacet
  facet normal 0.242842 -0.970066 0
    outer loop
      vertex 89.5415 92.3048 7
      vertex 89.3178 92.2488 3
      vertex 89.5415 92.3048 3
    endloop
  endfacet
  facet normal 0.336968 -0.941516 0
    outer loop
      vertex 89.1007 92.1711 3
      vertex 89.3178 92.2488 7
      vertex 89.1007 92.1711 7
    endloop
  endfacet
  facet normal 0.336968 -0.941516 0
    outer loop
      vertex 89.3178 92.2488 7
      vertex 89.1007 92.1711 3
      vertex 89.3178 92.2488 3
    endloop
  endfacet
  facet normal -0.595549 -0.803319 0
    outer loop
      vertex 91.3056 91.9539 3
      vertex 91.4908 91.8166 7
      vertex 91.3056 91.9539 7
    endloop
  endfacet
  facet normal -0.595549 -0.803319 -0
    outer loop
      vertex 91.4908 91.8166 7
      vertex 91.3056 91.9539 3
      vertex 91.4908 91.8166 3
    endloop
  endfacet
  facet normal -0.904011 0.427508 0
    outer loop
      vertex 92.0725 88.8922 3
      vertex 92.1711 89.1007 7
      vertex 92.1711 89.1007 3
    endloop
  endfacet
  facet normal -0.904011 0.427508 0
    outer loop
      vertex 92.1711 89.1007 7
      vertex 92.0725 88.8922 3
      vertex 92.0725 88.8922 7
    endloop
  endfacet
  facet normal 0.803319 0.595549 0
    outer loop
      vertex 88.1834 88.5092 7
      vertex 88.0461 88.6944 3
      vertex 88.0461 88.6944 7
    endloop
  endfacet
  facet normal 0.803319 0.595549 0
    outer loop
      vertex 88.0461 88.6944 3
      vertex 88.1834 88.5092 7
      vertex 88.1834 88.5092 3
    endloop
  endfacet
  facet normal -0.989145 0.146941 0
    outer loop
      vertex 92.3048 89.5415 3
      vertex 92.3387 89.7697 7
      vertex 92.3387 89.7697 3
    endloop
  endfacet
  facet normal -0.989145 0.146941 0
    outer loop
      vertex 92.3387 89.7697 7
      vertex 92.3048 89.5415 3
      vertex 92.3048 89.5415 7
    endloop
  endfacet
  facet normal -0.0490075 0.998798 0
    outer loop
      vertex 90.2303 87.6613 3
      vertex 90 87.65 7
      vertex 90.2303 87.6613 7
    endloop
  endfacet
  facet normal -0.0490075 0.998798 0
    outer loop
      vertex 90 87.65 7
      vertex 90.2303 87.6613 3
      vertex 90 87.65 3
    endloop
  endfacet
  facet normal -0.0490075 -0.998798 0
    outer loop
      vertex 90 92.35 3
      vertex 90.2303 92.3387 7
      vertex 90 92.35 7
    endloop
  endfacet
  facet normal -0.0490075 -0.998798 -0
    outer loop
      vertex 90.2303 92.3387 7
      vertex 90 92.35 3
      vertex 90.2303 92.3387 3
    endloop
  endfacet
  facet normal -0.146941 0.989145 0
    outer loop
      vertex 90.4585 87.6952 3
      vertex 90.2303 87.6613 7
      vertex 90.4585 87.6952 7
    endloop
  endfacet
  facet normal -0.146941 0.989145 0
    outer loop
      vertex 90.2303 87.6613 7
      vertex 90.4585 87.6952 3
      vertex 90.2303 87.6613 3
    endloop
  endfacet
  facet normal 0.427508 0.904011 -0
    outer loop
      vertex 89.1007 87.8289 3
      vertex 88.8922 87.9275 7
      vertex 89.1007 87.8289 7
    endloop
  endfacet
  facet normal 0.427508 0.904011 0
    outer loop
      vertex 88.8922 87.9275 7
      vertex 89.1007 87.8289 3
      vertex 88.8922 87.9275 3
    endloop
  endfacet
  facet normal 0.336968 0.941516 -0
    outer loop
      vertex 89.3178 87.7512 3
      vertex 89.1007 87.8289 7
      vertex 89.3178 87.7512 7
    endloop
  endfacet
  facet normal 0.336968 0.941516 0
    outer loop
      vertex 89.1007 87.8289 7
      vertex 89.3178 87.7512 3
      vertex 89.1007 87.8289 3
    endloop
  endfacet
  facet normal -0.671571 -0.74094 0
    outer loop
      vertex 91.4908 91.8166 3
      vertex 91.6617 91.6617 7
      vertex 91.4908 91.8166 7
    endloop
  endfacet
  facet normal -0.671571 -0.74094 -0
    outer loop
      vertex 91.6617 91.6617 7
      vertex 91.4908 91.8166 3
      vertex 91.6617 91.6617 3
    endloop
  endfacet
  facet normal -0.803319 0.595549 0
    outer loop
      vertex 91.8166 88.5092 3
      vertex 91.9539 88.6944 7
      vertex 91.9539 88.6944 3
    endloop
  endfacet
  facet normal -0.803319 0.595549 0
    outer loop
      vertex 91.9539 88.6944 7
      vertex 91.8166 88.5092 3
      vertex 91.8166 88.5092 7
    endloop
  endfacet
  facet normal -0.146941 -0.989145 0
    outer loop
      vertex 90.2303 92.3387 3
      vertex 90.4585 92.3048 7
      vertex 90.2303 92.3387 7
    endloop
  endfacet
  facet normal -0.146941 -0.989145 -0
    outer loop
      vertex 90.4585 92.3048 7
      vertex 90.2303 92.3387 3
      vertex 90.4585 92.3048 3
    endloop
  endfacet
  facet normal 0.0490075 -0.998798 0
    outer loop
      vertex 89.7697 92.3387 3
      vertex 90 92.35 7
      vertex 89.7697 92.3387 7
    endloop
  endfacet
  facet normal 0.0490075 -0.998798 0
    outer loop
      vertex 90 92.35 7
      vertex 89.7697 92.3387 3
      vertex 90 92.35 3
    endloop
  endfacet
  facet normal 0.427508 -0.904011 0
    outer loop
      vertex 88.8922 92.0725 3
      vertex 89.1007 92.1711 7
      vertex 88.8922 92.0725 7
    endloop
  endfacet
  facet normal 0.427508 -0.904011 0
    outer loop
      vertex 89.1007 92.1711 7
      vertex 88.8922 92.0725 3
      vertex 89.1007 92.1711 3
    endloop
  endfacet
  facet normal -0.74094 -0.671571 0
    outer loop
      vertex 91.8166 91.4908 3
      vertex 91.6617 91.6617 7
      vertex 91.6617 91.6617 3
    endloop
  endfacet
  facet normal -0.74094 -0.671571 0
    outer loop
      vertex 91.6617 91.6617 7
      vertex 91.8166 91.4908 3
      vertex 91.8166 91.4908 7
    endloop
  endfacet
  facet normal -0.857646 -0.514241 0
    outer loop
      vertex 92.0725 91.1078 3
      vertex 91.9539 91.3056 7
      vertex 91.9539 91.3056 3
    endloop
  endfacet
  facet normal -0.857646 -0.514241 0
    outer loop
      vertex 91.9539 91.3056 7
      vertex 92.0725 91.1078 3
      vertex 92.0725 91.1078 7
    endloop
  endfacet
  facet normal 0.904011 -0.427508 0
    outer loop
      vertex 87.8289 90.8993 7
      vertex 87.9275 91.1078 3
      vertex 87.9275 91.1078 7
    endloop
  endfacet
  facet normal 0.904011 -0.427508 0
    outer loop
      vertex 87.9275 91.1078 3
      vertex 87.8289 90.8993 7
      vertex 87.8289 90.8993 3
    endloop
  endfacet
  facet normal 0.514241 0.857646 -0
    outer loop
      vertex 88.8922 87.9275 3
      vertex 88.6944 88.0461 7
      vertex 88.8922 87.9275 7
    endloop
  endfacet
  facet normal 0.514241 0.857646 0
    outer loop
      vertex 88.6944 88.0461 7
      vertex 88.8922 87.9275 3
      vertex 88.6944 88.0461 3
    endloop
  endfacet
  facet normal 0.998798 0.0490075 0
    outer loop
      vertex 87.6613 89.7697 7
      vertex 87.65 90 3
      vertex 87.65 90 7
    endloop
  endfacet
  facet normal 0.998798 0.0490075 0
    outer loop
      vertex 87.65 90 3
      vertex 87.6613 89.7697 7
      vertex 87.6613 89.7697 3
    endloop
  endfacet
  facet normal -0.427508 0.904011 0
    outer loop
      vertex 91.1078 87.9275 3
      vertex 90.8993 87.8289 7
      vertex 91.1078 87.9275 7
    endloop
  endfacet
  facet normal -0.427508 0.904011 0
    outer loop
      vertex 90.8993 87.8289 7
      vertex 91.1078 87.9275 3
      vertex 90.8993 87.8289 3
    endloop
  endfacet
  facet normal -0.941516 -0.336968 0
    outer loop
      vertex 92.2488 90.6822 3
      vertex 92.1711 90.8993 7
      vertex 92.1711 90.8993 3
    endloop
  endfacet
  facet normal -0.941516 -0.336968 0
    outer loop
      vertex 92.1711 90.8993 7
      vertex 92.2488 90.6822 3
      vertex 92.2488 90.6822 7
    endloop
  endfacet
  facet normal 0.671571 -0.74094 0
    outer loop
      vertex 88.3383 91.6617 3
      vertex 88.5092 91.8166 7
      vertex 88.3383 91.6617 7
    endloop
  endfacet
  facet normal 0.671571 -0.74094 0
    outer loop
      vertex 88.5092 91.8166 7
      vertex 88.3383 91.6617 3
      vertex 88.5092 91.8166 3
    endloop
  endfacet
  facet normal -0.904011 -0.427508 0
    outer loop
      vertex 92.1711 90.8993 3
      vertex 92.0725 91.1078 7
      vertex 92.0725 91.1078 3
    endloop
  endfacet
  facet normal -0.904011 -0.427508 0
    outer loop
      vertex 92.0725 91.1078 7
      vertex 92.1711 90.8993 3
      vertex 92.1711 90.8993 7
    endloop
  endfacet
  facet normal -0.970066 0.242842 0
    outer loop
      vertex 92.2488 89.3178 3
      vertex 92.3048 89.5415 7
      vertex 92.3048 89.5415 3
    endloop
  endfacet
  facet normal -0.970066 0.242842 0
    outer loop
      vertex 92.3048 89.5415 7
      vertex 92.2488 89.3178 3
      vertex 92.2488 89.3178 7
    endloop
  endfacet
  facet normal 0.941516 0.336968 0
    outer loop
      vertex 87.8289 89.1007 7
      vertex 87.7512 89.3178 3
      vertex 87.7512 89.3178 7
    endloop
  endfacet
  facet normal 0.941516 0.336968 0
    outer loop
      vertex 87.7512 89.3178 3
      vertex 87.8289 89.1007 7
      vertex 87.8289 89.1007 3
    endloop
  endfacet
  facet normal 0.74094 0.671571 0
    outer loop
      vertex 88.3383 88.3383 7
      vertex 88.1834 88.5092 3
      vertex 88.1834 88.5092 7
    endloop
  endfacet
  facet normal 0.74094 0.671571 0
    outer loop
      vertex 88.1834 88.5092 3
      vertex 88.3383 88.3383 7
      vertex 88.3383 88.3383 3
    endloop
  endfacet
  facet normal 0.970066 0.242842 0
    outer loop
      vertex 87.7512 89.3178 7
      vertex 87.6952 89.5415 3
      vertex 87.6952 89.5415 7
    endloop
  endfacet
  facet normal 0.970066 0.242842 0
    outer loop
      vertex 87.6952 89.5415 3
      vertex 87.7512 89.3178 7
      vertex 87.7512 89.3178 3
    endloop
  endfacet
  facet normal -0.336968 0.941516 0
    outer loop
      vertex 90.8993 87.8289 3
      vertex 90.6822 87.7512 7
      vertex 90.8993 87.8289 7
    endloop
  endfacet
  facet normal -0.336968 0.941516 0
    outer loop
      vertex 90.6822 87.7512 7
      vertex 90.8993 87.8289 3
      vertex 90.6822 87.7512 3
    endloop
  endfacet
  facet normal 0.671571 0.74094 -0
    outer loop
      vertex 88.5092 88.1834 3
      vertex 88.3383 88.3383 7
      vertex 88.5092 88.1834 7
    endloop
  endfacet
  facet normal 0.671571 0.74094 0
    outer loop
      vertex 88.3383 88.3383 7
      vertex 88.5092 88.1834 3
      vertex 88.3383 88.3383 3
    endloop
  endfacet
  facet normal 0.989145 -0.146941 0
    outer loop
      vertex 87.6613 90.2303 7
      vertex 87.6952 90.4585 3
      vertex 87.6952 90.4585 7
    endloop
  endfacet
  facet normal 0.989145 -0.146941 0
    outer loop
      vertex 87.6952 90.4585 3
      vertex 87.6613 90.2303 7
      vertex 87.6613 90.2303 3
    endloop
  endfacet
  facet normal 0.74094 -0.671571 0
    outer loop
      vertex 88.1834 91.4908 7
      vertex 88.3383 91.6617 3
      vertex 88.3383 91.6617 7
    endloop
  endfacet
  facet normal 0.74094 -0.671571 0
    outer loop
      vertex 88.3383 91.6617 3
      vertex 88.1834 91.4908 7
      vertex 88.1834 91.4908 3
    endloop
  endfacet
  facet normal -0.595549 0.803319 0
    outer loop
      vertex 91.4908 88.1834 3
      vertex 91.3056 88.0461 7
      vertex 91.4908 88.1834 7
    endloop
  endfacet
  facet normal -0.595549 0.803319 0
    outer loop
      vertex 91.3056 88.0461 7
      vertex 91.4908 88.1834 3
      vertex 91.3056 88.0461 3
    endloop
  endfacet
  facet normal 0.595549 -0.803319 0
    outer loop
      vertex 88.5092 91.8166 3
      vertex 88.6944 91.9539 7
      vertex 88.5092 91.8166 7
    endloop
  endfacet
  facet normal 0.595549 -0.803319 0
    outer loop
      vertex 88.6944 91.9539 7
      vertex 88.5092 91.8166 3
      vertex 88.6944 91.9539 3
    endloop
  endfacet
  facet normal -0.242842 -0.970066 0
    outer loop
      vertex 90.4585 92.3048 3
      vertex 90.6822 92.2488 7
      vertex 90.4585 92.3048 7
    endloop
  endfacet
  facet normal -0.242842 -0.970066 -0
    outer loop
      vertex 90.6822 92.2488 7
      vertex 90.4585 92.3048 3
      vertex 90.6822 92.2488 3
    endloop
  endfacet
  facet normal 0.0490075 0.998798 -0
    outer loop
      vertex 90 87.65 3
      vertex 89.7697 87.6613 7
      vertex 90 87.65 7
    endloop
  endfacet
  facet normal 0.0490075 0.998798 0
    outer loop
      vertex 89.7697 87.6613 7
      vertex 90 87.65 3
      vertex 89.7697 87.6613 3
    endloop
  endfacet
  facet normal -0.671571 0.74094 0
    outer loop
      vertex 91.6617 88.3383 3
      vertex 91.4908 88.1834 7
      vertex 91.6617 88.3383 7
    endloop
  endfacet
  facet normal -0.671571 0.74094 0
    outer loop
      vertex 91.4908 88.1834 7
      vertex 91.6617 88.3383 3
      vertex 91.4908 88.1834 3
    endloop
  endfacet
  facet normal 0 0 1
    outer loop
      vertex 92.3387 90.2303 3
      vertex 92.3387 89.7697 3
      vertex 92.35 90 3
    endloop
  endfacet
  facet normal 0 0 1
    outer loop
      vertex 92.3048 90.4585 3
      vertex 92.3387 89.7697 3
      vertex 92.3387 90.2303 3
    endloop
  endfacet
  facet normal 0 0 1
    outer loop
      vertex 92.3048 90.4585 3
      vertex 92.3048 89.5415 3
      vertex 92.3387 89.7697 3
    endloop
  endfacet
  facet normal 0 0 1
    outer loop
      vertex 92.2488 90.6822 3
      vertex 92.3048 89.5415 3
      vertex 92.3048 90.4585 3
    endloop
  endfacet
  facet normal 0 0 1
    outer loop
      vertex 92.2488 90.6822 3
      vertex 92.2488 89.3178 3
      vertex 92.3048 89.5415 3
    endloop
  endfacet
  facet normal 0 0 1
    outer loop
      vertex 92.1711 90.8993 3
      vertex 92.2488 89.3178 3
      vertex 92.2488 90.6822 3
    endloop
  endfacet
  facet normal 0 0 1
    outer loop
      vertex 92.1711 90.8993 3
      vertex 92.1711 89.1007 3
      vertex 92.2488 89.3178 3
    endloop
  endfacet
  facet normal 0 0 1
    outer loop
      vertex 92.0725 91.1078 3
      vertex 92.1711 89.1007 3
      vertex 92.1711 90.8993 3
    endloop
  endfacet
  facet normal 0 0 1
    outer loop
      vertex 92.0725 91.1078 3
      vertex 92.0725 88.8922 3
      vertex 92.1711 89.1007 3
    endloop
  endfacet
  facet normal 0 0 1
    outer loop
      vertex 91.9539 91.3056 3
      vertex 92.0725 88.8922 3
      vertex 92.0725 91.1078 3
    endloop
  endfacet
  facet normal 0 0 1
    outer loop
      vertex 91.9539 91.3056 3
      vertex 91.9539 88.6944 3
      vertex 92.0725 88.8922 3
    endloop
  endfacet
  facet normal 0 0 1
    outer loop
      vertex 91.8166 91.4908 3
      vertex 91.9539 88.6944 3
      vertex 91.9539 91.3056 3
    endloop
  endfacet
  facet normal 0 0 1
    outer loop
      vertex 91.8166 91.4908 3
      vertex 91.8166 88.5092 3
      vertex 91.9539 88.6944 3
    endloop
  endfacet
  facet normal 0 0 1
    outer loop
      vertex 91.6617 91.6617 3
      vertex 91.8166 88.5092 3
      vertex 91.8166 91.4908 3
    endloop
  endfacet
  facet normal 0 0 1
    outer loop
      vertex 91.6617 91.6617 3
      vertex 91.6617 88.3383 3
      vertex 91.8166 88.5092 3
    endloop
  endfacet
  facet normal 0 0 1
    outer loop
      vertex 91.4908 91.8166 3
      vertex 91.6617 88.3383 3
      vertex 91.6617 91.6617 3
    endloop
  endfacet
  facet normal 0 0 1
    outer loop
      vertex 91.4908 91.8166 3
      vertex 91.4908 88.1834 3
      vertex 91.6617 88.3383 3
    endloop
  endfacet
  facet normal 0 0 1
    outer loop
      vertex 91.3056 91.9539 3
      vertex 91.4908 88.1834 3
      vertex 91.4908 91.8166 3
    endloop
  endfacet
  facet normal 0 0 1
    outer loop
      vertex 91.3056 91.9539 3
      vertex 91.3056 88.0461 3
      vertex 91.4908 88.1834 3
    endloop
  endfacet
  facet normal 0 0 1
    outer loop
      vertex 91.1078 92.0725 3
      vertex 91.3056 88.0461 3
      vertex 91.3056 91.9539 3
    endloop
  endfacet
  facet normal 0 0 1
    outer loop
      vertex 91.1078 92.0725 3
      vertex 91.1078 87.9275 3
      vertex 91.3056 88.0461 3
    endloop
  endfacet
  facet normal 0 0 1
    outer loop
      vertex 90.8993 92.1711 3
      vertex 91.1078 87.9275 3
      vertex 91.1078 92.0725 3
    endloop
  endfacet
  facet normal 0 0 1
    outer loop
      vertex 90.8993 92.1711 3
      vertex 90.8993 87.8289 3
      vertex 91.1078 87.9275 3
    endloop
  endfacet
  facet normal 0 0 1
    outer loop
      vertex 90.6822 92.2488 3
      vertex 90.8993 87.8289 3
      vertex 90.8993 92.1711 3
    endloop
  endfacet
  facet normal 0 0 1
    outer loop
      vertex 90.6822 92.2488 3
      vertex 90.6822 87.7512 3
      vertex 90.8993 87.8289 3
    endloop
  endfacet
  facet normal 0 0 1
    outer loop
      vertex 90.4585 92.3048 3
      vertex 90.6822 87.7512 3
      vertex 90.6822 92.2488 3
    endloop
  endfacet
  facet normal 0 0 1
    outer loop
      vertex 90.4585 92.3048 3
      vertex 90.4585 87.6952 3
      vertex 90.6822 87.7512 3
    endloop
  endfacet
  facet normal 0 0 1
    outer loop
      vertex 90.2303 92.3387 3
      vertex 90.4585 87.6952 3
      vertex 90.4585 92.3048 3
    endloop
  endfacet
  facet normal 0 0 1
    outer loop
      vertex 90.2303 92.3387 3
      vertex 90.2303 87.6613 3
      vertex 90.4585 87.6952 3
    endloop
  endfacet
  facet normal 0 0 1
    outer loop
      vertex 90 92.35 3
      vertex 90.2303 87.6613 3
      vertex 90.2303 92.3387 3
    endloop
  endfacet
  facet normal 0 0 1
    outer loop
      vertex 90 92.35 3
      vertex 90 87.65 3
      vertex 90.2303 87.6613 3
    endloop
  endfacet
  facet normal -0 0 1
    outer loop
      vertex 89.7697 92.3387 3
      vertex 90 87.65 3
      vertex 90 92.35 3
    endloop
  endfacet
  facet normal 0 0 1
    outer loop
      vertex 89.7697 92.3387 3
      vertex 89.7697 87.6613 3
      vertex 90 87.65 3
    endloop
  endfacet
  facet normal -0 0 1
    outer loop
      vertex 89.5415 92.3048 3
      vertex 89.7697 87.6613 3
      vertex 89.7697 92.3387 3
    endloop
  endfacet
  facet normal 0 0 1
    outer loop
      vertex 89.5415 92.3048 3
      vertex 89.5415 87.6952 3
      vertex 89.7697 87.6613 3
    endloop
  endfacet
  facet normal -0 0 1
    outer loop
      vertex 89.3178 92.2488 3
      vertex 89.5415 87.6952 3
      vertex 89.5415 92.3048 3
    endloop
  endfacet
  facet normal 0 0 1
    outer loop
      vertex 89.3178 92.2488 3
      vertex 89.3178 87.7512 3
      vertex 89.5415 87.6952 3
    endloop
  endfacet
  facet normal -0 0 1
    outer loop
      vertex 89.1007 92.1711 3
      vertex 89.3178 87.7512 3
      vertex 89.3178 92.2488 3
    endloop
  endfacet
  facet normal 0 0 1
    outer loop
      vertex 89.1007 92.1711 3
      vertex 89.1007 87.8289 3
      vertex 89.3178 87.7512 3
    endloop
  endfacet
  facet normal -0 0 1
    outer loop
      vertex 88.8922 92.0725 3
      vertex 89.1007 87.8289 3
      vertex 89.1007 92.1711 3
    endloop
  endfacet
  facet normal 0 0 1
    outer loop
      vertex 88.8922 92.0725 3
      vertex 88.8922 87.9275 3
      vertex 89.1007 87.8289 3
    endloop
  endfacet
  facet normal -0 0 1
    outer loop
      vertex 88.6944 91.9539 3
      vertex 88.8922 87.9275 3
      vertex 88.8922 92.0725 3
    endloop
  endfacet
  facet normal 0 0 1
    outer loop
      vertex 88.6944 91.9539 3
      vertex 88.6944 88.0461 3
      vertex 88.8922 87.9275 3
    endloop
  endfacet
  facet normal -0 0 1
    outer loop
      vertex 88.5092 91.8166 3
      vertex 88.6944 88.0461 3
      vertex 88.6944 91.9539 3
    endloop
  endfacet
  facet normal 0 0 1
    outer loop
      vertex 88.5092 91.8166 3
      vertex 88.5092 88.1834 3
      vertex 88.6944 88.0461 3
    endloop
  endfacet
  facet normal -0 0 1
    outer loop
      vertex 88.3383 91.6617 3
      vertex 88.5092 88.1834 3
      vertex 88.5092 91.8166 3
    endloop
  endfacet
  facet normal 0 0 1
    outer loop
      vertex 88.3383 91.6617 3
      vertex 88.3383 88.3383 3
      vertex 88.5092 88.1834 3
    endloop
  endfacet
  facet normal -0 0 1
    outer loop
      vertex 88.1834 91.4908 3
      vertex 88.3383 88.3383 3
      vertex 88.3383 91.6617 3
    endloop
  endfacet
  facet normal 0 0 1
    outer loop
      vertex 88.1834 91.4908 3
      vertex 88.1834 88.5092 3
      vertex 88.3383 88.3383 3
    endloop
  endfacet
  facet normal -0 0 1
    outer loop
      vertex 88.0461 91.3056 3
      vertex 88.1834 88.5092 3
      vertex 88.1834 91.4908 3
    endloop
  endfacet
  facet normal 0 0 1
    outer loop
      vertex 88.0461 91.3056 3
      vertex 88.0461 88.6944 3
      vertex 88.1834 88.5092 3
    endloop
  endfacet
  facet normal -0 0 1
    outer loop
      vertex 87.9275 91.1078 3
      vertex 88.0461 88.6944 3
      vertex 88.0461 91.3056 3
    endloop
  endfacet
  facet normal 0 0 1
    outer loop
      vertex 87.9275 91.1078 3
      vertex 87.9275 88.8922 3
      vertex 88.0461 88.6944 3
    endloop
  endfacet
  facet normal -0 0 1
    outer loop
      vertex 87.8289 90.8993 3
      vertex 87.9275 88.8922 3
      vertex 87.9275 91.1078 3
    endloop
  endfacet
  facet normal 0 0 1
    outer loop
      vertex 87.8289 90.8993 3
      vertex 87.8289 89.1007 3
      vertex 87.9275 88.8922 3
    endloop
  endfacet
  facet normal -0 0 1
    outer loop
      vertex 87.7512 90.6822 3
      vertex 87.8289 89.1007 3
      vertex 87.8289 90.8993 3
    endloop
  endfacet
  facet normal 0 0 1
    outer loop
      vertex 87.7512 90.6822 3
      vertex 87.7512 89.3178 3
      vertex 87.8289 89.1007 3
    endloop
  endfacet
  facet normal -0 0 1
    outer loop
      vertex 87.6952 90.4585 3
      vertex 87.7512 89.3178 3
      vertex 87.7512 90.6822 3
    endloop
  endfacet
  facet normal 0 0 1
    outer loop
      vertex 87.6952 90.4585 3
      vertex 87.6952 89.5415 3
      vertex 87.7512 89.3178 3
    endloop
  endfacet
  facet normal -0 0 1
    outer loop
      vertex 87.6613 90.2303 3
      vertex 87.6952 89.5415 3
      vertex 87.6952 90.4585 3
    endloop
  endfacet
  facet normal 0 0 1
    outer loop
      vertex 87.6613 90.2303 3
      vertex 87.6613 89.7697 3
      vertex 87.6952 89.5415 3
    endloop
  endfacet
  facet normal 0 -0 1
    outer loop
      vertex 87.6613 89.7697 3
      vertex 87.6613 90.2303 3
      vertex 87.65 90 3
    endloop
  endfacet
  facet normal -0.514241 0.857646 0
    outer loop
      vertex 91.3056 88.0461 3
      vertex 91.1078 87.9275 7
      vertex 91.3056 88.0461 7
    endloop
  endfacet
  facet normal -0.514241 0.857646 0
    outer loop
      vertex 91.1078 87.9275 7
      vertex 91.3056 88.0461 3
      vertex 91.1078 87.9275 3
    endloop
  endfacet
  facet normal -0.857646 0.514241 0
    outer loop
      vertex 91.9539 88.6944 3
      vertex 92.0725 88.8922 7
      vertex 92.0725 88.8922 3
    endloop
  endfacet
  facet normal -0.857646 0.514241 0
    outer loop
      vertex 92.0725 88.8922 7
      vertex 91.9539 88.6944 3
      vertex 91.9539 88.6944 7
    endloop
  endfacet
  facet normal -0.242842 0.970066 0
    outer loop
      vertex 90.6822 87.7512 3
      vertex 90.4585 87.6952 7
      vertex 90.6822 87.7512 7
    endloop
  endfacet
  facet normal -0.242842 0.970066 0
    outer loop
      vertex 90.4585 87.6952 7
      vertex 90.6822 87.7512 3
      vertex 90.4585 87.6952 3
    endloop
  endfacet
  facet normal 0.514241 -0.857646 0
    outer loop
      vertex 88.6944 91.9539 3
      vertex 88.8922 92.0725 7
      vertex 88.6944 91.9539 7
    endloop
  endfacet
  facet normal 0.514241 -0.857646 0
    outer loop
      vertex 88.8922 92.0725 7
      vertex 88.6944 91.9539 3
      vertex 88.8922 92.0725 3
    endloop
  endfacet
  facet normal 0.941516 -0.336968 0
    outer loop
      vertex 87.7512 90.6822 7
      vertex 87.8289 90.8993 3
      vertex 87.8289 90.8993 7
    endloop
  endfacet
  facet normal 0.941516 -0.336968 0
    outer loop
      vertex 87.8289 90.8993 3
      vertex 87.7512 90.6822 7
      vertex 87.7512 90.6822 3
    endloop
  endfacet
  facet normal 0.998798 -0.0490075 0
    outer loop
      vertex 87.65 90 7
      vertex 87.6613 90.2303 3
      vertex 87.6613 90.2303 7
    endloop
  endfacet
  facet normal 0.998798 -0.0490075 0
    outer loop
      vertex 87.6613 90.2303 3
      vertex 87.65 90 7
      vertex 87.65 90 3
    endloop
  endfacet
  facet normal 0.242842 0.970066 -0
    outer loop
      vertex 89.5415 87.6952 3
      vertex 89.3178 87.7512 7
      vertex 89.5415 87.6952 7
    endloop
  endfacet
  facet normal 0.242842 0.970066 0
    outer loop
      vertex 89.3178 87.7512 7
      vertex 89.5415 87.6952 3
      vertex 89.3178 87.7512 3
    endloop
  endfacet
  facet normal 0.595549 0.803319 -0
    outer loop
      vertex 88.6944 88.0461 3
      vertex 88.5092 88.1834 7
      vertex 88.6944 88.0461 7
    endloop
  endfacet
  facet normal 0.595549 0.803319 0
    outer loop
      vertex 88.5092 88.1834 7
      vertex 88.6944 88.0461 3
      vertex 88.5092 88.1834 3
    endloop
  endfacet
  facet normal 0.904011 0.427508 0
    outer loop
      vertex 87.9275 88.8922 7
      vertex 87.8289 89.1007 3
      vertex 87.8289 89.1007 7
    endloop
  endfacet
  facet normal 0.904011 0.427508 0
    outer loop
      vertex 87.8289 89.1007 3
      vertex 87.9275 88.8922 7
      vertex 87.9275 88.8922 3
    endloop
  endfacet
  facet normal 0.857646 -0.514241 0
    outer loop
      vertex 87.9275 91.1078 7
      vertex 88.0461 91.3056 3
      vertex 88.0461 91.3056 7
    endloop
  endfacet
  facet normal 0.857646 -0.514241 0
    outer loop
      vertex 88.0461 91.3056 3
      vertex 87.9275 91.1078 7
      vertex 87.9275 91.1078 3
    endloop
  endfacet
  facet normal -0.42744 -0.904044 0
    outer loop
      vertex 88.1144 44.4723 2
      vertex 88.4693 44.3045 7
      vertex 88.1144 44.4723 7
    endloop
  endfacet
  facet normal -0.42744 -0.904044 -0
    outer loop
      vertex 88.4693 44.3045 7
      vertex 88.1144 44.4723 2
      vertex 88.4693 44.3045 2
    endloop
  endfacet
  facet normal 0.989176 0.146733 0
    outer loop
      vertex 93.9807 48.3921 7
      vertex 93.9231 48.7804 2
      vertex 93.9231 48.7804 7
    endloop
  endfacet
  facet normal 0.989176 0.146733 0
    outer loop
      vertex 93.9231 48.7804 2
      vertex 93.9807 48.3921 7
      vertex 93.9807 48.3921 2
    endloop
  endfacet
  facet normal 0.998791 0.0491626 0
    outer loop
      vertex 94 48 7
      vertex 93.9807 48.3921 2
      vertex 93.9807 48.3921 7
    endloop
  endfacet
  facet normal 0.998791 0.0491626 0
    outer loop
      vertex 93.9807 48.3921 2
      vertex 94 48 7
      vertex 94 48 2
    endloop
  endfacet
  facet normal 0.970068 0.242835 0
    outer loop
      vertex 93.9231 48.7804 7
      vertex 93.8278 49.1611 2
      vertex 93.8278 49.1611 7
    endloop
  endfacet
  facet normal 0.970068 0.242835 0
    outer loop
      vertex 93.8278 49.1611 2
      vertex 93.9231 48.7804 7
      vertex 93.9231 48.7804 2
    endloop
  endfacet
  facet normal 0.42744 -0.904044 0
    outer loop
      vertex 91.5307 44.3045 2
      vertex 91.8856 44.4723 7
      vertex 91.5307 44.3045 7
    endloop
  endfacet
  facet normal 0.42744 -0.904044 0
    outer loop
      vertex 91.8856 44.4723 7
      vertex 91.5307 44.3045 2
      vertex 91.8856 44.4723 2
    endloop
  endfacet
  facet normal -0.671607 0.740908 0
    outer loop
      vertex 87.4624 51.092 2
      vertex 87.1716 50.8284 7
      vertex 87.4624 51.092 7
    endloop
  endfacet
  facet normal -0.671607 0.740908 0
    outer loop
      vertex 87.1716 50.8284 7
      vertex 87.4624 51.092 2
      vertex 87.1716 50.8284 2
    endloop
  endfacet
  facet normal -0.970068 -0.242835 0
    outer loop
      vertex 86.1722 46.8389 2
      vertex 86.0769 47.2196 7
      vertex 86.0769 47.2196 2
    endloop
  endfacet
  facet normal -0.970068 -0.242835 0
    outer loop
      vertex 86.0769 47.2196 7
      vertex 86.1722 46.8389 2
      vertex 86.1722 46.8389 7
    endloop
  endfacet
  facet normal 0.42744 0.904044 -0
    outer loop
      vertex 91.8856 51.5277 2
      vertex 91.5307 51.6955 7
      vertex 91.8856 51.5277 7
    endloop
  endfacet
  facet normal 0.42744 0.904044 0
    outer loop
      vertex 91.5307 51.6955 7
      vertex 91.8856 51.5277 2
      vertex 91.5307 51.6955 2
    endloop
  endfacet
  facet normal -0.989176 0.146733 0
    outer loop
      vertex 86.0193 48.3921 2
      vertex 86.0769 48.7804 7
      vertex 86.0769 48.7804 2
    endloop
  endfacet
  facet normal -0.989176 0.146733 0
    outer loop
      vertex 86.0769 48.7804 7
      vertex 86.0193 48.3921 2
      vertex 86.0193 48.3921 7
    endloop
  endfacet
  facet normal -0.146733 -0.989176 0
    outer loop
      vertex 89.2196 44.0769 2
      vertex 89.6079 44.0193 7
      vertex 89.2196 44.0769 7
    endloop
  endfacet
  facet normal -0.146733 -0.989176 -0
    outer loop
      vertex 89.6079 44.0193 7
      vertex 89.2196 44.0769 2
      vertex 89.6079 44.0193 2
    endloop
  endfacet
  facet normal 0.242835 0.970068 -0
    outer loop
      vertex 91.1611 51.8278 2
      vertex 90.7804 51.9231 7
      vertex 91.1611 51.8278 7
    endloop
  endfacet
  facet normal 0.242835 0.970068 0
    outer loop
      vertex 90.7804 51.9231 7
      vertex 91.1611 51.8278 2
      vertex 90.7804 51.9231 2
    endloop
  endfacet
  facet normal -0.740908 0.671607 0
    outer loop
      vertex 86.908 50.5376 2
      vertex 87.1716 50.8284 7
      vertex 87.1716 50.8284 2
    endloop
  endfacet
  facet normal -0.740908 0.671607 0
    outer loop
      vertex 87.1716 50.8284 7
      vertex 86.908 50.5376 2
      vertex 86.908 50.5376 7
    endloop
  endfacet
  facet normal 0.514084 -0.85774 0
    outer loop
      vertex 91.8856 44.4723 2
      vertex 92.2223 44.6741 7
      vertex 91.8856 44.4723 7
    endloop
  endfacet
  facet normal 0.514084 -0.85774 0
    outer loop
      vertex 92.2223 44.6741 7
      vertex 91.8856 44.4723 2
      vertex 92.2223 44.6741 2
    endloop
  endfacet
  facet normal -0.242835 -0.970068 0
    outer loop
      vertex 88.8389 44.1722 2
      vertex 89.2196 44.0769 7
      vertex 88.8389 44.1722 7
    endloop
  endfacet
  facet normal -0.242835 -0.970068 -0
    outer loop
      vertex 89.2196 44.0769 7
      vertex 88.8389 44.1722 2
      vertex 89.2196 44.0769 2
    endloop
  endfacet
  facet normal -0.337014 0.9415 0
    outer loop
      vertex 88.8389 51.8278 2
      vertex 88.4693 51.6955 7
      vertex 88.8389 51.8278 7
    endloop
  endfacet
  facet normal -0.337014 0.9415 0
    outer loop
      vertex 88.4693 51.6955 7
      vertex 88.8389 51.8278 2
      vertex 88.4693 51.6955 2
    endloop
  endfacet
  facet normal 0.0491626 -0.998791 0
    outer loop
      vertex 90 44 2
      vertex 90.3921 44.0193 7
      vertex 90 44 7
    endloop
  endfacet
  facet normal 0.0491626 -0.998791 0
    outer loop
      vertex 90.3921 44.0193 7
      vertex 90 44 2
      vertex 90.3921 44.0193 2
    endloop
  endfacet
  facet normal 0.146733 -0.989176 0
    outer loop
      vertex 90.3921 44.0193 2
      vertex 90.7804 44.0769 7
      vertex 90.3921 44.0193 7
    endloop
  endfacet
  facet normal 0.146733 -0.989176 0
    outer loop
      vertex 90.7804 44.0769 7
      vertex 90.3921 44.0193 2
      vertex 90.7804 44.0769 2
    endloop
  endfacet
  facet normal -0.0491626 0.998791 0
    outer loop
      vertex 90 52 2
      vertex 89.6079 51.9807 7
      vertex 90 52 7
    endloop
  endfacet
  facet normal -0.0491626 0.998791 0
    outer loop
      vertex 89.6079 51.9807 7
      vertex 90 52 2
      vertex 89.6079 51.9807 2
    endloop
  endfacet
  facet normal -0.595794 -0.803137 0
    outer loop
      vertex 87.4624 44.908 2
      vertex 87.7777 44.6741 7
      vertex 87.4624 44.908 7
    endloop
  endfacet
  facet normal -0.595794 -0.803137 -0
    outer loop
      vertex 87.7777 44.6741 7
      vertex 87.4624 44.908 2
      vertex 87.7777 44.6741 2
    endloop
  endfacet
  facet normal -0.904044 -0.42744 0
    outer loop
      vertex 86.4723 46.1144 2
      vertex 86.3045 46.4693 7
      vertex 86.3045 46.4693 2
    endloop
  endfacet
  facet normal -0.904044 -0.42744 0
    outer loop
      vertex 86.3045 46.4693 7
      vertex 86.4723 46.1144 2
      vertex 86.4723 46.1144 7
    endloop
  endfacet
  facet normal -0.146733 0.989176 0
    outer loop
      vertex 89.6079 51.9807 2
      vertex 89.2196 51.9231 7
      vertex 89.6079 51.9807 7
    endloop
  endfacet
  facet normal -0.146733 0.989176 0
    outer loop
      vertex 89.2196 51.9231 7
      vertex 89.6079 51.9807 2
      vertex 89.2196 51.9231 2
    endloop
  endfacet
  facet normal 0.595794 -0.803137 0
    outer loop
      vertex 92.2223 44.6741 2
      vertex 92.5376 44.908 7
      vertex 92.2223 44.6741 7
    endloop
  endfacet
  facet normal 0.595794 -0.803137 0
    outer loop
      vertex 92.5376 44.908 7
      vertex 92.2223 44.6741 2
      vertex 92.5376 44.908 2
    endloop
  endfacet
  facet normal 0.0491626 0.998791 -0
    outer loop
      vertex 90.3921 51.9807 2
      vertex 90 52 7
      vertex 90.3921 51.9807 7
    endloop
  endfacet
  facet normal 0.0491626 0.998791 0
    outer loop
      vertex 90 52 7
      vertex 90.3921 51.9807 2
      vertex 90 52 2
    endloop
  endfacet
  facet normal 0.514084 0.85774 -0
    outer loop
      vertex 92.2223 51.3259 2
      vertex 91.8856 51.5277 7
      vertex 92.2223 51.3259 7
    endloop
  endfacet
  facet normal 0.514084 0.85774 0
    outer loop
      vertex 91.8856 51.5277 7
      vertex 92.2223 51.3259 2
      vertex 91.8856 51.5277 2
    endloop
  endfacet
  facet normal -0.998791 -0.0491626 0
    outer loop
      vertex 86.0193 47.6079 2
      vertex 86 48 7
      vertex 86 48 2
    endloop
  endfacet
  facet normal -0.998791 -0.0491626 0
    outer loop
      vertex 86 48 7
      vertex 86.0193 47.6079 2
      vertex 86.0193 47.6079 7
    endloop
  endfacet
  facet normal -0.904044 0.42744 0
    outer loop
      vertex 86.3045 49.5307 2
      vertex 86.4723 49.8856 7
      vertex 86.4723 49.8856 2
    endloop
  endfacet
  facet normal -0.904044 0.42744 0
    outer loop
      vertex 86.4723 49.8856 7
      vertex 86.3045 49.5307 2
      vertex 86.3045 49.5307 7
    endloop
  endfacet
  facet normal 0.970068 -0.242835 0
    outer loop
      vertex 93.8278 46.8389 7
      vertex 93.9231 47.2196 2
      vertex 93.9231 47.2196 7
    endloop
  endfacet
  facet normal 0.970068 -0.242835 0
    outer loop
      vertex 93.9231 47.2196 2
      vertex 93.8278 46.8389 7
      vertex 93.8278 46.8389 2
    endloop
  endfacet
  facet normal 0.740908 0.671607 0
    outer loop
      vertex 93.092 50.5376 7
      vertex 92.8284 50.8284 2
      vertex 92.8284 50.8284 7
    endloop
  endfacet
  facet normal 0.740908 0.671607 0
    outer loop
      vertex 92.8284 50.8284 2
      vertex 93.092 50.5376 7
      vertex 93.092 50.5376 2
    endloop
  endfacet
  facet normal 0.595794 0.803137 -0
    outer loop
      vertex 92.5376 51.092 2
      vertex 92.2223 51.3259 7
      vertex 92.5376 51.092 7
    endloop
  endfacet
  facet normal 0.595794 0.803137 0
    outer loop
      vertex 92.2223 51.3259 7
      vertex 92.5376 51.092 2
      vertex 92.2223 51.3259 2
    endloop
  endfacet
  facet normal -0.595794 0.803137 0
    outer loop
      vertex 87.7777 51.3259 2
      vertex 87.4624 51.092 7
      vertex 87.7777 51.3259 7
    endloop
  endfacet
  facet normal -0.595794 0.803137 0
    outer loop
      vertex 87.4624 51.092 7
      vertex 87.7777 51.3259 2
      vertex 87.4624 51.092 2
    endloop
  endfacet
  facet normal 0.803137 0.595794 0
    outer loop
      vertex 93.3259 50.2223 7
      vertex 93.092 50.5376 2
      vertex 93.092 50.5376 7
    endloop
  endfacet
  facet normal 0.803137 0.595794 0
    outer loop
      vertex 93.092 50.5376 2
      vertex 93.3259 50.2223 7
      vertex 93.3259 50.2223 2
    endloop
  endfacet
  facet normal 0.989176 -0.146733 0
    outer loop
      vertex 93.9231 47.2196 7
      vertex 93.9807 47.6079 2
      vertex 93.9807 47.6079 7
    endloop
  endfacet
  facet normal 0.989176 -0.146733 0
    outer loop
      vertex 93.9807 47.6079 2
      vertex 93.9231 47.2196 7
      vertex 93.9231 47.2196 2
    endloop
  endfacet
  facet normal -0.9415 0.337014 0
    outer loop
      vertex 86.1722 49.1611 2
      vertex 86.3045 49.5307 7
      vertex 86.3045 49.5307 2
    endloop
  endfacet
  facet normal -0.9415 0.337014 0
    outer loop
      vertex 86.3045 49.5307 7
      vertex 86.1722 49.1611 2
      vertex 86.1722 49.1611 7
    endloop
  endfacet
  facet normal 0.904044 -0.42744 0
    outer loop
      vertex 93.5277 46.1144 7
      vertex 93.6955 46.4693 2
      vertex 93.6955 46.4693 7
    endloop
  endfacet
  facet normal 0.904044 -0.42744 0
    outer loop
      vertex 93.6955 46.4693 2
      vertex 93.5277 46.1144 7
      vertex 93.5277 46.1144 2
    endloop
  endfacet
  facet normal 0.998791 -0.0491626 0
    outer loop
      vertex 93.9807 47.6079 7
      vertex 94 48 2
      vertex 94 48 7
    endloop
  endfacet
  facet normal 0.998791 -0.0491626 0
    outer loop
      vertex 94 48 2
      vertex 93.9807 47.6079 7
      vertex 93.9807 47.6079 2
    endloop
  endfacet
  facet normal 0.337014 -0.9415 0
    outer loop
      vertex 91.1611 44.1722 2
      vertex 91.5307 44.3045 7
      vertex 91.1611 44.1722 7
    endloop
  endfacet
  facet normal 0.337014 -0.9415 0
    outer loop
      vertex 91.5307 44.3045 7
      vertex 91.1611 44.1722 2
      vertex 91.5307 44.3045 2
    endloop
  endfacet
  facet normal 0.9415 0.337014 0
    outer loop
      vertex 93.8278 49.1611 7
      vertex 93.6955 49.5307 2
      vertex 93.6955 49.5307 7
    endloop
  endfacet
  facet normal 0.9415 0.337014 0
    outer loop
      vertex 93.6955 49.5307 2
      vertex 93.8278 49.1611 7
      vertex 93.8278 49.1611 2
    endloop
  endfacet
  facet normal 0.803137 -0.595794 0
    outer loop
      vertex 93.092 45.4624 7
      vertex 93.3259 45.7777 2
      vertex 93.3259 45.7777 7
    endloop
  endfacet
  facet normal 0.803137 -0.595794 0
    outer loop
      vertex 93.3259 45.7777 2
      vertex 93.092 45.4624 7
      vertex 93.092 45.4624 2
    endloop
  endfacet
  facet normal 0.85774 -0.514084 0
    outer loop
      vertex 93.3259 45.7777 7
      vertex 93.5277 46.1144 2
      vertex 93.5277 46.1144 7
    endloop
  endfacet
  facet normal 0.85774 -0.514084 0
    outer loop
      vertex 93.5277 46.1144 2
      vertex 93.3259 45.7777 7
      vertex 93.3259 45.7777 2
    endloop
  endfacet
  facet normal 0.9415 -0.337014 0
    outer loop
      vertex 93.6955 46.4693 7
      vertex 93.8278 46.8389 2
      vertex 93.8278 46.8389 7
    endloop
  endfacet
  facet normal 0.9415 -0.337014 0
    outer loop
      vertex 93.8278 46.8389 2
      vertex 93.6955 46.4693 7
      vertex 93.6955 46.4693 2
    endloop
  endfacet
  facet normal -0.242835 0.970068 0
    outer loop
      vertex 89.2196 51.9231 2
      vertex 88.8389 51.8278 7
      vertex 89.2196 51.9231 7
    endloop
  endfacet
  facet normal -0.242835 0.970068 0
    outer loop
      vertex 88.8389 51.8278 7
      vertex 89.2196 51.9231 2
      vertex 88.8389 51.8278 2
    endloop
  endfacet
  facet normal 0.904044 0.42744 0
    outer loop
      vertex 93.6955 49.5307 7
      vertex 93.5277 49.8856 2
      vertex 93.5277 49.8856 7
    endloop
  endfacet
  facet normal 0.904044 0.42744 0
    outer loop
      vertex 93.5277 49.8856 2
      vertex 93.6955 49.5307 7
      vertex 93.6955 49.5307 2
    endloop
  endfacet
  facet normal 0.146733 0.989176 -0
    outer loop
      vertex 90.7804 51.9231 2
      vertex 90.3921 51.9807 7
      vertex 90.7804 51.9231 7
    endloop
  endfacet
  facet normal 0.146733 0.989176 0
    outer loop
      vertex 90.3921 51.9807 7
      vertex 90.7804 51.9231 2
      vertex 90.3921 51.9807 2
    endloop
  endfacet
  facet normal -0.85774 -0.514084 0
    outer loop
      vertex 86.6741 45.7777 2
      vertex 86.4723 46.1144 7
      vertex 86.4723 46.1144 2
    endloop
  endfacet
  facet normal -0.85774 -0.514084 0
    outer loop
      vertex 86.4723 46.1144 7
      vertex 86.6741 45.7777 2
      vertex 86.6741 45.7777 7
    endloop
  endfacet
  facet normal 0.85774 0.514084 0
    outer loop
      vertex 93.5277 49.8856 7
      vertex 93.3259 50.2223 2
      vertex 93.3259 50.2223 7
    endloop
  endfacet
  facet normal 0.85774 0.514084 0
    outer loop
      vertex 93.3259 50.2223 2
      vertex 93.5277 49.8856 7
      vertex 93.5277 49.8856 2
    endloop
  endfacet
  facet normal -0.740908 -0.671607 0
    outer loop
      vertex 87.1716 45.1716 2
      vertex 86.908 45.4624 7
      vertex 86.908 45.4624 2
    endloop
  endfacet
  facet normal -0.740908 -0.671607 0
    outer loop
      vertex 86.908 45.4624 7
      vertex 87.1716 45.1716 2
      vertex 87.1716 45.1716 7
    endloop
  endfacet
  facet normal 0.242835 -0.970068 0
    outer loop
      vertex 90.7804 44.0769 2
      vertex 91.1611 44.1722 7
      vertex 90.7804 44.0769 7
    endloop
  endfacet
  facet normal 0.242835 -0.970068 0
    outer loop
      vertex 91.1611 44.1722 7
      vertex 90.7804 44.0769 2
      vertex 91.1611 44.1722 2
    endloop
  endfacet
  facet normal -0.514084 0.85774 0
    outer loop
      vertex 88.1144 51.5277 2
      vertex 87.7777 51.3259 7
      vertex 88.1144 51.5277 7
    endloop
  endfacet
  facet normal -0.514084 0.85774 0
    outer loop
      vertex 87.7777 51.3259 7
      vertex 88.1144 51.5277 2
      vertex 87.7777 51.3259 2
    endloop
  endfacet
  facet normal -0.42744 0.904044 0
    outer loop
      vertex 88.4693 51.6955 2
      vertex 88.1144 51.5277 7
      vertex 88.4693 51.6955 7
    endloop
  endfacet
  facet normal -0.42744 0.904044 0
    outer loop
      vertex 88.1144 51.5277 7
      vertex 88.4693 51.6955 2
      vertex 88.1144 51.5277 2
    endloop
  endfacet
  facet normal -0.9415 -0.337014 0
    outer loop
      vertex 86.3045 46.4693 2
      vertex 86.1722 46.8389 7
      vertex 86.1722 46.8389 2
    endloop
  endfacet
  facet normal -0.9415 -0.337014 0
    outer loop
      vertex 86.1722 46.8389 7
      vertex 86.3045 46.4693 2
      vertex 86.3045 46.4693 7
    endloop
  endfacet
  facet normal -0.514084 -0.85774 0
    outer loop
      vertex 87.7777 44.6741 2
      vertex 88.1144 44.4723 7
      vertex 87.7777 44.6741 7
    endloop
  endfacet
  facet normal -0.514084 -0.85774 -0
    outer loop
      vertex 88.1144 44.4723 7
      vertex 87.7777 44.6741 2
      vertex 88.1144 44.4723 2
    endloop
  endfacet
  facet normal 0.671607 0.740908 -0
    outer loop
      vertex 92.8284 50.8284 2
      vertex 92.5376 51.092 7
      vertex 92.8284 50.8284 7
    endloop
  endfacet
  facet normal 0.671607 0.740908 0
    outer loop
      vertex 92.5376 51.092 7
      vertex 92.8284 50.8284 2
      vertex 92.5376 51.092 2
    endloop
  endfacet
  facet normal 0.337014 0.9415 -0
    outer loop
      vertex 91.5307 51.6955 2
      vertex 91.1611 51.8278 7
      vertex 91.5307 51.6955 7
    endloop
  endfacet
  facet normal 0.337014 0.9415 0
    outer loop
      vertex 91.1611 51.8278 7
      vertex 91.5307 51.6955 2
      vertex 91.1611 51.8278 2
    endloop
  endfacet
  facet normal -0.970068 0.242835 0
    outer loop
      vertex 86.0769 48.7804 2
      vertex 86.1722 49.1611 7
      vertex 86.1722 49.1611 2
    endloop
  endfacet
  facet normal -0.970068 0.242835 0
    outer loop
      vertex 86.1722 49.1611 7
      vertex 86.0769 48.7804 2
      vertex 86.0769 48.7804 7
    endloop
  endfacet
  facet normal -0.803137 -0.595794 0
    outer loop
      vertex 86.908 45.4624 2
      vertex 86.6741 45.7777 7
      vertex 86.6741 45.7777 2
    endloop
  endfacet
  facet normal -0.803137 -0.595794 0
    outer loop
      vertex 86.6741 45.7777 7
      vertex 86.908 45.4624 2
      vertex 86.908 45.4624 7
    endloop
  endfacet
  facet normal -0.989176 -0.146733 0
    outer loop
      vertex 86.0769 47.2196 2
      vertex 86.0193 47.6079 7
      vertex 86.0193 47.6079 2
    endloop
  endfacet
  facet normal -0.989176 -0.146733 0
    outer loop
      vertex 86.0193 47.6079 7
      vertex 86.0769 47.2196 2
      vertex 86.0769 47.2196 7
    endloop
  endfacet
  facet normal -0.671607 -0.740908 0
    outer loop
      vertex 87.1716 45.1716 2
      vertex 87.4624 44.908 7
      vertex 87.1716 45.1716 7
    endloop
  endfacet
  facet normal -0.671607 -0.740908 -0
    outer loop
      vertex 87.4624 44.908 7
      vertex 87.1716 45.1716 2
      vertex 87.4624 44.908 2
    endloop
  endfacet
  facet normal -0.803137 0.595794 0
    outer loop
      vertex 86.6741 50.2223 2
      vertex 86.908 50.5376 7
      vertex 86.908 50.5376 2
    endloop
  endfacet
  facet normal -0.803137 0.595794 0
    outer loop
      vertex 86.908 50.5376 7
      vertex 86.6741 50.2223 2
      vertex 86.6741 50.2223 7
    endloop
  endfacet
  facet normal -0.85774 0.514084 0
    outer loop
      vertex 86.4723 49.8856 2
      vertex 86.6741 50.2223 7
      vertex 86.6741 50.2223 2
    endloop
  endfacet
  facet normal -0.85774 0.514084 0
    outer loop
      vertex 86.6741 50.2223 7
      vertex 86.4723 49.8856 2
      vertex 86.4723 49.8856 7
    endloop
  endfacet
  facet normal 0 0 1
    outer loop
      vertex 92.35 48 7
      vertex 94 48 7
      vertex 93.9807 48.3921 7
    endloop
  endfacet
  facet normal 0 0 1
    outer loop
      vertex 92.3387 48.2303 7
      vertex 93.9807 48.3921 7
      vertex 93.9231 48.7804 7
    endloop
  endfacet
  facet normal 0 0 1
    outer loop
      vertex 94 48 7
      vertex 92.35 48 7
      vertex 93.9807 47.6079 7
    endloop
  endfacet
  facet normal 0 0 1
    outer loop
      vertex 92.3048 48.4585 7
      vertex 93.9231 48.7804 7
      vertex 93.8278 49.1611 7
    endloop
  endfacet
  facet normal -0 0 1
    outer loop
      vertex 92.3387 47.7697 7
      vertex 93.9807 47.6079 7
      vertex 92.35 48 7
    endloop
  endfacet
  facet normal 0 0 1
    outer loop
      vertex 92.2488 48.6822 7
      vertex 93.8278 49.1611 7
      vertex 93.6955 49.5307 7
    endloop
  endfacet
  facet normal 0 0 1
    outer loop
      vertex 93.9807 47.6079 7
      vertex 92.3387 47.7697 7
      vertex 93.9231 47.2196 7
    endloop
  endfacet
  facet normal 0 0 1
    outer loop
      vertex 92.1711 48.8993 7
      vertex 93.6955 49.5307 7
      vertex 93.5277 49.8856 7
    endloop
  endfacet
  facet normal -0 0 1
    outer loop
      vertex 92.3048 47.5415 7
      vertex 93.9231 47.2196 7
      vertex 92.3387 47.7697 7
    endloop
  endfacet
  facet normal 0 0 1
    outer loop
      vertex 92.0725 49.1078 7
      vertex 93.5277 49.8856 7
      vertex 93.3259 50.2223 7
    endloop
  endfacet
  facet normal 0 0 1
    outer loop
      vertex 93.9231 47.2196 7
      vertex 92.3048 47.5415 7
      vertex 93.8278 46.8389 7
    endloop
  endfacet
  facet normal 0 0 1
    outer loop
      vertex 91.9539 49.3056 7
      vertex 93.3259 50.2223 7
      vertex 93.092 50.5376 7
    endloop
  endfacet
  facet normal -0 0 1
    outer loop
      vertex 92.2488 47.3178 7
      vertex 93.8278 46.8389 7
      vertex 92.3048 47.5415 7
    endloop
  endfacet
  facet normal 0 0 1
    outer loop
      vertex 91.8166 49.4908 7
      vertex 93.092 50.5376 7
      vertex 92.8284 50.8284 7
    endloop
  endfacet
  facet normal 0 0 1
    outer loop
      vertex 93.8278 46.8389 7
      vertex 92.2488 47.3178 7
      vertex 93.6955 46.4693 7
    endloop
  endfacet
  facet normal 0 0 1
    outer loop
      vertex 91.6617 49.6617 7
      vertex 92.8284 50.8284 7
      vertex 92.5376 51.092 7
    endloop
  endfacet
  facet normal -0 0 1
    outer loop
      vertex 92.1711 47.1007 7
      vertex 93.6955 46.4693 7
      vertex 92.2488 47.3178 7
    endloop
  endfacet
  facet normal 0 0 1
    outer loop
      vertex 93.6955 46.4693 7
      vertex 92.1711 47.1007 7
      vertex 93.5277 46.1144 7
    endloop
  endfacet
  facet normal 0 0 1
    outer loop
      vertex 93.9807 48.3921 7
      vertex 92.3387 48.2303 7
      vertex 92.35 48 7
    endloop
  endfacet
  facet normal 0 0 1
    outer loop
      vertex 93.9231 48.7804 7
      vertex 92.3048 48.4585 7
      vertex 92.3387 48.2303 7
    endloop
  endfacet
  facet normal 0 0 1
    outer loop
      vertex 93.8278 49.1611 7
      vertex 92.2488 48.6822 7
      vertex 92.3048 48.4585 7
    endloop
  endfacet
  facet normal 0 0 1
    outer loop
      vertex 91.4908 49.8166 7
      vertex 92.5376 51.092 7
      vertex 92.2223 51.3259 7
    endloop
  endfacet
  facet normal 0 0 1
    outer loop
      vertex 93.6955 49.5307 7
      vertex 92.1711 48.8993 7
      vertex 92.2488 48.6822 7
    endloop
  endfacet
  facet normal 0 0 1
    outer loop
      vertex 93.5277 49.8856 7
      vertex 92.0725 49.1078 7
      vertex 92.1711 48.8993 7
    endloop
  endfacet
  facet normal 0 0 1
    outer loop
      vertex 93.3259 50.2223 7
      vertex 91.9539 49.3056 7
      vertex 92.0725 49.1078 7
    endloop
  endfacet
  facet normal 0 0 1
    outer loop
      vertex 91.3056 49.954 7
      vertex 92.2223 51.3259 7
      vertex 91.8856 51.5277 7
    endloop
  endfacet
  facet normal 0 0 1
    outer loop
      vertex 93.092 50.5376 7
      vertex 91.8166 49.4908 7
      vertex 91.9539 49.3056 7
    endloop
  endfacet
  facet normal 0 0 1
    outer loop
      vertex 92.8284 50.8284 7
      vertex 91.6617 49.6617 7
      vertex 91.8166 49.4908 7
    endloop
  endfacet
  facet normal 0 0 1
    outer loop
      vertex 91.1078 50.0725 7
      vertex 91.8856 51.5277 7
      vertex 91.5307 51.6955 7
    endloop
  endfacet
  facet normal 0 0 1
    outer loop
      vertex 92.5376 51.092 7
      vertex 91.4908 49.8166 7
      vertex 91.6617 49.6617 7
    endloop
  endfacet
  facet normal 0 0 1
    outer loop
      vertex 92.2223 51.3259 7
      vertex 91.3056 49.954 7
      vertex 91.4908 49.8166 7
    endloop
  endfacet
  facet normal 0 0 1
    outer loop
      vertex 90.8993 50.1711 7
      vertex 91.5307 51.6955 7
      vertex 91.1611 51.8278 7
    endloop
  endfacet
  facet normal 0 0 1
    outer loop
      vertex 91.8856 51.5277 7
      vertex 91.1078 50.0725 7
      vertex 91.3056 49.954 7
    endloop
  endfacet
  facet normal 0 0 1
    outer loop
      vertex 91.5307 51.6955 7
      vertex 90.8993 50.1711 7
      vertex 91.1078 50.0725 7
    endloop
  endfacet
  facet normal 0 0 1
    outer loop
      vertex 90.6822 50.2488 7
      vertex 91.1611 51.8278 7
      vertex 90.7804 51.9231 7
    endloop
  endfacet
  facet normal 0 0 1
    outer loop
      vertex 91.1611 51.8278 7
      vertex 90.6822 50.2488 7
      vertex 90.8993 50.1711 7
    endloop
  endfacet
  facet normal 0 0 1
    outer loop
      vertex 90.7804 51.9231 7
      vertex 90.4585 50.3048 7
      vertex 90.6822 50.2488 7
    endloop
  endfacet
  facet normal 0 0 1
    outer loop
      vertex 90.3921 51.9807 7
      vertex 90.4585 50.3048 7
      vertex 90.7804 51.9231 7
    endloop
  endfacet
  facet normal 0 0 1
    outer loop
      vertex 90.3921 51.9807 7
      vertex 90.2303 50.3387 7
      vertex 90.4585 50.3048 7
    endloop
  endfacet
  facet normal 0 0 1
    outer loop
      vertex 90 52 7
      vertex 90.2303 50.3387 7
      vertex 90.3921 51.9807 7
    endloop
  endfacet
  facet normal 0 0 1
    outer loop
      vertex 90 52 7
      vertex 90 50.35 7
      vertex 90.2303 50.3387 7
    endloop
  endfacet
  facet normal 0 0 1
    outer loop
      vertex 90 52 7
      vertex 89.7697 50.3387 7
      vertex 90 50.35 7
    endloop
  endfacet
  facet normal -0 0 1
    outer loop
      vertex 89.6079 51.9807 7
      vertex 89.7697 50.3387 7
      vertex 90 52 7
    endloop
  endfacet
  facet normal 0 0 1
    outer loop
      vertex 89.6079 51.9807 7
      vertex 89.5415 50.3048 7
      vertex 89.7697 50.3387 7
    endloop
  endfacet
  facet normal -0 0 1
    outer loop
      vertex 89.2196 51.9231 7
      vertex 89.5415 50.3048 7
      vertex 89.6079 51.9807 7
    endloop
  endfacet
  facet normal 0 0 1
    outer loop
      vertex 89.5415 50.3048 7
      vertex 89.2196 51.9231 7
      vertex 89.3178 50.2488 7
    endloop
  endfacet
  facet normal -0 0 1
    outer loop
      vertex 88.8389 51.8278 7
      vertex 89.3178 50.2488 7
      vertex 89.2196 51.9231 7
    endloop
  endfacet
  facet normal 0 0 1
    outer loop
      vertex 89.3178 50.2488 7
      vertex 88.8389 51.8278 7
      vertex 89.1007 50.1711 7
    endloop
  endfacet
  facet normal -0 0 1
    outer loop
      vertex 88.4693 51.6955 7
      vertex 89.1007 50.1711 7
      vertex 88.8389 51.8278 7
    endloop
  endfacet
  facet normal 0 0 1
    outer loop
      vertex 89.1007 50.1711 7
      vertex 88.4693 51.6955 7
      vertex 88.8922 50.0725 7
    endloop
  endfacet
  facet normal -0 0 1
    outer loop
      vertex 88.1144 51.5277 7
      vertex 88.8922 50.0725 7
      vertex 88.4693 51.6955 7
    endloop
  endfacet
  facet normal 0 0 1
    outer loop
      vertex 88.8922 50.0725 7
      vertex 88.1144 51.5277 7
      vertex 88.6944 49.954 7
    endloop
  endfacet
  facet normal -0 0 1
    outer loop
      vertex 87.7777 51.3259 7
      vertex 88.6944 49.954 7
      vertex 88.1144 51.5277 7
    endloop
  endfacet
  facet normal 0 0 1
    outer loop
      vertex 88.6944 49.954 7
      vertex 87.7777 51.3259 7
      vertex 88.5092 49.8166 7
    endloop
  endfacet
  facet normal -0 0 1
    outer loop
      vertex 87.4624 51.092 7
      vertex 88.5092 49.8166 7
      vertex 87.7777 51.3259 7
    endloop
  endfacet
  facet normal 0 0 1
    outer loop
      vertex 88.5092 49.8166 7
      vertex 87.4624 51.092 7
      vertex 88.3383 49.6617 7
    endloop
  endfacet
  facet normal -0 0 1
    outer loop
      vertex 87.1716 50.8284 7
      vertex 88.3383 49.6617 7
      vertex 87.4624 51.092 7
    endloop
  endfacet
  facet normal 0 0 1
    outer loop
      vertex 88.3383 49.6617 7
      vertex 87.1716 50.8284 7
      vertex 88.1834 49.4908 7
    endloop
  endfacet
  facet normal -0 0 1
    outer loop
      vertex 86.908 50.5376 7
      vertex 88.1834 49.4908 7
      vertex 87.1716 50.8284 7
    endloop
  endfacet
  facet normal 0 0 1
    outer loop
      vertex 88.1834 49.4908 7
      vertex 86.908 50.5376 7
      vertex 88.0461 49.3056 7
    endloop
  endfacet
  facet normal -0 0 1
    outer loop
      vertex 86.6741 50.2223 7
      vertex 88.0461 49.3056 7
      vertex 86.908 50.5376 7
    endloop
  endfacet
  facet normal 0 0 1
    outer loop
      vertex 88.0461 49.3056 7
      vertex 86.6741 50.2223 7
      vertex 87.9275 49.1078 7
    endloop
  endfacet
  facet normal -0 0 1
    outer loop
      vertex 86.4723 49.8856 7
      vertex 87.9275 49.1078 7
      vertex 86.6741 50.2223 7
    endloop
  endfacet
  facet normal 0 0 1
    outer loop
      vertex 87.9275 49.1078 7
      vertex 86.4723 49.8856 7
      vertex 87.8289 48.8993 7
    endloop
  endfacet
  facet normal -0 0 1
    outer loop
      vertex 92.0725 46.8922 7
      vertex 93.5277 46.1144 7
      vertex 92.1711 47.1007 7
    endloop
  endfacet
  facet normal 0 0 1
    outer loop
      vertex 93.5277 46.1144 7
      vertex 92.0725 46.8922 7
      vertex 93.3259 45.7777 7
    endloop
  endfacet
  facet normal -0 0 1
    outer loop
      vertex 91.9539 46.6944 7
      vertex 93.3259 45.7777 7
      vertex 92.0725 46.8922 7
    endloop
  endfacet
  facet normal 0 0 1
    outer loop
      vertex 93.3259 45.7777 7
      vertex 91.9539 46.6944 7
      vertex 93.092 45.4624 7
    endloop
  endfacet
  facet normal -0 0 1
    outer loop
      vertex 91.8166 46.5092 7
      vertex 93.092 45.4624 7
      vertex 91.9539 46.6944 7
    endloop
  endfacet
  facet normal 0 0 1
    outer loop
      vertex 93.092 45.4624 7
      vertex 91.8166 46.5092 7
      vertex 92.8284 45.1716 7
    endloop
  endfacet
  facet normal -0 0 1
    outer loop
      vertex 91.6617 46.3383 7
      vertex 92.8284 45.1716 7
      vertex 91.8166 46.5092 7
    endloop
  endfacet
  facet normal 0 0 1
    outer loop
      vertex 92.8284 45.1716 7
      vertex 91.6617 46.3383 7
      vertex 92.5376 44.908 7
    endloop
  endfacet
  facet normal -0 0 1
    outer loop
      vertex 91.4908 46.1834 7
      vertex 92.5376 44.908 7
      vertex 91.6617 46.3383 7
    endloop
  endfacet
  facet normal 0 0 1
    outer loop
      vertex 92.5376 44.908 7
      vertex 91.4908 46.1834 7
      vertex 92.2223 44.6741 7
    endloop
  endfacet
  facet normal -0 0 1
    outer loop
      vertex 91.3056 46.046 7
      vertex 92.2223 44.6741 7
      vertex 91.4908 46.1834 7
    endloop
  endfacet
  facet normal 0 0 1
    outer loop
      vertex 92.2223 44.6741 7
      vertex 91.3056 46.046 7
      vertex 91.8856 44.4723 7
    endloop
  endfacet
  facet normal -0 0 1
    outer loop
      vertex 91.1078 45.9275 7
      vertex 91.8856 44.4723 7
      vertex 91.3056 46.046 7
    endloop
  endfacet
  facet normal 0 0 1
    outer loop
      vertex 91.8856 44.4723 7
      vertex 91.1078 45.9275 7
      vertex 91.5307 44.3045 7
    endloop
  endfacet
  facet normal -0 0 1
    outer loop
      vertex 90.8993 45.8289 7
      vertex 91.5307 44.3045 7
      vertex 91.1078 45.9275 7
    endloop
  endfacet
  facet normal 0 0 1
    outer loop
      vertex 91.5307 44.3045 7
      vertex 90.8993 45.8289 7
      vertex 91.1611 44.1722 7
    endloop
  endfacet
  facet normal -0 0 1
    outer loop
      vertex 90.6822 45.7512 7
      vertex 91.1611 44.1722 7
      vertex 90.8993 45.8289 7
    endloop
  endfacet
  facet normal 0 0 1
    outer loop
      vertex 91.1611 44.1722 7
      vertex 90.6822 45.7512 7
      vertex 90.7804 44.0769 7
    endloop
  endfacet
  facet normal -0 0 1
    outer loop
      vertex 90.4585 45.6952 7
      vertex 90.7804 44.0769 7
      vertex 90.6822 45.7512 7
    endloop
  endfacet
  facet normal 0 0 1
    outer loop
      vertex 90.4585 45.6952 7
      vertex 90.3921 44.0193 7
      vertex 90.7804 44.0769 7
    endloop
  endfacet
  facet normal -0 0 1
    outer loop
      vertex 90.2303 45.6613 7
      vertex 90.3921 44.0193 7
      vertex 90.4585 45.6952 7
    endloop
  endfacet
  facet normal -0 0 1
    outer loop
      vertex 90 45.65 7
      vertex 90.3921 44.0193 7
      vertex 90.2303 45.6613 7
    endloop
  endfacet
  facet normal 0 0 1
    outer loop
      vertex 90 45.65 7
      vertex 90 44 7
      vertex 90.3921 44.0193 7
    endloop
  endfacet
  facet normal 0 0 1
    outer loop
      vertex 89.7697 45.6613 7
      vertex 90 44 7
      vertex 90 45.65 7
    endloop
  endfacet
  facet normal 0 0 1
    outer loop
      vertex 89.7697 45.6613 7
      vertex 89.6079 44.0193 7
      vertex 90 44 7
    endloop
  endfacet
  facet normal 0 0 1
    outer loop
      vertex 89.5415 45.6952 7
      vertex 89.6079 44.0193 7
      vertex 89.7697 45.6613 7
    endloop
  endfacet
  facet normal 0 0 1
    outer loop
      vertex 89.2196 44.0769 7
      vertex 89.5415 45.6952 7
      vertex 89.3178 45.7512 7
    endloop
  endfacet
  facet normal 0 0 1
    outer loop
      vertex 89.5415 45.6952 7
      vertex 89.2196 44.0769 7
      vertex 89.6079 44.0193 7
    endloop
  endfacet
  facet normal 0 0 1
    outer loop
      vertex 88.8389 44.1722 7
      vertex 89.3178 45.7512 7
      vertex 89.1007 45.8289 7
    endloop
  endfacet
  facet normal 0 0 1
    outer loop
      vertex 88.4693 44.3045 7
      vertex 89.1007 45.8289 7
      vertex 88.8922 45.9275 7
    endloop
  endfacet
  facet normal 0 0 1
    outer loop
      vertex 89.3178 45.7512 7
      vertex 88.8389 44.1722 7
      vertex 89.2196 44.0769 7
    endloop
  endfacet
  facet normal 0 0 1
    outer loop
      vertex 88.1144 44.4723 7
      vertex 88.8922 45.9275 7
      vertex 88.6944 46.046 7
    endloop
  endfacet
  facet normal 0 0 1
    outer loop
      vertex 87.7777 44.6741 7
      vertex 88.6944 46.046 7
      vertex 88.5092 46.1834 7
    endloop
  endfacet
  facet normal 0 0 1
    outer loop
      vertex 89.1007 45.8289 7
      vertex 88.4693 44.3045 7
      vertex 88.8389 44.1722 7
    endloop
  endfacet
  facet normal 0 0 1
    outer loop
      vertex 87.4624 44.908 7
      vertex 88.5092 46.1834 7
      vertex 88.3383 46.3383 7
    endloop
  endfacet
  facet normal 0 0 1
    outer loop
      vertex 87.1716 45.1716 7
      vertex 88.3383 46.3383 7
      vertex 88.1834 46.5092 7
    endloop
  endfacet
  facet normal 0 0 1
    outer loop
      vertex 88.8922 45.9275 7
      vertex 88.1144 44.4723 7
      vertex 88.4693 44.3045 7
    endloop
  endfacet
  facet normal 0 0 1
    outer loop
      vertex 86.908 45.4624 7
      vertex 88.1834 46.5092 7
      vertex 88.0461 46.6944 7
    endloop
  endfacet
  facet normal 0 0 1
    outer loop
      vertex 86.6741 45.7777 7
      vertex 88.0461 46.6944 7
      vertex 87.9275 46.8922 7
    endloop
  endfacet
  facet normal 0 0 1
    outer loop
      vertex 86.4723 46.1144 7
      vertex 87.9275 46.8922 7
      vertex 87.8289 47.1007 7
    endloop
  endfacet
  facet normal 0 0 1
    outer loop
      vertex 88.6944 46.046 7
      vertex 87.7777 44.6741 7
      vertex 88.1144 44.4723 7
    endloop
  endfacet
  facet normal 0 0 1
    outer loop
      vertex 86.3045 46.4693 7
      vertex 87.8289 47.1007 7
      vertex 87.7512 47.3178 7
    endloop
  endfacet
  facet normal 0 0 1
    outer loop
      vertex 86.1722 46.8389 7
      vertex 87.7512 47.3178 7
      vertex 87.6952 47.5415 7
    endloop
  endfacet
  facet normal 0 0 1
    outer loop
      vertex 86.0769 47.2196 7
      vertex 87.6952 47.5415 7
      vertex 87.6613 47.7697 7
    endloop
  endfacet
  facet normal 0 0 1
    outer loop
      vertex 86.0193 47.6079 7
      vertex 87.6613 47.7697 7
      vertex 87.65 48 7
    endloop
  endfacet
  facet normal -0 0 1
    outer loop
      vertex 86.3045 49.5307 7
      vertex 87.8289 48.8993 7
      vertex 86.4723 49.8856 7
    endloop
  endfacet
  facet normal 0 0 1
    outer loop
      vertex 88.5092 46.1834 7
      vertex 87.4624 44.908 7
      vertex 87.7777 44.6741 7
    endloop
  endfacet
  facet normal 0 0 1
    outer loop
      vertex 87.8289 48.8993 7
      vertex 86.3045 49.5307 7
      vertex 87.7512 48.6822 7
    endloop
  endfacet
  facet normal 0 0 1
    outer loop
      vertex 88.3383 46.3383 7
      vertex 87.1716 45.1716 7
      vertex 87.4624 44.908 7
    endloop
  endfacet
  facet normal -0 0 1
    outer loop
      vertex 86.1722 49.1611 7
      vertex 87.7512 48.6822 7
      vertex 86.3045 49.5307 7
    endloop
  endfacet
  facet normal 0 0 1
    outer loop
      vertex 88.1834 46.5092 7
      vertex 86.908 45.4624 7
      vertex 87.1716 45.1716 7
    endloop
  endfacet
  facet normal 0 0 1
    outer loop
      vertex 87.7512 48.6822 7
      vertex 86.1722 49.1611 7
      vertex 87.6952 48.4585 7
    endloop
  endfacet
  facet normal 0 0 1
    outer loop
      vertex 88.0461 46.6944 7
      vertex 86.6741 45.7777 7
      vertex 86.908 45.4624 7
    endloop
  endfacet
  facet normal -0 0 1
    outer loop
      vertex 86.0769 48.7804 7
      vertex 87.6952 48.4585 7
      vertex 86.1722 49.1611 7
    endloop
  endfacet
  facet normal 0 0 1
    outer loop
      vertex 87.9275 46.8922 7
      vertex 86.4723 46.1144 7
      vertex 86.6741 45.7777 7
    endloop
  endfacet
  facet normal 0 0 1
    outer loop
      vertex 87.6952 48.4585 7
      vertex 86.0769 48.7804 7
      vertex 87.6613 48.2303 7
    endloop
  endfacet
  facet normal 0 0 1
    outer loop
      vertex 87.8289 47.1007 7
      vertex 86.3045 46.4693 7
      vertex 86.4723 46.1144 7
    endloop
  endfacet
  facet normal -0 0 1
    outer loop
      vertex 86.0193 48.3921 7
      vertex 87.6613 48.2303 7
      vertex 86.0769 48.7804 7
    endloop
  endfacet
  facet normal 0 0 1
    outer loop
      vertex 87.7512 47.3178 7
      vertex 86.1722 46.8389 7
      vertex 86.3045 46.4693 7
    endloop
  endfacet
  facet normal 0 0 1
    outer loop
      vertex 87.6613 48.2303 7
      vertex 86.0193 48.3921 7
      vertex 87.65 48 7
    endloop
  endfacet
  facet normal 0 0 1
    outer loop
      vertex 87.6952 47.5415 7
      vertex 86.0769 47.2196 7
      vertex 86.1722 46.8389 7
    endloop
  endfacet
  facet normal 0 0 1
    outer loop
      vertex 86 48 7
      vertex 87.65 48 7
      vertex 86.0193 48.3921 7
    endloop
  endfacet
  facet normal 0 0 1
    outer loop
      vertex 87.6613 47.7697 7
      vertex 86.0193 47.6079 7
      vertex 86.0769 47.2196 7
    endloop
  endfacet
  facet normal 0 0 1
    outer loop
      vertex 87.65 48 7
      vertex 86 48 7
      vertex 86.0193 47.6079 7
    endloop
  endfacet
  facet normal -0.0491626 -0.998791 0
    outer loop
      vertex 89.6079 44.0193 2
      vertex 90 44 7
      vertex 89.6079 44.0193 7
    endloop
  endfacet
  facet normal -0.0491626 -0.998791 -0
    outer loop
      vertex 90 44 7
      vertex 89.6079 44.0193 2
      vertex 90 44 2
    endloop
  endfacet
  facet normal -0.998791 0.0491626 0
    outer loop
      vertex 86 48 2
      vertex 86.0193 48.3921 7
      vertex 86.0193 48.3921 2
    endloop
  endfacet
  facet normal -0.998791 0.0491626 0
    outer loop
      vertex 86.0193 48.3921 7
      vertex 86 48 2
      vertex 86 48 7
    endloop
  endfacet
  facet normal -0.337014 -0.9415 0
    outer loop
      vertex 88.4693 44.3045 2
      vertex 88.8389 44.1722 7
      vertex 88.4693 44.3045 7
    endloop
  endfacet
  facet normal -0.337014 -0.9415 -0
    outer loop
      vertex 88.8389 44.1722 7
      vertex 88.4693 44.3045 2
      vertex 88.8389 44.1722 2
    endloop
  endfacet
  facet normal 0.740908 -0.671607 0
    outer loop
      vertex 92.8284 45.1716 7
      vertex 93.092 45.4624 2
      vertex 93.092 45.4624 7
    endloop
  endfacet
  facet normal 0.740908 -0.671607 0
    outer loop
      vertex 93.092 45.4624 2
      vertex 92.8284 45.1716 7
      vertex 92.8284 45.1716 2
    endloop
  endfacet
  facet normal 0.671607 -0.740908 0
    outer loop
      vertex 92.5376 44.908 2
      vertex 92.8284 45.1716 7
      vertex 92.5376 44.908 7
    endloop
  endfacet
  facet normal 0.671607 -0.740908 0
    outer loop
      vertex 92.8284 45.1716 7
      vertex 92.5376 44.908 2
      vertex 92.8284 45.1716 2
    endloop
  endfacet
  facet normal 0.146941 -0.989145 0
    outer loop
      vertex 89.5415 50.3048 3
      vertex 89.7697 50.3387 7
      vertex 89.5415 50.3048 7
    endloop
  endfacet
  facet normal 0.146941 -0.989145 0
    outer loop
      vertex 89.7697 50.3387 7
      vertex 89.5415 50.3048 3
      vertex 89.7697 50.3387 3
    endloop
  endfacet
  facet normal -0.989145 -0.146941 0
    outer loop
      vertex 92.3387 48.2303 3
      vertex 92.3048 48.4585 7
      vertex 92.3048 48.4585 3
    endloop
  endfacet
  facet normal -0.989145 -0.146941 0
    outer loop
      vertex 92.3048 48.4585 7
      vertex 92.3387 48.2303 3
      vertex 92.3387 48.2303 7
    endloop
  endfacet
  facet normal -0.998798 -0.0490075 0
    outer loop
      vertex 92.35 48 3
      vertex 92.3387 48.2303 7
      vertex 92.3387 48.2303 3
    endloop
  endfacet
  facet normal -0.998798 -0.0490075 0
    outer loop
      vertex 92.3387 48.2303 7
      vertex 92.35 48 3
      vertex 92.35 48 7
    endloop
  endfacet
  facet normal -0.970066 -0.242842 0
    outer loop
      vertex 92.3048 48.4585 3
      vertex 92.2488 48.6822 7
      vertex 92.2488 48.6822 3
    endloop
  endfacet
  facet normal -0.970066 -0.242842 0
    outer loop
      vertex 92.2488 48.6822 7
      vertex 92.3048 48.4585 3
      vertex 92.3048 48.4585 7
    endloop
  endfacet
  facet normal -0.998798 0.0490075 0
    outer loop
      vertex 92.3387 47.7697 3
      vertex 92.35 48 7
      vertex 92.35 48 3
    endloop
  endfacet
  facet normal -0.998798 0.0490075 0
    outer loop
      vertex 92.35 48 7
      vertex 92.3387 47.7697 3
      vertex 92.3387 47.7697 7
    endloop
  endfacet
  facet normal -0.427508 -0.904011 0
    outer loop
      vertex 90.8993 50.1711 3
      vertex 91.1078 50.0725 7
      vertex 90.8993 50.1711 7
    endloop
  endfacet
  facet normal -0.427508 -0.904011 -0
    outer loop
      vertex 91.1078 50.0725 7
      vertex 90.8993 50.1711 3
      vertex 91.1078 50.0725 3
    endloop
  endfacet
  facet normal -0.941516 0.336968 0
    outer loop
      vertex 92.1711 47.1007 3
      vertex 92.2488 47.3178 7
      vertex 92.2488 47.3178 3
    endloop
  endfacet
  facet normal -0.941516 0.336968 0
    outer loop
      vertex 92.2488 47.3178 7
      vertex 92.1711 47.1007 3
      vertex 92.1711 47.1007 7
    endloop
  endfacet
  facet normal -0.336968 -0.941516 0
    outer loop
      vertex 90.6822 50.2488 3
      vertex 90.8993 50.1711 7
      vertex 90.6822 50.2488 7
    endloop
  endfacet
  facet normal -0.336968 -0.941516 -0
    outer loop
      vertex 90.8993 50.1711 7
      vertex 90.6822 50.2488 3
      vertex 90.8993 50.1711 3
    endloop
  endfacet
  facet normal 0.803319 -0.595549 0
    outer loop
      vertex 88.0461 49.3056 7
      vertex 88.1834 49.4908 3
      vertex 88.1834 49.4908 7
    endloop
  endfacet
  facet normal 0.803319 -0.595549 0
    outer loop
      vertex 88.1834 49.4908 3
      vertex 88.0461 49.3056 7
      vertex 88.0461 49.3056 3
    endloop
  endfacet
  facet normal -0.803319 -0.595549 0
    outer loop
      vertex 91.9539 49.3056 3
      vertex 91.8166 49.4908 7
      vertex 91.8166 49.4908 3
    endloop
  endfacet
  facet normal -0.803319 -0.595549 0
    outer loop
      vertex 91.8166 49.4908 7
      vertex 91.9539 49.3056 3
      vertex 91.9539 49.3056 7
    endloop
  endfacet
  facet normal -0.513922 -0.857837 0
    outer loop
      vertex 91.1078 50.0725 3
      vertex 91.3056 49.954 7
      vertex 91.1078 50.0725 7
    endloop
  endfacet
  facet normal -0.513922 -0.857837 -0
    outer loop
      vertex 91.3056 49.954 7
      vertex 91.1078 50.0725 3
      vertex 91.3056 49.954 3
    endloop
  endfacet
  facet normal 0.146941 0.989145 -0
    outer loop
      vertex 89.7697 45.6613 3
      vertex 89.5415 45.6952 7
      vertex 89.7697 45.6613 7
    endloop
  endfacet
  facet normal 0.146941 0.989145 0
    outer loop
      vertex 89.5415 45.6952 7
      vertex 89.7697 45.6613 3
      vertex 89.5415 45.6952 3
    endloop
  endfacet
  facet normal 0.857646 0.514241 0
    outer loop
      vertex 88.0461 46.6944 7
      vertex 87.9275 46.8922 3
      vertex 87.9275 46.8922 7
    endloop
  endfacet
  facet normal 0.857646 0.514241 0
    outer loop
      vertex 87.9275 46.8922 3
      vertex 88.0461 46.6944 7
      vertex 88.0461 46.6944 3
    endloop
  endfacet
  facet normal 0.989145 0.146941 0
    outer loop
      vertex 87.6952 47.5415 7
      vertex 87.6613 47.7697 3
      vertex 87.6613 47.7697 7
    endloop
  endfacet
  facet normal 0.989145 0.146941 0
    outer loop
      vertex 87.6613 47.7697 3
      vertex 87.6952 47.5415 7
      vertex 87.6952 47.5415 3
    endloop
  endfacet
  facet normal -0.74094 0.671571 0
    outer loop
      vertex 91.6617 46.3383 3
      vertex 91.8166 46.5092 7
      vertex 91.8166 46.5092 3
    endloop
  endfacet
  facet normal -0.74094 0.671571 0
    outer loop
      vertex 91.8166 46.5092 7
      vertex 91.6617 46.3383 3
      vertex 91.6617 46.3383 7
    endloop
  endfacet
  facet normal 0.970066 -0.242842 0
    outer loop
      vertex 87.6952 48.4585 7
      vertex 87.7512 48.6822 3
      vertex 87.7512 48.6822 7
    endloop
  endfacet
  facet normal 0.970066 -0.242842 0
    outer loop
      vertex 87.7512 48.6822 3
      vertex 87.6952 48.4585 7
      vertex 87.6952 48.4585 3
    endloop
  endfacet
  facet normal 0.242842 -0.970066 0
    outer loop
      vertex 89.3178 50.2488 3
      vertex 89.5415 50.3048 7
      vertex 89.3178 50.2488 7
    endloop
  endfacet
  facet normal 0.242842 -0.970066 0
    outer loop
      vertex 89.5415 50.3048 7
      vertex 89.3178 50.2488 3
      vertex 89.5415 50.3048 3
    endloop
  endfacet
  facet normal 0.336968 -0.941516 0
    outer loop
      vertex 89.1007 50.1711 3
      vertex 89.3178 50.2488 7
      vertex 89.1007 50.1711 7
    endloop
  endfacet
  facet normal 0.336968 -0.941516 0
    outer loop
      vertex 89.3178 50.2488 7
      vertex 89.1007 50.1711 3
      vertex 89.3178 50.2488 3
    endloop
  endfacet
  facet normal -0.595829 -0.803111 0
    outer loop
      vertex 91.3056 49.954 3
      vertex 91.4908 49.8166 7
      vertex 91.3056 49.954 7
    endloop
  endfacet
  facet normal -0.595829 -0.803111 -0
    outer loop
      vertex 91.4908 49.8166 7
      vertex 91.3056 49.954 3
      vertex 91.4908 49.8166 3
    endloop
  endfacet
  facet normal -0.904011 0.427508 0
    outer loop
      vertex 92.0725 46.8922 3
      vertex 92.1711 47.1007 7
      vertex 92.1711 47.1007 3
    endloop
  endfacet
  facet normal -0.904011 0.427508 0
    outer loop
      vertex 92.1711 47.1007 7
      vertex 92.0725 46.8922 3
      vertex 92.0725 46.8922 7
    endloop
  endfacet
  facet normal 0.803319 0.595549 0
    outer loop
      vertex 88.1834 46.5092 7
      vertex 88.0461 46.6944 3
      vertex 88.0461 46.6944 7
    endloop
  endfacet
  facet normal 0.803319 0.595549 0
    outer loop
      vertex 88.0461 46.6944 3
      vertex 88.1834 46.5092 7
      vertex 88.1834 46.5092 3
    endloop
  endfacet
  facet normal -0.989145 0.146941 0
    outer loop
      vertex 92.3048 47.5415 3
      vertex 92.3387 47.7697 7
      vertex 92.3387 47.7697 3
    endloop
  endfacet
  facet normal -0.989145 0.146941 0
    outer loop
      vertex 92.3387 47.7697 7
      vertex 92.3048 47.5415 3
      vertex 92.3048 47.5415 7
    endloop
  endfacet
  facet normal -0.0490075 0.998798 0
    outer loop
      vertex 90.2303 45.6613 3
      vertex 90 45.65 7
      vertex 90.2303 45.6613 7
    endloop
  endfacet
  facet normal -0.0490075 0.998798 0
    outer loop
      vertex 90 45.65 7
      vertex 90.2303 45.6613 3
      vertex 90 45.65 3
    endloop
  endfacet
  facet normal -0.0490075 -0.998798 0
    outer loop
      vertex 90 50.35 3
      vertex 90.2303 50.3387 7
      vertex 90 50.35 7
    endloop
  endfacet
  facet normal -0.0490075 -0.998798 -0
    outer loop
      vertex 90.2303 50.3387 7
      vertex 90 50.35 3
      vertex 90.2303 50.3387 3
    endloop
  endfacet
  facet normal -0.146941 0.989145 0
    outer loop
      vertex 90.4585 45.6952 3
      vertex 90.2303 45.6613 7
      vertex 90.4585 45.6952 7
    endloop
  endfacet
  facet normal -0.146941 0.989145 0
    outer loop
      vertex 90.2303 45.6613 7
      vertex 90.4585 45.6952 3
      vertex 90.2303 45.6613 3
    endloop
  endfacet
  facet normal 0.427508 0.904011 -0
    outer loop
      vertex 89.1007 45.8289 3
      vertex 88.8922 45.9275 7
      vertex 89.1007 45.8289 7
    endloop
  endfacet
  facet normal 0.427508 0.904011 0
    outer loop
      vertex 88.8922 45.9275 7
      vertex 89.1007 45.8289 3
      vertex 88.8922 45.9275 3
    endloop
  endfacet
  facet normal 0.336968 0.941516 -0
    outer loop
      vertex 89.3178 45.7512 3
      vertex 89.1007 45.8289 7
      vertex 89.3178 45.7512 7
    endloop
  endfacet
  facet normal 0.336968 0.941516 0
    outer loop
      vertex 89.1007 45.8289 7
      vertex 89.3178 45.7512 3
      vertex 89.1007 45.8289 3
    endloop
  endfacet
  facet normal -0.671571 -0.74094 0
    outer loop
      vertex 91.4908 49.8166 3
      vertex 91.6617 49.6617 7
      vertex 91.4908 49.8166 7
    endloop
  endfacet
  facet normal -0.671571 -0.74094 -0
    outer loop
      vertex 91.6617 49.6617 7
      vertex 91.4908 49.8166 3
      vertex 91.6617 49.6617 3
    endloop
  endfacet
  facet normal -0.803319 0.595549 0
    outer loop
      vertex 91.8166 46.5092 3
      vertex 91.9539 46.6944 7
      vertex 91.9539 46.6944 3
    endloop
  endfacet
  facet normal -0.803319 0.595549 0
    outer loop
      vertex 91.9539 46.6944 7
      vertex 91.8166 46.5092 3
      vertex 91.8166 46.5092 7
    endloop
  endfacet
  facet normal -0.146941 -0.989145 0
    outer loop
      vertex 90.2303 50.3387 3
      vertex 90.4585 50.3048 7
      vertex 90.2303 50.3387 7
    endloop
  endfacet
  facet normal -0.146941 -0.989145 -0
    outer loop
      vertex 90.4585 50.3048 7
      vertex 90.2303 50.3387 3
      vertex 90.4585 50.3048 3
    endloop
  endfacet
  facet normal 0.0490075 -0.998798 0
    outer loop
      vertex 89.7697 50.3387 3
      vertex 90 50.35 7
      vertex 89.7697 50.3387 7
    endloop
  endfacet
  facet normal 0.0490075 -0.998798 0
    outer loop
      vertex 90 50.35 7
      vertex 89.7697 50.3387 3
      vertex 90 50.35 3
    endloop
  endfacet
  facet normal 0.427508 -0.904011 0
    outer loop
      vertex 88.8922 50.0725 3
      vertex 89.1007 50.1711 7
      vertex 88.8922 50.0725 7
    endloop
  endfacet
  facet normal 0.427508 -0.904011 0
    outer loop
      vertex 89.1007 50.1711 7
      vertex 88.8922 50.0725 3
      vertex 89.1007 50.1711 3
    endloop
  endfacet
  facet normal -0.74094 -0.671571 0
    outer loop
      vertex 91.8166 49.4908 3
      vertex 91.6617 49.6617 7
      vertex 91.6617 49.6617 3
    endloop
  endfacet
  facet normal -0.74094 -0.671571 0
    outer loop
      vertex 91.6617 49.6617 7
      vertex 91.8166 49.4908 3
      vertex 91.8166 49.4908 7
    endloop
  endfacet
  facet normal -0.857646 -0.514241 0
    outer loop
      vertex 92.0725 49.1078 3
      vertex 91.9539 49.3056 7
      vertex 91.9539 49.3056 3
    endloop
  endfacet
  facet normal -0.857646 -0.514241 0
    outer loop
      vertex 91.9539 49.3056 7
      vertex 92.0725 49.1078 3
      vertex 92.0725 49.1078 7
    endloop
  endfacet
  facet normal 0.904011 -0.427508 0
    outer loop
      vertex 87.8289 48.8993 7
      vertex 87.9275 49.1078 3
      vertex 87.9275 49.1078 7
    endloop
  endfacet
  facet normal 0.904011 -0.427508 0
    outer loop
      vertex 87.9275 49.1078 3
      vertex 87.8289 48.8993 7
      vertex 87.8289 48.8993 3
    endloop
  endfacet
  facet normal 0.513922 0.857837 -0
    outer loop
      vertex 88.8922 45.9275 3
      vertex 88.6944 46.046 7
      vertex 88.8922 45.9275 7
    endloop
  endfacet
  facet normal 0.513922 0.857837 0
    outer loop
      vertex 88.6944 46.046 7
      vertex 88.8922 45.9275 3
      vertex 88.6944 46.046 3
    endloop
  endfacet
  facet normal 0.998798 0.0490075 0
    outer loop
      vertex 87.6613 47.7697 7
      vertex 87.65 48 3
      vertex 87.65 48 7
    endloop
  endfacet
  facet normal 0.998798 0.0490075 0
    outer loop
      vertex 87.65 48 3
      vertex 87.6613 47.7697 7
      vertex 87.6613 47.7697 3
    endloop
  endfacet
  facet normal -0.427508 0.904011 0
    outer loop
      vertex 91.1078 45.9275 3
      vertex 90.8993 45.8289 7
      vertex 91.1078 45.9275 7
    endloop
  endfacet
  facet normal -0.427508 0.904011 0
    outer loop
      vertex 90.8993 45.8289 7
      vertex 91.1078 45.9275 3
      vertex 90.8993 45.8289 3
    endloop
  endfacet
  facet normal -0.941516 -0.336968 0
    outer loop
      vertex 92.2488 48.6822 3
      vertex 92.1711 48.8993 7
      vertex 92.1711 48.8993 3
    endloop
  endfacet
  facet normal -0.941516 -0.336968 0
    outer loop
      vertex 92.1711 48.8993 7
      vertex 92.2488 48.6822 3
      vertex 92.2488 48.6822 7
    endloop
  endfacet
  facet normal 0.671571 -0.74094 0
    outer loop
      vertex 88.3383 49.6617 3
      vertex 88.5092 49.8166 7
      vertex 88.3383 49.6617 7
    endloop
  endfacet
  facet normal 0.671571 -0.74094 0
    outer loop
      vertex 88.5092 49.8166 7
      vertex 88.3383 49.6617 3
      vertex 88.5092 49.8166 3
    endloop
  endfacet
  facet normal -0.904011 -0.427508 0
    outer loop
      vertex 92.1711 48.8993 3
      vertex 92.0725 49.1078 7
      vertex 92.0725 49.1078 3
    endloop
  endfacet
  facet normal -0.904011 -0.427508 0
    outer loop
      vertex 92.0725 49.1078 7
      vertex 92.1711 48.8993 3
      vertex 92.1711 48.8993 7
    endloop
  endfacet
  facet normal -0.970066 0.242842 0
    outer loop
      vertex 92.2488 47.3178 3
      vertex 92.3048 47.5415 7
      vertex 92.3048 47.5415 3
    endloop
  endfacet
  facet normal -0.970066 0.242842 0
    outer loop
      vertex 92.3048 47.5415 7
      vertex 92.2488 47.3178 3
      vertex 92.2488 47.3178 7
    endloop
  endfacet
  facet normal 0.941516 0.336968 0
    outer loop
      vertex 87.8289 47.1007 7
      vertex 87.7512 47.3178 3
      vertex 87.7512 47.3178 7
    endloop
  endfacet
  facet normal 0.941516 0.336968 0
    outer loop
      vertex 87.7512 47.3178 3
      vertex 87.8289 47.1007 7
      vertex 87.8289 47.1007 3
    endloop
  endfacet
  facet normal 0.74094 0.671571 0
    outer loop
      vertex 88.3383 46.3383 7
      vertex 88.1834 46.5092 3
      vertex 88.1834 46.5092 7
    endloop
  endfacet
  facet normal 0.74094 0.671571 0
    outer loop
      vertex 88.1834 46.5092 3
      vertex 88.3383 46.3383 7
      vertex 88.3383 46.3383 3
    endloop
  endfacet
  facet normal 0.970066 0.242842 0
    outer loop
      vertex 87.7512 47.3178 7
      vertex 87.6952 47.5415 3
      vertex 87.6952 47.5415 7
    endloop
  endfacet
  facet normal 0.970066 0.242842 0
    outer loop
      vertex 87.6952 47.5415 3
      vertex 87.7512 47.3178 7
      vertex 87.7512 47.3178 3
    endloop
  endfacet
  facet normal -0.336968 0.941516 0
    outer loop
      vertex 90.8993 45.8289 3
      vertex 90.6822 45.7512 7
      vertex 90.8993 45.8289 7
    endloop
  endfacet
  facet normal -0.336968 0.941516 0
    outer loop
      vertex 90.6822 45.7512 7
      vertex 90.8993 45.8289 3
      vertex 90.6822 45.7512 3
    endloop
  endfacet
  facet normal 0.671571 0.74094 -0
    outer loop
      vertex 88.5092 46.1834 3
      vertex 88.3383 46.3383 7
      vertex 88.5092 46.1834 7
    endloop
  endfacet
  facet normal 0.671571 0.74094 0
    outer loop
      vertex 88.3383 46.3383 7
      vertex 88.5092 46.1834 3
      vertex 88.3383 46.3383 3
    endloop
  endfacet
  facet normal 0.989145 -0.146941 0
    outer loop
      vertex 87.6613 48.2303 7
      vertex 87.6952 48.4585 3
      vertex 87.6952 48.4585 7
    endloop
  endfacet
  facet normal 0.989145 -0.146941 0
    outer loop
      vertex 87.6952 48.4585 3
      vertex 87.6613 48.2303 7
      vertex 87.6613 48.2303 3
    endloop
  endfacet
  facet normal 0.74094 -0.671571 0
    outer loop
      vertex 88.1834 49.4908 7
      vertex 88.3383 49.6617 3
      vertex 88.3383 49.6617 7
    endloop
  endfacet
  facet normal 0.74094 -0.671571 0
    outer loop
      vertex 88.3383 49.6617 3
      vertex 88.1834 49.4908 7
      vertex 88.1834 49.4908 3
    endloop
  endfacet
  facet normal -0.595829 0.803111 0
    outer loop
      vertex 91.4908 46.1834 3
      vertex 91.3056 46.046 7
      vertex 91.4908 46.1834 7
    endloop
  endfacet
  facet normal -0.595829 0.803111 0
    outer loop
      vertex 91.3056 46.046 7
      vertex 91.4908 46.1834 3
      vertex 91.3056 46.046 3
    endloop
  endfacet
  facet normal 0.595829 -0.803111 0
    outer loop
      vertex 88.5092 49.8166 3
      vertex 88.6944 49.954 7
      vertex 88.5092 49.8166 7
    endloop
  endfacet
  facet normal 0.595829 -0.803111 0
    outer loop
      vertex 88.6944 49.954 7
      vertex 88.5092 49.8166 3
      vertex 88.6944 49.954 3
    endloop
  endfacet
  facet normal -0.242842 -0.970066 0
    outer loop
      vertex 90.4585 50.3048 3
      vertex 90.6822 50.2488 7
      vertex 90.4585 50.3048 7
    endloop
  endfacet
  facet normal -0.242842 -0.970066 -0
    outer loop
      vertex 90.6822 50.2488 7
      vertex 90.4585 50.3048 3
      vertex 90.6822 50.2488 3
    endloop
  endfacet
  facet normal 0.0490075 0.998798 -0
    outer loop
      vertex 90 45.65 3
      vertex 89.7697 45.6613 7
      vertex 90 45.65 7
    endloop
  endfacet
  facet normal 0.0490075 0.998798 0
    outer loop
      vertex 89.7697 45.6613 7
      vertex 90 45.65 3
      vertex 89.7697 45.6613 3
    endloop
  endfacet
  facet normal -0.671571 0.74094 0
    outer loop
      vertex 91.6617 46.3383 3
      vertex 91.4908 46.1834 7
      vertex 91.6617 46.3383 7
    endloop
  endfacet
  facet normal -0.671571 0.74094 0
    outer loop
      vertex 91.4908 46.1834 7
      vertex 91.6617 46.3383 3
      vertex 91.4908 46.1834 3
    endloop
  endfacet
  facet normal 0 0 1
    outer loop
      vertex 92.3387 48.2303 3
      vertex 92.3387 47.7697 3
      vertex 92.35 48 3
    endloop
  endfacet
  facet normal 0 0 1
    outer loop
      vertex 92.3048 48.4585 3
      vertex 92.3387 47.7697 3
      vertex 92.3387 48.2303 3
    endloop
  endfacet
  facet normal 0 0 1
    outer loop
      vertex 92.3048 48.4585 3
      vertex 92.3048 47.5415 3
      vertex 92.3387 47.7697 3
    endloop
  endfacet
  facet normal 0 0 1
    outer loop
      vertex 92.2488 48.6822 3
      vertex 92.3048 47.5415 3
      vertex 92.3048 48.4585 3
    endloop
  endfacet
  facet normal 0 0 1
    outer loop
      vertex 92.2488 48.6822 3
      vertex 92.2488 47.3178 3
      vertex 92.3048 47.5415 3
    endloop
  endfacet
  facet normal 0 0 1
    outer loop
      vertex 92.1711 48.8993 3
      vertex 92.2488 47.3178 3
      vertex 92.2488 48.6822 3
    endloop
  endfacet
  facet normal 0 0 1
    outer loop
      vertex 92.1711 48.8993 3
      vertex 92.1711 47.1007 3
      vertex 92.2488 47.3178 3
    endloop
  endfacet
  facet normal 0 0 1
    outer loop
      vertex 92.0725 49.1078 3
      vertex 92.1711 47.1007 3
      vertex 92.1711 48.8993 3
    endloop
  endfacet
  facet normal 0 0 1
    outer loop
      vertex 92.0725 49.1078 3
      vertex 92.0725 46.8922 3
      vertex 92.1711 47.1007 3
    endloop
  endfacet
  facet normal 0 0 1
    outer loop
      vertex 91.9539 49.3056 3
      vertex 92.0725 46.8922 3
      vertex 92.0725 49.1078 3
    endloop
  endfacet
  facet normal 0 0 1
    outer loop
      vertex 91.9539 49.3056 3
      vertex 91.9539 46.6944 3
      vertex 92.0725 46.8922 3
    endloop
  endfacet
  facet normal 0 0 1
    outer loop
      vertex 91.8166 49.4908 3
      vertex 91.9539 46.6944 3
      vertex 91.9539 49.3056 3
    endloop
  endfacet
  facet normal 0 0 1
    outer loop
      vertex 91.8166 49.4908 3
      vertex 91.8166 46.5092 3
      vertex 91.9539 46.6944 3
    endloop
  endfacet
  facet normal 0 0 1
    outer loop
      vertex 91.6617 49.6617 3
      vertex 91.8166 46.5092 3
      vertex 91.8166 49.4908 3
    endloop
  endfacet
  facet normal 0 0 1
    outer loop
      vertex 91.6617 49.6617 3
      vertex 91.6617 46.3383 3
      vertex 91.8166 46.5092 3
    endloop
  endfacet
  facet normal 0 0 1
    outer loop
      vertex 91.4908 49.8166 3
      vertex 91.6617 46.3383 3
      vertex 91.6617 49.6617 3
    endloop
  endfacet
  facet normal 0 0 1
    outer loop
      vertex 91.4908 49.8166 3
      vertex 91.4908 46.1834 3
      vertex 91.6617 46.3383 3
    endloop
  endfacet
  facet normal 0 0 1
    outer loop
      vertex 91.3056 49.954 3
      vertex 91.4908 46.1834 3
      vertex 91.4908 49.8166 3
    endloop
  endfacet
  facet normal 0 0 1
    outer loop
      vertex 91.3056 49.954 3
      vertex 91.3056 46.046 3
      vertex 91.4908 46.1834 3
    endloop
  endfacet
  facet normal 0 0 1
    outer loop
      vertex 91.1078 50.0725 3
      vertex 91.3056 46.046 3
      vertex 91.3056 49.954 3
    endloop
  endfacet
  facet normal 0 0 1
    outer loop
      vertex 91.1078 50.0725 3
      vertex 91.1078 45.9275 3
      vertex 91.3056 46.046 3
    endloop
  endfacet
  facet normal 0 0 1
    outer loop
      vertex 90.8993 50.1711 3
      vertex 91.1078 45.9275 3
      vertex 91.1078 50.0725 3
    endloop
  endfacet
  facet normal 0 0 1
    outer loop
      vertex 90.8993 50.1711 3
      vertex 90.8993 45.8289 3
      vertex 91.1078 45.9275 3
    endloop
  endfacet
  facet normal 0 0 1
    outer loop
      vertex 90.6822 50.2488 3
      vertex 90.8993 45.8289 3
      vertex 90.8993 50.1711 3
    endloop
  endfacet
  facet normal 0 0 1
    outer loop
      vertex 90.6822 50.2488 3
      vertex 90.6822 45.7512 3
      vertex 90.8993 45.8289 3
    endloop
  endfacet
  facet normal 0 0 1
    outer loop
      vertex 90.4585 50.3048 3
      vertex 90.6822 45.7512 3
      vertex 90.6822 50.2488 3
    endloop
  endfacet
  facet normal 0 0 1
    outer loop
      vertex 90.4585 50.3048 3
      vertex 90.4585 45.6952 3
      vertex 90.6822 45.7512 3
    endloop
  endfacet
  facet normal 0 0 1
    outer loop
      vertex 90.2303 50.3387 3
      vertex 90.4585 45.6952 3
      vertex 90.4585 50.3048 3
    endloop
  endfacet
  facet normal 0 0 1
    outer loop
      vertex 90.2303 50.3387 3
      vertex 90.2303 45.6613 3
      vertex 90.4585 45.6952 3
    endloop
  endfacet
  facet normal 0 0 1
    outer loop
      vertex 90 50.35 3
      vertex 90.2303 45.6613 3
      vertex 90.2303 50.3387 3
    endloop
  endfacet
  facet normal 0 0 1
    outer loop
      vertex 90 50.35 3
      vertex 90 45.65 3
      vertex 90.2303 45.6613 3
    endloop
  endfacet
  facet normal -0 0 1
    outer loop
      vertex 89.7697 50.3387 3
      vertex 90 45.65 3
      vertex 90 50.35 3
    endloop
  endfacet
  facet normal 0 0 1
    outer loop
      vertex 89.7697 50.3387 3
      vertex 89.7697 45.6613 3
      vertex 90 45.65 3
    endloop
  endfacet
  facet normal -0 0 1
    outer loop
      vertex 89.5415 50.3048 3
      vertex 89.7697 45.6613 3
      vertex 89.7697 50.3387 3
    endloop
  endfacet
  facet normal 0 0 1
    outer loop
      vertex 89.5415 50.3048 3
      vertex 89.5415 45.6952 3
      vertex 89.7697 45.6613 3
    endloop
  endfacet
  facet normal -0 0 1
    outer loop
      vertex 89.3178 50.2488 3
      vertex 89.5415 45.6952 3
      vertex 89.5415 50.3048 3
    endloop
  endfacet
  facet normal 0 0 1
    outer loop
      vertex 89.3178 50.2488 3
      vertex 89.3178 45.7512 3
      vertex 89.5415 45.6952 3
    endloop
  endfacet
  facet normal -0 0 1
    outer loop
      vertex 89.1007 50.1711 3
      vertex 89.3178 45.7512 3
      vertex 89.3178 50.2488 3
    endloop
  endfacet
  facet normal 0 0 1
    outer loop
      vertex 89.1007 50.1711 3
      vertex 89.1007 45.8289 3
      vertex 89.3178 45.7512 3
    endloop
  endfacet
  facet normal -0 0 1
    outer loop
      vertex 88.8922 50.0725 3
      vertex 89.1007 45.8289 3
      vertex 89.1007 50.1711 3
    endloop
  endfacet
  facet normal 0 0 1
    outer loop
      vertex 88.8922 50.0725 3
      vertex 88.8922 45.9275 3
      vertex 89.1007 45.8289 3
    endloop
  endfacet
  facet normal -0 0 1
    outer loop
      vertex 88.6944 49.954 3
      vertex 88.8922 45.9275 3
      vertex 88.8922 50.0725 3
    endloop
  endfacet
  facet normal 0 0 1
    outer loop
      vertex 88.6944 49.954 3
      vertex 88.6944 46.046 3
      vertex 88.8922 45.9275 3
    endloop
  endfacet
  facet normal -0 0 1
    outer loop
      vertex 88.5092 49.8166 3
      vertex 88.6944 46.046 3
      vertex 88.6944 49.954 3
    endloop
  endfacet
  facet normal 0 0 1
    outer loop
      vertex 88.5092 49.8166 3
      vertex 88.5092 46.1834 3
      vertex 88.6944 46.046 3
    endloop
  endfacet
  facet normal -0 0 1
    outer loop
      vertex 88.3383 49.6617 3
      vertex 88.5092 46.1834 3
      vertex 88.5092 49.8166 3
    endloop
  endfacet
  facet normal 0 0 1
    outer loop
      vertex 88.3383 49.6617 3
      vertex 88.3383 46.3383 3
      vertex 88.5092 46.1834 3
    endloop
  endfacet
  facet normal -0 0 1
    outer loop
      vertex 88.1834 49.4908 3
      vertex 88.3383 46.3383 3
      vertex 88.3383 49.6617 3
    endloop
  endfacet
  facet normal 0 0 1
    outer loop
      vertex 88.1834 49.4908 3
      vertex 88.1834 46.5092 3
      vertex 88.3383 46.3383 3
    endloop
  endfacet
  facet normal -0 0 1
    outer loop
      vertex 88.0461 49.3056 3
      vertex 88.1834 46.5092 3
      vertex 88.1834 49.4908 3
    endloop
  endfacet
  facet normal 0 0 1
    outer loop
      vertex 88.0461 49.3056 3
      vertex 88.0461 46.6944 3
      vertex 88.1834 46.5092 3
    endloop
  endfacet
  facet normal -0 0 1
    outer loop
      vertex 87.9275 49.1078 3
      vertex 88.0461 46.6944 3
      vertex 88.0461 49.3056 3
    endloop
  endfacet
  facet normal 0 0 1
    outer loop
      vertex 87.9275 49.1078 3
      vertex 87.9275 46.8922 3
      vertex 88.0461 46.6944 3
    endloop
  endfacet
  facet normal -0 0 1
    outer loop
      vertex 87.8289 48.8993 3
      vertex 87.9275 46.8922 3
      vertex 87.9275 49.1078 3
    endloop
  endfacet
  facet normal 0 0 1
    outer loop
      vertex 87.8289 48.8993 3
      vertex 87.8289 47.1007 3
      vertex 87.9275 46.8922 3
    endloop
  endfacet
  facet normal -0 0 1
    outer loop
      vertex 87.7512 48.6822 3
      vertex 87.8289 47.1007 3
      vertex 87.8289 48.8993 3
    endloop
  endfacet
  facet normal 0 0 1
    outer loop
      vertex 87.7512 48.6822 3
      vertex 87.7512 47.3178 3
      vertex 87.8289 47.1007 3
    endloop
  endfacet
  facet normal -0 0 1
    outer loop
      vertex 87.6952 48.4585 3
      vertex 87.7512 47.3178 3
      vertex 87.7512 48.6822 3
    endloop
  endfacet
  facet normal 0 0 1
    outer loop
      vertex 87.6952 48.4585 3
      vertex 87.6952 47.5415 3
      vertex 87.7512 47.3178 3
    endloop
  endfacet
  facet normal -0 0 1
    outer loop
      vertex 87.6613 48.2303 3
      vertex 87.6952 47.5415 3
      vertex 87.6952 48.4585 3
    endloop
  endfacet
  facet normal 0 0 1
    outer loop
      vertex 87.6613 48.2303 3
      vertex 87.6613 47.7697 3
      vertex 87.6952 47.5415 3
    endloop
  endfacet
  facet normal 0 -0 1
    outer loop
      vertex 87.6613 47.7697 3
      vertex 87.6613 48.2303 3
      vertex 87.65 48 3
    endloop
  endfacet
  facet normal -0.513922 0.857837 0
    outer loop
      vertex 91.3056 46.046 3
      vertex 91.1078 45.9275 7
      vertex 91.3056 46.046 7
    endloop
  endfacet
  facet normal -0.513922 0.857837 0
    outer loop
      vertex 91.1078 45.9275 7
      vertex 91.3056 46.046 3
      vertex 91.1078 45.9275 3
    endloop
  endfacet
  facet normal -0.857646 0.514241 0
    outer loop
      vertex 91.9539 46.6944 3
      vertex 92.0725 46.8922 7
      vertex 92.0725 46.8922 3
    endloop
  endfacet
  facet normal -0.857646 0.514241 0
    outer loop
      vertex 92.0725 46.8922 7
      vertex 91.9539 46.6944 3
      vertex 91.9539 46.6944 7
    endloop
  endfacet
  facet normal -0.242842 0.970066 0
    outer loop
      vertex 90.6822 45.7512 3
      vertex 90.4585 45.6952 7
      vertex 90.6822 45.7512 7
    endloop
  endfacet
  facet normal -0.242842 0.970066 0
    outer loop
      vertex 90.4585 45.6952 7
      vertex 90.6822 45.7512 3
      vertex 90.4585 45.6952 3
    endloop
  endfacet
  facet normal 0.513922 -0.857837 0
    outer loop
      vertex 88.6944 49.954 3
      vertex 88.8922 50.0725 7
      vertex 88.6944 49.954 7
    endloop
  endfacet
  facet normal 0.513922 -0.857837 0
    outer loop
      vertex 88.8922 50.0725 7
      vertex 88.6944 49.954 3
      vertex 88.8922 50.0725 3
    endloop
  endfacet
  facet normal 0.941516 -0.336968 0
    outer loop
      vertex 87.7512 48.6822 7
      vertex 87.8289 48.8993 3
      vertex 87.8289 48.8993 7
    endloop
  endfacet
  facet normal 0.941516 -0.336968 0
    outer loop
      vertex 87.8289 48.8993 3
      vertex 87.7512 48.6822 7
      vertex 87.7512 48.6822 3
    endloop
  endfacet
  facet normal 0.998798 -0.0490075 0
    outer loop
      vertex 87.65 48 7
      vertex 87.6613 48.2303 3
      vertex 87.6613 48.2303 7
    endloop
  endfacet
  facet normal 0.998798 -0.0490075 0
    outer loop
      vertex 87.6613 48.2303 3
      vertex 87.65 48 7
      vertex 87.65 48 3
    endloop
  endfacet
  facet normal 0.242842 0.970066 -0
    outer loop
      vertex 89.5415 45.6952 3
      vertex 89.3178 45.7512 7
      vertex 89.5415 45.6952 7
    endloop
  endfacet
  facet normal 0.242842 0.970066 0
    outer loop
      vertex 89.3178 45.7512 7
      vertex 89.5415 45.6952 3
      vertex 89.3178 45.7512 3
    endloop
  endfacet
  facet normal 0.595829 0.803111 -0
    outer loop
      vertex 88.6944 46.046 3
      vertex 88.5092 46.1834 7
      vertex 88.6944 46.046 7
    endloop
  endfacet
  facet normal 0.595829 0.803111 0
    outer loop
      vertex 88.5092 46.1834 7
      vertex 88.6944 46.046 3
      vertex 88.5092 46.1834 3
    endloop
  endfacet
  facet normal 0.904011 0.427508 0
    outer loop
      vertex 87.9275 46.8922 7
      vertex 87.8289 47.1007 3
      vertex 87.8289 47.1007 7
    endloop
  endfacet
  facet normal 0.904011 0.427508 0
    outer loop
      vertex 87.8289 47.1007 3
      vertex 87.9275 46.8922 7
      vertex 87.9275 46.8922 3
    endloop
  endfacet
  facet normal 0.857646 -0.514241 0
    outer loop
      vertex 87.9275 49.1078 7
      vertex 88.0461 49.3056 3
      vertex 88.0461 49.3056 7
    endloop
  endfacet
  facet normal 0.857646 -0.514241 0
    outer loop
      vertex 88.0461 49.3056 3
      vertex 87.9275 49.1078 7
      vertex 87.9275 49.1078 3
    endloop
  endfacet
  facet normal -0.427523 -0.904004 0
    outer loop
      vertex 88.1144 1.47232 2
      vertex 88.4693 1.30448 7
      vertex 88.1144 1.47232 7
    endloop
  endfacet
  facet normal -0.427523 -0.904004 -0
    outer loop
      vertex 88.4693 1.30448 7
      vertex 88.1144 1.47232 2
      vertex 88.4693 1.30448 2
    endloop
  endfacet
  facet normal 0.989176 0.146737 0
    outer loop
      vertex 93.9807 5.39207 7
      vertex 93.9231 5.78036 2
      vertex 93.9231 5.78036 7
    endloop
  endfacet
  facet normal 0.989176 0.146737 0
    outer loop
      vertex 93.9231 5.78036 2
      vertex 93.9807 5.39207 7
      vertex 93.9807 5.39207 2
    endloop
  endfacet
  facet normal 0.998791 0.0491664 0
    outer loop
      vertex 94 5 7
      vertex 93.9807 5.39207 2
      vertex 93.9807 5.39207 7
    endloop
  endfacet
  facet normal 0.998791 0.0491664 0
    outer loop
      vertex 93.9807 5.39207 2
      vertex 94 5 7
      vertex 94 5 2
    endloop
  endfacet
  facet normal 0.97008 0.242787 0
    outer loop
      vertex 93.9231 5.78036 7
      vertex 93.8278 6.16114 2
      vertex 93.8278 6.16114 7
    endloop
  endfacet
  facet normal 0.97008 0.242787 0
    outer loop
      vertex 93.8278 6.16114 2
      vertex 93.9231 5.78036 7
      vertex 93.9231 5.78036 2
    endloop
  endfacet
  facet normal 0.427523 -0.904004 0
    outer loop
      vertex 91.5307 1.30448 2
      vertex 91.8856 1.47232 7
      vertex 91.5307 1.30448 7
    endloop
  endfacet
  facet normal 0.427523 -0.904004 0
    outer loop
      vertex 91.8856 1.47232 7
      vertex 91.5307 1.30448 2
      vertex 91.8856 1.47232 2
    endloop
  endfacet
  facet normal -0.671621 0.740895 0
    outer loop
      vertex 87.4624 8.09204 2
      vertex 87.1716 7.82843 7
      vertex 87.4624 8.09204 7
    endloop
  endfacet
  facet normal -0.671621 0.740895 0
    outer loop
      vertex 87.1716 7.82843 7
      vertex 87.4624 8.09204 2
      vertex 87.1716 7.82843 2
    endloop
  endfacet
  facet normal -0.97008 -0.242787 0
    outer loop
      vertex 86.1722 3.83886 2
      vertex 86.0769 4.21964 7
      vertex 86.0769 4.21964 2
    endloop
  endfacet
  facet normal -0.97008 -0.242787 0
    outer loop
      vertex 86.0769 4.21964 7
      vertex 86.1722 3.83886 2
      vertex 86.1722 3.83886 7
    endloop
  endfacet
  facet normal 0.427523 0.904004 -0
    outer loop
      vertex 91.8856 8.52768 2
      vertex 91.5307 8.69552 7
      vertex 91.8856 8.52768 7
    endloop
  endfacet
  facet normal 0.427523 0.904004 0
    outer loop
      vertex 91.5307 8.69552 7
      vertex 91.8856 8.52768 2
      vertex 91.5307 8.69552 2
    endloop
  endfacet
  facet normal -0.989176 0.146737 0
    outer loop
      vertex 86.0193 5.39207 2
      vertex 86.0769 5.78036 7
      vertex 86.0769 5.78036 2
    endloop
  endfacet
  facet normal -0.989176 0.146737 0
    outer loop
      vertex 86.0769 5.78036 7
      vertex 86.0193 5.39207 2
      vertex 86.0193 5.39207 7
    endloop
  endfacet
  facet normal -0.146733 -0.989176 0
    outer loop
      vertex 89.2196 1.07686 2
      vertex 89.6079 1.01926 7
      vertex 89.2196 1.07686 7
    endloop
  endfacet
  facet normal -0.146733 -0.989176 -0
    outer loop
      vertex 89.6079 1.01926 7
      vertex 89.2196 1.07686 2
      vertex 89.6079 1.01926 2
    endloop
  endfacet
  facet normal 0.243027 0.970019 -0
    outer loop
      vertex 91.1611 8.82776 2
      vertex 90.7804 8.92314 7
      vertex 91.1611 8.82776 7
    endloop
  endfacet
  facet normal 0.243027 0.970019 0
    outer loop
      vertex 90.7804 8.92314 7
      vertex 91.1611 8.82776 2
      vertex 90.7804 8.92314 2
    endloop
  endfacet
  facet normal -0.740977 0.671531 0
    outer loop
      vertex 86.908 7.53757 2
      vertex 87.1716 7.82843 7
      vertex 87.1716 7.82843 2
    endloop
  endfacet
  facet normal -0.740977 0.671531 0
    outer loop
      vertex 87.1716 7.82843 7
      vertex 86.908 7.53757 2
      vertex 86.908 7.53757 7
    endloop
  endfacet
  facet normal 0.514084 -0.85774 0
    outer loop
      vertex 91.8856 1.47232 2
      vertex 92.2223 1.67412 7
      vertex 91.8856 1.47232 7
    endloop
  endfacet
  facet normal 0.514084 -0.85774 0
    outer loop
      vertex 92.2223 1.67412 7
      vertex 91.8856 1.47232 2
      vertex 92.2223 1.67412 2
    endloop
  endfacet
  facet normal -0.243027 -0.970019 0
    outer loop
      vertex 88.8389 1.17224 2
      vertex 89.2196 1.07686 7
      vertex 88.8389 1.17224 7
    endloop
  endfacet
  facet normal -0.243027 -0.970019 -0
    outer loop
      vertex 89.2196 1.07686 7
      vertex 88.8389 1.17224 2
      vertex 89.2196 1.07686 2
    endloop
  endfacet
  facet normal -0.336879 0.941548 0
    outer loop
      vertex 88.8389 8.82776 2
      vertex 88.4693 8.69552 7
      vertex 88.8389 8.82776 7
    endloop
  endfacet
  facet normal -0.336879 0.941548 0
    outer loop
      vertex 88.4693 8.69552 7
      vertex 88.8389 8.82776 2
      vertex 88.4693 8.69552 2
    endloop
  endfacet
  facet normal 0.049061 -0.998796 0
    outer loop
      vertex 90 1 2
      vertex 90.3921 1.01926 7
      vertex 90 1 7
    endloop
  endfacet
  facet normal 0.049061 -0.998796 0
    outer loop
      vertex 90.3921 1.01926 7
      vertex 90 1 2
      vertex 90.3921 1.01926 2
    endloop
  endfacet
  facet normal 0.146733 -0.989176 0
    outer loop
      vertex 90.3921 1.01926 2
      vertex 90.7804 1.07686 7
      vertex 90.3921 1.01926 7
    endloop
  endfacet
  facet normal 0.146733 -0.989176 0
    outer loop
      vertex 90.7804 1.07686 7
      vertex 90.3921 1.01926 2
      vertex 90.7804 1.07686 2
    endloop
  endfacet
  facet normal -0.049061 0.998796 0
    outer loop
      vertex 90 9 2
      vertex 89.6079 8.98074 7
      vertex 90 9 7
    endloop
  endfacet
  facet normal -0.049061 0.998796 0
    outer loop
      vertex 89.6079 8.98074 7
      vertex 90 9 2
      vertex 89.6079 8.98074 2
    endloop
  endfacet
  facet normal -0.595695 -0.80321 0
    outer loop
      vertex 87.4624 1.90796 2
      vertex 87.7777 1.67412 7
      vertex 87.4624 1.90796 7
    endloop
  endfacet
  facet normal -0.595695 -0.80321 -0
    outer loop
      vertex 87.7777 1.67412 7
      vertex 87.4624 1.90796 2
      vertex 87.7777 1.67412 2
    endloop
  endfacet
  facet normal -0.904025 -0.42748 0
    outer loop
      vertex 86.4723 3.11441 2
      vertex 86.3045 3.46927 7
      vertex 86.3045 3.46927 2
    endloop
  endfacet
  facet normal -0.904025 -0.42748 0
    outer loop
      vertex 86.3045 3.46927 7
      vertex 86.4723 3.11441 2
      vertex 86.4723 3.11441 7
    endloop
  endfacet
  facet normal -0.146733 0.989176 0
    outer loop
      vertex 89.6079 8.98074 2
      vertex 89.2196 8.92314 7
      vertex 89.6079 8.98074 7
    endloop
  endfacet
  facet normal -0.146733 0.989176 0
    outer loop
      vertex 89.2196 8.92314 7
      vertex 89.6079 8.98074 2
      vertex 89.2196 8.92314 2
    endloop
  endfacet
  facet normal 0.595695 -0.80321 0
    outer loop
      vertex 92.2223 1.67412 2
      vertex 92.5376 1.90796 7
      vertex 92.2223 1.67412 7
    endloop
  endfacet
  facet normal 0.595695 -0.80321 0
    outer loop
      vertex 92.5376 1.90796 7
      vertex 92.2223 1.67412 2
      vertex 92.5376 1.90796 2
    endloop
  endfacet
  facet normal 0.049061 0.998796 -0
    outer loop
      vertex 90.3921 8.98074 2
      vertex 90 9 7
      vertex 90.3921 8.98074 7
    endloop
  endfacet
  facet normal 0.049061 0.998796 0
    outer loop
      vertex 90 9 7
      vertex 90.3921 8.98074 2
      vertex 90 9 2
    endloop
  endfacet
  facet normal 0.514084 0.85774 -0
    outer loop
      vertex 92.2223 8.32588 2
      vertex 91.8856 8.52768 7
      vertex 92.2223 8.32588 7
    endloop
  endfacet
  facet normal 0.514084 0.85774 0
    outer loop
      vertex 91.8856 8.52768 7
      vertex 92.2223 8.32588 2
      vertex 91.8856 8.52768 2
    endloop
  endfacet
  facet normal -0.998791 -0.0491664 0
    outer loop
      vertex 86.0193 4.60793 2
      vertex 86 5 7
      vertex 86 5 2
    endloop
  endfacet
  facet normal -0.998791 -0.0491664 0
    outer loop
      vertex 86 5 7
      vertex 86.0193 4.60793 2
      vertex 86.0193 4.60793 7
    endloop
  endfacet
  facet normal -0.904025 0.42748 0
    outer loop
      vertex 86.3045 6.53073 2
      vertex 86.4723 6.88559 7
      vertex 86.4723 6.88559 2
    endloop
  endfacet
  facet normal -0.904025 0.42748 0
    outer loop
      vertex 86.4723 6.88559 7
      vertex 86.3045 6.53073 2
      vertex 86.3045 6.53073 7
    endloop
  endfacet
  facet normal 0.97008 -0.242787 0
    outer loop
      vertex 93.8278 3.83886 7
      vertex 93.9231 4.21964 2
      vertex 93.9231 4.21964 7
    endloop
  endfacet
  facet normal 0.97008 -0.242787 0
    outer loop
      vertex 93.9231 4.21964 2
      vertex 93.8278 3.83886 7
      vertex 93.8278 3.83886 2
    endloop
  endfacet
  facet normal 0.740977 0.671531 0
    outer loop
      vertex 93.092 7.53757 7
      vertex 92.8284 7.82843 2
      vertex 92.8284 7.82843 7
    endloop
  endfacet
  facet normal 0.740977 0.671531 0
    outer loop
      vertex 92.8284 7.82843 2
      vertex 93.092 7.53757 7
      vertex 93.092 7.53757 2
    endloop
  endfacet
  facet normal 0.595695 0.80321 -0
    outer loop
      vertex 92.5376 8.09204 2
      vertex 92.2223 8.32588 7
      vertex 92.5376 8.09204 7
    endloop
  endfacet
  facet normal 0.595695 0.80321 0
    outer loop
      vertex 92.2223 8.32588 7
      vertex 92.5376 8.09204 2
      vertex 92.2223 8.32588 2
    endloop
  endfacet
  facet normal -0.595695 0.80321 0
    outer loop
      vertex 87.7777 8.32588 2
      vertex 87.4624 8.09204 7
      vertex 87.7777 8.32588 7
    endloop
  endfacet
  facet normal -0.595695 0.80321 0
    outer loop
      vertex 87.4624 8.09204 7
      vertex 87.7777 8.32588 2
      vertex 87.4624 8.09204 2
    endloop
  endfacet
  facet normal 0.803128 0.595806 0
    outer loop
      vertex 93.3259 7.22228 7
      vertex 93.092 7.53757 2
      vertex 93.092 7.53757 7
    endloop
  endfacet
  facet normal 0.803128 0.595806 0
    outer loop
      vertex 93.092 7.53757 2
      vertex 93.3259 7.22228 7
      vertex 93.3259 7.22228 2
    endloop
  endfacet
  facet normal 0.989176 -0.146737 0
    outer loop
      vertex 93.9231 4.21964 7
      vertex 93.9807 4.60793 2
      vertex 93.9807 4.60793 7
    endloop
  endfacet
  facet normal 0.989176 -0.146737 0
    outer loop
      vertex 93.9807 4.60793 2
      vertex 93.9231 4.21964 7
      vertex 93.9231 4.21964 2
    endloop
  endfacet
  facet normal -0.941497 0.337022 0
    outer loop
      vertex 86.1722 6.16114 2
      vertex 86.3045 6.53073 7
      vertex 86.3045 6.53073 2
    endloop
  endfacet
  facet normal -0.941497 0.337022 0
    outer loop
      vertex 86.3045 6.53073 7
      vertex 86.1722 6.16114 2
      vertex 86.1722 6.16114 7
    endloop
  endfacet
  facet normal 0.904025 -0.42748 0
    outer loop
      vertex 93.5277 3.11441 7
      vertex 93.6955 3.46927 2
      vertex 93.6955 3.46927 7
    endloop
  endfacet
  facet normal 0.904025 -0.42748 0
    outer loop
      vertex 93.6955 3.46927 2
      vertex 93.5277 3.11441 7
      vertex 93.5277 3.11441 2
    endloop
  endfacet
  facet normal 0.998791 -0.0491664 0
    outer loop
      vertex 93.9807 4.60793 7
      vertex 94 5 2
      vertex 94 5 7
    endloop
  endfacet
  facet normal 0.998791 -0.0491664 0
    outer loop
      vertex 94 5 2
      vertex 93.9807 4.60793 7
      vertex 93.9807 4.60793 2
    endloop
  endfacet
  facet normal 0.336879 -0.941548 0
    outer loop
      vertex 91.1611 1.17224 2
      vertex 91.5307 1.30448 7
      vertex 91.1611 1.17224 7
    endloop
  endfacet
  facet normal 0.336879 -0.941548 0
    outer loop
      vertex 91.5307 1.30448 7
      vertex 91.1611 1.17224 2
      vertex 91.5307 1.30448 2
    endloop
  endfacet
  facet normal 0.941497 0.337022 0
    outer loop
      vertex 93.8278 6.16114 7
      vertex 93.6955 6.53073 2
      vertex 93.6955 6.53073 7
    endloop
  endfacet
  facet normal 0.941497 0.337022 0
    outer loop
      vertex 93.6955 6.53073 2
      vertex 93.8278 6.16114 7
      vertex 93.8278 6.16114 2
    endloop
  endfacet
  facet normal 0.803128 -0.595806 0
    outer loop
      vertex 93.092 2.46243 7
      vertex 93.3259 2.77772 2
      vertex 93.3259 2.77772 7
    endloop
  endfacet
  facet normal 0.803128 -0.595806 0
    outer loop
      vertex 93.3259 2.77772 2
      vertex 93.092 2.46243 7
      vertex 93.092 2.46243 2
    endloop
  endfacet
  facet normal 0.857733 -0.514095 0
    outer loop
      vertex 93.3259 2.77772 7
      vertex 93.5277 3.11441 2
      vertex 93.5277 3.11441 7
    endloop
  endfacet
  facet normal 0.857733 -0.514095 0
    outer loop
      vertex 93.5277 3.11441 2
      vertex 93.3259 2.77772 7
      vertex 93.3259 2.77772 2
    endloop
  endfacet
  facet normal 0.941497 -0.337022 0
    outer loop
      vertex 93.6955 3.46927 7
      vertex 93.8278 3.83886 2
      vertex 93.8278 3.83886 7
    endloop
  endfacet
  facet normal 0.941497 -0.337022 0
    outer loop
      vertex 93.8278 3.83886 2
      vertex 93.6955 3.46927 7
      vertex 93.6955 3.46927 2
    endloop
  endfacet
  facet normal -0.243027 0.970019 0
    outer loop
      vertex 89.2196 8.92314 2
      vertex 88.8389 8.82776 7
      vertex 89.2196 8.92314 7
    endloop
  endfacet
  facet normal -0.243027 0.970019 0
    outer loop
      vertex 88.8389 8.82776 7
      vertex 89.2196 8.92314 2
      vertex 88.8389 8.82776 2
    endloop
  endfacet
  facet normal 0.904025 0.42748 0
    outer loop
      vertex 93.6955 6.53073 7
      vertex 93.5277 6.88559 2
      vertex 93.5277 6.88559 7
    endloop
  endfacet
  facet normal 0.904025 0.42748 0
    outer loop
      vertex 93.5277 6.88559 2
      vertex 93.6955 6.53073 7
      vertex 93.6955 6.53073 2
    endloop
  endfacet
  facet normal 0.146733 0.989176 -0
    outer loop
      vertex 90.7804 8.92314 2
      vertex 90.3921 8.98074 7
      vertex 90.7804 8.92314 7
    endloop
  endfacet
  facet normal 0.146733 0.989176 0
    outer loop
      vertex 90.3921 8.98074 7
      vertex 90.7804 8.92314 2
      vertex 90.3921 8.98074 2
    endloop
  endfacet
  facet normal -0.857733 -0.514095 0
    outer loop
      vertex 86.6741 2.77772 2
      vertex 86.4723 3.11441 7
      vertex 86.4723 3.11441 2
    endloop
  endfacet
  facet normal -0.857733 -0.514095 0
    outer loop
      vertex 86.4723 3.11441 7
      vertex 86.6741 2.77772 2
      vertex 86.6741 2.77772 7
    endloop
  endfacet
  facet normal 0.857733 0.514095 0
    outer loop
      vertex 93.5277 6.88559 7
      vertex 93.3259 7.22228 2
      vertex 93.3259 7.22228 7
    endloop
  endfacet
  facet normal 0.857733 0.514095 0
    outer loop
      vertex 93.3259 7.22228 2
      vertex 93.5277 6.88559 7
      vertex 93.5277 6.88559 2
    endloop
  endfacet
  facet normal -0.740977 -0.671531 0
    outer loop
      vertex 87.1716 2.17157 2
      vertex 86.908 2.46243 7
      vertex 86.908 2.46243 2
    endloop
  endfacet
  facet normal -0.740977 -0.671531 0
    outer loop
      vertex 86.908 2.46243 7
      vertex 87.1716 2.17157 2
      vertex 87.1716 2.17157 7
    endloop
  endfacet
  facet normal 0.243027 -0.970019 0
    outer loop
      vertex 90.7804 1.07686 2
      vertex 91.1611 1.17224 7
      vertex 90.7804 1.07686 7
    endloop
  endfacet
  facet normal 0.243027 -0.970019 0
    outer loop
      vertex 91.1611 1.17224 7
      vertex 90.7804 1.07686 2
      vertex 91.1611 1.17224 2
    endloop
  endfacet
  facet normal -0.514084 0.85774 0
    outer loop
      vertex 88.1144 8.52768 2
      vertex 87.7777 8.32588 7
      vertex 88.1144 8.52768 7
    endloop
  endfacet
  facet normal -0.514084 0.85774 0
    outer loop
      vertex 87.7777 8.32588 7
      vertex 88.1144 8.52768 2
      vertex 87.7777 8.32588 2
    endloop
  endfacet
  facet normal -0.427523 0.904004 0
    outer loop
      vertex 88.4693 8.69552 2
      vertex 88.1144 8.52768 7
      vertex 88.4693 8.69552 7
    endloop
  endfacet
  facet normal -0.427523 0.904004 0
    outer loop
      vertex 88.1144 8.52768 7
      vertex 88.4693 8.69552 2
      vertex 88.1144 8.52768 2
    endloop
  endfacet
  facet normal -0.941497 -0.337022 0
    outer loop
      vertex 86.3045 3.46927 2
      vertex 86.1722 3.83886 7
      vertex 86.1722 3.83886 2
    endloop
  endfacet
  facet normal -0.941497 -0.337022 0
    outer loop
      vertex 86.1722 3.83886 7
      vertex 86.3045 3.46927 2
      vertex 86.3045 3.46927 7
    endloop
  endfacet
  facet normal -0.514084 -0.85774 0
    outer loop
      vertex 87.7777 1.67412 2
      vertex 88.1144 1.47232 7
      vertex 87.7777 1.67412 7
    endloop
  endfacet
  facet normal -0.514084 -0.85774 -0
    outer loop
      vertex 88.1144 1.47232 7
      vertex 87.7777 1.67412 2
      vertex 88.1144 1.47232 2
    endloop
  endfacet
  facet normal 0.671621 0.740895 -0
    outer loop
      vertex 92.8284 7.82843 2
      vertex 92.5376 8.09204 7
      vertex 92.8284 7.82843 7
    endloop
  endfacet
  facet normal 0.671621 0.740895 0
    outer loop
      vertex 92.5376 8.09204 7
      vertex 92.8284 7.82843 2
      vertex 92.5376 8.09204 2
    endloop
  endfacet
  facet normal 0.336879 0.941548 -0
    outer loop
      vertex 91.5307 8.69552 2
      vertex 91.1611 8.82776 7
      vertex 91.5307 8.69552 7
    endloop
  endfacet
  facet normal 0.336879 0.941548 0
    outer loop
      vertex 91.1611 8.82776 7
      vertex 91.5307 8.69552 2
      vertex 91.1611 8.82776 2
    endloop
  endfacet
  facet normal -0.97008 0.242787 0
    outer loop
      vertex 86.0769 5.78036 2
      vertex 86.1722 6.16114 7
      vertex 86.1722 6.16114 2
    endloop
  endfacet
  facet normal -0.97008 0.242787 0
    outer loop
      vertex 86.1722 6.16114 7
      vertex 86.0769 5.78036 2
      vertex 86.0769 5.78036 7
    endloop
  endfacet
  facet normal -0.803128 -0.595806 0
    outer loop
      vertex 86.908 2.46243 2
      vertex 86.6741 2.77772 7
      vertex 86.6741 2.77772 2
    endloop
  endfacet
  facet normal -0.803128 -0.595806 0
    outer loop
      vertex 86.6741 2.77772 7
      vertex 86.908 2.46243 2
      vertex 86.908 2.46243 7
    endloop
  endfacet
  facet normal -0.989176 -0.146737 0
    outer loop
      vertex 86.0769 4.21964 2
      vertex 86.0193 4.60793 7
      vertex 86.0193 4.60793 2
    endloop
  endfacet
  facet normal -0.989176 -0.146737 0
    outer loop
      vertex 86.0193 4.60793 7
      vertex 86.0769 4.21964 2
      vertex 86.0769 4.21964 7
    endloop
  endfacet
  facet normal -0.671621 -0.740895 0
    outer loop
      vertex 87.1716 2.17157 2
      vertex 87.4624 1.90796 7
      vertex 87.1716 2.17157 7
    endloop
  endfacet
  facet normal -0.671621 -0.740895 -0
    outer loop
      vertex 87.4624 1.90796 7
      vertex 87.1716 2.17157 2
      vertex 87.4624 1.90796 2
    endloop
  endfacet
  facet normal -0.803128 0.595806 0
    outer loop
      vertex 86.6741 7.22228 2
      vertex 86.908 7.53757 7
      vertex 86.908 7.53757 2
    endloop
  endfacet
  facet normal -0.803128 0.595806 0
    outer loop
      vertex 86.908 7.53757 7
      vertex 86.6741 7.22228 2
      vertex 86.6741 7.22228 7
    endloop
  endfacet
  facet normal -0.857733 0.514095 0
    outer loop
      vertex 86.4723 6.88559 2
      vertex 86.6741 7.22228 7
      vertex 86.6741 7.22228 2
    endloop
  endfacet
  facet normal -0.857733 0.514095 0
    outer loop
      vertex 86.6741 7.22228 7
      vertex 86.4723 6.88559 2
      vertex 86.4723 6.88559 7
    endloop
  endfacet
  facet normal 0 0 1
    outer loop
      vertex 92.35 5 7
      vertex 94 5 7
      vertex 93.9807 5.39207 7
    endloop
  endfacet
  facet normal 0 0 1
    outer loop
      vertex 92.3387 5.23034 7
      vertex 93.9807 5.39207 7
      vertex 93.9231 5.78036 7
    endloop
  endfacet
  facet normal 0 0 1
    outer loop
      vertex 94 5 7
      vertex 92.35 5 7
      vertex 93.9807 4.60793 7
    endloop
  endfacet
  facet normal 0 0 1
    outer loop
      vertex 92.3048 5.45846 7
      vertex 93.9231 5.78036 7
      vertex 93.8278 6.16114 7
    endloop
  endfacet
  facet normal -0 0 1
    outer loop
      vertex 92.3387 4.76966 7
      vertex 93.9807 4.60793 7
      vertex 92.35 5 7
    endloop
  endfacet
  facet normal 0 0 1
    outer loop
      vertex 92.2488 5.68217 7
      vertex 93.8278 6.16114 7
      vertex 93.6955 6.53073 7
    endloop
  endfacet
  facet normal 0 0 1
    outer loop
      vertex 93.9807 4.60793 7
      vertex 92.3387 4.76966 7
      vertex 93.9231 4.21964 7
    endloop
  endfacet
  facet normal 0 0 1
    outer loop
      vertex 92.1711 5.89931 7
      vertex 93.6955 6.53073 7
      vertex 93.5277 6.88559 7
    endloop
  endfacet
  facet normal -0 0 1
    outer loop
      vertex 92.3048 4.54154 7
      vertex 93.9231 4.21964 7
      vertex 92.3387 4.76966 7
    endloop
  endfacet
  facet normal 0 0 1
    outer loop
      vertex 92.0725 6.10778 7
      vertex 93.5277 6.88559 7
      vertex 93.3259 7.22228 7
    endloop
  endfacet
  facet normal 0 0 1
    outer loop
      vertex 93.9231 4.21964 7
      vertex 92.3048 4.54154 7
      vertex 93.8278 3.83886 7
    endloop
  endfacet
  facet normal 0 0 1
    outer loop
      vertex 91.9539 6.30559 7
      vertex 93.3259 7.22228 7
      vertex 93.092 7.53757 7
    endloop
  endfacet
  facet normal -0 0 1
    outer loop
      vertex 92.2488 4.31783 7
      vertex 93.8278 3.83886 7
      vertex 92.3048 4.54154 7
    endloop
  endfacet
  facet normal 0 0 1
    outer loop
      vertex 91.8166 6.49082 7
      vertex 93.092 7.53757 7
      vertex 92.8284 7.82843 7
    endloop
  endfacet
  facet normal 0 0 1
    outer loop
      vertex 93.8278 3.83886 7
      vertex 92.2488 4.31783 7
      vertex 93.6955 3.46927 7
    endloop
  endfacet
  facet normal 0 0 1
    outer loop
      vertex 91.6617 6.6617 7
      vertex 92.8284 7.82843 7
      vertex 92.5376 8.09204 7
    endloop
  endfacet
  facet normal -0 0 1
    outer loop
      vertex 92.1711 4.10069 7
      vertex 93.6955 3.46927 7
      vertex 92.2488 4.31783 7
    endloop
  endfacet
  facet normal 0 0 1
    outer loop
      vertex 93.6955 3.46927 7
      vertex 92.1711 4.10069 7
      vertex 93.5277 3.11441 7
    endloop
  endfacet
  facet normal 0 0 1
    outer loop
      vertex 93.9807 5.39207 7
      vertex 92.3387 5.23034 7
      vertex 92.35 5 7
    endloop
  endfacet
  facet normal 0 0 1
    outer loop
      vertex 93.9231 5.78036 7
      vertex 92.3048 5.45846 7
      vertex 92.3387 5.23034 7
    endloop
  endfacet
  facet normal 0 0 1
    outer loop
      vertex 93.8278 6.16114 7
      vertex 92.2488 5.68217 7
      vertex 92.3048 5.45846 7
    endloop
  endfacet
  facet normal 0 0 1
    outer loop
      vertex 91.4908 6.81657 7
      vertex 92.5376 8.09204 7
      vertex 92.2223 8.32588 7
    endloop
  endfacet
  facet normal 0 0 1
    outer loop
      vertex 93.6955 6.53073 7
      vertex 92.1711 5.89931 7
      vertex 92.2488 5.68217 7
    endloop
  endfacet
  facet normal 0 0 1
    outer loop
      vertex 93.5277 6.88559 7
      vertex 92.0725 6.10778 7
      vertex 92.1711 5.89931 7
    endloop
  endfacet
  facet normal 0 0 1
    outer loop
      vertex 93.3259 7.22228 7
      vertex 91.9539 6.30559 7
      vertex 92.0725 6.10778 7
    endloop
  endfacet
  facet normal 0 0 1
    outer loop
      vertex 91.3056 6.95395 7
      vertex 92.2223 8.32588 7
      vertex 91.8856 8.52768 7
    endloop
  endfacet
  facet normal 0 0 1
    outer loop
      vertex 93.092 7.53757 7
      vertex 91.8166 6.49082 7
      vertex 91.9539 6.30559 7
    endloop
  endfacet
  facet normal 0 0 1
    outer loop
      vertex 92.8284 7.82843 7
      vertex 91.6617 6.6617 7
      vertex 91.8166 6.49082 7
    endloop
  endfacet
  facet normal 0 0 1
    outer loop
      vertex 91.1078 7.07251 7
      vertex 91.8856 8.52768 7
      vertex 91.5307 8.69552 7
    endloop
  endfacet
  facet normal 0 0 1
    outer loop
      vertex 92.5376 8.09204 7
      vertex 91.4908 6.81657 7
      vertex 91.6617 6.6617 7
    endloop
  endfacet
  facet normal 0 0 1
    outer loop
      vertex 92.2223 8.32588 7
      vertex 91.3056 6.95395 7
      vertex 91.4908 6.81657 7
    endloop
  endfacet
  facet normal 0 0 1
    outer loop
      vertex 90.8993 7.17112 7
      vertex 91.5307 8.69552 7
      vertex 91.1611 8.82776 7
    endloop
  endfacet
  facet normal 0 0 1
    outer loop
      vertex 91.8856 8.52768 7
      vertex 91.1078 7.07251 7
      vertex 91.3056 6.95395 7
    endloop
  endfacet
  facet normal 0 0 1
    outer loop
      vertex 91.5307 8.69552 7
      vertex 90.8993 7.17112 7
      vertex 91.1078 7.07251 7
    endloop
  endfacet
  facet normal 0 0 1
    outer loop
      vertex 90.6822 7.24881 7
      vertex 91.1611 8.82776 7
      vertex 90.7804 8.92314 7
    endloop
  endfacet
  facet normal 0 0 1
    outer loop
      vertex 91.1611 8.82776 7
      vertex 90.6822 7.24881 7
      vertex 90.8993 7.17112 7
    endloop
  endfacet
  facet normal 0 0 1
    outer loop
      vertex 90.7804 8.92314 7
      vertex 90.4585 7.30484 7
      vertex 90.6822 7.24881 7
    endloop
  endfacet
  facet normal 0 0 1
    outer loop
      vertex 90.3921 8.98074 7
      vertex 90.4585 7.30484 7
      vertex 90.7804 8.92314 7
    endloop
  endfacet
  facet normal 0 0 1
    outer loop
      vertex 90.3921 8.98074 7
      vertex 90.2303 7.33868 7
      vertex 90.4585 7.30484 7
    endloop
  endfacet
  facet normal 0 0 1
    outer loop
      vertex 90 9 7
      vertex 90.2303 7.33868 7
      vertex 90.3921 8.98074 7
    endloop
  endfacet
  facet normal 0 0 1
    outer loop
      vertex 90 9 7
      vertex 90 7.35 7
      vertex 90.2303 7.33868 7
    endloop
  endfacet
  facet normal 0 0 1
    outer loop
      vertex 90 9 7
      vertex 89.7697 7.33868 7
      vertex 90 7.35 7
    endloop
  endfacet
  facet normal -0 0 1
    outer loop
      vertex 89.6079 8.98074 7
      vertex 89.7697 7.33868 7
      vertex 90 9 7
    endloop
  endfacet
  facet normal 0 0 1
    outer loop
      vertex 89.6079 8.98074 7
      vertex 89.5415 7.30484 7
      vertex 89.7697 7.33868 7
    endloop
  endfacet
  facet normal -0 0 1
    outer loop
      vertex 89.2196 8.92314 7
      vertex 89.5415 7.30484 7
      vertex 89.6079 8.98074 7
    endloop
  endfacet
  facet normal 0 0 1
    outer loop
      vertex 89.5415 7.30484 7
      vertex 89.2196 8.92314 7
      vertex 89.3178 7.24881 7
    endloop
  endfacet
  facet normal -0 0 1
    outer loop
      vertex 88.8389 8.82776 7
      vertex 89.3178 7.24881 7
      vertex 89.2196 8.92314 7
    endloop
  endfacet
  facet normal 0 0 1
    outer loop
      vertex 89.3178 7.24881 7
      vertex 88.8389 8.82776 7
      vertex 89.1007 7.17112 7
    endloop
  endfacet
  facet normal -0 0 1
    outer loop
      vertex 88.4693 8.69552 7
      vertex 89.1007 7.17112 7
      vertex 88.8389 8.82776 7
    endloop
  endfacet
  facet normal 0 0 1
    outer loop
      vertex 89.1007 7.17112 7
      vertex 88.4693 8.69552 7
      vertex 88.8922 7.07251 7
    endloop
  endfacet
  facet normal -0 0 1
    outer loop
      vertex 88.1144 8.52768 7
      vertex 88.8922 7.07251 7
      vertex 88.4693 8.69552 7
    endloop
  endfacet
  facet normal 0 0 1
    outer loop
      vertex 88.8922 7.07251 7
      vertex 88.1144 8.52768 7
      vertex 88.6944 6.95395 7
    endloop
  endfacet
  facet normal -0 0 1
    outer loop
      vertex 87.7777 8.32588 7
      vertex 88.6944 6.95395 7
      vertex 88.1144 8.52768 7
    endloop
  endfacet
  facet normal 0 0 1
    outer loop
      vertex 88.6944 6.95395 7
      vertex 87.7777 8.32588 7
      vertex 88.5092 6.81657 7
    endloop
  endfacet
  facet normal -0 0 1
    outer loop
      vertex 87.4624 8.09204 7
      vertex 88.5092 6.81657 7
      vertex 87.7777 8.32588 7
    endloop
  endfacet
  facet normal 0 0 1
    outer loop
      vertex 88.5092 6.81657 7
      vertex 87.4624 8.09204 7
      vertex 88.3383 6.6617 7
    endloop
  endfacet
  facet normal -0 0 1
    outer loop
      vertex 87.1716 7.82843 7
      vertex 88.3383 6.6617 7
      vertex 87.4624 8.09204 7
    endloop
  endfacet
  facet normal 0 0 1
    outer loop
      vertex 88.3383 6.6617 7
      vertex 87.1716 7.82843 7
      vertex 88.1834 6.49082 7
    endloop
  endfacet
  facet normal -0 0 1
    outer loop
      vertex 86.908 7.53757 7
      vertex 88.1834 6.49082 7
      vertex 87.1716 7.82843 7
    endloop
  endfacet
  facet normal 0 0 1
    outer loop
      vertex 88.1834 6.49082 7
      vertex 86.908 7.53757 7
      vertex 88.0461 6.30559 7
    endloop
  endfacet
  facet normal -0 0 1
    outer loop
      vertex 86.6741 7.22228 7
      vertex 88.0461 6.30559 7
      vertex 86.908 7.53757 7
    endloop
  endfacet
  facet normal 0 0 1
    outer loop
      vertex 88.0461 6.30559 7
      vertex 86.6741 7.22228 7
      vertex 87.9275 6.10778 7
    endloop
  endfacet
  facet normal -0 0 1
    outer loop
      vertex 86.4723 6.88559 7
      vertex 87.9275 6.10778 7
      vertex 86.6741 7.22228 7
    endloop
  endfacet
  facet normal 0 0 1
    outer loop
      vertex 87.9275 6.10778 7
      vertex 86.4723 6.88559 7
      vertex 87.8289 5.89931 7
    endloop
  endfacet
  facet normal -0 0 1
    outer loop
      vertex 92.0725 3.89222 7
      vertex 93.5277 3.11441 7
      vertex 92.1711 4.10069 7
    endloop
  endfacet
  facet normal 0 0 1
    outer loop
      vertex 93.5277 3.11441 7
      vertex 92.0725 3.89222 7
      vertex 93.3259 2.77772 7
    endloop
  endfacet
  facet normal -0 0 1
    outer loop
      vertex 91.9539 3.69441 7
      vertex 93.3259 2.77772 7
      vertex 92.0725 3.89222 7
    endloop
  endfacet
  facet normal 0 0 1
    outer loop
      vertex 93.3259 2.77772 7
      vertex 91.9539 3.69441 7
      vertex 93.092 2.46243 7
    endloop
  endfacet
  facet normal -0 0 1
    outer loop
      vertex 91.8166 3.50918 7
      vertex 93.092 2.46243 7
      vertex 91.9539 3.69441 7
    endloop
  endfacet
  facet normal 0 0 1
    outer loop
      vertex 93.092 2.46243 7
      vertex 91.8166 3.50918 7
      vertex 92.8284 2.17157 7
    endloop
  endfacet
  facet normal -0 0 1
    outer loop
      vertex 91.6617 3.3383 7
      vertex 92.8284 2.17157 7
      vertex 91.8166 3.50918 7
    endloop
  endfacet
  facet normal 0 0 1
    outer loop
      vertex 92.8284 2.17157 7
      vertex 91.6617 3.3383 7
      vertex 92.5376 1.90796 7
    endloop
  endfacet
  facet normal -0 0 1
    outer loop
      vertex 91.4908 3.18343 7
      vertex 92.5376 1.90796 7
      vertex 91.6617 3.3383 7
    endloop
  endfacet
  facet normal 0 0 1
    outer loop
      vertex 92.5376 1.90796 7
      vertex 91.4908 3.18343 7
      vertex 92.2223 1.67412 7
    endloop
  endfacet
  facet normal -0 0 1
    outer loop
      vertex 91.3056 3.04605 7
      vertex 92.2223 1.67412 7
      vertex 91.4908 3.18343 7
    endloop
  endfacet
  facet normal 0 0 1
    outer loop
      vertex 92.2223 1.67412 7
      vertex 91.3056 3.04605 7
      vertex 91.8856 1.47232 7
    endloop
  endfacet
  facet normal -0 0 1
    outer loop
      vertex 91.1078 2.92749 7
      vertex 91.8856 1.47232 7
      vertex 91.3056 3.04605 7
    endloop
  endfacet
  facet normal 0 0 1
    outer loop
      vertex 91.8856 1.47232 7
      vertex 91.1078 2.92749 7
      vertex 91.5307 1.30448 7
    endloop
  endfacet
  facet normal -0 0 1
    outer loop
      vertex 90.8993 2.82888 7
      vertex 91.5307 1.30448 7
      vertex 91.1078 2.92749 7
    endloop
  endfacet
  facet normal 0 0 1
    outer loop
      vertex 91.5307 1.30448 7
      vertex 90.8993 2.82888 7
      vertex 91.1611 1.17224 7
    endloop
  endfacet
  facet normal -0 0 1
    outer loop
      vertex 90.6822 2.75119 7
      vertex 91.1611 1.17224 7
      vertex 90.8993 2.82888 7
    endloop
  endfacet
  facet normal 0 0 1
    outer loop
      vertex 91.1611 1.17224 7
      vertex 90.6822 2.75119 7
      vertex 90.7804 1.07686 7
    endloop
  endfacet
  facet normal -0 0 1
    outer loop
      vertex 90.4585 2.69516 7
      vertex 90.7804 1.07686 7
      vertex 90.6822 2.75119 7
    endloop
  endfacet
  facet normal 0 0 1
    outer loop
      vertex 90.4585 2.69516 7
      vertex 90.3921 1.01926 7
      vertex 90.7804 1.07686 7
    endloop
  endfacet
  facet normal -0 0 1
    outer loop
      vertex 90.2303 2.66132 7
      vertex 90.3921 1.01926 7
      vertex 90.4585 2.69516 7
    endloop
  endfacet
  facet normal -0 0 1
    outer loop
      vertex 90 2.65 7
      vertex 90.3921 1.01926 7
      vertex 90.2303 2.66132 7
    endloop
  endfacet
  facet normal 0 0 1
    outer loop
      vertex 90 2.65 7
      vertex 90 1 7
      vertex 90.3921 1.01926 7
    endloop
  endfacet
  facet normal 0 0 1
    outer loop
      vertex 89.7697 2.66132 7
      vertex 90 1 7
      vertex 90 2.65 7
    endloop
  endfacet
  facet normal 0 0 1
    outer loop
      vertex 89.7697 2.66132 7
      vertex 89.6079 1.01926 7
      vertex 90 1 7
    endloop
  endfacet
  facet normal 0 0 1
    outer loop
      vertex 89.5415 2.69516 7
      vertex 89.6079 1.01926 7
      vertex 89.7697 2.66132 7
    endloop
  endfacet
  facet normal 0 0 1
    outer loop
      vertex 89.2196 1.07686 7
      vertex 89.5415 2.69516 7
      vertex 89.3178 2.75119 7
    endloop
  endfacet
  facet normal 0 0 1
    outer loop
      vertex 89.5415 2.69516 7
      vertex 89.2196 1.07686 7
      vertex 89.6079 1.01926 7
    endloop
  endfacet
  facet normal 0 0 1
    outer loop
      vertex 88.8389 1.17224 7
      vertex 89.3178 2.75119 7
      vertex 89.1007 2.82888 7
    endloop
  endfacet
  facet normal 0 0 1
    outer loop
      vertex 88.4693 1.30448 7
      vertex 89.1007 2.82888 7
      vertex 88.8922 2.92749 7
    endloop
  endfacet
  facet normal 0 0 1
    outer loop
      vertex 89.3178 2.75119 7
      vertex 88.8389 1.17224 7
      vertex 89.2196 1.07686 7
    endloop
  endfacet
  facet normal 0 0 1
    outer loop
      vertex 88.1144 1.47232 7
      vertex 88.8922 2.92749 7
      vertex 88.6944 3.04605 7
    endloop
  endfacet
  facet normal 0 0 1
    outer loop
      vertex 87.7777 1.67412 7
      vertex 88.6944 3.04605 7
      vertex 88.5092 3.18343 7
    endloop
  endfacet
  facet normal 0 0 1
    outer loop
      vertex 89.1007 2.82888 7
      vertex 88.4693 1.30448 7
      vertex 88.8389 1.17224 7
    endloop
  endfacet
  facet normal 0 0 1
    outer loop
      vertex 87.4624 1.90796 7
      vertex 88.5092 3.18343 7
      vertex 88.3383 3.3383 7
    endloop
  endfacet
  facet normal 0 0 1
    outer loop
      vertex 87.1716 2.17157 7
      vertex 88.3383 3.3383 7
      vertex 88.1834 3.50918 7
    endloop
  endfacet
  facet normal 0 0 1
    outer loop
      vertex 88.8922 2.92749 7
      vertex 88.1144 1.47232 7
      vertex 88.4693 1.30448 7
    endloop
  endfacet
  facet normal 0 0 1
    outer loop
      vertex 86.908 2.46243 7
      vertex 88.1834 3.50918 7
      vertex 88.0461 3.69441 7
    endloop
  endfacet
  facet normal 0 0 1
    outer loop
      vertex 86.6741 2.77772 7
      vertex 88.0461 3.69441 7
      vertex 87.9275 3.89222 7
    endloop
  endfacet
  facet normal 0 0 1
    outer loop
      vertex 86.4723 3.11441 7
      vertex 87.9275 3.89222 7
      vertex 87.8289 4.10069 7
    endloop
  endfacet
  facet normal 0 0 1
    outer loop
      vertex 88.6944 3.04605 7
      vertex 87.7777 1.67412 7
      vertex 88.1144 1.47232 7
    endloop
  endfacet
  facet normal 0 0 1
    outer loop
      vertex 86.3045 3.46927 7
      vertex 87.8289 4.10069 7
      vertex 87.7512 4.31783 7
    endloop
  endfacet
  facet normal 0 0 1
    outer loop
      vertex 86.1722 3.83886 7
      vertex 87.7512 4.31783 7
      vertex 87.6952 4.54154 7
    endloop
  endfacet
  facet normal 0 0 1
    outer loop
      vertex 86.0769 4.21964 7
      vertex 87.6952 4.54154 7
      vertex 87.6613 4.76966 7
    endloop
  endfacet
  facet normal 0 0 1
    outer loop
      vertex 86.0193 4.60793 7
      vertex 87.6613 4.76966 7
      vertex 87.65 5 7
    endloop
  endfacet
  facet normal -0 0 1
    outer loop
      vertex 86.3045 6.53073 7
      vertex 87.8289 5.89931 7
      vertex 86.4723 6.88559 7
    endloop
  endfacet
  facet normal 0 0 1
    outer loop
      vertex 88.5092 3.18343 7
      vertex 87.4624 1.90796 7
      vertex 87.7777 1.67412 7
    endloop
  endfacet
  facet normal 0 0 1
    outer loop
      vertex 87.8289 5.89931 7
      vertex 86.3045 6.53073 7
      vertex 87.7512 5.68217 7
    endloop
  endfacet
  facet normal 0 0 1
    outer loop
      vertex 88.3383 3.3383 7
      vertex 87.1716 2.17157 7
      vertex 87.4624 1.90796 7
    endloop
  endfacet
  facet normal -0 0 1
    outer loop
      vertex 86.1722 6.16114 7
      vertex 87.7512 5.68217 7
      vertex 86.3045 6.53073 7
    endloop
  endfacet
  facet normal 0 0 1
    outer loop
      vertex 88.1834 3.50918 7
      vertex 86.908 2.46243 7
      vertex 87.1716 2.17157 7
    endloop
  endfacet
  facet normal 0 0 1
    outer loop
      vertex 87.7512 5.68217 7
      vertex 86.1722 6.16114 7
      vertex 87.6952 5.45846 7
    endloop
  endfacet
  facet normal 0 0 1
    outer loop
      vertex 88.0461 3.69441 7
      vertex 86.6741 2.77772 7
      vertex 86.908 2.46243 7
    endloop
  endfacet
  facet normal -0 0 1
    outer loop
      vertex 86.0769 5.78036 7
      vertex 87.6952 5.45846 7
      vertex 86.1722 6.16114 7
    endloop
  endfacet
  facet normal 0 0 1
    outer loop
      vertex 87.9275 3.89222 7
      vertex 86.4723 3.11441 7
      vertex 86.6741 2.77772 7
    endloop
  endfacet
  facet normal 0 0 1
    outer loop
      vertex 87.6952 5.45846 7
      vertex 86.0769 5.78036 7
      vertex 87.6613 5.23034 7
    endloop
  endfacet
  facet normal 0 0 1
    outer loop
      vertex 87.8289 4.10069 7
      vertex 86.3045 3.46927 7
      vertex 86.4723 3.11441 7
    endloop
  endfacet
  facet normal -0 0 1
    outer loop
      vertex 86.0193 5.39207 7
      vertex 87.6613 5.23034 7
      vertex 86.0769 5.78036 7
    endloop
  endfacet
  facet normal 0 0 1
    outer loop
      vertex 87.7512 4.31783 7
      vertex 86.1722 3.83886 7
      vertex 86.3045 3.46927 7
    endloop
  endfacet
  facet normal 0 0 1
    outer loop
      vertex 87.6613 5.23034 7
      vertex 86.0193 5.39207 7
      vertex 87.65 5 7
    endloop
  endfacet
  facet normal 0 0 1
    outer loop
      vertex 87.6952 4.54154 7
      vertex 86.0769 4.21964 7
      vertex 86.1722 3.83886 7
    endloop
  endfacet
  facet normal 0 0 1
    outer loop
      vertex 86 5 7
      vertex 87.65 5 7
      vertex 86.0193 5.39207 7
    endloop
  endfacet
  facet normal 0 0 1
    outer loop
      vertex 87.6613 4.76966 7
      vertex 86.0193 4.60793 7
      vertex 86.0769 4.21964 7
    endloop
  endfacet
  facet normal 0 0 1
    outer loop
      vertex 87.65 5 7
      vertex 86 5 7
      vertex 86.0193 4.60793 7
    endloop
  endfacet
  facet normal -0.049061 -0.998796 0
    outer loop
      vertex 89.6079 1.01926 2
      vertex 90 1 7
      vertex 89.6079 1.01926 7
    endloop
  endfacet
  facet normal -0.049061 -0.998796 -0
    outer loop
      vertex 90 1 7
      vertex 89.6079 1.01926 2
      vertex 90 1 2
    endloop
  endfacet
  facet normal -0.998791 0.0491664 0
    outer loop
      vertex 86 5 2
      vertex 86.0193 5.39207 7
      vertex 86.0193 5.39207 2
    endloop
  endfacet
  facet normal -0.998791 0.0491664 0
    outer loop
      vertex 86.0193 5.39207 7
      vertex 86 5 2
      vertex 86 5 7
    endloop
  endfacet
  facet normal -0.336879 -0.941548 0
    outer loop
      vertex 88.4693 1.30448 2
      vertex 88.8389 1.17224 7
      vertex 88.4693 1.30448 7
    endloop
  endfacet
  facet normal -0.336879 -0.941548 -0
    outer loop
      vertex 88.8389 1.17224 7
      vertex 88.4693 1.30448 2
      vertex 88.8389 1.17224 2
    endloop
  endfacet
  facet normal 0.740977 -0.671531 0
    outer loop
      vertex 92.8284 2.17157 7
      vertex 93.092 2.46243 2
      vertex 93.092 2.46243 7
    endloop
  endfacet
  facet normal 0.740977 -0.671531 0
    outer loop
      vertex 93.092 2.46243 2
      vertex 92.8284 2.17157 7
      vertex 92.8284 2.17157 2
    endloop
  endfacet
  facet normal 0.671621 -0.740895 0
    outer loop
      vertex 92.5376 1.90796 2
      vertex 92.8284 2.17157 7
      vertex 92.5376 1.90796 7
    endloop
  endfacet
  facet normal 0.671621 -0.740895 0
    outer loop
      vertex 92.8284 2.17157 7
      vertex 92.5376 1.90796 2
      vertex 92.8284 2.17157 2
    endloop
  endfacet
  facet normal 0.146687 -0.989183 0
    outer loop
      vertex 89.5415 7.30484 3
      vertex 89.7697 7.33868 7
      vertex 89.5415 7.30484 7
    endloop
  endfacet
  facet normal 0.146687 -0.989183 0
    outer loop
      vertex 89.7697 7.33868 7
      vertex 89.5415 7.30484 3
      vertex 89.7697 7.33868 3
    endloop
  endfacet
  facet normal -0.989138 -0.146992 0
    outer loop
      vertex 92.3387 5.23034 3
      vertex 92.3048 5.45846 7
      vertex 92.3048 5.45846 3
    endloop
  endfacet
  facet normal -0.989138 -0.146992 0
    outer loop
      vertex 92.3048 5.45846 7
      vertex 92.3387 5.23034 3
      vertex 92.3387 5.23034 7
    endloop
  endfacet
  facet normal -0.998799 -0.048999 0
    outer loop
      vertex 92.35 5 3
      vertex 92.3387 5.23034 7
      vertex 92.3387 5.23034 3
    endloop
  endfacet
  facet normal -0.998799 -0.048999 0
    outer loop
      vertex 92.3387 5.23034 7
      vertex 92.35 5 3
      vertex 92.35 5 7
    endloop
  endfacet
  facet normal -0.970068 -0.242832 0
    outer loop
      vertex 92.3048 5.45846 3
      vertex 92.2488 5.68217 7
      vertex 92.2488 5.68217 3
    endloop
  endfacet
  facet normal -0.970068 -0.242832 0
    outer loop
      vertex 92.2488 5.68217 7
      vertex 92.3048 5.45846 3
      vertex 92.3048 5.45846 7
    endloop
  endfacet
  facet normal -0.998799 0.048999 0
    outer loop
      vertex 92.3387 4.76966 3
      vertex 92.35 5 7
      vertex 92.35 5 3
    endloop
  endfacet
  facet normal -0.998799 0.048999 0
    outer loop
      vertex 92.35 5 7
      vertex 92.3387 4.76966 3
      vertex 92.3387 4.76966 7
    endloop
  endfacet
  facet normal -0.427544 -0.903995 0
    outer loop
      vertex 90.8993 7.17112 3
      vertex 91.1078 7.07251 7
      vertex 90.8993 7.17112 7
    endloop
  endfacet
  facet normal -0.427544 -0.903995 -0
    outer loop
      vertex 91.1078 7.07251 7
      vertex 90.8993 7.17112 3
      vertex 91.1078 7.07251 3
    endloop
  endfacet
  facet normal -0.941536 0.336913 0
    outer loop
      vertex 92.1711 4.10069 3
      vertex 92.2488 4.31783 7
      vertex 92.2488 4.31783 3
    endloop
  endfacet
  facet normal -0.941536 0.336913 0
    outer loop
      vertex 92.2488 4.31783 7
      vertex 92.1711 4.10069 3
      vertex 92.1711 4.10069 7
    endloop
  endfacet
  facet normal -0.33693 -0.94153 0
    outer loop
      vertex 90.6822 7.24881 3
      vertex 90.8993 7.17112 7
      vertex 90.6822 7.24881 7
    endloop
  endfacet
  facet normal -0.33693 -0.94153 -0
    outer loop
      vertex 90.8993 7.17112 7
      vertex 90.6822 7.24881 3
      vertex 90.8993 7.17112 3
    endloop
  endfacet
  facet normal 0.803365 -0.595487 0
    outer loop
      vertex 88.0461 6.30559 7
      vertex 88.1834 6.49082 3
      vertex 88.1834 6.49082 7
    endloop
  endfacet
  facet normal 0.803365 -0.595487 0
    outer loop
      vertex 88.1834 6.49082 3
      vertex 88.0461 6.30559 7
      vertex 88.0461 6.30559 3
    endloop
  endfacet
  facet normal -0.803365 -0.595487 0
    outer loop
      vertex 91.9539 6.30559 3
      vertex 91.8166 6.49082 7
      vertex 91.8166 6.49082 3
    endloop
  endfacet
  facet normal -0.803365 -0.595487 0
    outer loop
      vertex 91.8166 6.49082 7
      vertex 91.9539 6.30559 3
      vertex 91.9539 6.30559 7
    endloop
  endfacet
  facet normal -0.514113 -0.857722 0
    outer loop
      vertex 91.1078 7.07251 3
      vertex 91.3056 6.95395 7
      vertex 91.1078 7.07251 7
    endloop
  endfacet
  facet normal -0.514113 -0.857722 -0
    outer loop
      vertex 91.3056 6.95395 7
      vertex 91.1078 7.07251 3
      vertex 91.3056 6.95395 3
    endloop
  endfacet
  facet normal 0.146687 0.989183 -0
    outer loop
      vertex 89.7697 2.66132 3
      vertex 89.5415 2.69516 7
      vertex 89.7697 2.66132 7
    endloop
  endfacet
  facet normal 0.146687 0.989183 0
    outer loop
      vertex 89.5415 2.69516 7
      vertex 89.7697 2.66132 3
      vertex 89.5415 2.69516 3
    endloop
  endfacet
  facet normal 0.857657 0.514222 0
    outer loop
      vertex 88.0461 3.69441 7
      vertex 87.9275 3.89222 3
      vertex 87.9275 3.89222 7
    endloop
  endfacet
  facet normal 0.857657 0.514222 0
    outer loop
      vertex 87.9275 3.89222 3
      vertex 88.0461 3.69441 7
      vertex 88.0461 3.69441 3
    endloop
  endfacet
  facet normal 0.989138 0.146992 0
    outer loop
      vertex 87.6952 4.54154 7
      vertex 87.6613 4.76966 3
      vertex 87.6613 4.76966 7
    endloop
  endfacet
  facet normal 0.989138 0.146992 0
    outer loop
      vertex 87.6613 4.76966 3
      vertex 87.6952 4.54154 7
      vertex 87.6952 4.54154 3
    endloop
  endfacet
  facet normal -0.740901 0.671615 0
    outer loop
      vertex 91.6617 3.3383 3
      vertex 91.8166 3.50918 7
      vertex 91.8166 3.50918 3
    endloop
  endfacet
  facet normal -0.740901 0.671615 0
    outer loop
      vertex 91.8166 3.50918 7
      vertex 91.6617 3.3383 3
      vertex 91.6617 3.3383 7
    endloop
  endfacet
  facet normal 0.970068 -0.242832 0
    outer loop
      vertex 87.6952 5.45846 7
      vertex 87.7512 5.68217 3
      vertex 87.7512 5.68217 7
    endloop
  endfacet
  facet normal 0.970068 -0.242832 0
    outer loop
      vertex 87.7512 5.68217 3
      vertex 87.6952 5.45846 7
      vertex 87.6952 5.45846 3
    endloop
  endfacet
  facet normal 0.242964 -0.970035 0
    outer loop
      vertex 89.3178 7.24881 3
      vertex 89.5415 7.30484 7
      vertex 89.3178 7.24881 7
    endloop
  endfacet
  facet normal 0.242964 -0.970035 0
    outer loop
      vertex 89.5415 7.30484 7
      vertex 89.3178 7.24881 3
      vertex 89.5415 7.30484 3
    endloop
  endfacet
  facet normal 0.33693 -0.94153 0
    outer loop
      vertex 89.1007 7.17112 3
      vertex 89.3178 7.24881 7
      vertex 89.1007 7.17112 7
    endloop
  endfacet
  facet normal 0.33693 -0.94153 0
    outer loop
      vertex 89.3178 7.24881 7
      vertex 89.1007 7.17112 3
      vertex 89.3178 7.24881 3
    endloop
  endfacet
  facet normal -0.595773 -0.803153 0
    outer loop
      vertex 91.3056 6.95395 3
      vertex 91.4908 6.81657 7
      vertex 91.3056 6.95395 7
    endloop
  endfacet
  facet normal -0.595773 -0.803153 -0
    outer loop
      vertex 91.4908 6.81657 7
      vertex 91.3056 6.95395 3
      vertex 91.4908 6.81657 3
    endloop
  endfacet
  facet normal -0.903988 0.427559 0
    outer loop
      vertex 92.0725 3.89222 3
      vertex 92.1711 4.10069 7
      vertex 92.1711 4.10069 3
    endloop
  endfacet
  facet normal -0.903988 0.427559 0
    outer loop
      vertex 92.1711 4.10069 7
      vertex 92.0725 3.89222 3
      vertex 92.0725 3.89222 7
    endloop
  endfacet
  facet normal 0.803365 0.595487 0
    outer loop
      vertex 88.1834 3.50918 7
      vertex 88.0461 3.69441 3
      vertex 88.0461 3.69441 7
    endloop
  endfacet
  facet normal 0.803365 0.595487 0
    outer loop
      vertex 88.0461 3.69441 3
      vertex 88.1834 3.50918 7
      vertex 88.1834 3.50918 3
    endloop
  endfacet
  facet normal -0.989138 0.146992 0
    outer loop
      vertex 92.3048 4.54154 3
      vertex 92.3387 4.76966 7
      vertex 92.3387 4.76966 3
    endloop
  endfacet
  facet normal -0.989138 0.146992 0
    outer loop
      vertex 92.3387 4.76966 7
      vertex 92.3048 4.54154 3
      vertex 92.3048 4.54154 7
    endloop
  endfacet
  facet normal -0.049094 0.998794 0
    outer loop
      vertex 90.2303 2.66132 3
      vertex 90 2.65 7
      vertex 90.2303 2.66132 7
    endloop
  endfacet
  facet normal -0.049094 0.998794 0
    outer loop
      vertex 90 2.65 7
      vertex 90.2303 2.66132 3
      vertex 90 2.65 3
    endloop
  endfacet
  facet normal -0.049094 -0.998794 0
    outer loop
      vertex 90 7.35 3
      vertex 90.2303 7.33868 7
      vertex 90 7.35 7
    endloop
  endfacet
  facet normal -0.049094 -0.998794 -0
    outer loop
      vertex 90.2303 7.33868 7
      vertex 90 7.35 3
      vertex 90.2303 7.33868 3
    endloop
  endfacet
  facet normal -0.146687 0.989183 0
    outer loop
      vertex 90.4585 2.69516 3
      vertex 90.2303 2.66132 7
      vertex 90.4585 2.69516 7
    endloop
  endfacet
  facet normal -0.146687 0.989183 0
    outer loop
      vertex 90.2303 2.66132 7
      vertex 90.4585 2.69516 3
      vertex 90.2303 2.66132 3
    endloop
  endfacet
  facet normal 0.427544 0.903995 -0
    outer loop
      vertex 89.1007 2.82888 3
      vertex 88.8922 2.92749 7
      vertex 89.1007 2.82888 7
    endloop
  endfacet
  facet normal 0.427544 0.903995 0
    outer loop
      vertex 88.8922 2.92749 7
      vertex 89.1007 2.82888 3
      vertex 88.8922 2.92749 3
    endloop
  endfacet
  facet normal 0.33693 0.94153 -0
    outer loop
      vertex 89.3178 2.75119 3
      vertex 89.1007 2.82888 7
      vertex 89.3178 2.75119 7
    endloop
  endfacet
  facet normal 0.33693 0.94153 0
    outer loop
      vertex 89.1007 2.82888 7
      vertex 89.3178 2.75119 3
      vertex 89.1007 2.82888 3
    endloop
  endfacet
  facet normal -0.6715 -0.741004 0
    outer loop
      vertex 91.4908 6.81657 3
      vertex 91.6617 6.6617 7
      vertex 91.4908 6.81657 7
    endloop
  endfacet
  facet normal -0.6715 -0.741004 -0
    outer loop
      vertex 91.6617 6.6617 7
      vertex 91.4908 6.81657 3
      vertex 91.6617 6.6617 3
    endloop
  endfacet
  facet normal -0.803365 0.595487 0
    outer loop
      vertex 91.8166 3.50918 3
      vertex 91.9539 3.69441 7
      vertex 91.9539 3.69441 3
    endloop
  endfacet
  facet normal -0.803365 0.595487 0
    outer loop
      vertex 91.9539 3.69441 7
      vertex 91.8166 3.50918 3
      vertex 91.8166 3.50918 7
    endloop
  endfacet
  facet normal -0.146687 -0.989183 0
    outer loop
      vertex 90.2303 7.33868 3
      vertex 90.4585 7.30484 7
      vertex 90.2303 7.33868 7
    endloop
  endfacet
  facet normal -0.146687 -0.989183 -0
    outer loop
      vertex 90.4585 7.30484 7
      vertex 90.2303 7.33868 3
      vertex 90.4585 7.30484 3
    endloop
  endfacet
  facet normal 0.049094 -0.998794 0
    outer loop
      vertex 89.7697 7.33868 3
      vertex 90 7.35 7
      vertex 89.7697 7.33868 7
    endloop
  endfacet
  facet normal 0.049094 -0.998794 0
    outer loop
      vertex 90 7.35 7
      vertex 89.7697 7.33868 3
      vertex 90 7.35 3
    endloop
  endfacet
  facet normal 0.427544 -0.903995 0
    outer loop
      vertex 88.8922 7.07251 3
      vertex 89.1007 7.17112 7
      vertex 88.8922 7.07251 7
    endloop
  endfacet
  facet normal 0.427544 -0.903995 0
    outer loop
      vertex 89.1007 7.17112 7
      vertex 88.8922 7.07251 3
      vertex 89.1007 7.17112 3
    endloop
  endfacet
  facet normal -0.740901 -0.671615 0
    outer loop
      vertex 91.8166 6.49082 3
      vertex 91.6617 6.6617 7
      vertex 91.6617 6.6617 3
    endloop
  endfacet
  facet normal -0.740901 -0.671615 0
    outer loop
      vertex 91.6617 6.6617 7
      vertex 91.8166 6.49082 3
      vertex 91.8166 6.49082 7
    endloop
  endfacet
  facet normal -0.857657 -0.514222 0
    outer loop
      vertex 92.0725 6.10778 3
      vertex 91.9539 6.30559 7
      vertex 91.9539 6.30559 3
    endloop
  endfacet
  facet normal -0.857657 -0.514222 0
    outer loop
      vertex 91.9539 6.30559 7
      vertex 92.0725 6.10778 3
      vertex 92.0725 6.10778 7
    endloop
  endfacet
  facet normal 0.903988 -0.427559 0
    outer loop
      vertex 87.8289 5.89931 7
      vertex 87.9275 6.10778 3
      vertex 87.9275 6.10778 7
    endloop
  endfacet
  facet normal 0.903988 -0.427559 0
    outer loop
      vertex 87.9275 6.10778 3
      vertex 87.8289 5.89931 7
      vertex 87.8289 5.89931 3
    endloop
  endfacet
  facet normal 0.514113 0.857722 -0
    outer loop
      vertex 88.8922 2.92749 3
      vertex 88.6944 3.04605 7
      vertex 88.8922 2.92749 7
    endloop
  endfacet
  facet normal 0.514113 0.857722 0
    outer loop
      vertex 88.6944 3.04605 7
      vertex 88.8922 2.92749 3
      vertex 88.6944 3.04605 3
    endloop
  endfacet
  facet normal 0.998799 0.048999 0
    outer loop
      vertex 87.6613 4.76966 7
      vertex 87.65 5 3
      vertex 87.65 5 7
    endloop
  endfacet
  facet normal 0.998799 0.048999 0
    outer loop
      vertex 87.65 5 3
      vertex 87.6613 4.76966 7
      vertex 87.6613 4.76966 3
    endloop
  endfacet
  facet normal -0.427544 0.903995 0
    outer loop
      vertex 91.1078 2.92749 3
      vertex 90.8993 2.82888 7
      vertex 91.1078 2.92749 7
    endloop
  endfacet
  facet normal -0.427544 0.903995 0
    outer loop
      vertex 90.8993 2.82888 7
      vertex 91.1078 2.92749 3
      vertex 90.8993 2.82888 3
    endloop
  endfacet
  facet normal -0.941536 -0.336913 0
    outer loop
      vertex 92.2488 5.68217 3
      vertex 92.1711 5.89931 7
      vertex 92.1711 5.89931 3
    endloop
  endfacet
  facet normal -0.941536 -0.336913 0
    outer loop
      vertex 92.1711 5.89931 7
      vertex 92.2488 5.68217 3
      vertex 92.2488 5.68217 7
    endloop
  endfacet
  facet normal 0.6715 -0.741004 0
    outer loop
      vertex 88.3383 6.6617 3
      vertex 88.5092 6.81657 7
      vertex 88.3383 6.6617 7
    endloop
  endfacet
  facet normal 0.6715 -0.741004 0
    outer loop
      vertex 88.5092 6.81657 7
      vertex 88.3383 6.6617 3
      vertex 88.5092 6.81657 3
    endloop
  endfacet
  facet normal -0.903988 -0.427559 0
    outer loop
      vertex 92.1711 5.89931 3
      vertex 92.0725 6.10778 7
      vertex 92.0725 6.10778 3
    endloop
  endfacet
  facet normal -0.903988 -0.427559 0
    outer loop
      vertex 92.0725 6.10778 7
      vertex 92.1711 5.89931 3
      vertex 92.1711 5.89931 7
    endloop
  endfacet
  facet normal -0.970068 0.242832 0
    outer loop
      vertex 92.2488 4.31783 3
      vertex 92.3048 4.54154 7
      vertex 92.3048 4.54154 3
    endloop
  endfacet
  facet normal -0.970068 0.242832 0
    outer loop
      vertex 92.3048 4.54154 7
      vertex 92.2488 4.31783 3
      vertex 92.2488 4.31783 7
    endloop
  endfacet
  facet normal 0.941536 0.336913 0
    outer loop
      vertex 87.8289 4.10069 7
      vertex 87.7512 4.31783 3
      vertex 87.7512 4.31783 7
    endloop
  endfacet
  facet normal 0.941536 0.336913 0
    outer loop
      vertex 87.7512 4.31783 3
      vertex 87.8289 4.10069 7
      vertex 87.8289 4.10069 3
    endloop
  endfacet
  facet normal 0.740901 0.671615 0
    outer loop
      vertex 88.3383 3.3383 7
      vertex 88.1834 3.50918 3
      vertex 88.1834 3.50918 7
    endloop
  endfacet
  facet normal 0.740901 0.671615 0
    outer loop
      vertex 88.1834 3.50918 3
      vertex 88.3383 3.3383 7
      vertex 88.3383 3.3383 3
    endloop
  endfacet
  facet normal 0.970068 0.242832 0
    outer loop
      vertex 87.7512 4.31783 7
      vertex 87.6952 4.54154 3
      vertex 87.6952 4.54154 7
    endloop
  endfacet
  facet normal 0.970068 0.242832 0
    outer loop
      vertex 87.6952 4.54154 3
      vertex 87.7512 4.31783 7
      vertex 87.7512 4.31783 3
    endloop
  endfacet
  facet normal -0.33693 0.94153 0
    outer loop
      vertex 90.8993 2.82888 3
      vertex 90.6822 2.75119 7
      vertex 90.8993 2.82888 7
    endloop
  endfacet
  facet normal -0.33693 0.94153 0
    outer loop
      vertex 90.6822 2.75119 7
      vertex 90.8993 2.82888 3
      vertex 90.6822 2.75119 3
    endloop
  endfacet
  facet normal 0.6715 0.741004 -0
    outer loop
      vertex 88.5092 3.18343 3
      vertex 88.3383 3.3383 7
      vertex 88.5092 3.18343 7
    endloop
  endfacet
  facet normal 0.6715 0.741004 0
    outer loop
      vertex 88.3383 3.3383 7
      vertex 88.5092 3.18343 3
      vertex 88.3383 3.3383 3
    endloop
  endfacet
  facet normal 0.989138 -0.146992 0
    outer loop
      vertex 87.6613 5.23034 7
      vertex 87.6952 5.45846 3
      vertex 87.6952 5.45846 7
    endloop
  endfacet
  facet normal 0.989138 -0.146992 0
    outer loop
      vertex 87.6952 5.45846 3
      vertex 87.6613 5.23034 7
      vertex 87.6613 5.23034 3
    endloop
  endfacet
  facet normal 0.740901 -0.671615 0
    outer loop
      vertex 88.1834 6.49082 7
      vertex 88.3383 6.6617 3
      vertex 88.3383 6.6617 7
    endloop
  endfacet
  facet normal 0.740901 -0.671615 0
    outer loop
      vertex 88.3383 6.6617 3
      vertex 88.1834 6.49082 7
      vertex 88.1834 6.49082 3
    endloop
  endfacet
  facet normal -0.595773 0.803153 0
    outer loop
      vertex 91.4908 3.18343 3
      vertex 91.3056 3.04605 7
      vertex 91.4908 3.18343 7
    endloop
  endfacet
  facet normal -0.595773 0.803153 0
    outer loop
      vertex 91.3056 3.04605 7
      vertex 91.4908 3.18343 3
      vertex 91.3056 3.04605 3
    endloop
  endfacet
  facet normal 0.595773 -0.803153 0
    outer loop
      vertex 88.5092 6.81657 3
      vertex 88.6944 6.95395 7
      vertex 88.5092 6.81657 7
    endloop
  endfacet
  facet normal 0.595773 -0.803153 0
    outer loop
      vertex 88.6944 6.95395 7
      vertex 88.5092 6.81657 3
      vertex 88.6944 6.95395 3
    endloop
  endfacet
  facet normal -0.242964 -0.970035 0
    outer loop
      vertex 90.4585 7.30484 3
      vertex 90.6822 7.24881 7
      vertex 90.4585 7.30484 7
    endloop
  endfacet
  facet normal -0.242964 -0.970035 -0
    outer loop
      vertex 90.6822 7.24881 7
      vertex 90.4585 7.30484 3
      vertex 90.6822 7.24881 3
    endloop
  endfacet
  facet normal 0.049094 0.998794 -0
    outer loop
      vertex 90 2.65 3
      vertex 89.7697 2.66132 7
      vertex 90 2.65 7
    endloop
  endfacet
  facet normal 0.049094 0.998794 0
    outer loop
      vertex 89.7697 2.66132 7
      vertex 90 2.65 3
      vertex 89.7697 2.66132 3
    endloop
  endfacet
  facet normal -0.6715 0.741004 0
    outer loop
      vertex 91.6617 3.3383 3
      vertex 91.4908 3.18343 7
      vertex 91.6617 3.3383 7
    endloop
  endfacet
  facet normal -0.6715 0.741004 0
    outer loop
      vertex 91.4908 3.18343 7
      vertex 91.6617 3.3383 3
      vertex 91.4908 3.18343 3
    endloop
  endfacet
  facet normal 0 0 1
    outer loop
      vertex 92.3387 5.23034 3
      vertex 92.3387 4.76966 3
      vertex 92.35 5 3
    endloop
  endfacet
  facet normal 0 0 1
    outer loop
      vertex 92.3048 5.45846 3
      vertex 92.3387 4.76966 3
      vertex 92.3387 5.23034 3
    endloop
  endfacet
  facet normal 0 0 1
    outer loop
      vertex 92.3048 5.45846 3
      vertex 92.3048 4.54154 3
      vertex 92.3387 4.76966 3
    endloop
  endfacet
  facet normal 0 0 1
    outer loop
      vertex 92.2488 5.68217 3
      vertex 92.3048 4.54154 3
      vertex 92.3048 5.45846 3
    endloop
  endfacet
  facet normal 0 0 1
    outer loop
      vertex 92.2488 5.68217 3
      vertex 92.2488 4.31783 3
      vertex 92.3048 4.54154 3
    endloop
  endfacet
  facet normal 0 0 1
    outer loop
      vertex 92.1711 5.89931 3
      vertex 92.2488 4.31783 3
      vertex 92.2488 5.68217 3
    endloop
  endfacet
  facet normal 0 0 1
    outer loop
      vertex 92.1711 5.89931 3
      vertex 92.1711 4.10069 3
      vertex 92.2488 4.31783 3
    endloop
  endfacet
  facet normal 0 0 1
    outer loop
      vertex 92.0725 6.10778 3
      vertex 92.1711 4.10069 3
      vertex 92.1711 5.89931 3
    endloop
  endfacet
  facet normal 0 0 1
    outer loop
      vertex 92.0725 6.10778 3
      vertex 92.0725 3.89222 3
      vertex 92.1711 4.10069 3
    endloop
  endfacet
  facet normal 0 0 1
    outer loop
      vertex 91.9539 6.30559 3
      vertex 92.0725 3.89222 3
      vertex 92.0725 6.10778 3
    endloop
  endfacet
  facet normal 0 0 1
    outer loop
      vertex 91.9539 6.30559 3
      vertex 91.9539 3.69441 3
      vertex 92.0725 3.89222 3
    endloop
  endfacet
  facet normal 0 0 1
    outer loop
      vertex 91.8166 6.49082 3
      vertex 91.9539 3.69441 3
      vertex 91.9539 6.30559 3
    endloop
  endfacet
  facet normal 0 0 1
    outer loop
      vertex 91.8166 6.49082 3
      vertex 91.8166 3.50918 3
      vertex 91.9539 3.69441 3
    endloop
  endfacet
  facet normal 0 0 1
    outer loop
      vertex 91.6617 6.6617 3
      vertex 91.8166 3.50918 3
      vertex 91.8166 6.49082 3
    endloop
  endfacet
  facet normal 0 0 1
    outer loop
      vertex 91.6617 6.6617 3
      vertex 91.6617 3.3383 3
      vertex 91.8166 3.50918 3
    endloop
  endfacet
  facet normal 0 0 1
    outer loop
      vertex 91.4908 6.81657 3
      vertex 91.6617 3.3383 3
      vertex 91.6617 6.6617 3
    endloop
  endfacet
  facet normal 0 0 1
    outer loop
      vertex 91.4908 6.81657 3
      vertex 91.4908 3.18343 3
      vertex 91.6617 3.3383 3
    endloop
  endfacet
  facet normal 0 0 1
    outer loop
      vertex 91.3056 6.95395 3
      vertex 91.4908 3.18343 3
      vertex 91.4908 6.81657 3
    endloop
  endfacet
  facet normal 0 0 1
    outer loop
      vertex 91.3056 6.95395 3
      vertex 91.3056 3.04605 3
      vertex 91.4908 3.18343 3
    endloop
  endfacet
  facet normal 0 0 1
    outer loop
      vertex 91.1078 7.07251 3
      vertex 91.3056 3.04605 3
      vertex 91.3056 6.95395 3
    endloop
  endfacet
  facet normal 0 0 1
    outer loop
      vertex 91.1078 7.07251 3
      vertex 91.1078 2.92749 3
      vertex 91.3056 3.04605 3
    endloop
  endfacet
  facet normal 0 0 1
    outer loop
      vertex 90.8993 7.17112 3
      vertex 91.1078 2.92749 3
      vertex 91.1078 7.07251 3
    endloop
  endfacet
  facet normal 0 0 1
    outer loop
      vertex 90.8993 7.17112 3
      vertex 90.8993 2.82888 3
      vertex 91.1078 2.92749 3
    endloop
  endfacet
  facet normal 0 0 1
    outer loop
      vertex 90.6822 7.24881 3
      vertex 90.8993 2.82888 3
      vertex 90.8993 7.17112 3
    endloop
  endfacet
  facet normal 0 0 1
    outer loop
      vertex 90.6822 7.24881 3
      vertex 90.6822 2.75119 3
      vertex 90.8993 2.82888 3
    endloop
  endfacet
  facet normal 0 0 1
    outer loop
      vertex 90.4585 7.30484 3
      vertex 90.6822 2.75119 3
      vertex 90.6822 7.24881 3
    endloop
  endfacet
  facet normal 0 0 1
    outer loop
      vertex 90.4585 7.30484 3
      vertex 90.4585 2.69516 3
      vertex 90.6822 2.75119 3
    endloop
  endfacet
  facet normal 0 0 1
    outer loop
      vertex 90.2303 7.33868 3
      vertex 90.4585 2.69516 3
      vertex 90.4585 7.30484 3
    endloop
  endfacet
  facet normal 0 0 1
    outer loop
      vertex 90.2303 7.33868 3
      vertex 90.2303 2.66132 3
      vertex 90.4585 2.69516 3
    endloop
  endfacet
  facet normal 0 0 1
    outer loop
      vertex 90 7.35 3
      vertex 90.2303 2.66132 3
      vertex 90.2303 7.33868 3
    endloop
  endfacet
  facet normal 0 0 1
    outer loop
      vertex 90 7.35 3
      vertex 90 2.65 3
      vertex 90.2303 2.66132 3
    endloop
  endfacet
  facet normal -0 0 1
    outer loop
      vertex 89.7697 7.33868 3
      vertex 90 2.65 3
      vertex 90 7.35 3
    endloop
  endfacet
  facet normal 0 0 1
    outer loop
      vertex 89.7697 7.33868 3
      vertex 89.7697 2.66132 3
      vertex 90 2.65 3
    endloop
  endfacet
  facet normal -0 0 1
    outer loop
      vertex 89.5415 7.30484 3
      vertex 89.7697 2.66132 3
      vertex 89.7697 7.33868 3
    endloop
  endfacet
  facet normal 0 0 1
    outer loop
      vertex 89.5415 7.30484 3
      vertex 89.5415 2.69516 3
      vertex 89.7697 2.66132 3
    endloop
  endfacet
  facet normal -0 0 1
    outer loop
      vertex 89.3178 7.24881 3
      vertex 89.5415 2.69516 3
      vertex 89.5415 7.30484 3
    endloop
  endfacet
  facet normal 0 0 1
    outer loop
      vertex 89.3178 7.24881 3
      vertex 89.3178 2.75119 3
      vertex 89.5415 2.69516 3
    endloop
  endfacet
  facet normal -0 0 1
    outer loop
      vertex 89.1007 7.17112 3
      vertex 89.3178 2.75119 3
      vertex 89.3178 7.24881 3
    endloop
  endfacet
  facet normal 0 0 1
    outer loop
      vertex 89.1007 7.17112 3
      vertex 89.1007 2.82888 3
      vertex 89.3178 2.75119 3
    endloop
  endfacet
  facet normal -0 0 1
    outer loop
      vertex 88.8922 7.07251 3
      vertex 89.1007 2.82888 3
      vertex 89.1007 7.17112 3
    endloop
  endfacet
  facet normal 0 0 1
    outer loop
      vertex 88.8922 7.07251 3
      vertex 88.8922 2.92749 3
      vertex 89.1007 2.82888 3
    endloop
  endfacet
  facet normal -0 0 1
    outer loop
      vertex 88.6944 6.95395 3
      vertex 88.8922 2.92749 3
      vertex 88.8922 7.07251 3
    endloop
  endfacet
  facet normal 0 0 1
    outer loop
      vertex 88.6944 6.95395 3
      vertex 88.6944 3.04605 3
      vertex 88.8922 2.92749 3
    endloop
  endfacet
  facet normal -0 0 1
    outer loop
      vertex 88.5092 6.81657 3
      vertex 88.6944 3.04605 3
      vertex 88.6944 6.95395 3
    endloop
  endfacet
  facet normal 0 0 1
    outer loop
      vertex 88.5092 6.81657 3
      vertex 88.5092 3.18343 3
      vertex 88.6944 3.04605 3
    endloop
  endfacet
  facet normal -0 0 1
    outer loop
      vertex 88.3383 6.6617 3
      vertex 88.5092 3.18343 3
      vertex 88.5092 6.81657 3
    endloop
  endfacet
  facet normal 0 0 1
    outer loop
      vertex 88.3383 6.6617 3
      vertex 88.3383 3.3383 3
      vertex 88.5092 3.18343 3
    endloop
  endfacet
  facet normal -0 0 1
    outer loop
      vertex 88.1834 6.49082 3
      vertex 88.3383 3.3383 3
      vertex 88.3383 6.6617 3
    endloop
  endfacet
  facet normal 0 0 1
    outer loop
      vertex 88.1834 6.49082 3
      vertex 88.1834 3.50918 3
      vertex 88.3383 3.3383 3
    endloop
  endfacet
  facet normal -0 0 1
    outer loop
      vertex 88.0461 6.30559 3
      vertex 88.1834 3.50918 3
      vertex 88.1834 6.49082 3
    endloop
  endfacet
  facet normal 0 0 1
    outer loop
      vertex 88.0461 6.30559 3
      vertex 88.0461 3.69441 3
      vertex 88.1834 3.50918 3
    endloop
  endfacet
  facet normal -0 0 1
    outer loop
      vertex 87.9275 6.10778 3
      vertex 88.0461 3.69441 3
      vertex 88.0461 6.30559 3
    endloop
  endfacet
  facet normal 0 0 1
    outer loop
      vertex 87.9275 6.10778 3
      vertex 87.9275 3.89222 3
      vertex 88.0461 3.69441 3
    endloop
  endfacet
  facet normal -0 0 1
    outer loop
      vertex 87.8289 5.89931 3
      vertex 87.9275 3.89222 3
      vertex 87.9275 6.10778 3
    endloop
  endfacet
  facet normal 0 0 1
    outer loop
      vertex 87.8289 5.89931 3
      vertex 87.8289 4.10069 3
      vertex 87.9275 3.89222 3
    endloop
  endfacet
  facet normal -0 0 1
    outer loop
      vertex 87.7512 5.68217 3
      vertex 87.8289 4.10069 3
      vertex 87.8289 5.89931 3
    endloop
  endfacet
  facet normal 0 0 1
    outer loop
      vertex 87.7512 5.68217 3
      vertex 87.7512 4.31783 3
      vertex 87.8289 4.10069 3
    endloop
  endfacet
  facet normal -0 0 1
    outer loop
      vertex 87.6952 5.45846 3
      vertex 87.7512 4.31783 3
      vertex 87.7512 5.68217 3
    endloop
  endfacet
  facet normal 0 0 1
    outer loop
      vertex 87.6952 5.45846 3
      vertex 87.6952 4.54154 3
      vertex 87.7512 4.31783 3
    endloop
  endfacet
  facet normal -0 0 1
    outer loop
      vertex 87.6613 5.23034 3
      vertex 87.6952 4.54154 3
      vertex 87.6952 5.45846 3
    endloop
  endfacet
  facet normal 0 0 1
    outer loop
      vertex 87.6613 5.23034 3
      vertex 87.6613 4.76966 3
      vertex 87.6952 4.54154 3
    endloop
  endfacet
  facet normal 0 -0 1
    outer loop
      vertex 87.6613 4.76966 3
      vertex 87.6613 5.23034 3
      vertex 87.65 5 3
    endloop
  endfacet
  facet normal -0.514113 0.857722 0
    outer loop
      vertex 91.3056 3.04605 3
      vertex 91.1078 2.92749 7
      vertex 91.3056 3.04605 7
    endloop
  endfacet
  facet normal -0.514113 0.857722 0
    outer loop
      vertex 91.1078 2.92749 7
      vertex 91.3056 3.04605 3
      vertex 91.1078 2.92749 3
    endloop
  endfacet
  facet normal -0.857657 0.514222 0
    outer loop
      vertex 91.9539 3.69441 3
      vertex 92.0725 3.89222 7
      vertex 92.0725 3.89222 3
    endloop
  endfacet
  facet normal -0.857657 0.514222 0
    outer loop
      vertex 92.0725 3.89222 7
      vertex 91.9539 3.69441 3
      vertex 91.9539 3.69441 7
    endloop
  endfacet
  facet normal -0.242964 0.970035 0
    outer loop
      vertex 90.6822 2.75119 3
      vertex 90.4585 2.69516 7
      vertex 90.6822 2.75119 7
    endloop
  endfacet
  facet normal -0.242964 0.970035 0
    outer loop
      vertex 90.4585 2.69516 7
      vertex 90.6822 2.75119 3
      vertex 90.4585 2.69516 3
    endloop
  endfacet
  facet normal 0.514113 -0.857722 0
    outer loop
      vertex 88.6944 6.95395 3
      vertex 88.8922 7.07251 7
      vertex 88.6944 6.95395 7
    endloop
  endfacet
  facet normal 0.514113 -0.857722 0
    outer loop
      vertex 88.8922 7.07251 7
      vertex 88.6944 6.95395 3
      vertex 88.8922 7.07251 3
    endloop
  endfacet
  facet normal 0.941536 -0.336913 0
    outer loop
      vertex 87.7512 5.68217 7
      vertex 87.8289 5.89931 3
      vertex 87.8289 5.89931 7
    endloop
  endfacet
  facet normal 0.941536 -0.336913 0
    outer loop
      vertex 87.8289 5.89931 3
      vertex 87.7512 5.68217 7
      vertex 87.7512 5.68217 3
    endloop
  endfacet
  facet normal 0.998799 -0.048999 0
    outer loop
      vertex 87.65 5 7
      vertex 87.6613 5.23034 3
      vertex 87.6613 5.23034 7
    endloop
  endfacet
  facet normal 0.998799 -0.048999 0
    outer loop
      vertex 87.6613 5.23034 3
      vertex 87.65 5 7
      vertex 87.65 5 3
    endloop
  endfacet
  facet normal 0.242964 0.970035 -0
    outer loop
      vertex 89.5415 2.69516 3
      vertex 89.3178 2.75119 7
      vertex 89.5415 2.69516 7
    endloop
  endfacet
  facet normal 0.242964 0.970035 0
    outer loop
      vertex 89.3178 2.75119 7
      vertex 89.5415 2.69516 3
      vertex 89.3178 2.75119 3
    endloop
  endfacet
  facet normal 0.595773 0.803153 -0
    outer loop
      vertex 88.6944 3.04605 3
      vertex 88.5092 3.18343 7
      vertex 88.6944 3.04605 7
    endloop
  endfacet
  facet normal 0.595773 0.803153 0
    outer loop
      vertex 88.5092 3.18343 7
      vertex 88.6944 3.04605 3
      vertex 88.5092 3.18343 3
    endloop
  endfacet
  facet normal 0.903988 0.427559 0
    outer loop
      vertex 87.9275 3.89222 7
      vertex 87.8289 4.10069 3
      vertex 87.8289 4.10069 7
    endloop
  endfacet
  facet normal 0.903988 0.427559 0
    outer loop
      vertex 87.8289 4.10069 3
      vertex 87.9275 3.89222 7
      vertex 87.9275 3.89222 3
    endloop
  endfacet
  facet normal 0.857657 -0.514222 0
    outer loop
      vertex 87.9275 6.10778 7
      vertex 88.0461 6.30559 3
      vertex 88.0461 6.30559 7
    endloop
  endfacet
  facet normal 0.857657 -0.514222 0
    outer loop
      vertex 88.0461 6.30559 3
      vertex 87.9275 6.10778 7
      vertex 87.9275 6.10778 3
    endloop
  endfacet
  facet normal -0.427523 -0.904004 0
    outer loop
      vertex 45.6144 1.47232 2
      vertex 45.9693 1.30448 7
      vertex 45.6144 1.47232 7
    endloop
  endfacet
  facet normal -0.427523 -0.904004 -0
    outer loop
      vertex 45.9693 1.30448 7
      vertex 45.6144 1.47232 2
      vertex 45.9693 1.30448 2
    endloop
  endfacet
  facet normal 0.989176 0.146737 0
    outer loop
      vertex 51.4807 5.39207 7
      vertex 51.4231 5.78036 2
      vertex 51.4231 5.78036 7
    endloop
  endfacet
  facet normal 0.989176 0.146737 0
    outer loop
      vertex 51.4231 5.78036 2
      vertex 51.4807 5.39207 7
      vertex 51.4807 5.39207 2
    endloop
  endfacet
  facet normal 0.998791 0.0491664 0
    outer loop
      vertex 51.5 5 7
      vertex 51.4807 5.39207 2
      vertex 51.4807 5.39207 7
    endloop
  endfacet
  facet normal 0.998791 0.0491664 0
    outer loop
      vertex 51.4807 5.39207 2
      vertex 51.5 5 7
      vertex 51.5 5 2
    endloop
  endfacet
  facet normal 0.97008 0.242787 0
    outer loop
      vertex 51.4231 5.78036 7
      vertex 51.3278 6.16114 2
      vertex 51.3278 6.16114 7
    endloop
  endfacet
  facet normal 0.97008 0.242787 0
    outer loop
      vertex 51.3278 6.16114 2
      vertex 51.4231 5.78036 7
      vertex 51.4231 5.78036 2
    endloop
  endfacet
  facet normal 0.427523 -0.904004 0
    outer loop
      vertex 49.0307 1.30448 2
      vertex 49.3856 1.47232 7
      vertex 49.0307 1.30448 7
    endloop
  endfacet
  facet normal 0.427523 -0.904004 0
    outer loop
      vertex 49.3856 1.47232 7
      vertex 49.0307 1.30448 2
      vertex 49.3856 1.47232 2
    endloop
  endfacet
  facet normal -0.671621 0.740895 0
    outer loop
      vertex 44.9624 8.09204 2
      vertex 44.6716 7.82843 7
      vertex 44.9624 8.09204 7
    endloop
  endfacet
  facet normal -0.671621 0.740895 0
    outer loop
      vertex 44.6716 7.82843 7
      vertex 44.9624 8.09204 2
      vertex 44.6716 7.82843 2
    endloop
  endfacet
  facet normal -0.97008 -0.242787 0
    outer loop
      vertex 43.6722 3.83886 2
      vertex 43.5769 4.21964 7
      vertex 43.5769 4.21964 2
    endloop
  endfacet
  facet normal -0.97008 -0.242787 0
    outer loop
      vertex 43.5769 4.21964 7
      vertex 43.6722 3.83886 2
      vertex 43.6722 3.83886 7
    endloop
  endfacet
  facet normal 0.427523 0.904004 -0
    outer loop
      vertex 49.3856 8.52768 2
      vertex 49.0307 8.69552 7
      vertex 49.3856 8.52768 7
    endloop
  endfacet
  facet normal 0.427523 0.904004 0
    outer loop
      vertex 49.0307 8.69552 7
      vertex 49.3856 8.52768 2
      vertex 49.0307 8.69552 2
    endloop
  endfacet
  facet normal -0.989176 0.146737 0
    outer loop
      vertex 43.5193 5.39207 2
      vertex 43.5769 5.78036 7
      vertex 43.5769 5.78036 2
    endloop
  endfacet
  facet normal -0.989176 0.146737 0
    outer loop
      vertex 43.5769 5.78036 7
      vertex 43.5193 5.39207 2
      vertex 43.5193 5.39207 7
    endloop
  endfacet
  facet normal -0.146733 -0.989176 0
    outer loop
      vertex 46.7196 1.07686 2
      vertex 47.1079 1.01926 7
      vertex 46.7196 1.07686 7
    endloop
  endfacet
  facet normal -0.146733 -0.989176 -0
    outer loop
      vertex 47.1079 1.01926 7
      vertex 46.7196 1.07686 2
      vertex 47.1079 1.01926 2
    endloop
  endfacet
  facet normal 0.243027 0.970019 -0
    outer loop
      vertex 48.6611 8.82776 2
      vertex 48.2804 8.92314 7
      vertex 48.6611 8.82776 7
    endloop
  endfacet
  facet normal 0.243027 0.970019 0
    outer loop
      vertex 48.2804 8.92314 7
      vertex 48.6611 8.82776 2
      vertex 48.2804 8.92314 2
    endloop
  endfacet
  facet normal -0.740977 0.671531 0
    outer loop
      vertex 44.408 7.53757 2
      vertex 44.6716 7.82843 7
      vertex 44.6716 7.82843 2
    endloop
  endfacet
  facet normal -0.740977 0.671531 0
    outer loop
      vertex 44.6716 7.82843 7
      vertex 44.408 7.53757 2
      vertex 44.408 7.53757 7
    endloop
  endfacet
  facet normal 0.514084 -0.85774 0
    outer loop
      vertex 49.3856 1.47232 2
      vertex 49.7223 1.67412 7
      vertex 49.3856 1.47232 7
    endloop
  endfacet
  facet normal 0.514084 -0.85774 0
    outer loop
      vertex 49.7223 1.67412 7
      vertex 49.3856 1.47232 2
      vertex 49.7223 1.67412 2
    endloop
  endfacet
  facet normal -0.243027 -0.970019 0
    outer loop
      vertex 46.3389 1.17224 2
      vertex 46.7196 1.07686 7
      vertex 46.3389 1.17224 7
    endloop
  endfacet
  facet normal -0.243027 -0.970019 -0
    outer loop
      vertex 46.7196 1.07686 7
      vertex 46.3389 1.17224 2
      vertex 46.7196 1.07686 2
    endloop
  endfacet
  facet normal -0.336879 0.941548 0
    outer loop
      vertex 46.3389 8.82776 2
      vertex 45.9693 8.69552 7
      vertex 46.3389 8.82776 7
    endloop
  endfacet
  facet normal -0.336879 0.941548 0
    outer loop
      vertex 45.9693 8.69552 7
      vertex 46.3389 8.82776 2
      vertex 45.9693 8.69552 2
    endloop
  endfacet
  facet normal 0.049061 -0.998796 0
    outer loop
      vertex 47.5 1 2
      vertex 47.8921 1.01926 7
      vertex 47.5 1 7
    endloop
  endfacet
  facet normal 0.049061 -0.998796 0
    outer loop
      vertex 47.8921 1.01926 7
      vertex 47.5 1 2
      vertex 47.8921 1.01926 2
    endloop
  endfacet
  facet normal 0.146733 -0.989176 0
    outer loop
      vertex 47.8921 1.01926 2
      vertex 48.2804 1.07686 7
      vertex 47.8921 1.01926 7
    endloop
  endfacet
  facet normal 0.146733 -0.989176 0
    outer loop
      vertex 48.2804 1.07686 7
      vertex 47.8921 1.01926 2
      vertex 48.2804 1.07686 2
    endloop
  endfacet
  facet normal -0.049061 0.998796 0
    outer loop
      vertex 47.5 9 2
      vertex 47.1079 8.98074 7
      vertex 47.5 9 7
    endloop
  endfacet
  facet normal -0.049061 0.998796 0
    outer loop
      vertex 47.1079 8.98074 7
      vertex 47.5 9 2
      vertex 47.1079 8.98074 2
    endloop
  endfacet
  facet normal -0.595695 -0.80321 0
    outer loop
      vertex 44.9624 1.90796 2
      vertex 45.2777 1.67412 7
      vertex 44.9624 1.90796 7
    endloop
  endfacet
  facet normal -0.595695 -0.80321 -0
    outer loop
      vertex 45.2777 1.67412 7
      vertex 44.9624 1.90796 2
      vertex 45.2777 1.67412 2
    endloop
  endfacet
  facet normal -0.904025 -0.42748 0
    outer loop
      vertex 43.9723 3.11441 2
      vertex 43.8045 3.46927 7
      vertex 43.8045 3.46927 2
    endloop
  endfacet
  facet normal -0.904025 -0.42748 0
    outer loop
      vertex 43.8045 3.46927 7
      vertex 43.9723 3.11441 2
      vertex 43.9723 3.11441 7
    endloop
  endfacet
  facet normal -0.146733 0.989176 0
    outer loop
      vertex 47.1079 8.98074 2
      vertex 46.7196 8.92314 7
      vertex 47.1079 8.98074 7
    endloop
  endfacet
  facet normal -0.146733 0.989176 0
    outer loop
      vertex 46.7196 8.92314 7
      vertex 47.1079 8.98074 2
      vertex 46.7196 8.92314 2
    endloop
  endfacet
  facet normal 0.595695 -0.80321 0
    outer loop
      vertex 49.7223 1.67412 2
      vertex 50.0376 1.90796 7
      vertex 49.7223 1.67412 7
    endloop
  endfacet
  facet normal 0.595695 -0.80321 0
    outer loop
      vertex 50.0376 1.90796 7
      vertex 49.7223 1.67412 2
      vertex 50.0376 1.90796 2
    endloop
  endfacet
  facet normal 0.049061 0.998796 -0
    outer loop
      vertex 47.8921 8.98074 2
      vertex 47.5 9 7
      vertex 47.8921 8.98074 7
    endloop
  endfacet
  facet normal 0.049061 0.998796 0
    outer loop
      vertex 47.5 9 7
      vertex 47.8921 8.98074 2
      vertex 47.5 9 2
    endloop
  endfacet
  facet normal 0.514084 0.85774 -0
    outer loop
      vertex 49.7223 8.32588 2
      vertex 49.3856 8.52768 7
      vertex 49.7223 8.32588 7
    endloop
  endfacet
  facet normal 0.514084 0.85774 0
    outer loop
      vertex 49.3856 8.52768 7
      vertex 49.7223 8.32588 2
      vertex 49.3856 8.52768 2
    endloop
  endfacet
  facet normal -0.998791 -0.0491664 0
    outer loop
      vertex 43.5193 4.60793 2
      vertex 43.5 5 7
      vertex 43.5 5 2
    endloop
  endfacet
  facet normal -0.998791 -0.0491664 0
    outer loop
      vertex 43.5 5 7
      vertex 43.5193 4.60793 2
      vertex 43.5193 4.60793 7
    endloop
  endfacet
  facet normal -0.904025 0.42748 0
    outer loop
      vertex 43.8045 6.53073 2
      vertex 43.9723 6.88559 7
      vertex 43.9723 6.88559 2
    endloop
  endfacet
  facet normal -0.904025 0.42748 0
    outer loop
      vertex 43.9723 6.88559 7
      vertex 43.8045 6.53073 2
      vertex 43.8045 6.53073 7
    endloop
  endfacet
  facet normal 0.97008 -0.242787 0
    outer loop
      vertex 51.3278 3.83886 7
      vertex 51.4231 4.21964 2
      vertex 51.4231 4.21964 7
    endloop
  endfacet
  facet normal 0.97008 -0.242787 0
    outer loop
      vertex 51.4231 4.21964 2
      vertex 51.3278 3.83886 7
      vertex 51.3278 3.83886 2
    endloop
  endfacet
  facet normal 0.740977 0.671531 0
    outer loop
      vertex 50.592 7.53757 7
      vertex 50.3284 7.82843 2
      vertex 50.3284 7.82843 7
    endloop
  endfacet
  facet normal 0.740977 0.671531 0
    outer loop
      vertex 50.3284 7.82843 2
      vertex 50.592 7.53757 7
      vertex 50.592 7.53757 2
    endloop
  endfacet
  facet normal 0.595695 0.80321 -0
    outer loop
      vertex 50.0376 8.09204 2
      vertex 49.7223 8.32588 7
      vertex 50.0376 8.09204 7
    endloop
  endfacet
  facet normal 0.595695 0.80321 0
    outer loop
      vertex 49.7223 8.32588 7
      vertex 50.0376 8.09204 2
      vertex 49.7223 8.32588 2
    endloop
  endfacet
  facet normal -0.595695 0.80321 0
    outer loop
      vertex 45.2777 8.32588 2
      vertex 44.9624 8.09204 7
      vertex 45.2777 8.32588 7
    endloop
  endfacet
  facet normal -0.595695 0.80321 0
    outer loop
      vertex 44.9624 8.09204 7
      vertex 45.2777 8.32588 2
      vertex 44.9624 8.09204 2
    endloop
  endfacet
  facet normal 0.803128 0.595806 0
    outer loop
      vertex 50.8259 7.22228 7
      vertex 50.592 7.53757 2
      vertex 50.592 7.53757 7
    endloop
  endfacet
  facet normal 0.803128 0.595806 0
    outer loop
      vertex 50.592 7.53757 2
      vertex 50.8259 7.22228 7
      vertex 50.8259 7.22228 2
    endloop
  endfacet
  facet normal 0.989176 -0.146737 0
    outer loop
      vertex 51.4231 4.21964 7
      vertex 51.4807 4.60793 2
      vertex 51.4807 4.60793 7
    endloop
  endfacet
  facet normal 0.989176 -0.146737 0
    outer loop
      vertex 51.4807 4.60793 2
      vertex 51.4231 4.21964 7
      vertex 51.4231 4.21964 2
    endloop
  endfacet
  facet normal -0.941497 0.337022 0
    outer loop
      vertex 43.6722 6.16114 2
      vertex 43.8045 6.53073 7
      vertex 43.8045 6.53073 2
    endloop
  endfacet
  facet normal -0.941497 0.337022 0
    outer loop
      vertex 43.8045 6.53073 7
      vertex 43.6722 6.16114 2
      vertex 43.6722 6.16114 7
    endloop
  endfacet
  facet normal 0.904025 -0.42748 0
    outer loop
      vertex 51.0277 3.11441 7
      vertex 51.1955 3.46927 2
      vertex 51.1955 3.46927 7
    endloop
  endfacet
  facet normal 0.904025 -0.42748 0
    outer loop
      vertex 51.1955 3.46927 2
      vertex 51.0277 3.11441 7
      vertex 51.0277 3.11441 2
    endloop
  endfacet
  facet normal 0.998791 -0.0491664 0
    outer loop
      vertex 51.4807 4.60793 7
      vertex 51.5 5 2
      vertex 51.5 5 7
    endloop
  endfacet
  facet normal 0.998791 -0.0491664 0
    outer loop
      vertex 51.5 5 2
      vertex 51.4807 4.60793 7
      vertex 51.4807 4.60793 2
    endloop
  endfacet
  facet normal 0.336879 -0.941548 0
    outer loop
      vertex 48.6611 1.17224 2
      vertex 49.0307 1.30448 7
      vertex 48.6611 1.17224 7
    endloop
  endfacet
  facet normal 0.336879 -0.941548 0
    outer loop
      vertex 49.0307 1.30448 7
      vertex 48.6611 1.17224 2
      vertex 49.0307 1.30448 2
    endloop
  endfacet
  facet normal 0.941497 0.337022 0
    outer loop
      vertex 51.3278 6.16114 7
      vertex 51.1955 6.53073 2
      vertex 51.1955 6.53073 7
    endloop
  endfacet
  facet normal 0.941497 0.337022 0
    outer loop
      vertex 51.1955 6.53073 2
      vertex 51.3278 6.16114 7
      vertex 51.3278 6.16114 2
    endloop
  endfacet
  facet normal 0.803128 -0.595806 0
    outer loop
      vertex 50.592 2.46243 7
      vertex 50.8259 2.77772 2
      vertex 50.8259 2.77772 7
    endloop
  endfacet
  facet normal 0.803128 -0.595806 0
    outer loop
      vertex 50.8259 2.77772 2
      vertex 50.592 2.46243 7
      vertex 50.592 2.46243 2
    endloop
  endfacet
  facet normal 0.857733 -0.514095 0
    outer loop
      vertex 50.8259 2.77772 7
      vertex 51.0277 3.11441 2
      vertex 51.0277 3.11441 7
    endloop
  endfacet
  facet normal 0.857733 -0.514095 0
    outer loop
      vertex 51.0277 3.11441 2
      vertex 50.8259 2.77772 7
      vertex 50.8259 2.77772 2
    endloop
  endfacet
  facet normal 0.941497 -0.337022 0
    outer loop
      vertex 51.1955 3.46927 7
      vertex 51.3278 3.83886 2
      vertex 51.3278 3.83886 7
    endloop
  endfacet
  facet normal 0.941497 -0.337022 0
    outer loop
      vertex 51.3278 3.83886 2
      vertex 51.1955 3.46927 7
      vertex 51.1955 3.46927 2
    endloop
  endfacet
  facet normal -0.243027 0.970019 0
    outer loop
      vertex 46.7196 8.92314 2
      vertex 46.3389 8.82776 7
      vertex 46.7196 8.92314 7
    endloop
  endfacet
  facet normal -0.243027 0.970019 0
    outer loop
      vertex 46.3389 8.82776 7
      vertex 46.7196 8.92314 2
      vertex 46.3389 8.82776 2
    endloop
  endfacet
  facet normal 0.904025 0.42748 0
    outer loop
      vertex 51.1955 6.53073 7
      vertex 51.0277 6.88559 2
      vertex 51.0277 6.88559 7
    endloop
  endfacet
  facet normal 0.904025 0.42748 0
    outer loop
      vertex 51.0277 6.88559 2
      vertex 51.1955 6.53073 7
      vertex 51.1955 6.53073 2
    endloop
  endfacet
  facet normal 0.146733 0.989176 -0
    outer loop
      vertex 48.2804 8.92314 2
      vertex 47.8921 8.98074 7
      vertex 48.2804 8.92314 7
    endloop
  endfacet
  facet normal 0.146733 0.989176 0
    outer loop
      vertex 47.8921 8.98074 7
      vertex 48.2804 8.92314 2
      vertex 47.8921 8.98074 2
    endloop
  endfacet
  facet normal -0.857733 -0.514095 0
    outer loop
      vertex 44.1741 2.77772 2
      vertex 43.9723 3.11441 7
      vertex 43.9723 3.11441 2
    endloop
  endfacet
  facet normal -0.857733 -0.514095 0
    outer loop
      vertex 43.9723 3.11441 7
      vertex 44.1741 2.77772 2
      vertex 44.1741 2.77772 7
    endloop
  endfacet
  facet normal 0.857733 0.514095 0
    outer loop
      vertex 51.0277 6.88559 7
      vertex 50.8259 7.22228 2
      vertex 50.8259 7.22228 7
    endloop
  endfacet
  facet normal 0.857733 0.514095 0
    outer loop
      vertex 50.8259 7.22228 2
      vertex 51.0277 6.88559 7
      vertex 51.0277 6.88559 2
    endloop
  endfacet
  facet normal -0.740977 -0.671531 0
    outer loop
      vertex 44.6716 2.17157 2
      vertex 44.408 2.46243 7
      vertex 44.408 2.46243 2
    endloop
  endfacet
  facet normal -0.740977 -0.671531 0
    outer loop
      vertex 44.408 2.46243 7
      vertex 44.6716 2.17157 2
      vertex 44.6716 2.17157 7
    endloop
  endfacet
  facet normal 0.243027 -0.970019 0
    outer loop
      vertex 48.2804 1.07686 2
      vertex 48.6611 1.17224 7
      vertex 48.2804 1.07686 7
    endloop
  endfacet
  facet normal 0.243027 -0.970019 0
    outer loop
      vertex 48.6611 1.17224 7
      vertex 48.2804 1.07686 2
      vertex 48.6611 1.17224 2
    endloop
  endfacet
  facet normal -0.514084 0.85774 0
    outer loop
      vertex 45.6144 8.52768 2
      vertex 45.2777 8.32588 7
      vertex 45.6144 8.52768 7
    endloop
  endfacet
  facet normal -0.514084 0.85774 0
    outer loop
      vertex 45.2777 8.32588 7
      vertex 45.6144 8.52768 2
      vertex 45.2777 8.32588 2
    endloop
  endfacet
  facet normal -0.427523 0.904004 0
    outer loop
      vertex 45.9693 8.69552 2
      vertex 45.6144 8.52768 7
      vertex 45.9693 8.69552 7
    endloop
  endfacet
  facet normal -0.427523 0.904004 0
    outer loop
      vertex 45.6144 8.52768 7
      vertex 45.9693 8.69552 2
      vertex 45.6144 8.52768 2
    endloop
  endfacet
  facet normal -0.941497 -0.337022 0
    outer loop
      vertex 43.8045 3.46927 2
      vertex 43.6722 3.83886 7
      vertex 43.6722 3.83886 2
    endloop
  endfacet
  facet normal -0.941497 -0.337022 0
    outer loop
      vertex 43.6722 3.83886 7
      vertex 43.8045 3.46927 2
      vertex 43.8045 3.46927 7
    endloop
  endfacet
  facet normal -0.514084 -0.85774 0
    outer loop
      vertex 45.2777 1.67412 2
      vertex 45.6144 1.47232 7
      vertex 45.2777 1.67412 7
    endloop
  endfacet
  facet normal -0.514084 -0.85774 -0
    outer loop
      vertex 45.6144 1.47232 7
      vertex 45.2777 1.67412 2
      vertex 45.6144 1.47232 2
    endloop
  endfacet
  facet normal 0.671621 0.740895 -0
    outer loop
      vertex 50.3284 7.82843 2
      vertex 50.0376 8.09204 7
      vertex 50.3284 7.82843 7
    endloop
  endfacet
  facet normal 0.671621 0.740895 0
    outer loop
      vertex 50.0376 8.09204 7
      vertex 50.3284 7.82843 2
      vertex 50.0376 8.09204 2
    endloop
  endfacet
  facet normal 0.336879 0.941548 -0
    outer loop
      vertex 49.0307 8.69552 2
      vertex 48.6611 8.82776 7
      vertex 49.0307 8.69552 7
    endloop
  endfacet
  facet normal 0.336879 0.941548 0
    outer loop
      vertex 48.6611 8.82776 7
      vertex 49.0307 8.69552 2
      vertex 48.6611 8.82776 2
    endloop
  endfacet
  facet normal -0.97008 0.242787 0
    outer loop
      vertex 43.5769 5.78036 2
      vertex 43.6722 6.16114 7
      vertex 43.6722 6.16114 2
    endloop
  endfacet
  facet normal -0.97008 0.242787 0
    outer loop
      vertex 43.6722 6.16114 7
      vertex 43.5769 5.78036 2
      vertex 43.5769 5.78036 7
    endloop
  endfacet
  facet normal -0.803128 -0.595806 0
    outer loop
      vertex 44.408 2.46243 2
      vertex 44.1741 2.77772 7
      vertex 44.1741 2.77772 2
    endloop
  endfacet
  facet normal -0.803128 -0.595806 0
    outer loop
      vertex 44.1741 2.77772 7
      vertex 44.408 2.46243 2
      vertex 44.408 2.46243 7
    endloop
  endfacet
  facet normal -0.989176 -0.146737 0
    outer loop
      vertex 43.5769 4.21964 2
      vertex 43.5193 4.60793 7
      vertex 43.5193 4.60793 2
    endloop
  endfacet
  facet normal -0.989176 -0.146737 0
    outer loop
      vertex 43.5193 4.60793 7
      vertex 43.5769 4.21964 2
      vertex 43.5769 4.21964 7
    endloop
  endfacet
  facet normal -0.671621 -0.740895 0
    outer loop
      vertex 44.6716 2.17157 2
      vertex 44.9624 1.90796 7
      vertex 44.6716 2.17157 7
    endloop
  endfacet
  facet normal -0.671621 -0.740895 -0
    outer loop
      vertex 44.9624 1.90796 7
      vertex 44.6716 2.17157 2
      vertex 44.9624 1.90796 2
    endloop
  endfacet
  facet normal -0.803128 0.595806 0
    outer loop
      vertex 44.1741 7.22228 2
      vertex 44.408 7.53757 7
      vertex 44.408 7.53757 2
    endloop
  endfacet
  facet normal -0.803128 0.595806 0
    outer loop
      vertex 44.408 7.53757 7
      vertex 44.1741 7.22228 2
      vertex 44.1741 7.22228 7
    endloop
  endfacet
  facet normal -0.857733 0.514095 0
    outer loop
      vertex 43.9723 6.88559 2
      vertex 44.1741 7.22228 7
      vertex 44.1741 7.22228 2
    endloop
  endfacet
  facet normal -0.857733 0.514095 0
    outer loop
      vertex 44.1741 7.22228 7
      vertex 43.9723 6.88559 2
      vertex 43.9723 6.88559 7
    endloop
  endfacet
  facet normal 0 0 1
    outer loop
      vertex 49.85 5 7
      vertex 51.5 5 7
      vertex 51.4807 5.39207 7
    endloop
  endfacet
  facet normal 0 0 1
    outer loop
      vertex 49.8387 5.23034 7
      vertex 51.4807 5.39207 7
      vertex 51.4231 5.78036 7
    endloop
  endfacet
  facet normal 0 0 1
    outer loop
      vertex 51.5 5 7
      vertex 49.85 5 7
      vertex 51.4807 4.60793 7
    endloop
  endfacet
  facet normal 0 0 1
    outer loop
      vertex 49.8048 5.45846 7
      vertex 51.4231 5.78036 7
      vertex 51.3278 6.16114 7
    endloop
  endfacet
  facet normal -0 0 1
    outer loop
      vertex 49.8387 4.76966 7
      vertex 51.4807 4.60793 7
      vertex 49.85 5 7
    endloop
  endfacet
  facet normal 0 0 1
    outer loop
      vertex 49.7488 5.68217 7
      vertex 51.3278 6.16114 7
      vertex 51.1955 6.53073 7
    endloop
  endfacet
  facet normal 0 0 1
    outer loop
      vertex 51.4807 4.60793 7
      vertex 49.8387 4.76966 7
      vertex 51.4231 4.21964 7
    endloop
  endfacet
  facet normal 0 0 1
    outer loop
      vertex 49.6711 5.89931 7
      vertex 51.1955 6.53073 7
      vertex 51.0277 6.88559 7
    endloop
  endfacet
  facet normal -0 0 1
    outer loop
      vertex 49.8048 4.54154 7
      vertex 51.4231 4.21964 7
      vertex 49.8387 4.76966 7
    endloop
  endfacet
  facet normal 0 0 1
    outer loop
      vertex 49.5725 6.10778 7
      vertex 51.0277 6.88559 7
      vertex 50.8259 7.22228 7
    endloop
  endfacet
  facet normal 0 0 1
    outer loop
      vertex 51.4231 4.21964 7
      vertex 49.8048 4.54154 7
      vertex 51.3278 3.83886 7
    endloop
  endfacet
  facet normal 0 0 1
    outer loop
      vertex 49.454 6.30559 7
      vertex 50.8259 7.22228 7
      vertex 50.592 7.53757 7
    endloop
  endfacet
  facet normal -0 0 1
    outer loop
      vertex 49.7488 4.31783 7
      vertex 51.3278 3.83886 7
      vertex 49.8048 4.54154 7
    endloop
  endfacet
  facet normal 0 0 1
    outer loop
      vertex 49.3166 6.49082 7
      vertex 50.592 7.53757 7
      vertex 50.3284 7.82843 7
    endloop
  endfacet
  facet normal 0 0 1
    outer loop
      vertex 51.3278 3.83886 7
      vertex 49.7488 4.31783 7
      vertex 51.1955 3.46927 7
    endloop
  endfacet
  facet normal 0 0 1
    outer loop
      vertex 49.1617 6.6617 7
      vertex 50.3284 7.82843 7
      vertex 50.0376 8.09204 7
    endloop
  endfacet
  facet normal -0 0 1
    outer loop
      vertex 49.6711 4.10069 7
      vertex 51.1955 3.46927 7
      vertex 49.7488 4.31783 7
    endloop
  endfacet
  facet normal 0 0 1
    outer loop
      vertex 51.1955 3.46927 7
      vertex 49.6711 4.10069 7
      vertex 51.0277 3.11441 7
    endloop
  endfacet
  facet normal 0 0 1
    outer loop
      vertex 51.4807 5.39207 7
      vertex 49.8387 5.23034 7
      vertex 49.85 5 7
    endloop
  endfacet
  facet normal 0 0 1
    outer loop
      vertex 51.4231 5.78036 7
      vertex 49.8048 5.45846 7
      vertex 49.8387 5.23034 7
    endloop
  endfacet
  facet normal 0 0 1
    outer loop
      vertex 51.3278 6.16114 7
      vertex 49.7488 5.68217 7
      vertex 49.8048 5.45846 7
    endloop
  endfacet
  facet normal 0 0 1
    outer loop
      vertex 48.9908 6.81657 7
      vertex 50.0376 8.09204 7
      vertex 49.7223 8.32588 7
    endloop
  endfacet
  facet normal 0 0 1
    outer loop
      vertex 51.1955 6.53073 7
      vertex 49.6711 5.89931 7
      vertex 49.7488 5.68217 7
    endloop
  endfacet
  facet normal 0 0 1
    outer loop
      vertex 51.0277 6.88559 7
      vertex 49.5725 6.10778 7
      vertex 49.6711 5.89931 7
    endloop
  endfacet
  facet normal 0 0 1
    outer loop
      vertex 50.8259 7.22228 7
      vertex 49.454 6.30559 7
      vertex 49.5725 6.10778 7
    endloop
  endfacet
  facet normal 0 0 1
    outer loop
      vertex 48.8056 6.95395 7
      vertex 49.7223 8.32588 7
      vertex 49.3856 8.52768 7
    endloop
  endfacet
  facet normal 0 0 1
    outer loop
      vertex 50.592 7.53757 7
      vertex 49.3166 6.49082 7
      vertex 49.454 6.30559 7
    endloop
  endfacet
  facet normal 0 0 1
    outer loop
      vertex 50.3284 7.82843 7
      vertex 49.1617 6.6617 7
      vertex 49.3166 6.49082 7
    endloop
  endfacet
  facet normal 0 0 1
    outer loop
      vertex 48.6078 7.07251 7
      vertex 49.3856 8.52768 7
      vertex 49.0307 8.69552 7
    endloop
  endfacet
  facet normal 0 0 1
    outer loop
      vertex 50.0376 8.09204 7
      vertex 48.9908 6.81657 7
      vertex 49.1617 6.6617 7
    endloop
  endfacet
  facet normal 0 0 1
    outer loop
      vertex 49.7223 8.32588 7
      vertex 48.8056 6.95395 7
      vertex 48.9908 6.81657 7
    endloop
  endfacet
  facet normal 0 0 1
    outer loop
      vertex 48.3993 7.17112 7
      vertex 49.0307 8.69552 7
      vertex 48.6611 8.82776 7
    endloop
  endfacet
  facet normal 0 0 1
    outer loop
      vertex 49.3856 8.52768 7
      vertex 48.6078 7.07251 7
      vertex 48.8056 6.95395 7
    endloop
  endfacet
  facet normal 0 0 1
    outer loop
      vertex 49.0307 8.69552 7
      vertex 48.3993 7.17112 7
      vertex 48.6078 7.07251 7
    endloop
  endfacet
  facet normal 0 0 1
    outer loop
      vertex 48.1822 7.24881 7
      vertex 48.6611 8.82776 7
      vertex 48.2804 8.92314 7
    endloop
  endfacet
  facet normal 0 0 1
    outer loop
      vertex 48.6611 8.82776 7
      vertex 48.1822 7.24881 7
      vertex 48.3993 7.17112 7
    endloop
  endfacet
  facet normal 0 0 1
    outer loop
      vertex 48.2804 8.92314 7
      vertex 47.9585 7.30484 7
      vertex 48.1822 7.24881 7
    endloop
  endfacet
  facet normal 0 0 1
    outer loop
      vertex 47.8921 8.98074 7
      vertex 47.9585 7.30484 7
      vertex 48.2804 8.92314 7
    endloop
  endfacet
  facet normal 0 0 1
    outer loop
      vertex 47.8921 8.98074 7
      vertex 47.7303 7.33868 7
      vertex 47.9585 7.30484 7
    endloop
  endfacet
  facet normal 0 0 1
    outer loop
      vertex 47.5 9 7
      vertex 47.7303 7.33868 7
      vertex 47.8921 8.98074 7
    endloop
  endfacet
  facet normal 0 0 1
    outer loop
      vertex 47.5 9 7
      vertex 47.5 7.35 7
      vertex 47.7303 7.33868 7
    endloop
  endfacet
  facet normal 0 0 1
    outer loop
      vertex 47.5 9 7
      vertex 47.2697 7.33868 7
      vertex 47.5 7.35 7
    endloop
  endfacet
  facet normal -0 0 1
    outer loop
      vertex 47.1079 8.98074 7
      vertex 47.2697 7.33868 7
      vertex 47.5 9 7
    endloop
  endfacet
  facet normal 0 0 1
    outer loop
      vertex 47.1079 8.98074 7
      vertex 47.0415 7.30484 7
      vertex 47.2697 7.33868 7
    endloop
  endfacet
  facet normal -0 0 1
    outer loop
      vertex 46.7196 8.92314 7
      vertex 47.0415 7.30484 7
      vertex 47.1079 8.98074 7
    endloop
  endfacet
  facet normal 0 0 1
    outer loop
      vertex 47.0415 7.30484 7
      vertex 46.7196 8.92314 7
      vertex 46.8178 7.24881 7
    endloop
  endfacet
  facet normal -0 0 1
    outer loop
      vertex 46.3389 8.82776 7
      vertex 46.8178 7.24881 7
      vertex 46.7196 8.92314 7
    endloop
  endfacet
  facet normal 0 0 1
    outer loop
      vertex 46.8178 7.24881 7
      vertex 46.3389 8.82776 7
      vertex 46.6007 7.17112 7
    endloop
  endfacet
  facet normal -0 0 1
    outer loop
      vertex 45.9693 8.69552 7
      vertex 46.6007 7.17112 7
      vertex 46.3389 8.82776 7
    endloop
  endfacet
  facet normal 0 0 1
    outer loop
      vertex 46.6007 7.17112 7
      vertex 45.9693 8.69552 7
      vertex 46.3922 7.07251 7
    endloop
  endfacet
  facet normal -0 0 1
    outer loop
      vertex 45.6144 8.52768 7
      vertex 46.3922 7.07251 7
      vertex 45.9693 8.69552 7
    endloop
  endfacet
  facet normal 0 0 1
    outer loop
      vertex 46.3922 7.07251 7
      vertex 45.6144 8.52768 7
      vertex 46.1944 6.95395 7
    endloop
  endfacet
  facet normal -0 0 1
    outer loop
      vertex 45.2777 8.32588 7
      vertex 46.1944 6.95395 7
      vertex 45.6144 8.52768 7
    endloop
  endfacet
  facet normal 0 0 1
    outer loop
      vertex 46.1944 6.95395 7
      vertex 45.2777 8.32588 7
      vertex 46.0092 6.81657 7
    endloop
  endfacet
  facet normal -0 0 1
    outer loop
      vertex 44.9624 8.09204 7
      vertex 46.0092 6.81657 7
      vertex 45.2777 8.32588 7
    endloop
  endfacet
  facet normal 0 0 1
    outer loop
      vertex 46.0092 6.81657 7
      vertex 44.9624 8.09204 7
      vertex 45.8383 6.6617 7
    endloop
  endfacet
  facet normal -0 0 1
    outer loop
      vertex 44.6716 7.82843 7
      vertex 45.8383 6.6617 7
      vertex 44.9624 8.09204 7
    endloop
  endfacet
  facet normal 0 0 1
    outer loop
      vertex 45.8383 6.6617 7
      vertex 44.6716 7.82843 7
      vertex 45.6834 6.49082 7
    endloop
  endfacet
  facet normal -0 0 1
    outer loop
      vertex 44.408 7.53757 7
      vertex 45.6834 6.49082 7
      vertex 44.6716 7.82843 7
    endloop
  endfacet
  facet normal 0 0 1
    outer loop
      vertex 45.6834 6.49082 7
      vertex 44.408 7.53757 7
      vertex 45.546 6.30559 7
    endloop
  endfacet
  facet normal -0 0 1
    outer loop
      vertex 44.1741 7.22228 7
      vertex 45.546 6.30559 7
      vertex 44.408 7.53757 7
    endloop
  endfacet
  facet normal 0 0 1
    outer loop
      vertex 45.546 6.30559 7
      vertex 44.1741 7.22228 7
      vertex 45.4275 6.10778 7
    endloop
  endfacet
  facet normal -0 0 1
    outer loop
      vertex 43.9723 6.88559 7
      vertex 45.4275 6.10778 7
      vertex 44.1741 7.22228 7
    endloop
  endfacet
  facet normal 0 0 1
    outer loop
      vertex 45.4275 6.10778 7
      vertex 43.9723 6.88559 7
      vertex 45.3289 5.89931 7
    endloop
  endfacet
  facet normal -0 0 1
    outer loop
      vertex 49.5725 3.89222 7
      vertex 51.0277 3.11441 7
      vertex 49.6711 4.10069 7
    endloop
  endfacet
  facet normal 0 0 1
    outer loop
      vertex 51.0277 3.11441 7
      vertex 49.5725 3.89222 7
      vertex 50.8259 2.77772 7
    endloop
  endfacet
  facet normal -0 0 1
    outer loop
      vertex 49.454 3.69441 7
      vertex 50.8259 2.77772 7
      vertex 49.5725 3.89222 7
    endloop
  endfacet
  facet normal 0 0 1
    outer loop
      vertex 50.8259 2.77772 7
      vertex 49.454 3.69441 7
      vertex 50.592 2.46243 7
    endloop
  endfacet
  facet normal -0 0 1
    outer loop
      vertex 49.3166 3.50918 7
      vertex 50.592 2.46243 7
      vertex 49.454 3.69441 7
    endloop
  endfacet
  facet normal 0 0 1
    outer loop
      vertex 50.592 2.46243 7
      vertex 49.3166 3.50918 7
      vertex 50.3284 2.17157 7
    endloop
  endfacet
  facet normal -0 0 1
    outer loop
      vertex 49.1617 3.3383 7
      vertex 50.3284 2.17157 7
      vertex 49.3166 3.50918 7
    endloop
  endfacet
  facet normal 0 0 1
    outer loop
      vertex 50.3284 2.17157 7
      vertex 49.1617 3.3383 7
      vertex 50.0376 1.90796 7
    endloop
  endfacet
  facet normal -0 0 1
    outer loop
      vertex 48.9908 3.18343 7
      vertex 50.0376 1.90796 7
      vertex 49.1617 3.3383 7
    endloop
  endfacet
  facet normal 0 0 1
    outer loop
      vertex 50.0376 1.90796 7
      vertex 48.9908 3.18343 7
      vertex 49.7223 1.67412 7
    endloop
  endfacet
  facet normal -0 0 1
    outer loop
      vertex 48.8056 3.04605 7
      vertex 49.7223 1.67412 7
      vertex 48.9908 3.18343 7
    endloop
  endfacet
  facet normal 0 0 1
    outer loop
      vertex 49.7223 1.67412 7
      vertex 48.8056 3.04605 7
      vertex 49.3856 1.47232 7
    endloop
  endfacet
  facet normal -0 0 1
    outer loop
      vertex 48.6078 2.92749 7
      vertex 49.3856 1.47232 7
      vertex 48.8056 3.04605 7
    endloop
  endfacet
  facet normal 0 0 1
    outer loop
      vertex 49.3856 1.47232 7
      vertex 48.6078 2.92749 7
      vertex 49.0307 1.30448 7
    endloop
  endfacet
  facet normal -0 0 1
    outer loop
      vertex 48.3993 2.82888 7
      vertex 49.0307 1.30448 7
      vertex 48.6078 2.92749 7
    endloop
  endfacet
  facet normal 0 0 1
    outer loop
      vertex 49.0307 1.30448 7
      vertex 48.3993 2.82888 7
      vertex 48.6611 1.17224 7
    endloop
  endfacet
  facet normal -0 0 1
    outer loop
      vertex 48.1822 2.75119 7
      vertex 48.6611 1.17224 7
      vertex 48.3993 2.82888 7
    endloop
  endfacet
  facet normal 0 0 1
    outer loop
      vertex 48.6611 1.17224 7
      vertex 48.1822 2.75119 7
      vertex 48.2804 1.07686 7
    endloop
  endfacet
  facet normal -0 0 1
    outer loop
      vertex 47.9585 2.69516 7
      vertex 48.2804 1.07686 7
      vertex 48.1822 2.75119 7
    endloop
  endfacet
  facet normal 0 0 1
    outer loop
      vertex 47.9585 2.69516 7
      vertex 47.8921 1.01926 7
      vertex 48.2804 1.07686 7
    endloop
  endfacet
  facet normal -0 0 1
    outer loop
      vertex 47.7303 2.66132 7
      vertex 47.8921 1.01926 7
      vertex 47.9585 2.69516 7
    endloop
  endfacet
  facet normal -0 0 1
    outer loop
      vertex 47.5 2.65 7
      vertex 47.8921 1.01926 7
      vertex 47.7303 2.66132 7
    endloop
  endfacet
  facet normal 0 0 1
    outer loop
      vertex 47.5 2.65 7
      vertex 47.5 1 7
      vertex 47.8921 1.01926 7
    endloop
  endfacet
  facet normal 0 0 1
    outer loop
      vertex 47.2697 2.66132 7
      vertex 47.5 1 7
      vertex 47.5 2.65 7
    endloop
  endfacet
  facet normal 0 0 1
    outer loop
      vertex 47.2697 2.66132 7
      vertex 47.1079 1.01926 7
      vertex 47.5 1 7
    endloop
  endfacet
  facet normal 0 0 1
    outer loop
      vertex 47.0415 2.69516 7
      vertex 47.1079 1.01926 7
      vertex 47.2697 2.66132 7
    endloop
  endfacet
  facet normal 0 0 1
    outer loop
      vertex 46.7196 1.07686 7
      vertex 47.0415 2.69516 7
      vertex 46.8178 2.75119 7
    endloop
  endfacet
  facet normal 0 0 1
    outer loop
      vertex 47.0415 2.69516 7
      vertex 46.7196 1.07686 7
      vertex 47.1079 1.01926 7
    endloop
  endfacet
  facet normal 0 0 1
    outer loop
      vertex 46.3389 1.17224 7
      vertex 46.8178 2.75119 7
      vertex 46.6007 2.82888 7
    endloop
  endfacet
  facet normal 0 0 1
    outer loop
      vertex 45.9693 1.30448 7
      vertex 46.6007 2.82888 7
      vertex 46.3922 2.92749 7
    endloop
  endfacet
  facet normal 0 0 1
    outer loop
      vertex 46.8178 2.75119 7
      vertex 46.3389 1.17224 7
      vertex 46.7196 1.07686 7
    endloop
  endfacet
  facet normal 0 0 1
    outer loop
      vertex 45.6144 1.47232 7
      vertex 46.3922 2.92749 7
      vertex 46.1944 3.04605 7
    endloop
  endfacet
  facet normal 0 0 1
    outer loop
      vertex 45.2777 1.67412 7
      vertex 46.1944 3.04605 7
      vertex 46.0092 3.18343 7
    endloop
  endfacet
  facet normal 0 0 1
    outer loop
      vertex 46.6007 2.82888 7
      vertex 45.9693 1.30448 7
      vertex 46.3389 1.17224 7
    endloop
  endfacet
  facet normal 0 0 1
    outer loop
      vertex 44.9624 1.90796 7
      vertex 46.0092 3.18343 7
      vertex 45.8383 3.3383 7
    endloop
  endfacet
  facet normal 0 0 1
    outer loop
      vertex 44.6716 2.17157 7
      vertex 45.8383 3.3383 7
      vertex 45.6834 3.50918 7
    endloop
  endfacet
  facet normal 0 0 1
    outer loop
      vertex 46.3922 2.92749 7
      vertex 45.6144 1.47232 7
      vertex 45.9693 1.30448 7
    endloop
  endfacet
  facet normal 0 0 1
    outer loop
      vertex 44.408 2.46243 7
      vertex 45.6834 3.50918 7
      vertex 45.546 3.69441 7
    endloop
  endfacet
  facet normal 0 0 1
    outer loop
      vertex 44.1741 2.77772 7
      vertex 45.546 3.69441 7
      vertex 45.4275 3.89222 7
    endloop
  endfacet
  facet normal 0 0 1
    outer loop
      vertex 43.9723 3.11441 7
      vertex 45.4275 3.89222 7
      vertex 45.3289 4.10069 7
    endloop
  endfacet
  facet normal 0 0 1
    outer loop
      vertex 46.1944 3.04605 7
      vertex 45.2777 1.67412 7
      vertex 45.6144 1.47232 7
    endloop
  endfacet
  facet normal 0 0 1
    outer loop
      vertex 43.8045 3.46927 7
      vertex 45.3289 4.10069 7
      vertex 45.2512 4.31783 7
    endloop
  endfacet
  facet normal 0 0 1
    outer loop
      vertex 43.6722 3.83886 7
      vertex 45.2512 4.31783 7
      vertex 45.1952 4.54154 7
    endloop
  endfacet
  facet normal 0 0 1
    outer loop
      vertex 43.5769 4.21964 7
      vertex 45.1952 4.54154 7
      vertex 45.1613 4.76966 7
    endloop
  endfacet
  facet normal 0 0 1
    outer loop
      vertex 43.5193 4.60793 7
      vertex 45.1613 4.76966 7
      vertex 45.15 5 7
    endloop
  endfacet
  facet normal -0 0 1
    outer loop
      vertex 43.8045 6.53073 7
      vertex 45.3289 5.89931 7
      vertex 43.9723 6.88559 7
    endloop
  endfacet
  facet normal 0 0 1
    outer loop
      vertex 46.0092 3.18343 7
      vertex 44.9624 1.90796 7
      vertex 45.2777 1.67412 7
    endloop
  endfacet
  facet normal 0 0 1
    outer loop
      vertex 45.3289 5.89931 7
      vertex 43.8045 6.53073 7
      vertex 45.2512 5.68217 7
    endloop
  endfacet
  facet normal 0 0 1
    outer loop
      vertex 45.8383 3.3383 7
      vertex 44.6716 2.17157 7
      vertex 44.9624 1.90796 7
    endloop
  endfacet
  facet normal -0 0 1
    outer loop
      vertex 43.6722 6.16114 7
      vertex 45.2512 5.68217 7
      vertex 43.8045 6.53073 7
    endloop
  endfacet
  facet normal 0 0 1
    outer loop
      vertex 45.6834 3.50918 7
      vertex 44.408 2.46243 7
      vertex 44.6716 2.17157 7
    endloop
  endfacet
  facet normal 0 0 1
    outer loop
      vertex 45.2512 5.68217 7
      vertex 43.6722 6.16114 7
      vertex 45.1952 5.45846 7
    endloop
  endfacet
  facet normal 0 0 1
    outer loop
      vertex 45.546 3.69441 7
      vertex 44.1741 2.77772 7
      vertex 44.408 2.46243 7
    endloop
  endfacet
  facet normal -0 0 1
    outer loop
      vertex 43.5769 5.78036 7
      vertex 45.1952 5.45846 7
      vertex 43.6722 6.16114 7
    endloop
  endfacet
  facet normal 0 0 1
    outer loop
      vertex 45.4275 3.89222 7
      vertex 43.9723 3.11441 7
      vertex 44.1741 2.77772 7
    endloop
  endfacet
  facet normal 0 0 1
    outer loop
      vertex 45.1952 5.45846 7
      vertex 43.5769 5.78036 7
      vertex 45.1613 5.23034 7
    endloop
  endfacet
  facet normal 0 0 1
    outer loop
      vertex 45.3289 4.10069 7
      vertex 43.8045 3.46927 7
      vertex 43.9723 3.11441 7
    endloop
  endfacet
  facet normal -0 0 1
    outer loop
      vertex 43.5193 5.39207 7
      vertex 45.1613 5.23034 7
      vertex 43.5769 5.78036 7
    endloop
  endfacet
  facet normal 0 0 1
    outer loop
      vertex 45.2512 4.31783 7
      vertex 43.6722 3.83886 7
      vertex 43.8045 3.46927 7
    endloop
  endfacet
  facet normal 0 0 1
    outer loop
      vertex 45.1613 5.23034 7
      vertex 43.5193 5.39207 7
      vertex 45.15 5 7
    endloop
  endfacet
  facet normal 0 0 1
    outer loop
      vertex 45.1952 4.54154 7
      vertex 43.5769 4.21964 7
      vertex 43.6722 3.83886 7
    endloop
  endfacet
  facet normal 0 0 1
    outer loop
      vertex 43.5 5 7
      vertex 45.15 5 7
      vertex 43.5193 5.39207 7
    endloop
  endfacet
  facet normal 0 0 1
    outer loop
      vertex 45.1613 4.76966 7
      vertex 43.5193 4.60793 7
      vertex 43.5769 4.21964 7
    endloop
  endfacet
  facet normal 0 0 1
    outer loop
      vertex 45.15 5 7
      vertex 43.5 5 7
      vertex 43.5193 4.60793 7
    endloop
  endfacet
  facet normal -0.049061 -0.998796 0
    outer loop
      vertex 47.1079 1.01926 2
      vertex 47.5 1 7
      vertex 47.1079 1.01926 7
    endloop
  endfacet
  facet normal -0.049061 -0.998796 -0
    outer loop
      vertex 47.5 1 7
      vertex 47.1079 1.01926 2
      vertex 47.5 1 2
    endloop
  endfacet
  facet normal -0.998791 0.0491664 0
    outer loop
      vertex 43.5 5 2
      vertex 43.5193 5.39207 7
      vertex 43.5193 5.39207 2
    endloop
  endfacet
  facet normal -0.998791 0.0491664 0
    outer loop
      vertex 43.5193 5.39207 7
      vertex 43.5 5 2
      vertex 43.5 5 7
    endloop
  endfacet
  facet normal -0.336879 -0.941548 0
    outer loop
      vertex 45.9693 1.30448 2
      vertex 46.3389 1.17224 7
      vertex 45.9693 1.30448 7
    endloop
  endfacet
  facet normal -0.336879 -0.941548 -0
    outer loop
      vertex 46.3389 1.17224 7
      vertex 45.9693 1.30448 2
      vertex 46.3389 1.17224 2
    endloop
  endfacet
  facet normal 0.740977 -0.671531 0
    outer loop
      vertex 50.3284 2.17157 7
      vertex 50.592 2.46243 2
      vertex 50.592 2.46243 7
    endloop
  endfacet
  facet normal 0.740977 -0.671531 0
    outer loop
      vertex 50.592 2.46243 2
      vertex 50.3284 2.17157 7
      vertex 50.3284 2.17157 2
    endloop
  endfacet
  facet normal 0.671621 -0.740895 0
    outer loop
      vertex 50.0376 1.90796 2
      vertex 50.3284 2.17157 7
      vertex 50.0376 1.90796 7
    endloop
  endfacet
  facet normal 0.671621 -0.740895 0
    outer loop
      vertex 50.3284 2.17157 7
      vertex 50.0376 1.90796 2
      vertex 50.3284 2.17157 2
    endloop
  endfacet
  facet normal 0.146687 -0.989183 0
    outer loop
      vertex 47.0415 7.30484 3
      vertex 47.2697 7.33868 7
      vertex 47.0415 7.30484 7
    endloop
  endfacet
  facet normal 0.146687 -0.989183 0
    outer loop
      vertex 47.2697 7.33868 7
      vertex 47.0415 7.30484 3
      vertex 47.2697 7.33868 3
    endloop
  endfacet
  facet normal -0.989138 -0.146992 0
    outer loop
      vertex 49.8387 5.23034 3
      vertex 49.8048 5.45846 7
      vertex 49.8048 5.45846 3
    endloop
  endfacet
  facet normal -0.989138 -0.146992 0
    outer loop
      vertex 49.8048 5.45846 7
      vertex 49.8387 5.23034 3
      vertex 49.8387 5.23034 7
    endloop
  endfacet
  facet normal -0.998799 -0.048999 0
    outer loop
      vertex 49.85 5 3
      vertex 49.8387 5.23034 7
      vertex 49.8387 5.23034 3
    endloop
  endfacet
  facet normal -0.998799 -0.048999 0
    outer loop
      vertex 49.8387 5.23034 7
      vertex 49.85 5 3
      vertex 49.85 5 7
    endloop
  endfacet
  facet normal -0.970068 -0.242832 0
    outer loop
      vertex 49.8048 5.45846 3
      vertex 49.7488 5.68217 7
      vertex 49.7488 5.68217 3
    endloop
  endfacet
  facet normal -0.970068 -0.242832 0
    outer loop
      vertex 49.7488 5.68217 7
      vertex 49.8048 5.45846 3
      vertex 49.8048 5.45846 7
    endloop
  endfacet
  facet normal -0.998799 0.048999 0
    outer loop
      vertex 49.8387 4.76966 3
      vertex 49.85 5 7
      vertex 49.85 5 3
    endloop
  endfacet
  facet normal -0.998799 0.048999 0
    outer loop
      vertex 49.85 5 7
      vertex 49.8387 4.76966 3
      vertex 49.8387 4.76966 7
    endloop
  endfacet
  facet normal -0.427544 -0.903995 0
    outer loop
      vertex 48.3993 7.17112 3
      vertex 48.6078 7.07251 7
      vertex 48.3993 7.17112 7
    endloop
  endfacet
  facet normal -0.427544 -0.903995 -0
    outer loop
      vertex 48.6078 7.07251 7
      vertex 48.3993 7.17112 3
      vertex 48.6078 7.07251 3
    endloop
  endfacet
  facet normal -0.941536 0.336913 0
    outer loop
      vertex 49.6711 4.10069 3
      vertex 49.7488 4.31783 7
      vertex 49.7488 4.31783 3
    endloop
  endfacet
  facet normal -0.941536 0.336913 0
    outer loop
      vertex 49.7488 4.31783 7
      vertex 49.6711 4.10069 3
      vertex 49.6711 4.10069 7
    endloop
  endfacet
  facet normal -0.33693 -0.94153 0
    outer loop
      vertex 48.1822 7.24881 3
      vertex 48.3993 7.17112 7
      vertex 48.1822 7.24881 7
    endloop
  endfacet
  facet normal -0.33693 -0.94153 -0
    outer loop
      vertex 48.3993 7.17112 7
      vertex 48.1822 7.24881 3
      vertex 48.3993 7.17112 3
    endloop
  endfacet
  facet normal 0.803158 -0.595767 0
    outer loop
      vertex 45.546 6.30559 7
      vertex 45.6834 6.49082 3
      vertex 45.6834 6.49082 7
    endloop
  endfacet
  facet normal 0.803158 -0.595767 0
    outer loop
      vertex 45.6834 6.49082 3
      vertex 45.546 6.30559 7
      vertex 45.546 6.30559 3
    endloop
  endfacet
  facet normal -0.803158 -0.595767 0
    outer loop
      vertex 49.454 6.30559 3
      vertex 49.3166 6.49082 7
      vertex 49.3166 6.49082 3
    endloop
  endfacet
  facet normal -0.803158 -0.595767 0
    outer loop
      vertex 49.3166 6.49082 7
      vertex 49.454 6.30559 3
      vertex 49.454 6.30559 7
    endloop
  endfacet
  facet normal -0.514113 -0.857722 0
    outer loop
      vertex 48.6078 7.07251 3
      vertex 48.8056 6.95395 7
      vertex 48.6078 7.07251 7
    endloop
  endfacet
  facet normal -0.514113 -0.857722 -0
    outer loop
      vertex 48.8056 6.95395 7
      vertex 48.6078 7.07251 3
      vertex 48.8056 6.95395 3
    endloop
  endfacet
  facet normal 0.146687 0.989183 -0
    outer loop
      vertex 47.2697 2.66132 3
      vertex 47.0415 2.69516 7
      vertex 47.2697 2.66132 7
    endloop
  endfacet
  facet normal 0.146687 0.989183 0
    outer loop
      vertex 47.0415 2.69516 7
      vertex 47.2697 2.66132 3
      vertex 47.0415 2.69516 3
    endloop
  endfacet
  facet normal 0.857849 0.513903 0
    outer loop
      vertex 45.546 3.69441 7
      vertex 45.4275 3.89222 3
      vertex 45.4275 3.89222 7
    endloop
  endfacet
  facet normal 0.857849 0.513903 0
    outer loop
      vertex 45.4275 3.89222 3
      vertex 45.546 3.69441 7
      vertex 45.546 3.69441 3
    endloop
  endfacet
  facet normal 0.989138 0.146992 0
    outer loop
      vertex 45.1952 4.54154 7
      vertex 45.1613 4.76966 3
      vertex 45.1613 4.76966 7
    endloop
  endfacet
  facet normal 0.989138 0.146992 0
    outer loop
      vertex 45.1613 4.76966 3
      vertex 45.1952 4.54154 7
      vertex 45.1952 4.54154 3
    endloop
  endfacet
  facet normal -0.740901 0.671615 0
    outer loop
      vertex 49.1617 3.3383 3
      vertex 49.3166 3.50918 7
      vertex 49.3166 3.50918 3
    endloop
  endfacet
  facet normal -0.740901 0.671615 0
    outer loop
      vertex 49.3166 3.50918 7
      vertex 49.1617 3.3383 3
      vertex 49.1617 3.3383 7
    endloop
  endfacet
  facet normal 0.970068 -0.242832 0
    outer loop
      vertex 45.1952 5.45846 7
      vertex 45.2512 5.68217 3
      vertex 45.2512 5.68217 7
    endloop
  endfacet
  facet normal 0.970068 -0.242832 0
    outer loop
      vertex 45.2512 5.68217 3
      vertex 45.1952 5.45846 7
      vertex 45.1952 5.45846 3
    endloop
  endfacet
  facet normal 0.242964 -0.970035 0
    outer loop
      vertex 46.8178 7.24881 3
      vertex 47.0415 7.30484 7
      vertex 46.8178 7.24881 7
    endloop
  endfacet
  facet normal 0.242964 -0.970035 0
    outer loop
      vertex 47.0415 7.30484 7
      vertex 46.8178 7.24881 3
      vertex 47.0415 7.30484 3
    endloop
  endfacet
  facet normal 0.33693 -0.94153 0
    outer loop
      vertex 46.6007 7.17112 3
      vertex 46.8178 7.24881 7
      vertex 46.6007 7.17112 7
    endloop
  endfacet
  facet normal 0.33693 -0.94153 0
    outer loop
      vertex 46.8178 7.24881 7
      vertex 46.6007 7.17112 3
      vertex 46.8178 7.24881 3
    endloop
  endfacet
  facet normal -0.595773 -0.803153 0
    outer loop
      vertex 48.8056 6.95395 3
      vertex 48.9908 6.81657 7
      vertex 48.8056 6.95395 7
    endloop
  endfacet
  facet normal -0.595773 -0.803153 -0
    outer loop
      vertex 48.9908 6.81657 7
      vertex 48.8056 6.95395 3
      vertex 48.9908 6.81657 3
    endloop
  endfacet
  facet normal -0.903988 0.427559 0
    outer loop
      vertex 49.5725 3.89222 3
      vertex 49.6711 4.10069 7
      vertex 49.6711 4.10069 3
    endloop
  endfacet
  facet normal -0.903988 0.427559 0
    outer loop
      vertex 49.6711 4.10069 7
      vertex 49.5725 3.89222 3
      vertex 49.5725 3.89222 7
    endloop
  endfacet
  facet normal 0.803158 0.595767 0
    outer loop
      vertex 45.6834 3.50918 7
      vertex 45.546 3.69441 3
      vertex 45.546 3.69441 7
    endloop
  endfacet
  facet normal 0.803158 0.595767 0
    outer loop
      vertex 45.546 3.69441 3
      vertex 45.6834 3.50918 7
      vertex 45.6834 3.50918 3
    endloop
  endfacet
  facet normal -0.989138 0.146992 0
    outer loop
      vertex 49.8048 4.54154 3
      vertex 49.8387 4.76966 7
      vertex 49.8387 4.76966 3
    endloop
  endfacet
  facet normal -0.989138 0.146992 0
    outer loop
      vertex 49.8387 4.76966 7
      vertex 49.8048 4.54154 3
      vertex 49.8048 4.54154 7
    endloop
  endfacet
  facet normal -0.049094 0.998794 0
    outer loop
      vertex 47.7303 2.66132 3
      vertex 47.5 2.65 7
      vertex 47.7303 2.66132 7
    endloop
  endfacet
  facet normal -0.049094 0.998794 0
    outer loop
      vertex 47.5 2.65 7
      vertex 47.7303 2.66132 3
      vertex 47.5 2.65 3
    endloop
  endfacet
  facet normal -0.049094 -0.998794 0
    outer loop
      vertex 47.5 7.35 3
      vertex 47.7303 7.33868 7
      vertex 47.5 7.35 7
    endloop
  endfacet
  facet normal -0.049094 -0.998794 -0
    outer loop
      vertex 47.7303 7.33868 7
      vertex 47.5 7.35 3
      vertex 47.7303 7.33868 3
    endloop
  endfacet
  facet normal -0.146687 0.989183 0
    outer loop
      vertex 47.9585 2.69516 3
      vertex 47.7303 2.66132 7
      vertex 47.9585 2.69516 7
    endloop
  endfacet
  facet normal -0.146687 0.989183 0
    outer loop
      vertex 47.7303 2.66132 7
      vertex 47.9585 2.69516 3
      vertex 47.7303 2.66132 3
    endloop
  endfacet
  facet normal 0.427544 0.903995 -0
    outer loop
      vertex 46.6007 2.82888 3
      vertex 46.3922 2.92749 7
      vertex 46.6007 2.82888 7
    endloop
  endfacet
  facet normal 0.427544 0.903995 0
    outer loop
      vertex 46.3922 2.92749 7
      vertex 46.6007 2.82888 3
      vertex 46.3922 2.92749 3
    endloop
  endfacet
  facet normal 0.33693 0.94153 -0
    outer loop
      vertex 46.8178 2.75119 3
      vertex 46.6007 2.82888 7
      vertex 46.8178 2.75119 7
    endloop
  endfacet
  facet normal 0.33693 0.94153 0
    outer loop
      vertex 46.6007 2.82888 7
      vertex 46.8178 2.75119 3
      vertex 46.6007 2.82888 3
    endloop
  endfacet
  facet normal -0.6715 -0.741004 0
    outer loop
      vertex 48.9908 6.81657 3
      vertex 49.1617 6.6617 7
      vertex 48.9908 6.81657 7
    endloop
  endfacet
  facet normal -0.6715 -0.741004 -0
    outer loop
      vertex 49.1617 6.6617 7
      vertex 48.9908 6.81657 3
      vertex 49.1617 6.6617 3
    endloop
  endfacet
  facet normal -0.803158 0.595767 0
    outer loop
      vertex 49.3166 3.50918 3
      vertex 49.454 3.69441 7
      vertex 49.454 3.69441 3
    endloop
  endfacet
  facet normal -0.803158 0.595767 0
    outer loop
      vertex 49.454 3.69441 7
      vertex 49.3166 3.50918 3
      vertex 49.3166 3.50918 7
    endloop
  endfacet
  facet normal -0.146687 -0.989183 0
    outer loop
      vertex 47.7303 7.33868 3
      vertex 47.9585 7.30484 7
      vertex 47.7303 7.33868 7
    endloop
  endfacet
  facet normal -0.146687 -0.989183 -0
    outer loop
      vertex 47.9585 7.30484 7
      vertex 47.7303 7.33868 3
      vertex 47.9585 7.30484 3
    endloop
  endfacet
  facet normal 0.049094 -0.998794 0
    outer loop
      vertex 47.2697 7.33868 3
      vertex 47.5 7.35 7
      vertex 47.2697 7.33868 7
    endloop
  endfacet
  facet normal 0.049094 -0.998794 0
    outer loop
      vertex 47.5 7.35 7
      vertex 47.2697 7.33868 3
      vertex 47.5 7.35 3
    endloop
  endfacet
  facet normal 0.427544 -0.903995 0
    outer loop
      vertex 46.3922 7.07251 3
      vertex 46.6007 7.17112 7
      vertex 46.3922 7.07251 7
    endloop
  endfacet
  facet normal 0.427544 -0.903995 0
    outer loop
      vertex 46.6007 7.17112 7
      vertex 46.3922 7.07251 3
      vertex 46.6007 7.17112 3
    endloop
  endfacet
  facet normal -0.740901 -0.671615 0
    outer loop
      vertex 49.3166 6.49082 3
      vertex 49.1617 6.6617 7
      vertex 49.1617 6.6617 3
    endloop
  endfacet
  facet normal -0.740901 -0.671615 0
    outer loop
      vertex 49.1617 6.6617 7
      vertex 49.3166 6.49082 3
      vertex 49.3166 6.49082 7
    endloop
  endfacet
  facet normal -0.857849 -0.513903 0
    outer loop
      vertex 49.5725 6.10778 3
      vertex 49.454 6.30559 7
      vertex 49.454 6.30559 3
    endloop
  endfacet
  facet normal -0.857849 -0.513903 0
    outer loop
      vertex 49.454 6.30559 7
      vertex 49.5725 6.10778 3
      vertex 49.5725 6.10778 7
    endloop
  endfacet
  facet normal 0.903988 -0.427559 0
    outer loop
      vertex 45.3289 5.89931 7
      vertex 45.4275 6.10778 3
      vertex 45.4275 6.10778 7
    endloop
  endfacet
  facet normal 0.903988 -0.427559 0
    outer loop
      vertex 45.4275 6.10778 3
      vertex 45.3289 5.89931 7
      vertex 45.3289 5.89931 3
    endloop
  endfacet
  facet normal 0.514113 0.857722 -0
    outer loop
      vertex 46.3922 2.92749 3
      vertex 46.1944 3.04605 7
      vertex 46.3922 2.92749 7
    endloop
  endfacet
  facet normal 0.514113 0.857722 0
    outer loop
      vertex 46.1944 3.04605 7
      vertex 46.3922 2.92749 3
      vertex 46.1944 3.04605 3
    endloop
  endfacet
  facet normal 0.998799 0.048999 0
    outer loop
      vertex 45.1613 4.76966 7
      vertex 45.15 5 3
      vertex 45.15 5 7
    endloop
  endfacet
  facet normal 0.998799 0.048999 0
    outer loop
      vertex 45.15 5 3
      vertex 45.1613 4.76966 7
      vertex 45.1613 4.76966 3
    endloop
  endfacet
  facet normal -0.427544 0.903995 0
    outer loop
      vertex 48.6078 2.92749 3
      vertex 48.3993 2.82888 7
      vertex 48.6078 2.92749 7
    endloop
  endfacet
  facet normal -0.427544 0.903995 0
    outer loop
      vertex 48.3993 2.82888 7
      vertex 48.6078 2.92749 3
      vertex 48.3993 2.82888 3
    endloop
  endfacet
  facet normal -0.941536 -0.336913 0
    outer loop
      vertex 49.7488 5.68217 3
      vertex 49.6711 5.89931 7
      vertex 49.6711 5.89931 3
    endloop
  endfacet
  facet normal -0.941536 -0.336913 0
    outer loop
      vertex 49.6711 5.89931 7
      vertex 49.7488 5.68217 3
      vertex 49.7488 5.68217 7
    endloop
  endfacet
  facet normal 0.6715 -0.741004 0
    outer loop
      vertex 45.8383 6.6617 3
      vertex 46.0092 6.81657 7
      vertex 45.8383 6.6617 7
    endloop
  endfacet
  facet normal 0.6715 -0.741004 0
    outer loop
      vertex 46.0092 6.81657 7
      vertex 45.8383 6.6617 3
      vertex 46.0092 6.81657 3
    endloop
  endfacet
  facet normal -0.903988 -0.427559 0
    outer loop
      vertex 49.6711 5.89931 3
      vertex 49.5725 6.10778 7
      vertex 49.5725 6.10778 3
    endloop
  endfacet
  facet normal -0.903988 -0.427559 0
    outer loop
      vertex 49.5725 6.10778 7
      vertex 49.6711 5.89931 3
      vertex 49.6711 5.89931 7
    endloop
  endfacet
  facet normal -0.970068 0.242832 0
    outer loop
      vertex 49.7488 4.31783 3
      vertex 49.8048 4.54154 7
      vertex 49.8048 4.54154 3
    endloop
  endfacet
  facet normal -0.970068 0.242832 0
    outer loop
      vertex 49.8048 4.54154 7
      vertex 49.7488 4.31783 3
      vertex 49.7488 4.31783 7
    endloop
  endfacet
  facet normal 0.941536 0.336913 0
    outer loop
      vertex 45.3289 4.10069 7
      vertex 45.2512 4.31783 3
      vertex 45.2512 4.31783 7
    endloop
  endfacet
  facet normal 0.941536 0.336913 0
    outer loop
      vertex 45.2512 4.31783 3
      vertex 45.3289 4.10069 7
      vertex 45.3289 4.10069 3
    endloop
  endfacet
  facet normal 0.740901 0.671615 0
    outer loop
      vertex 45.8383 3.3383 7
      vertex 45.6834 3.50918 3
      vertex 45.6834 3.50918 7
    endloop
  endfacet
  facet normal 0.740901 0.671615 0
    outer loop
      vertex 45.6834 3.50918 3
      vertex 45.8383 3.3383 7
      vertex 45.8383 3.3383 3
    endloop
  endfacet
  facet normal 0.970068 0.242832 0
    outer loop
      vertex 45.2512 4.31783 7
      vertex 45.1952 4.54154 3
      vertex 45.1952 4.54154 7
    endloop
  endfacet
  facet normal 0.970068 0.242832 0
    outer loop
      vertex 45.1952 4.54154 3
      vertex 45.2512 4.31783 7
      vertex 45.2512 4.31783 3
    endloop
  endfacet
  facet normal -0.33693 0.94153 0
    outer loop
      vertex 48.3993 2.82888 3
      vertex 48.1822 2.75119 7
      vertex 48.3993 2.82888 7
    endloop
  endfacet
  facet normal -0.33693 0.94153 0
    outer loop
      vertex 48.1822 2.75119 7
      vertex 48.3993 2.82888 3
      vertex 48.1822 2.75119 3
    endloop
  endfacet
  facet normal 0.6715 0.741004 -0
    outer loop
      vertex 46.0092 3.18343 3
      vertex 45.8383 3.3383 7
      vertex 46.0092 3.18343 7
    endloop
  endfacet
  facet normal 0.6715 0.741004 0
    outer loop
      vertex 45.8383 3.3383 7
      vertex 46.0092 3.18343 3
      vertex 45.8383 3.3383 3
    endloop
  endfacet
  facet normal 0.989138 -0.146992 0
    outer loop
      vertex 45.1613 5.23034 7
      vertex 45.1952 5.45846 3
      vertex 45.1952 5.45846 7
    endloop
  endfacet
  facet normal 0.989138 -0.146992 0
    outer loop
      vertex 45.1952 5.45846 3
      vertex 45.1613 5.23034 7
      vertex 45.1613 5.23034 3
    endloop
  endfacet
  facet normal 0.740901 -0.671615 0
    outer loop
      vertex 45.6834 6.49082 7
      vertex 45.8383 6.6617 3
      vertex 45.8383 6.6617 7
    endloop
  endfacet
  facet normal 0.740901 -0.671615 0
    outer loop
      vertex 45.8383 6.6617 3
      vertex 45.6834 6.49082 7
      vertex 45.6834 6.49082 3
    endloop
  endfacet
  facet normal -0.595773 0.803153 0
    outer loop
      vertex 48.9908 3.18343 3
      vertex 48.8056 3.04605 7
      vertex 48.9908 3.18343 7
    endloop
  endfacet
  facet normal -0.595773 0.803153 0
    outer loop
      vertex 48.8056 3.04605 7
      vertex 48.9908 3.18343 3
      vertex 48.8056 3.04605 3
    endloop
  endfacet
  facet normal 0.595773 -0.803153 0
    outer loop
      vertex 46.0092 6.81657 3
      vertex 46.1944 6.95395 7
      vertex 46.0092 6.81657 7
    endloop
  endfacet
  facet normal 0.595773 -0.803153 0
    outer loop
      vertex 46.1944 6.95395 7
      vertex 46.0092 6.81657 3
      vertex 46.1944 6.95395 3
    endloop
  endfacet
  facet normal -0.242964 -0.970035 0
    outer loop
      vertex 47.9585 7.30484 3
      vertex 48.1822 7.24881 7
      vertex 47.9585 7.30484 7
    endloop
  endfacet
  facet normal -0.242964 -0.970035 -0
    outer loop
      vertex 48.1822 7.24881 7
      vertex 47.9585 7.30484 3
      vertex 48.1822 7.24881 3
    endloop
  endfacet
  facet normal 0.049094 0.998794 -0
    outer loop
      vertex 47.5 2.65 3
      vertex 47.2697 2.66132 7
      vertex 47.5 2.65 7
    endloop
  endfacet
  facet normal 0.049094 0.998794 0
    outer loop
      vertex 47.2697 2.66132 7
      vertex 47.5 2.65 3
      vertex 47.2697 2.66132 3
    endloop
  endfacet
  facet normal -0.6715 0.741004 0
    outer loop
      vertex 49.1617 3.3383 3
      vertex 48.9908 3.18343 7
      vertex 49.1617 3.3383 7
    endloop
  endfacet
  facet normal -0.6715 0.741004 0
    outer loop
      vertex 48.9908 3.18343 7
      vertex 49.1617 3.3383 3
      vertex 48.9908 3.18343 3
    endloop
  endfacet
  facet normal 0 0 1
    outer loop
      vertex 49.8387 5.23034 3
      vertex 49.8387 4.76966 3
      vertex 49.85 5 3
    endloop
  endfacet
  facet normal 0 0 1
    outer loop
      vertex 49.8048 5.45846 3
      vertex 49.8387 4.76966 3
      vertex 49.8387 5.23034 3
    endloop
  endfacet
  facet normal 0 0 1
    outer loop
      vertex 49.8048 5.45846 3
      vertex 49.8048 4.54154 3
      vertex 49.8387 4.76966 3
    endloop
  endfacet
  facet normal 0 0 1
    outer loop
      vertex 49.7488 5.68217 3
      vertex 49.8048 4.54154 3
      vertex 49.8048 5.45846 3
    endloop
  endfacet
  facet normal 0 0 1
    outer loop
      vertex 49.7488 5.68217 3
      vertex 49.7488 4.31783 3
      vertex 49.8048 4.54154 3
    endloop
  endfacet
  facet normal 0 0 1
    outer loop
      vertex 49.6711 5.89931 3
      vertex 49.7488 4.31783 3
      vertex 49.7488 5.68217 3
    endloop
  endfacet
  facet normal 0 0 1
    outer loop
      vertex 49.6711 5.89931 3
      vertex 49.6711 4.10069 3
      vertex 49.7488 4.31783 3
    endloop
  endfacet
  facet normal 0 0 1
    outer loop
      vertex 49.5725 6.10778 3
      vertex 49.6711 4.10069 3
      vertex 49.6711 5.89931 3
    endloop
  endfacet
  facet normal 0 0 1
    outer loop
      vertex 49.5725 6.10778 3
      vertex 49.5725 3.89222 3
      vertex 49.6711 4.10069 3
    endloop
  endfacet
  facet normal 0 0 1
    outer loop
      vertex 49.454 6.30559 3
      vertex 49.5725 3.89222 3
      vertex 49.5725 6.10778 3
    endloop
  endfacet
  facet normal 0 0 1
    outer loop
      vertex 49.454 6.30559 3
      vertex 49.454 3.69441 3
      vertex 49.5725 3.89222 3
    endloop
  endfacet
  facet normal 0 0 1
    outer loop
      vertex 49.3166 6.49082 3
      vertex 49.454 3.69441 3
      vertex 49.454 6.30559 3
    endloop
  endfacet
  facet normal 0 0 1
    outer loop
      vertex 49.3166 6.49082 3
      vertex 49.3166 3.50918 3
      vertex 49.454 3.69441 3
    endloop
  endfacet
  facet normal 0 0 1
    outer loop
      vertex 49.1617 6.6617 3
      vertex 49.3166 3.50918 3
      vertex 49.3166 6.49082 3
    endloop
  endfacet
  facet normal 0 0 1
    outer loop
      vertex 49.1617 6.6617 3
      vertex 49.1617 3.3383 3
      vertex 49.3166 3.50918 3
    endloop
  endfacet
  facet normal 0 0 1
    outer loop
      vertex 48.9908 6.81657 3
      vertex 49.1617 3.3383 3
      vertex 49.1617 6.6617 3
    endloop
  endfacet
  facet normal 0 0 1
    outer loop
      vertex 48.9908 6.81657 3
      vertex 48.9908 3.18343 3
      vertex 49.1617 3.3383 3
    endloop
  endfacet
  facet normal 0 0 1
    outer loop
      vertex 48.8056 6.95395 3
      vertex 48.9908 3.18343 3
      vertex 48.9908 6.81657 3
    endloop
  endfacet
  facet normal 0 0 1
    outer loop
      vertex 48.8056 6.95395 3
      vertex 48.8056 3.04605 3
      vertex 48.9908 3.18343 3
    endloop
  endfacet
  facet normal 0 0 1
    outer loop
      vertex 48.6078 7.07251 3
      vertex 48.8056 3.04605 3
      vertex 48.8056 6.95395 3
    endloop
  endfacet
  facet normal 0 0 1
    outer loop
      vertex 48.6078 7.07251 3
      vertex 48.6078 2.92749 3
      vertex 48.8056 3.04605 3
    endloop
  endfacet
  facet normal 0 0 1
    outer loop
      vertex 48.3993 7.17112 3
      vertex 48.6078 2.92749 3
      vertex 48.6078 7.07251 3
    endloop
  endfacet
  facet normal 0 0 1
    outer loop
      vertex 48.3993 7.17112 3
      vertex 48.3993 2.82888 3
      vertex 48.6078 2.92749 3
    endloop
  endfacet
  facet normal 0 0 1
    outer loop
      vertex 48.1822 7.24881 3
      vertex 48.3993 2.82888 3
      vertex 48.3993 7.17112 3
    endloop
  endfacet
  facet normal 0 0 1
    outer loop
      vertex 48.1822 7.24881 3
      vertex 48.1822 2.75119 3
      vertex 48.3993 2.82888 3
    endloop
  endfacet
  facet normal 0 0 1
    outer loop
      vertex 47.9585 7.30484 3
      vertex 48.1822 2.75119 3
      vertex 48.1822 7.24881 3
    endloop
  endfacet
  facet normal 0 0 1
    outer loop
      vertex 47.9585 7.30484 3
      vertex 47.9585 2.69516 3
      vertex 48.1822 2.75119 3
    endloop
  endfacet
  facet normal 0 0 1
    outer loop
      vertex 47.7303 7.33868 3
      vertex 47.9585 2.69516 3
      vertex 47.9585 7.30484 3
    endloop
  endfacet
  facet normal 0 0 1
    outer loop
      vertex 47.7303 7.33868 3
      vertex 47.7303 2.66132 3
      vertex 47.9585 2.69516 3
    endloop
  endfacet
  facet normal 0 0 1
    outer loop
      vertex 47.5 7.35 3
      vertex 47.7303 2.66132 3
      vertex 47.7303 7.33868 3
    endloop
  endfacet
  facet normal 0 0 1
    outer loop
      vertex 47.5 7.35 3
      vertex 47.5 2.65 3
      vertex 47.7303 2.66132 3
    endloop
  endfacet
  facet normal -0 0 1
    outer loop
      vertex 47.2697 7.33868 3
      vertex 47.5 2.65 3
      vertex 47.5 7.35 3
    endloop
  endfacet
  facet normal 0 0 1
    outer loop
      vertex 47.2697 7.33868 3
      vertex 47.2697 2.66132 3
      vertex 47.5 2.65 3
    endloop
  endfacet
  facet normal -0 0 1
    outer loop
      vertex 47.0415 7.30484 3
      vertex 47.2697 2.66132 3
      vertex 47.2697 7.33868 3
    endloop
  endfacet
  facet normal 0 0 1
    outer loop
      vertex 47.0415 7.30484 3
      vertex 47.0415 2.69516 3
      vertex 47.2697 2.66132 3
    endloop
  endfacet
  facet normal -0 0 1
    outer loop
      vertex 46.8178 7.24881 3
      vertex 47.0415 2.69516 3
      vertex 47.0415 7.30484 3
    endloop
  endfacet
  facet normal 0 0 1
    outer loop
      vertex 46.8178 7.24881 3
      vertex 46.8178 2.75119 3
      vertex 47.0415 2.69516 3
    endloop
  endfacet
  facet normal -0 0 1
    outer loop
      vertex 46.6007 7.17112 3
      vertex 46.8178 2.75119 3
      vertex 46.8178 7.24881 3
    endloop
  endfacet
  facet normal 0 0 1
    outer loop
      vertex 46.6007 7.17112 3
      vertex 46.6007 2.82888 3
      vertex 46.8178 2.75119 3
    endloop
  endfacet
  facet normal -0 0 1
    outer loop
      vertex 46.3922 7.07251 3
      vertex 46.6007 2.82888 3
      vertex 46.6007 7.17112 3
    endloop
  endfacet
  facet normal 0 0 1
    outer loop
      vertex 46.3922 7.07251 3
      vertex 46.3922 2.92749 3
      vertex 46.6007 2.82888 3
    endloop
  endfacet
  facet normal -0 0 1
    outer loop
      vertex 46.1944 6.95395 3
      vertex 46.3922 2.92749 3
      vertex 46.3922 7.07251 3
    endloop
  endfacet
  facet normal 0 0 1
    outer loop
      vertex 46.1944 6.95395 3
      vertex 46.1944 3.04605 3
      vertex 46.3922 2.92749 3
    endloop
  endfacet
  facet normal -0 0 1
    outer loop
      vertex 46.0092 6.81657 3
      vertex 46.1944 3.04605 3
      vertex 46.1944 6.95395 3
    endloop
  endfacet
  facet normal 0 0 1
    outer loop
      vertex 46.0092 6.81657 3
      vertex 46.0092 3.18343 3
      vertex 46.1944 3.04605 3
    endloop
  endfacet
  facet normal -0 0 1
    outer loop
      vertex 45.8383 6.6617 3
      vertex 46.0092 3.18343 3
      vertex 46.0092 6.81657 3
    endloop
  endfacet
  facet normal 0 0 1
    outer loop
      vertex 45.8383 6.6617 3
      vertex 45.8383 3.3383 3
      vertex 46.0092 3.18343 3
    endloop
  endfacet
  facet normal -0 0 1
    outer loop
      vertex 45.6834 6.49082 3
      vertex 45.8383 3.3383 3
      vertex 45.8383 6.6617 3
    endloop
  endfacet
  facet normal 0 0 1
    outer loop
      vertex 45.6834 6.49082 3
      vertex 45.6834 3.50918 3
      vertex 45.8383 3.3383 3
    endloop
  endfacet
  facet normal -0 0 1
    outer loop
      vertex 45.546 6.30559 3
      vertex 45.6834 3.50918 3
      vertex 45.6834 6.49082 3
    endloop
  endfacet
  facet normal 0 0 1
    outer loop
      vertex 45.546 6.30559 3
      vertex 45.546 3.69441 3
      vertex 45.6834 3.50918 3
    endloop
  endfacet
  facet normal -0 0 1
    outer loop
      vertex 45.4275 6.10778 3
      vertex 45.546 3.69441 3
      vertex 45.546 6.30559 3
    endloop
  endfacet
  facet normal 0 0 1
    outer loop
      vertex 45.4275 6.10778 3
      vertex 45.4275 3.89222 3
      vertex 45.546 3.69441 3
    endloop
  endfacet
  facet normal -0 0 1
    outer loop
      vertex 45.3289 5.89931 3
      vertex 45.4275 3.89222 3
      vertex 45.4275 6.10778 3
    endloop
  endfacet
  facet normal 0 0 1
    outer loop
      vertex 45.3289 5.89931 3
      vertex 45.3289 4.10069 3
      vertex 45.4275 3.89222 3
    endloop
  endfacet
  facet normal -0 0 1
    outer loop
      vertex 45.2512 5.68217 3
      vertex 45.3289 4.10069 3
      vertex 45.3289 5.89931 3
    endloop
  endfacet
  facet normal 0 0 1
    outer loop
      vertex 45.2512 5.68217 3
      vertex 45.2512 4.31783 3
      vertex 45.3289 4.10069 3
    endloop
  endfacet
  facet normal -0 0 1
    outer loop
      vertex 45.1952 5.45846 3
      vertex 45.2512 4.31783 3
      vertex 45.2512 5.68217 3
    endloop
  endfacet
  facet normal 0 0 1
    outer loop
      vertex 45.1952 5.45846 3
      vertex 45.1952 4.54154 3
      vertex 45.2512 4.31783 3
    endloop
  endfacet
  facet normal -0 0 1
    outer loop
      vertex 45.1613 5.23034 3
      vertex 45.1952 4.54154 3
      vertex 45.1952 5.45846 3
    endloop
  endfacet
  facet normal 0 0 1
    outer loop
      vertex 45.1613 5.23034 3
      vertex 45.1613 4.76966 3
      vertex 45.1952 4.54154 3
    endloop
  endfacet
  facet normal 0 -0 1
    outer loop
      vertex 45.1613 4.76966 3
      vertex 45.1613 5.23034 3
      vertex 45.15 5 3
    endloop
  endfacet
  facet normal -0.514113 0.857722 0
    outer loop
      vertex 48.8056 3.04605 3
      vertex 48.6078 2.92749 7
      vertex 48.8056 3.04605 7
    endloop
  endfacet
  facet normal -0.514113 0.857722 0
    outer loop
      vertex 48.6078 2.92749 7
      vertex 48.8056 3.04605 3
      vertex 48.6078 2.92749 3
    endloop
  endfacet
  facet normal -0.857849 0.513903 0
    outer loop
      vertex 49.454 3.69441 3
      vertex 49.5725 3.89222 7
      vertex 49.5725 3.89222 3
    endloop
  endfacet
  facet normal -0.857849 0.513903 0
    outer loop
      vertex 49.5725 3.89222 7
      vertex 49.454 3.69441 3
      vertex 49.454 3.69441 7
    endloop
  endfacet
  facet normal -0.242964 0.970035 0
    outer loop
      vertex 48.1822 2.75119 3
      vertex 47.9585 2.69516 7
      vertex 48.1822 2.75119 7
    endloop
  endfacet
  facet normal -0.242964 0.970035 0
    outer loop
      vertex 47.9585 2.69516 7
      vertex 48.1822 2.75119 3
      vertex 47.9585 2.69516 3
    endloop
  endfacet
  facet normal 0.514113 -0.857722 0
    outer loop
      vertex 46.1944 6.95395 3
      vertex 46.3922 7.07251 7
      vertex 46.1944 6.95395 7
    endloop
  endfacet
  facet normal 0.514113 -0.857722 0
    outer loop
      vertex 46.3922 7.07251 7
      vertex 46.1944 6.95395 3
      vertex 46.3922 7.07251 3
    endloop
  endfacet
  facet normal 0.941536 -0.336913 0
    outer loop
      vertex 45.2512 5.68217 7
      vertex 45.3289 5.89931 3
      vertex 45.3289 5.89931 7
    endloop
  endfacet
  facet normal 0.941536 -0.336913 0
    outer loop
      vertex 45.3289 5.89931 3
      vertex 45.2512 5.68217 7
      vertex 45.2512 5.68217 3
    endloop
  endfacet
  facet normal 0.998799 -0.048999 0
    outer loop
      vertex 45.15 5 7
      vertex 45.1613 5.23034 3
      vertex 45.1613 5.23034 7
    endloop
  endfacet
  facet normal 0.998799 -0.048999 0
    outer loop
      vertex 45.1613 5.23034 3
      vertex 45.15 5 7
      vertex 45.15 5 3
    endloop
  endfacet
  facet normal 0.242964 0.970035 -0
    outer loop
      vertex 47.0415 2.69516 3
      vertex 46.8178 2.75119 7
      vertex 47.0415 2.69516 7
    endloop
  endfacet
  facet normal 0.242964 0.970035 0
    outer loop
      vertex 46.8178 2.75119 7
      vertex 47.0415 2.69516 3
      vertex 46.8178 2.75119 3
    endloop
  endfacet
  facet normal 0.595773 0.803153 -0
    outer loop
      vertex 46.1944 3.04605 3
      vertex 46.0092 3.18343 7
      vertex 46.1944 3.04605 7
    endloop
  endfacet
  facet normal 0.595773 0.803153 0
    outer loop
      vertex 46.0092 3.18343 7
      vertex 46.1944 3.04605 3
      vertex 46.0092 3.18343 3
    endloop
  endfacet
  facet normal 0.903988 0.427559 0
    outer loop
      vertex 45.4275 3.89222 7
      vertex 45.3289 4.10069 3
      vertex 45.3289 4.10069 7
    endloop
  endfacet
  facet normal 0.903988 0.427559 0
    outer loop
      vertex 45.3289 4.10069 3
      vertex 45.4275 3.89222 7
      vertex 45.4275 3.89222 3
    endloop
  endfacet
  facet normal 0.857849 -0.513903 0
    outer loop
      vertex 45.4275 6.10778 7
      vertex 45.546 6.30559 3
      vertex 45.546 6.30559 7
    endloop
  endfacet
  facet normal 0.857849 -0.513903 0
    outer loop
      vertex 45.546 6.30559 3
      vertex 45.4275 6.10778 7
      vertex 45.4275 6.10778 3
    endloop
  endfacet
  facet normal -0.427563 -0.903986 0
    outer loop
      vertex 3.11441 1.47232 2
      vertex 3.46927 1.30448 7
      vertex 3.11441 1.47232 7
    endloop
  endfacet
  facet normal -0.427563 -0.903986 -0
    outer loop
      vertex 3.46927 1.30448 7
      vertex 3.11441 1.47232 2
      vertex 3.46927 1.30448 2
    endloop
  endfacet
  facet normal 0.989176 0.146737 0
    outer loop
      vertex 8.98074 5.39207 7
      vertex 8.92314 5.78036 2
      vertex 8.92314 5.78036 7
    endloop
  endfacet
  facet normal 0.989176 0.146737 0
    outer loop
      vertex 8.92314 5.78036 2
      vertex 8.98074 5.39207 7
      vertex 8.98074 5.39207 2
    endloop
  endfacet
  facet normal 0.998796 0.0490647 0
    outer loop
      vertex 9 5 7
      vertex 8.98074 5.39207 2
      vertex 8.98074 5.39207 7
    endloop
  endfacet
  facet normal 0.998796 0.0490647 0
    outer loop
      vertex 8.98074 5.39207 2
      vertex 9 5 7
      vertex 9 5 2
    endloop
  endfacet
  facet normal 0.970032 0.242979 0
    outer loop
      vertex 8.92314 5.78036 7
      vertex 8.82776 6.16114 2
      vertex 8.82776 6.16114 7
    endloop
  endfacet
  facet normal 0.970032 0.242979 0
    outer loop
      vertex 8.82776 6.16114 2
      vertex 8.92314 5.78036 7
      vertex 8.92314 5.78036 2
    endloop
  endfacet
  facet normal 0.427563 -0.903986 0
    outer loop
      vertex 6.53073 1.30448 2
      vertex 6.88559 1.47232 7
      vertex 6.53073 1.30448 7
    endloop
  endfacet
  facet normal 0.427563 -0.903986 0
    outer loop
      vertex 6.88559 1.47232 7
      vertex 6.53073 1.30448 2
      vertex 6.88559 1.47232 2
    endloop
  endfacet
  facet normal -0.671545 0.740964 0
    outer loop
      vertex 2.46243 8.09204 2
      vertex 2.17157 7.82843 7
      vertex 2.46243 8.09204 7
    endloop
  endfacet
  facet normal -0.671545 0.740964 0
    outer loop
      vertex 2.17157 7.82843 7
      vertex 2.46243 8.09204 2
      vertex 2.17157 7.82843 2
    endloop
  endfacet
  facet normal -0.970032 -0.242979 0
    outer loop
      vertex 1.17224 3.83886 2
      vertex 1.07686 4.21964 7
      vertex 1.07686 4.21964 2
    endloop
  endfacet
  facet normal -0.970032 -0.242979 0
    outer loop
      vertex 1.07686 4.21964 7
      vertex 1.17224 3.83886 2
      vertex 1.17224 3.83886 7
    endloop
  endfacet
  facet normal 0.427563 0.903986 -0
    outer loop
      vertex 6.88559 8.52768 2
      vertex 6.53073 8.69552 7
      vertex 6.88559 8.52768 7
    endloop
  endfacet
  facet normal 0.427563 0.903986 0
    outer loop
      vertex 6.53073 8.69552 7
      vertex 6.88559 8.52768 2
      vertex 6.53073 8.69552 2
    endloop
  endfacet
  facet normal -0.989176 0.146737 0
    outer loop
      vertex 1.01926 5.39207 2
      vertex 1.07686 5.78036 7
      vertex 1.07686 5.78036 2
    endloop
  endfacet
  facet normal -0.989176 0.146737 0
    outer loop
      vertex 1.07686 5.78036 7
      vertex 1.01926 5.39207 2
      vertex 1.01926 5.39207 7
    endloop
  endfacet
  facet normal -0.146737 -0.989176 0
    outer loop
      vertex 4.21964 1.07686 2
      vertex 4.60793 1.01926 7
      vertex 4.21964 1.07686 7
    endloop
  endfacet
  facet normal -0.146737 -0.989176 -0
    outer loop
      vertex 4.60793 1.01926 7
      vertex 4.21964 1.07686 2
      vertex 4.60793 1.01926 2
    endloop
  endfacet
  facet normal 0.242979 0.970032 -0
    outer loop
      vertex 6.16114 8.82776 2
      vertex 5.78036 8.92314 7
      vertex 6.16114 8.82776 7
    endloop
  endfacet
  facet normal 0.242979 0.970032 0
    outer loop
      vertex 5.78036 8.92314 7
      vertex 6.16114 8.82776 2
      vertex 5.78036 8.92314 2
    endloop
  endfacet
  facet normal -0.740964 0.671545 0
    outer loop
      vertex 1.90796 7.53757 2
      vertex 2.17157 7.82843 7
      vertex 2.17157 7.82843 2
    endloop
  endfacet
  facet normal -0.740964 0.671545 0
    outer loop
      vertex 2.17157 7.82843 7
      vertex 1.90796 7.53757 2
      vertex 1.90796 7.53757 7
    endloop
  endfacet
  facet normal 0.514095 -0.857733 0
    outer loop
      vertex 6.88559 1.47232 2
      vertex 7.22228 1.67412 7
      vertex 6.88559 1.47232 7
    endloop
  endfacet
  facet normal 0.514095 -0.857733 0
    outer loop
      vertex 7.22228 1.67412 7
      vertex 6.88559 1.47232 2
      vertex 7.22228 1.67412 2
    endloop
  endfacet
  facet normal -0.242979 -0.970032 0
    outer loop
      vertex 3.83886 1.17224 2
      vertex 4.21964 1.07686 7
      vertex 3.83886 1.17224 7
    endloop
  endfacet
  facet normal -0.242979 -0.970032 -0
    outer loop
      vertex 4.21964 1.07686 7
      vertex 3.83886 1.17224 2
      vertex 4.21964 1.07686 2
    endloop
  endfacet
  facet normal -0.336887 0.941545 0
    outer loop
      vertex 3.83886 8.82776 2
      vertex 3.46927 8.69552 7
      vertex 3.83886 8.82776 7
    endloop
  endfacet
  facet normal -0.336887 0.941545 0
    outer loop
      vertex 3.46927 8.69552 7
      vertex 3.83886 8.82776 2
      vertex 3.46927 8.69552 2
    endloop
  endfacet
  facet normal 0.0490647 -0.998796 0
    outer loop
      vertex 5 1 2
      vertex 5.39207 1.01926 7
      vertex 5 1 7
    endloop
  endfacet
  facet normal 0.0490647 -0.998796 0
    outer loop
      vertex 5.39207 1.01926 7
      vertex 5 1 2
      vertex 5.39207 1.01926 2
    endloop
  endfacet
  facet normal 0.146737 -0.989176 0
    outer loop
      vertex 5.39207 1.01926 2
      vertex 5.78036 1.07686 7
      vertex 5.39207 1.01926 7
    endloop
  endfacet
  facet normal 0.146737 -0.989176 0
    outer loop
      vertex 5.78036 1.07686 7
      vertex 5.39207 1.01926 2
      vertex 5.78036 1.07686 2
    endloop
  endfacet
  facet normal -0.0490647 0.998796 0
    outer loop
      vertex 5 9 2
      vertex 4.60793 8.98074 7
      vertex 5 9 7
    endloop
  endfacet
  facet normal -0.0490647 0.998796 0
    outer loop
      vertex 4.60793 8.98074 7
      vertex 5 9 2
      vertex 4.60793 8.98074 2
    endloop
  endfacet
  facet normal -0.595708 -0.803201 0
    outer loop
      vertex 2.46243 1.90796 2
      vertex 2.77772 1.67412 7
      vertex 2.46243 1.90796 7
    endloop
  endfacet
  facet normal -0.595708 -0.803201 -0
    outer loop
      vertex 2.77772 1.67412 7
      vertex 2.46243 1.90796 2
      vertex 2.77772 1.67412 2
    endloop
  endfacet
  facet normal -0.903986 -0.427563 0
    outer loop
      vertex 1.47232 3.11441 2
      vertex 1.30448 3.46927 7
      vertex 1.30448 3.46927 2
    endloop
  endfacet
  facet normal -0.903986 -0.427563 0
    outer loop
      vertex 1.30448 3.46927 7
      vertex 1.47232 3.11441 2
      vertex 1.47232 3.11441 7
    endloop
  endfacet
  facet normal -0.146737 0.989176 0
    outer loop
      vertex 4.60793 8.98074 2
      vertex 4.21964 8.92314 7
      vertex 4.60793 8.98074 7
    endloop
  endfacet
  facet normal -0.146737 0.989176 0
    outer loop
      vertex 4.21964 8.92314 7
      vertex 4.60793 8.98074 2
      vertex 4.21964 8.92314 2
    endloop
  endfacet
  facet normal 0.595708 -0.803201 0
    outer loop
      vertex 7.22228 1.67412 2
      vertex 7.53757 1.90796 7
      vertex 7.22228 1.67412 7
    endloop
  endfacet
  facet normal 0.595708 -0.803201 0
    outer loop
      vertex 7.53757 1.90796 7
      vertex 7.22228 1.67412 2
      vertex 7.53757 1.90796 2
    endloop
  endfacet
  facet normal 0.0490647 0.998796 -0
    outer loop
      vertex 5.39207 8.98074 2
      vertex 5 9 7
      vertex 5.39207 8.98074 7
    endloop
  endfacet
  facet normal 0.0490647 0.998796 0
    outer loop
      vertex 5 9 7
      vertex 5.39207 8.98074 2
      vertex 5 9 2
    endloop
  endfacet
  facet normal 0.514095 0.857733 -0
    outer loop
      vertex 7.22228 8.32588 2
      vertex 6.88559 8.52768 7
      vertex 7.22228 8.32588 7
    endloop
  endfacet
  facet normal 0.514095 0.857733 0
    outer loop
      vertex 6.88559 8.52768 7
      vertex 7.22228 8.32588 2
      vertex 6.88559 8.52768 2
    endloop
  endfacet
  facet normal -0.998796 -0.0490647 0
    outer loop
      vertex 1.01926 4.60793 2
      vertex 1 5 7
      vertex 1 5 2
    endloop
  endfacet
  facet normal -0.998796 -0.0490647 0
    outer loop
      vertex 1 5 7
      vertex 1.01926 4.60793 2
      vertex 1.01926 4.60793 7
    endloop
  endfacet
  facet normal -0.903986 0.427563 0
    outer loop
      vertex 1.30448 6.53073 2
      vertex 1.47232 6.88559 7
      vertex 1.47232 6.88559 2
    endloop
  endfacet
  facet normal -0.903986 0.427563 0
    outer loop
      vertex 1.47232 6.88559 7
      vertex 1.30448 6.53073 2
      vertex 1.30448 6.53073 7
    endloop
  endfacet
  facet normal 0.970032 -0.242979 0
    outer loop
      vertex 8.82776 3.83886 7
      vertex 8.92314 4.21964 2
      vertex 8.92314 4.21964 7
    endloop
  endfacet
  facet normal 0.970032 -0.242979 0
    outer loop
      vertex 8.92314 4.21964 2
      vertex 8.82776 3.83886 7
      vertex 8.82776 3.83886 2
    endloop
  endfacet
  facet normal 0.740964 0.671545 0
    outer loop
      vertex 8.09204 7.53757 7
      vertex 7.82843 7.82843 2
      vertex 7.82843 7.82843 7
    endloop
  endfacet
  facet normal 0.740964 0.671545 0
    outer loop
      vertex 7.82843 7.82843 2
      vertex 8.09204 7.53757 7
      vertex 8.09204 7.53757 2
    endloop
  endfacet
  facet normal 0.595708 0.803201 -0
    outer loop
      vertex 7.53757 8.09204 2
      vertex 7.22228 8.32588 7
      vertex 7.53757 8.09204 7
    endloop
  endfacet
  facet normal 0.595708 0.803201 0
    outer loop
      vertex 7.22228 8.32588 7
      vertex 7.53757 8.09204 2
      vertex 7.22228 8.32588 2
    endloop
  endfacet
  facet normal -0.595708 0.803201 0
    outer loop
      vertex 2.77772 8.32588 2
      vertex 2.46243 8.09204 7
      vertex 2.77772 8.32588 7
    endloop
  endfacet
  facet normal -0.595708 0.803201 0
    outer loop
      vertex 2.46243 8.09204 7
      vertex 2.77772 8.32588 2
      vertex 2.46243 8.09204 2
    endloop
  endfacet
  facet normal 0.803201 0.595708 0
    outer loop
      vertex 8.32588 7.22228 7
      vertex 8.09204 7.53757 2
      vertex 8.09204 7.53757 7
    endloop
  endfacet
  facet normal 0.803201 0.595708 0
    outer loop
      vertex 8.09204 7.53757 2
      vertex 8.32588 7.22228 7
      vertex 8.32588 7.22228 2
    endloop
  endfacet
  facet normal 0.989176 -0.146737 0
    outer loop
      vertex 8.92314 4.21964 7
      vertex 8.98074 4.60793 2
      vertex 8.98074 4.60793 7
    endloop
  endfacet
  facet normal 0.989176 -0.146737 0
    outer loop
      vertex 8.98074 4.60793 2
      vertex 8.92314 4.21964 7
      vertex 8.92314 4.21964 2
    endloop
  endfacet
  facet normal -0.941545 0.336887 0
    outer loop
      vertex 1.17224 6.16114 2
      vertex 1.30448 6.53073 7
      vertex 1.30448 6.53073 2
    endloop
  endfacet
  facet normal -0.941545 0.336887 0
    outer loop
      vertex 1.30448 6.53073 7
      vertex 1.17224 6.16114 2
      vertex 1.17224 6.16114 7
    endloop
  endfacet
  facet normal 0.903986 -0.427563 0
    outer loop
      vertex 8.52768 3.11441 7
      vertex 8.69552 3.46927 2
      vertex 8.69552 3.46927 7
    endloop
  endfacet
  facet normal 0.903986 -0.427563 0
    outer loop
      vertex 8.69552 3.46927 2
      vertex 8.52768 3.11441 7
      vertex 8.52768 3.11441 2
    endloop
  endfacet
  facet normal 0.998796 -0.0490647 0
    outer loop
      vertex 8.98074 4.60793 7
      vertex 9 5 2
      vertex 9 5 7
    endloop
  endfacet
  facet normal 0.998796 -0.0490647 0
    outer loop
      vertex 9 5 2
      vertex 8.98074 4.60793 7
      vertex 8.98074 4.60793 2
    endloop
  endfacet
  facet normal 0.336887 -0.941545 0
    outer loop
      vertex 6.16114 1.17224 2
      vertex 6.53073 1.30448 7
      vertex 6.16114 1.17224 7
    endloop
  endfacet
  facet normal 0.336887 -0.941545 0
    outer loop
      vertex 6.53073 1.30448 7
      vertex 6.16114 1.17224 2
      vertex 6.53073 1.30448 2
    endloop
  endfacet
  facet normal 0.941545 0.336887 0
    outer loop
      vertex 8.82776 6.16114 7
      vertex 8.69552 6.53073 2
      vertex 8.69552 6.53073 7
    endloop
  endfacet
  facet normal 0.941545 0.336887 0
    outer loop
      vertex 8.69552 6.53073 2
      vertex 8.82776 6.16114 7
      vertex 8.82776 6.16114 2
    endloop
  endfacet
  facet normal 0.803201 -0.595708 0
    outer loop
      vertex 8.09204 2.46243 7
      vertex 8.32588 2.77772 2
      vertex 8.32588 2.77772 7
    endloop
  endfacet
  facet normal 0.803201 -0.595708 0
    outer loop
      vertex 8.32588 2.77772 2
      vertex 8.09204 2.46243 7
      vertex 8.09204 2.46243 2
    endloop
  endfacet
  facet normal 0.857733 -0.514095 0
    outer loop
      vertex 8.32588 2.77772 7
      vertex 8.52768 3.11441 2
      vertex 8.52768 3.11441 7
    endloop
  endfacet
  facet normal 0.857733 -0.514095 0
    outer loop
      vertex 8.52768 3.11441 2
      vertex 8.32588 2.77772 7
      vertex 8.32588 2.77772 2
    endloop
  endfacet
  facet normal 0.941545 -0.336887 0
    outer loop
      vertex 8.69552 3.46927 7
      vertex 8.82776 3.83886 2
      vertex 8.82776 3.83886 7
    endloop
  endfacet
  facet normal 0.941545 -0.336887 0
    outer loop
      vertex 8.82776 3.83886 2
      vertex 8.69552 3.46927 7
      vertex 8.69552 3.46927 2
    endloop
  endfacet
  facet normal -0.242979 0.970032 0
    outer loop
      vertex 4.21964 8.92314 2
      vertex 3.83886 8.82776 7
      vertex 4.21964 8.92314 7
    endloop
  endfacet
  facet normal -0.242979 0.970032 0
    outer loop
      vertex 3.83886 8.82776 7
      vertex 4.21964 8.92314 2
      vertex 3.83886 8.82776 2
    endloop
  endfacet
  facet normal 0.903986 0.427563 0
    outer loop
      vertex 8.69552 6.53073 7
      vertex 8.52768 6.88559 2
      vertex 8.52768 6.88559 7
    endloop
  endfacet
  facet normal 0.903986 0.427563 0
    outer loop
      vertex 8.52768 6.88559 2
      vertex 8.69552 6.53073 7
      vertex 8.69552 6.53073 2
    endloop
  endfacet
  facet normal 0.146737 0.989176 -0
    outer loop
      vertex 5.78036 8.92314 2
      vertex 5.39207 8.98074 7
      vertex 5.78036 8.92314 7
    endloop
  endfacet
  facet normal 0.146737 0.989176 0
    outer loop
      vertex 5.39207 8.98074 7
      vertex 5.78036 8.92314 2
      vertex 5.39207 8.98074 2
    endloop
  endfacet
  facet normal -0.857733 -0.514095 0
    outer loop
      vertex 1.67412 2.77772 2
      vertex 1.47232 3.11441 7
      vertex 1.47232 3.11441 2
    endloop
  endfacet
  facet normal -0.857733 -0.514095 0
    outer loop
      vertex 1.47232 3.11441 7
      vertex 1.67412 2.77772 2
      vertex 1.67412 2.77772 7
    endloop
  endfacet
  facet normal 0.857733 0.514095 0
    outer loop
      vertex 8.52768 6.88559 7
      vertex 8.32588 7.22228 2
      vertex 8.32588 7.22228 7
    endloop
  endfacet
  facet normal 0.857733 0.514095 0
    outer loop
      vertex 8.32588 7.22228 2
      vertex 8.52768 6.88559 7
      vertex 8.52768 6.88559 2
    endloop
  endfacet
  facet normal -0.740964 -0.671545 0
    outer loop
      vertex 2.17157 2.17157 2
      vertex 1.90796 2.46243 7
      vertex 1.90796 2.46243 2
    endloop
  endfacet
  facet normal -0.740964 -0.671545 0
    outer loop
      vertex 1.90796 2.46243 7
      vertex 2.17157 2.17157 2
      vertex 2.17157 2.17157 7
    endloop
  endfacet
  facet normal 0.242979 -0.970032 0
    outer loop
      vertex 5.78036 1.07686 2
      vertex 6.16114 1.17224 7
      vertex 5.78036 1.07686 7
    endloop
  endfacet
  facet normal 0.242979 -0.970032 0
    outer loop
      vertex 6.16114 1.17224 7
      vertex 5.78036 1.07686 2
      vertex 6.16114 1.17224 2
    endloop
  endfacet
  facet normal -0.514095 0.857733 0
    outer loop
      vertex 3.11441 8.52768 2
      vertex 2.77772 8.32588 7
      vertex 3.11441 8.52768 7
    endloop
  endfacet
  facet normal -0.514095 0.857733 0
    outer loop
      vertex 2.77772 8.32588 7
      vertex 3.11441 8.52768 2
      vertex 2.77772 8.32588 2
    endloop
  endfacet
  facet normal -0.427563 0.903986 0
    outer loop
      vertex 3.46927 8.69552 2
      vertex 3.11441 8.52768 7
      vertex 3.46927 8.69552 7
    endloop
  endfacet
  facet normal -0.427563 0.903986 0
    outer loop
      vertex 3.11441 8.52768 7
      vertex 3.46927 8.69552 2
      vertex 3.11441 8.52768 2
    endloop
  endfacet
  facet normal -0.941545 -0.336887 0
    outer loop
      vertex 1.30448 3.46927 2
      vertex 1.17224 3.83886 7
      vertex 1.17224 3.83886 2
    endloop
  endfacet
  facet normal -0.941545 -0.336887 0
    outer loop
      vertex 1.17224 3.83886 7
      vertex 1.30448 3.46927 2
      vertex 1.30448 3.46927 7
    endloop
  endfacet
  facet normal -0.514095 -0.857733 0
    outer loop
      vertex 2.77772 1.67412 2
      vertex 3.11441 1.47232 7
      vertex 2.77772 1.67412 7
    endloop
  endfacet
  facet normal -0.514095 -0.857733 -0
    outer loop
      vertex 3.11441 1.47232 7
      vertex 2.77772 1.67412 2
      vertex 3.11441 1.47232 2
    endloop
  endfacet
  facet normal 0.671545 0.740964 -0
    outer loop
      vertex 7.82843 7.82843 2
      vertex 7.53757 8.09204 7
      vertex 7.82843 7.82843 7
    endloop
  endfacet
  facet normal 0.671545 0.740964 0
    outer loop
      vertex 7.53757 8.09204 7
      vertex 7.82843 7.82843 2
      vertex 7.53757 8.09204 2
    endloop
  endfacet
  facet normal 0.336887 0.941545 -0
    outer loop
      vertex 6.53073 8.69552 2
      vertex 6.16114 8.82776 7
      vertex 6.53073 8.69552 7
    endloop
  endfacet
  facet normal 0.336887 0.941545 0
    outer loop
      vertex 6.16114 8.82776 7
      vertex 6.53073 8.69552 2
      vertex 6.16114 8.82776 2
    endloop
  endfacet
  facet normal -0.970032 0.242979 0
    outer loop
      vertex 1.07686 5.78036 2
      vertex 1.17224 6.16114 7
      vertex 1.17224 6.16114 2
    endloop
  endfacet
  facet normal -0.970032 0.242979 0
    outer loop
      vertex 1.17224 6.16114 7
      vertex 1.07686 5.78036 2
      vertex 1.07686 5.78036 7
    endloop
  endfacet
  facet normal -0.803201 -0.595708 0
    outer loop
      vertex 1.90796 2.46243 2
      vertex 1.67412 2.77772 7
      vertex 1.67412 2.77772 2
    endloop
  endfacet
  facet normal -0.803201 -0.595708 0
    outer loop
      vertex 1.67412 2.77772 7
      vertex 1.90796 2.46243 2
      vertex 1.90796 2.46243 7
    endloop
  endfacet
  facet normal -0.989176 -0.146737 0
    outer loop
      vertex 1.07686 4.21964 2
      vertex 1.01926 4.60793 7
      vertex 1.01926 4.60793 2
    endloop
  endfacet
  facet normal -0.989176 -0.146737 0
    outer loop
      vertex 1.01926 4.60793 7
      vertex 1.07686 4.21964 2
      vertex 1.07686 4.21964 7
    endloop
  endfacet
  facet normal -0.671545 -0.740964 0
    outer loop
      vertex 2.17157 2.17157 2
      vertex 2.46243 1.90796 7
      vertex 2.17157 2.17157 7
    endloop
  endfacet
  facet normal -0.671545 -0.740964 -0
    outer loop
      vertex 2.46243 1.90796 7
      vertex 2.17157 2.17157 2
      vertex 2.46243 1.90796 2
    endloop
  endfacet
  facet normal -0.803201 0.595708 0
    outer loop
      vertex 1.67412 7.22228 2
      vertex 1.90796 7.53757 7
      vertex 1.90796 7.53757 2
    endloop
  endfacet
  facet normal -0.803201 0.595708 0
    outer loop
      vertex 1.90796 7.53757 7
      vertex 1.67412 7.22228 2
      vertex 1.67412 7.22228 7
    endloop
  endfacet
  facet normal -0.857733 0.514095 0
    outer loop
      vertex 1.47232 6.88559 2
      vertex 1.67412 7.22228 7
      vertex 1.67412 7.22228 2
    endloop
  endfacet
  facet normal -0.857733 0.514095 0
    outer loop
      vertex 1.67412 7.22228 7
      vertex 1.47232 6.88559 2
      vertex 1.47232 6.88559 7
    endloop
  endfacet
  facet normal 0 0 1
    outer loop
      vertex 7.35 5 7
      vertex 9 5 7
      vertex 8.98074 5.39207 7
    endloop
  endfacet
  facet normal 0 0 1
    outer loop
      vertex 7.33868 5.23034 7
      vertex 8.98074 5.39207 7
      vertex 8.92314 5.78036 7
    endloop
  endfacet
  facet normal 0 0 1
    outer loop
      vertex 9 5 7
      vertex 7.35 5 7
      vertex 8.98074 4.60793 7
    endloop
  endfacet
  facet normal 0 0 1
    outer loop
      vertex 7.30484 5.45846 7
      vertex 8.92314 5.78036 7
      vertex 8.82776 6.16114 7
    endloop
  endfacet
  facet normal -0 0 1
    outer loop
      vertex 7.33868 4.76966 7
      vertex 8.98074 4.60793 7
      vertex 7.35 5 7
    endloop
  endfacet
  facet normal 0 0 1
    outer loop
      vertex 7.24881 5.68217 7
      vertex 8.82776 6.16114 7
      vertex 8.69552 6.53073 7
    endloop
  endfacet
  facet normal 0 0 1
    outer loop
      vertex 8.98074 4.60793 7
      vertex 7.33868 4.76966 7
      vertex 8.92314 4.21964 7
    endloop
  endfacet
  facet normal 0 0 1
    outer loop
      vertex 7.17112 5.89931 7
      vertex 8.69552 6.53073 7
      vertex 8.52768 6.88559 7
    endloop
  endfacet
  facet normal -0 0 1
    outer loop
      vertex 7.30484 4.54154 7
      vertex 8.92314 4.21964 7
      vertex 7.33868 4.76966 7
    endloop
  endfacet
  facet normal 0 0 1
    outer loop
      vertex 7.07251 6.10778 7
      vertex 8.52768 6.88559 7
      vertex 8.32588 7.22228 7
    endloop
  endfacet
  facet normal 0 0 1
    outer loop
      vertex 8.92314 4.21964 7
      vertex 7.30484 4.54154 7
      vertex 8.82776 3.83886 7
    endloop
  endfacet
  facet normal 0 0 1
    outer loop
      vertex 6.95395 6.30559 7
      vertex 8.32588 7.22228 7
      vertex 8.09204 7.53757 7
    endloop
  endfacet
  facet normal -0 0 1
    outer loop
      vertex 7.24881 4.31783 7
      vertex 8.82776 3.83886 7
      vertex 7.30484 4.54154 7
    endloop
  endfacet
  facet normal 0 0 1
    outer loop
      vertex 6.81657 6.49082 7
      vertex 8.09204 7.53757 7
      vertex 7.82843 7.82843 7
    endloop
  endfacet
  facet normal 0 0 1
    outer loop
      vertex 8.82776 3.83886 7
      vertex 7.24881 4.31783 7
      vertex 8.69552 3.46927 7
    endloop
  endfacet
  facet normal 0 0 1
    outer loop
      vertex 6.6617 6.6617 7
      vertex 7.82843 7.82843 7
      vertex 7.53757 8.09204 7
    endloop
  endfacet
  facet normal -0 0 1
    outer loop
      vertex 7.17112 4.10069 7
      vertex 8.69552 3.46927 7
      vertex 7.24881 4.31783 7
    endloop
  endfacet
  facet normal 0 0 1
    outer loop
      vertex 8.69552 3.46927 7
      vertex 7.17112 4.10069 7
      vertex 8.52768 3.11441 7
    endloop
  endfacet
  facet normal 0 0 1
    outer loop
      vertex 8.98074 5.39207 7
      vertex 7.33868 5.23034 7
      vertex 7.35 5 7
    endloop
  endfacet
  facet normal 0 0 1
    outer loop
      vertex 8.92314 5.78036 7
      vertex 7.30484 5.45846 7
      vertex 7.33868 5.23034 7
    endloop
  endfacet
  facet normal 0 0 1
    outer loop
      vertex 8.82776 6.16114 7
      vertex 7.24881 5.68217 7
      vertex 7.30484 5.45846 7
    endloop
  endfacet
  facet normal 0 0 1
    outer loop
      vertex 6.49082 6.81657 7
      vertex 7.53757 8.09204 7
      vertex 7.22228 8.32588 7
    endloop
  endfacet
  facet normal 0 0 1
    outer loop
      vertex 8.69552 6.53073 7
      vertex 7.17112 5.89931 7
      vertex 7.24881 5.68217 7
    endloop
  endfacet
  facet normal 0 0 1
    outer loop
      vertex 8.52768 6.88559 7
      vertex 7.07251 6.10778 7
      vertex 7.17112 5.89931 7
    endloop
  endfacet
  facet normal 0 0 1
    outer loop
      vertex 8.32588 7.22228 7
      vertex 6.95395 6.30559 7
      vertex 7.07251 6.10778 7
    endloop
  endfacet
  facet normal 0 0 1
    outer loop
      vertex 6.30559 6.95395 7
      vertex 7.22228 8.32588 7
      vertex 6.88559 8.52768 7
    endloop
  endfacet
  facet normal 0 0 1
    outer loop
      vertex 8.09204 7.53757 7
      vertex 6.81657 6.49082 7
      vertex 6.95395 6.30559 7
    endloop
  endfacet
  facet normal 0 0 1
    outer loop
      vertex 7.82843 7.82843 7
      vertex 6.6617 6.6617 7
      vertex 6.81657 6.49082 7
    endloop
  endfacet
  facet normal 0 0 1
    outer loop
      vertex 6.10778 7.07251 7
      vertex 6.88559 8.52768 7
      vertex 6.53073 8.69552 7
    endloop
  endfacet
  facet normal 0 0 1
    outer loop
      vertex 7.53757 8.09204 7
      vertex 6.49082 6.81657 7
      vertex 6.6617 6.6617 7
    endloop
  endfacet
  facet normal 0 0 1
    outer loop
      vertex 7.22228 8.32588 7
      vertex 6.30559 6.95395 7
      vertex 6.49082 6.81657 7
    endloop
  endfacet
  facet normal 0 0 1
    outer loop
      vertex 5.89931 7.17112 7
      vertex 6.53073 8.69552 7
      vertex 6.16114 8.82776 7
    endloop
  endfacet
  facet normal 0 0 1
    outer loop
      vertex 6.88559 8.52768 7
      vertex 6.10778 7.07251 7
      vertex 6.30559 6.95395 7
    endloop
  endfacet
  facet normal 0 0 1
    outer loop
      vertex 6.53073 8.69552 7
      vertex 5.89931 7.17112 7
      vertex 6.10778 7.07251 7
    endloop
  endfacet
  facet normal 0 0 1
    outer loop
      vertex 5.68217 7.24881 7
      vertex 6.16114 8.82776 7
      vertex 5.78036 8.92314 7
    endloop
  endfacet
  facet normal 0 0 1
    outer loop
      vertex 6.16114 8.82776 7
      vertex 5.68217 7.24881 7
      vertex 5.89931 7.17112 7
    endloop
  endfacet
  facet normal 0 0 1
    outer loop
      vertex 5.78036 8.92314 7
      vertex 5.45846 7.30484 7
      vertex 5.68217 7.24881 7
    endloop
  endfacet
  facet normal 0 0 1
    outer loop
      vertex 5.39207 8.98074 7
      vertex 5.45846 7.30484 7
      vertex 5.78036 8.92314 7
    endloop
  endfacet
  facet normal 0 0 1
    outer loop
      vertex 5.39207 8.98074 7
      vertex 5.23034 7.33868 7
      vertex 5.45846 7.30484 7
    endloop
  endfacet
  facet normal 0 0 1
    outer loop
      vertex 5 9 7
      vertex 5.23034 7.33868 7
      vertex 5.39207 8.98074 7
    endloop
  endfacet
  facet normal 0 0 1
    outer loop
      vertex 5 9 7
      vertex 5 7.35 7
      vertex 5.23034 7.33868 7
    endloop
  endfacet
  facet normal 0 0 1
    outer loop
      vertex 5 9 7
      vertex 4.76966 7.33868 7
      vertex 5 7.35 7
    endloop
  endfacet
  facet normal -0 0 1
    outer loop
      vertex 4.60793 8.98074 7
      vertex 4.76966 7.33868 7
      vertex 5 9 7
    endloop
  endfacet
  facet normal 0 0 1
    outer loop
      vertex 4.60793 8.98074 7
      vertex 4.54154 7.30484 7
      vertex 4.76966 7.33868 7
    endloop
  endfacet
  facet normal -0 0 1
    outer loop
      vertex 4.21964 8.92314 7
      vertex 4.54154 7.30484 7
      vertex 4.60793 8.98074 7
    endloop
  endfacet
  facet normal 0 0 1
    outer loop
      vertex 4.54154 7.30484 7
      vertex 4.21964 8.92314 7
      vertex 4.31783 7.24881 7
    endloop
  endfacet
  facet normal -0 0 1
    outer loop
      vertex 3.83886 8.82776 7
      vertex 4.31783 7.24881 7
      vertex 4.21964 8.92314 7
    endloop
  endfacet
  facet normal 0 0 1
    outer loop
      vertex 4.31783 7.24881 7
      vertex 3.83886 8.82776 7
      vertex 4.10069 7.17112 7
    endloop
  endfacet
  facet normal -0 0 1
    outer loop
      vertex 3.46927 8.69552 7
      vertex 4.10069 7.17112 7
      vertex 3.83886 8.82776 7
    endloop
  endfacet
  facet normal 0 0 1
    outer loop
      vertex 4.10069 7.17112 7
      vertex 3.46927 8.69552 7
      vertex 3.89222 7.07251 7
    endloop
  endfacet
  facet normal -0 0 1
    outer loop
      vertex 3.11441 8.52768 7
      vertex 3.89222 7.07251 7
      vertex 3.46927 8.69552 7
    endloop
  endfacet
  facet normal 0 0 1
    outer loop
      vertex 3.89222 7.07251 7
      vertex 3.11441 8.52768 7
      vertex 3.69441 6.95395 7
    endloop
  endfacet
  facet normal -0 0 1
    outer loop
      vertex 2.77772 8.32588 7
      vertex 3.69441 6.95395 7
      vertex 3.11441 8.52768 7
    endloop
  endfacet
  facet normal 0 0 1
    outer loop
      vertex 3.69441 6.95395 7
      vertex 2.77772 8.32588 7
      vertex 3.50918 6.81657 7
    endloop
  endfacet
  facet normal -0 0 1
    outer loop
      vertex 2.46243 8.09204 7
      vertex 3.50918 6.81657 7
      vertex 2.77772 8.32588 7
    endloop
  endfacet
  facet normal 0 0 1
    outer loop
      vertex 3.50918 6.81657 7
      vertex 2.46243 8.09204 7
      vertex 3.3383 6.6617 7
    endloop
  endfacet
  facet normal -0 0 1
    outer loop
      vertex 2.17157 7.82843 7
      vertex 3.3383 6.6617 7
      vertex 2.46243 8.09204 7
    endloop
  endfacet
  facet normal 0 0 1
    outer loop
      vertex 3.3383 6.6617 7
      vertex 2.17157 7.82843 7
      vertex 3.18343 6.49082 7
    endloop
  endfacet
  facet normal -0 0 1
    outer loop
      vertex 1.90796 7.53757 7
      vertex 3.18343 6.49082 7
      vertex 2.17157 7.82843 7
    endloop
  endfacet
  facet normal 0 0 1
    outer loop
      vertex 3.18343 6.49082 7
      vertex 1.90796 7.53757 7
      vertex 3.04605 6.30559 7
    endloop
  endfacet
  facet normal -0 0 1
    outer loop
      vertex 1.67412 7.22228 7
      vertex 3.04605 6.30559 7
      vertex 1.90796 7.53757 7
    endloop
  endfacet
  facet normal 0 0 1
    outer loop
      vertex 3.04605 6.30559 7
      vertex 1.67412 7.22228 7
      vertex 2.92749 6.10778 7
    endloop
  endfacet
  facet normal -0 0 1
    outer loop
      vertex 1.47232 6.88559 7
      vertex 2.92749 6.10778 7
      vertex 1.67412 7.22228 7
    endloop
  endfacet
  facet normal 0 0 1
    outer loop
      vertex 2.92749 6.10778 7
      vertex 1.47232 6.88559 7
      vertex 2.82888 5.89931 7
    endloop
  endfacet
  facet normal -0 0 1
    outer loop
      vertex 7.07251 3.89222 7
      vertex 8.52768 3.11441 7
      vertex 7.17112 4.10069 7
    endloop
  endfacet
  facet normal 0 0 1
    outer loop
      vertex 8.52768 3.11441 7
      vertex 7.07251 3.89222 7
      vertex 8.32588 2.77772 7
    endloop
  endfacet
  facet normal -0 0 1
    outer loop
      vertex 6.95395 3.69441 7
      vertex 8.32588 2.77772 7
      vertex 7.07251 3.89222 7
    endloop
  endfacet
  facet normal 0 0 1
    outer loop
      vertex 8.32588 2.77772 7
      vertex 6.95395 3.69441 7
      vertex 8.09204 2.46243 7
    endloop
  endfacet
  facet normal -0 0 1
    outer loop
      vertex 6.81657 3.50918 7
      vertex 8.09204 2.46243 7
      vertex 6.95395 3.69441 7
    endloop
  endfacet
  facet normal 0 0 1
    outer loop
      vertex 8.09204 2.46243 7
      vertex 6.81657 3.50918 7
      vertex 7.82843 2.17157 7
    endloop
  endfacet
  facet normal -0 0 1
    outer loop
      vertex 6.6617 3.3383 7
      vertex 7.82843 2.17157 7
      vertex 6.81657 3.50918 7
    endloop
  endfacet
  facet normal 0 0 1
    outer loop
      vertex 7.82843 2.17157 7
      vertex 6.6617 3.3383 7
      vertex 7.53757 1.90796 7
    endloop
  endfacet
  facet normal -0 0 1
    outer loop
      vertex 6.49082 3.18343 7
      vertex 7.53757 1.90796 7
      vertex 6.6617 3.3383 7
    endloop
  endfacet
  facet normal 0 0 1
    outer loop
      vertex 7.53757 1.90796 7
      vertex 6.49082 3.18343 7
      vertex 7.22228 1.67412 7
    endloop
  endfacet
  facet normal -0 0 1
    outer loop
      vertex 6.30559 3.04605 7
      vertex 7.22228 1.67412 7
      vertex 6.49082 3.18343 7
    endloop
  endfacet
  facet normal 0 0 1
    outer loop
      vertex 7.22228 1.67412 7
      vertex 6.30559 3.04605 7
      vertex 6.88559 1.47232 7
    endloop
  endfacet
  facet normal -0 0 1
    outer loop
      vertex 6.10778 2.92749 7
      vertex 6.88559 1.47232 7
      vertex 6.30559 3.04605 7
    endloop
  endfacet
  facet normal 0 0 1
    outer loop
      vertex 6.88559 1.47232 7
      vertex 6.10778 2.92749 7
      vertex 6.53073 1.30448 7
    endloop
  endfacet
  facet normal -0 0 1
    outer loop
      vertex 5.89931 2.82888 7
      vertex 6.53073 1.30448 7
      vertex 6.10778 2.92749 7
    endloop
  endfacet
  facet normal 0 0 1
    outer loop
      vertex 6.53073 1.30448 7
      vertex 5.89931 2.82888 7
      vertex 6.16114 1.17224 7
    endloop
  endfacet
  facet normal -0 0 1
    outer loop
      vertex 5.68217 2.75119 7
      vertex 6.16114 1.17224 7
      vertex 5.89931 2.82888 7
    endloop
  endfacet
  facet normal 0 0 1
    outer loop
      vertex 6.16114 1.17224 7
      vertex 5.68217 2.75119 7
      vertex 5.78036 1.07686 7
    endloop
  endfacet
  facet normal -0 0 1
    outer loop
      vertex 5.45846 2.69516 7
      vertex 5.78036 1.07686 7
      vertex 5.68217 2.75119 7
    endloop
  endfacet
  facet normal 0 0 1
    outer loop
      vertex 5.45846 2.69516 7
      vertex 5.39207 1.01926 7
      vertex 5.78036 1.07686 7
    endloop
  endfacet
  facet normal -0 0 1
    outer loop
      vertex 5.23034 2.66132 7
      vertex 5.39207 1.01926 7
      vertex 5.45846 2.69516 7
    endloop
  endfacet
  facet normal -0 0 1
    outer loop
      vertex 5 2.65 7
      vertex 5.39207 1.01926 7
      vertex 5.23034 2.66132 7
    endloop
  endfacet
  facet normal 0 0 1
    outer loop
      vertex 5 2.65 7
      vertex 5 1 7
      vertex 5.39207 1.01926 7
    endloop
  endfacet
  facet normal 0 0 1
    outer loop
      vertex 4.76966 2.66132 7
      vertex 5 1 7
      vertex 5 2.65 7
    endloop
  endfacet
  facet normal 0 0 1
    outer loop
      vertex 4.76966 2.66132 7
      vertex 4.60793 1.01926 7
      vertex 5 1 7
    endloop
  endfacet
  facet normal 0 0 1
    outer loop
      vertex 4.54154 2.69516 7
      vertex 4.60793 1.01926 7
      vertex 4.76966 2.66132 7
    endloop
  endfacet
  facet normal 0 0 1
    outer loop
      vertex 4.21964 1.07686 7
      vertex 4.54154 2.69516 7
      vertex 4.31783 2.75119 7
    endloop
  endfacet
  facet normal 0 0 1
    outer loop
      vertex 4.54154 2.69516 7
      vertex 4.21964 1.07686 7
      vertex 4.60793 1.01926 7
    endloop
  endfacet
  facet normal 0 0 1
    outer loop
      vertex 3.83886 1.17224 7
      vertex 4.31783 2.75119 7
      vertex 4.10069 2.82888 7
    endloop
  endfacet
  facet normal 0 0 1
    outer loop
      vertex 3.46927 1.30448 7
      vertex 4.10069 2.82888 7
      vertex 3.89222 2.92749 7
    endloop
  endfacet
  facet normal 0 0 1
    outer loop
      vertex 4.31783 2.75119 7
      vertex 3.83886 1.17224 7
      vertex 4.21964 1.07686 7
    endloop
  endfacet
  facet normal 0 0 1
    outer loop
      vertex 3.11441 1.47232 7
      vertex 3.89222 2.92749 7
      vertex 3.69441 3.04605 7
    endloop
  endfacet
  facet normal 0 0 1
    outer loop
      vertex 2.77772 1.67412 7
      vertex 3.69441 3.04605 7
      vertex 3.50918 3.18343 7
    endloop
  endfacet
  facet normal 0 0 1
    outer loop
      vertex 4.10069 2.82888 7
      vertex 3.46927 1.30448 7
      vertex 3.83886 1.17224 7
    endloop
  endfacet
  facet normal 0 0 1
    outer loop
      vertex 2.46243 1.90796 7
      vertex 3.50918 3.18343 7
      vertex 3.3383 3.3383 7
    endloop
  endfacet
  facet normal 0 0 1
    outer loop
      vertex 2.17157 2.17157 7
      vertex 3.3383 3.3383 7
      vertex 3.18343 3.50918 7
    endloop
  endfacet
  facet normal 0 0 1
    outer loop
      vertex 3.89222 2.92749 7
      vertex 3.11441 1.47232 7
      vertex 3.46927 1.30448 7
    endloop
  endfacet
  facet normal 0 0 1
    outer loop
      vertex 1.90796 2.46243 7
      vertex 3.18343 3.50918 7
      vertex 3.04605 3.69441 7
    endloop
  endfacet
  facet normal 0 0 1
    outer loop
      vertex 1.67412 2.77772 7
      vertex 3.04605 3.69441 7
      vertex 2.92749 3.89222 7
    endloop
  endfacet
  facet normal 0 0 1
    outer loop
      vertex 1.47232 3.11441 7
      vertex 2.92749 3.89222 7
      vertex 2.82888 4.10069 7
    endloop
  endfacet
  facet normal 0 0 1
    outer loop
      vertex 3.69441 3.04605 7
      vertex 2.77772 1.67412 7
      vertex 3.11441 1.47232 7
    endloop
  endfacet
  facet normal 0 0 1
    outer loop
      vertex 1.30448 3.46927 7
      vertex 2.82888 4.10069 7
      vertex 2.75119 4.31783 7
    endloop
  endfacet
  facet normal 0 0 1
    outer loop
      vertex 1.17224 3.83886 7
      vertex 2.75119 4.31783 7
      vertex 2.69516 4.54154 7
    endloop
  endfacet
  facet normal 0 0 1
    outer loop
      vertex 1.07686 4.21964 7
      vertex 2.69516 4.54154 7
      vertex 2.66132 4.76966 7
    endloop
  endfacet
  facet normal 0 0 1
    outer loop
      vertex 1.01926 4.60793 7
      vertex 2.66132 4.76966 7
      vertex 2.65 5 7
    endloop
  endfacet
  facet normal -0 0 1
    outer loop
      vertex 1.30448 6.53073 7
      vertex 2.82888 5.89931 7
      vertex 1.47232 6.88559 7
    endloop
  endfacet
  facet normal 0 0 1
    outer loop
      vertex 3.50918 3.18343 7
      vertex 2.46243 1.90796 7
      vertex 2.77772 1.67412 7
    endloop
  endfacet
  facet normal 0 0 1
    outer loop
      vertex 2.82888 5.89931 7
      vertex 1.30448 6.53073 7
      vertex 2.75119 5.68217 7
    endloop
  endfacet
  facet normal 0 0 1
    outer loop
      vertex 3.3383 3.3383 7
      vertex 2.17157 2.17157 7
      vertex 2.46243 1.90796 7
    endloop
  endfacet
  facet normal -0 0 1
    outer loop
      vertex 1.17224 6.16114 7
      vertex 2.75119 5.68217 7
      vertex 1.30448 6.53073 7
    endloop
  endfacet
  facet normal 0 0 1
    outer loop
      vertex 3.18343 3.50918 7
      vertex 1.90796 2.46243 7
      vertex 2.17157 2.17157 7
    endloop
  endfacet
  facet normal 0 0 1
    outer loop
      vertex 2.75119 5.68217 7
      vertex 1.17224 6.16114 7
      vertex 2.69516 5.45846 7
    endloop
  endfacet
  facet normal 0 0 1
    outer loop
      vertex 3.04605 3.69441 7
      vertex 1.67412 2.77772 7
      vertex 1.90796 2.46243 7
    endloop
  endfacet
  facet normal -0 0 1
    outer loop
      vertex 1.07686 5.78036 7
      vertex 2.69516 5.45846 7
      vertex 1.17224 6.16114 7
    endloop
  endfacet
  facet normal 0 0 1
    outer loop
      vertex 2.92749 3.89222 7
      vertex 1.47232 3.11441 7
      vertex 1.67412 2.77772 7
    endloop
  endfacet
  facet normal 0 0 1
    outer loop
      vertex 2.69516 5.45846 7
      vertex 1.07686 5.78036 7
      vertex 2.66132 5.23034 7
    endloop
  endfacet
  facet normal 0 0 1
    outer loop
      vertex 2.82888 4.10069 7
      vertex 1.30448 3.46927 7
      vertex 1.47232 3.11441 7
    endloop
  endfacet
  facet normal -0 0 1
    outer loop
      vertex 1.01926 5.39207 7
      vertex 2.66132 5.23034 7
      vertex 1.07686 5.78036 7
    endloop
  endfacet
  facet normal 0 0 1
    outer loop
      vertex 2.75119 4.31783 7
      vertex 1.17224 3.83886 7
      vertex 1.30448 3.46927 7
    endloop
  endfacet
  facet normal 0 0 1
    outer loop
      vertex 2.66132 5.23034 7
      vertex 1.01926 5.39207 7
      vertex 2.65 5 7
    endloop
  endfacet
  facet normal 0 0 1
    outer loop
      vertex 2.69516 4.54154 7
      vertex 1.07686 4.21964 7
      vertex 1.17224 3.83886 7
    endloop
  endfacet
  facet normal 0 0 1
    outer loop
      vertex 1 5 7
      vertex 2.65 5 7
      vertex 1.01926 5.39207 7
    endloop
  endfacet
  facet normal 0 0 1
    outer loop
      vertex 2.66132 4.76966 7
      vertex 1.01926 4.60793 7
      vertex 1.07686 4.21964 7
    endloop
  endfacet
  facet normal 0 0 1
    outer loop
      vertex 2.65 5 7
      vertex 1 5 7
      vertex 1.01926 4.60793 7
    endloop
  endfacet
  facet normal -0.0490647 -0.998796 0
    outer loop
      vertex 4.60793 1.01926 2
      vertex 5 1 7
      vertex 4.60793 1.01926 7
    endloop
  endfacet
  facet normal -0.0490647 -0.998796 -0
    outer loop
      vertex 5 1 7
      vertex 4.60793 1.01926 2
      vertex 5 1 2
    endloop
  endfacet
  facet normal -0.998796 0.0490647 0
    outer loop
      vertex 1 5 2
      vertex 1.01926 5.39207 7
      vertex 1.01926 5.39207 2
    endloop
  endfacet
  facet normal -0.998796 0.0490647 0
    outer loop
      vertex 1.01926 5.39207 7
      vertex 1 5 2
      vertex 1 5 7
    endloop
  endfacet
  facet normal -0.336887 -0.941545 0
    outer loop
      vertex 3.46927 1.30448 2
      vertex 3.83886 1.17224 7
      vertex 3.46927 1.30448 7
    endloop
  endfacet
  facet normal -0.336887 -0.941545 -0
    outer loop
      vertex 3.83886 1.17224 7
      vertex 3.46927 1.30448 2
      vertex 3.83886 1.17224 2
    endloop
  endfacet
  facet normal 0.740964 -0.671545 0
    outer loop
      vertex 7.82843 2.17157 7
      vertex 8.09204 2.46243 2
      vertex 8.09204 2.46243 7
    endloop
  endfacet
  facet normal 0.740964 -0.671545 0
    outer loop
      vertex 8.09204 2.46243 2
      vertex 7.82843 2.17157 7
      vertex 7.82843 2.17157 2
    endloop
  endfacet
  facet normal 0.671545 -0.740964 0
    outer loop
      vertex 7.53757 1.90796 2
      vertex 7.82843 2.17157 7
      vertex 7.53757 1.90796 7
    endloop
  endfacet
  facet normal 0.671545 -0.740964 0
    outer loop
      vertex 7.82843 2.17157 7
      vertex 7.53757 1.90796 2
      vertex 7.82843 2.17157 2
    endloop
  endfacet
  facet normal 0.146737 -0.989176 0
    outer loop
      vertex 4.54154 7.30484 3
      vertex 4.76966 7.33868 7
      vertex 4.54154 7.30484 7
    endloop
  endfacet
  facet normal 0.146737 -0.989176 0
    outer loop
      vertex 4.76966 7.33868 7
      vertex 4.54154 7.30484 3
      vertex 4.76966 7.33868 3
    endloop
  endfacet
  facet normal -0.989176 -0.146737 0
    outer loop
      vertex 7.33868 5.23034 3
      vertex 7.30484 5.45846 7
      vertex 7.30484 5.45846 3
    endloop
  endfacet
  facet normal -0.989176 -0.146737 0
    outer loop
      vertex 7.30484 5.45846 7
      vertex 7.33868 5.23034 3
      vertex 7.33868 5.23034 7
    endloop
  endfacet
  facet normal -0.998795 -0.0490855 0
    outer loop
      vertex 7.35 5 3
      vertex 7.33868 5.23034 7
      vertex 7.33868 5.23034 3
    endloop
  endfacet
  facet normal -0.998795 -0.0490855 0
    outer loop
      vertex 7.33868 5.23034 7
      vertex 7.35 5 3
      vertex 7.35 5 7
    endloop
  endfacet
  facet normal -0.970038 -0.242954 0
    outer loop
      vertex 7.30484 5.45846 3
      vertex 7.24881 5.68217 7
      vertex 7.24881 5.68217 3
    endloop
  endfacet
  facet normal -0.970038 -0.242954 0
    outer loop
      vertex 7.24881 5.68217 7
      vertex 7.30484 5.45846 3
      vertex 7.30484 5.45846 7
    endloop
  endfacet
  facet normal -0.998795 0.0490855 0
    outer loop
      vertex 7.33868 4.76966 3
      vertex 7.35 5 7
      vertex 7.35 5 3
    endloop
  endfacet
  facet normal -0.998795 0.0490855 0
    outer loop
      vertex 7.35 5 7
      vertex 7.33868 4.76966 3
      vertex 7.33868 4.76966 7
    endloop
  endfacet
  facet normal -0.427594 -0.903971 0
    outer loop
      vertex 5.89931 7.17112 3
      vertex 6.10778 7.07251 7
      vertex 5.89931 7.17112 7
    endloop
  endfacet
  facet normal -0.427594 -0.903971 -0
    outer loop
      vertex 6.10778 7.07251 7
      vertex 5.89931 7.17112 3
      vertex 6.10778 7.07251 3
    endloop
  endfacet
  facet normal -0.941549 0.336875 0
    outer loop
      vertex 7.17112 4.10069 3
      vertex 7.24881 4.31783 7
      vertex 7.24881 4.31783 3
    endloop
  endfacet
  facet normal -0.941549 0.336875 0
    outer loop
      vertex 7.24881 4.31783 7
      vertex 7.17112 4.10069 3
      vertex 7.17112 4.10069 7
    endloop
  endfacet
  facet normal -0.336875 -0.941549 0
    outer loop
      vertex 5.68217 7.24881 3
      vertex 5.89931 7.17112 7
      vertex 5.68217 7.24881 7
    endloop
  endfacet
  facet normal -0.336875 -0.941549 -0
    outer loop
      vertex 5.89931 7.17112 7
      vertex 5.68217 7.24881 3
      vertex 5.89931 7.17112 3
    endloop
  endfacet
  facet normal 0.803199 -0.595711 0
    outer loop
      vertex 3.04605 6.30559 7
      vertex 3.18343 6.49082 3
      vertex 3.18343 6.49082 7
    endloop
  endfacet
  facet normal 0.803199 -0.595711 0
    outer loop
      vertex 3.18343 6.49082 3
      vertex 3.04605 6.30559 7
      vertex 3.04605 6.30559 3
    endloop
  endfacet
  facet normal -0.803199 -0.595711 0
    outer loop
      vertex 6.95395 6.30559 3
      vertex 6.81657 6.49082 7
      vertex 6.81657 6.49082 3
    endloop
  endfacet
  facet normal -0.803199 -0.595711 0
    outer loop
      vertex 6.81657 6.49082 7
      vertex 6.95395 6.30559 3
      vertex 6.95395 6.30559 7
    endloop
  endfacet
  facet normal -0.514094 -0.857734 0
    outer loop
      vertex 6.10778 7.07251 3
      vertex 6.30559 6.95395 7
      vertex 6.10778 7.07251 7
    endloop
  endfacet
  facet normal -0.514094 -0.857734 -0
    outer loop
      vertex 6.30559 6.95395 7
      vertex 6.10778 7.07251 3
      vertex 6.30559 6.95395 3
    endloop
  endfacet
  facet normal 0.146737 0.989176 -0
    outer loop
      vertex 4.76966 2.66132 3
      vertex 4.54154 2.69516 7
      vertex 4.76966 2.66132 7
    endloop
  endfacet
  facet normal 0.146737 0.989176 0
    outer loop
      vertex 4.54154 2.69516 7
      vertex 4.76966 2.66132 3
      vertex 4.54154 2.69516 3
    endloop
  endfacet
  facet normal 0.857734 0.514094 0
    outer loop
      vertex 3.04605 3.69441 7
      vertex 2.92749 3.89222 3
      vertex 2.92749 3.89222 7
    endloop
  endfacet
  facet normal 0.857734 0.514094 0
    outer loop
      vertex 2.92749 3.89222 3
      vertex 3.04605 3.69441 7
      vertex 3.04605 3.69441 3
    endloop
  endfacet
  facet normal 0.989176 0.146737 0
    outer loop
      vertex 2.69516 4.54154 7
      vertex 2.66132 4.76966 3
      vertex 2.66132 4.76966 7
    endloop
  endfacet
  facet normal 0.989176 0.146737 0
    outer loop
      vertex 2.66132 4.76966 3
      vertex 2.69516 4.54154 7
      vertex 2.69516 4.54154 3
    endloop
  endfacet
  facet normal -0.740965 0.671543 0
    outer loop
      vertex 6.6617 3.3383 3
      vertex 6.81657 3.50918 7
      vertex 6.81657 3.50918 3
    endloop
  endfacet
  facet normal -0.740965 0.671543 0
    outer loop
      vertex 6.81657 3.50918 7
      vertex 6.6617 3.3383 3
      vertex 6.6617 3.3383 7
    endloop
  endfacet
  facet normal 0.970038 -0.242954 0
    outer loop
      vertex 2.69516 5.45846 7
      vertex 2.75119 5.68217 3
      vertex 2.75119 5.68217 7
    endloop
  endfacet
  facet normal 0.970038 -0.242954 0
    outer loop
      vertex 2.75119 5.68217 3
      vertex 2.69516 5.45846 7
      vertex 2.69516 5.45846 3
    endloop
  endfacet
  facet normal 0.242954 -0.970038 0
    outer loop
      vertex 4.31783 7.24881 3
      vertex 4.54154 7.30484 7
      vertex 4.31783 7.24881 7
    endloop
  endfacet
  facet normal 0.242954 -0.970038 0
    outer loop
      vertex 4.54154 7.30484 7
      vertex 4.31783 7.24881 3
      vertex 4.54154 7.30484 3
    endloop
  endfacet
  facet normal 0.336875 -0.941549 0
    outer loop
      vertex 4.10069 7.17112 3
      vertex 4.31783 7.24881 7
      vertex 4.10069 7.17112 7
    endloop
  endfacet
  facet normal 0.336875 -0.941549 0
    outer loop
      vertex 4.31783 7.24881 7
      vertex 4.10069 7.17112 3
      vertex 4.31783 7.24881 3
    endloop
  endfacet
  facet normal -0.595711 -0.803199 0
    outer loop
      vertex 6.30559 6.95395 3
      vertex 6.49082 6.81657 7
      vertex 6.30559 6.95395 7
    endloop
  endfacet
  facet normal -0.595711 -0.803199 -0
    outer loop
      vertex 6.49082 6.81657 7
      vertex 6.30559 6.95395 3
      vertex 6.49082 6.81657 3
    endloop
  endfacet
  facet normal -0.903971 0.427594 0
    outer loop
      vertex 7.07251 3.89222 3
      vertex 7.17112 4.10069 7
      vertex 7.17112 4.10069 3
    endloop
  endfacet
  facet normal -0.903971 0.427594 0
    outer loop
      vertex 7.17112 4.10069 7
      vertex 7.07251 3.89222 3
      vertex 7.07251 3.89222 7
    endloop
  endfacet
  facet normal 0.803199 0.595711 0
    outer loop
      vertex 3.18343 3.50918 7
      vertex 3.04605 3.69441 3
      vertex 3.04605 3.69441 7
    endloop
  endfacet
  facet normal 0.803199 0.595711 0
    outer loop
      vertex 3.04605 3.69441 3
      vertex 3.18343 3.50918 7
      vertex 3.18343 3.50918 3
    endloop
  endfacet
  facet normal -0.989176 0.146737 0
    outer loop
      vertex 7.30484 4.54154 3
      vertex 7.33868 4.76966 7
      vertex 7.33868 4.76966 3
    endloop
  endfacet
  facet normal -0.989176 0.146737 0
    outer loop
      vertex 7.33868 4.76966 7
      vertex 7.30484 4.54154 3
      vertex 7.30484 4.54154 7
    endloop
  endfacet
  facet normal -0.0490855 0.998795 0
    outer loop
      vertex 5.23034 2.66132 3
      vertex 5 2.65 7
      vertex 5.23034 2.66132 7
    endloop
  endfacet
  facet normal -0.0490855 0.998795 0
    outer loop
      vertex 5 2.65 7
      vertex 5.23034 2.66132 3
      vertex 5 2.65 3
    endloop
  endfacet
  facet normal -0.0490855 -0.998795 0
    outer loop
      vertex 5 7.35 3
      vertex 5.23034 7.33868 7
      vertex 5 7.35 7
    endloop
  endfacet
  facet normal -0.0490855 -0.998795 -0
    outer loop
      vertex 5.23034 7.33868 7
      vertex 5 7.35 3
      vertex 5.23034 7.33868 3
    endloop
  endfacet
  facet normal -0.146737 0.989176 0
    outer loop
      vertex 5.45846 2.69516 3
      vertex 5.23034 2.66132 7
      vertex 5.45846 2.69516 7
    endloop
  endfacet
  facet normal -0.146737 0.989176 0
    outer loop
      vertex 5.23034 2.66132 7
      vertex 5.45846 2.69516 3
      vertex 5.23034 2.66132 3
    endloop
  endfacet
  facet normal 0.427594 0.903971 -0
    outer loop
      vertex 4.10069 2.82888 3
      vertex 3.89222 2.92749 7
      vertex 4.10069 2.82888 7
    endloop
  endfacet
  facet normal 0.427594 0.903971 0
    outer loop
      vertex 3.89222 2.92749 7
      vertex 4.10069 2.82888 3
      vertex 3.89222 2.92749 3
    endloop
  endfacet
  facet normal 0.336875 0.941549 -0
    outer loop
      vertex 4.31783 2.75119 3
      vertex 4.10069 2.82888 7
      vertex 4.31783 2.75119 7
    endloop
  endfacet
  facet normal 0.336875 0.941549 0
    outer loop
      vertex 4.10069 2.82888 7
      vertex 4.31783 2.75119 3
      vertex 4.10069 2.82888 3
    endloop
  endfacet
  facet normal -0.671543 -0.740965 0
    outer loop
      vertex 6.49082 6.81657 3
      vertex 6.6617 6.6617 7
      vertex 6.49082 6.81657 7
    endloop
  endfacet
  facet normal -0.671543 -0.740965 -0
    outer loop
      vertex 6.6617 6.6617 7
      vertex 6.49082 6.81657 3
      vertex 6.6617 6.6617 3
    endloop
  endfacet
  facet normal -0.803199 0.595711 0
    outer loop
      vertex 6.81657 3.50918 3
      vertex 6.95395 3.69441 7
      vertex 6.95395 3.69441 3
    endloop
  endfacet
  facet normal -0.803199 0.595711 0
    outer loop
      vertex 6.95395 3.69441 7
      vertex 6.81657 3.50918 3
      vertex 6.81657 3.50918 7
    endloop
  endfacet
  facet normal -0.146737 -0.989176 0
    outer loop
      vertex 5.23034 7.33868 3
      vertex 5.45846 7.30484 7
      vertex 5.23034 7.33868 7
    endloop
  endfacet
  facet normal -0.146737 -0.989176 -0
    outer loop
      vertex 5.45846 7.30484 7
      vertex 5.23034 7.33868 3
      vertex 5.45846 7.30484 3
    endloop
  endfacet
  facet normal 0.0490855 -0.998795 0
    outer loop
      vertex 4.76966 7.33868 3
      vertex 5 7.35 7
      vertex 4.76966 7.33868 7
    endloop
  endfacet
  facet normal 0.0490855 -0.998795 0
    outer loop
      vertex 5 7.35 7
      vertex 4.76966 7.33868 3
      vertex 5 7.35 3
    endloop
  endfacet
  facet normal 0.427594 -0.903971 0
    outer loop
      vertex 3.89222 7.07251 3
      vertex 4.10069 7.17112 7
      vertex 3.89222 7.07251 7
    endloop
  endfacet
  facet normal 0.427594 -0.903971 0
    outer loop
      vertex 4.10069 7.17112 7
      vertex 3.89222 7.07251 3
      vertex 4.10069 7.17112 3
    endloop
  endfacet
  facet normal -0.740965 -0.671543 0
    outer loop
      vertex 6.81657 6.49082 3
      vertex 6.6617 6.6617 7
      vertex 6.6617 6.6617 3
    endloop
  endfacet
  facet normal -0.740965 -0.671543 0
    outer loop
      vertex 6.6617 6.6617 7
      vertex 6.81657 6.49082 3
      vertex 6.81657 6.49082 7
    endloop
  endfacet
  facet normal -0.857734 -0.514094 0
    outer loop
      vertex 7.07251 6.10778 3
      vertex 6.95395 6.30559 7
      vertex 6.95395 6.30559 3
    endloop
  endfacet
  facet normal -0.857734 -0.514094 0
    outer loop
      vertex 6.95395 6.30559 7
      vertex 7.07251 6.10778 3
      vertex 7.07251 6.10778 7
    endloop
  endfacet
  facet normal 0.903971 -0.427594 0
    outer loop
      vertex 2.82888 5.89931 7
      vertex 2.92749 6.10778 3
      vertex 2.92749 6.10778 7
    endloop
  endfacet
  facet normal 0.903971 -0.427594 0
    outer loop
      vertex 2.92749 6.10778 3
      vertex 2.82888 5.89931 7
      vertex 2.82888 5.89931 3
    endloop
  endfacet
  facet normal 0.514094 0.857734 -0
    outer loop
      vertex 3.89222 2.92749 3
      vertex 3.69441 3.04605 7
      vertex 3.89222 2.92749 7
    endloop
  endfacet
  facet normal 0.514094 0.857734 0
    outer loop
      vertex 3.69441 3.04605 7
      vertex 3.89222 2.92749 3
      vertex 3.69441 3.04605 3
    endloop
  endfacet
  facet normal 0.998795 0.0490855 0
    outer loop
      vertex 2.66132 4.76966 7
      vertex 2.65 5 3
      vertex 2.65 5 7
    endloop
  endfacet
  facet normal 0.998795 0.0490855 0
    outer loop
      vertex 2.65 5 3
      vertex 2.66132 4.76966 7
      vertex 2.66132 4.76966 3
    endloop
  endfacet
  facet normal -0.427594 0.903971 0
    outer loop
      vertex 6.10778 2.92749 3
      vertex 5.89931 2.82888 7
      vertex 6.10778 2.92749 7
    endloop
  endfacet
  facet normal -0.427594 0.903971 0
    outer loop
      vertex 5.89931 2.82888 7
      vertex 6.10778 2.92749 3
      vertex 5.89931 2.82888 3
    endloop
  endfacet
  facet normal -0.941549 -0.336875 0
    outer loop
      vertex 7.24881 5.68217 3
      vertex 7.17112 5.89931 7
      vertex 7.17112 5.89931 3
    endloop
  endfacet
  facet normal -0.941549 -0.336875 0
    outer loop
      vertex 7.17112 5.89931 7
      vertex 7.24881 5.68217 3
      vertex 7.24881 5.68217 7
    endloop
  endfacet
  facet normal 0.671543 -0.740965 0
    outer loop
      vertex 3.3383 6.6617 3
      vertex 3.50918 6.81657 7
      vertex 3.3383 6.6617 7
    endloop
  endfacet
  facet normal 0.671543 -0.740965 0
    outer loop
      vertex 3.50918 6.81657 7
      vertex 3.3383 6.6617 3
      vertex 3.50918 6.81657 3
    endloop
  endfacet
  facet normal -0.903971 -0.427594 0
    outer loop
      vertex 7.17112 5.89931 3
      vertex 7.07251 6.10778 7
      vertex 7.07251 6.10778 3
    endloop
  endfacet
  facet normal -0.903971 -0.427594 0
    outer loop
      vertex 7.07251 6.10778 7
      vertex 7.17112 5.89931 3
      vertex 7.17112 5.89931 7
    endloop
  endfacet
  facet normal -0.970038 0.242954 0
    outer loop
      vertex 7.24881 4.31783 3
      vertex 7.30484 4.54154 7
      vertex 7.30484 4.54154 3
    endloop
  endfacet
  facet normal -0.970038 0.242954 0
    outer loop
      vertex 7.30484 4.54154 7
      vertex 7.24881 4.31783 3
      vertex 7.24881 4.31783 7
    endloop
  endfacet
  facet normal 0.941549 0.336875 0
    outer loop
      vertex 2.82888 4.10069 7
      vertex 2.75119 4.31783 3
      vertex 2.75119 4.31783 7
    endloop
  endfacet
  facet normal 0.941549 0.336875 0
    outer loop
      vertex 2.75119 4.31783 3
      vertex 2.82888 4.10069 7
      vertex 2.82888 4.10069 3
    endloop
  endfacet
  facet normal 0.740965 0.671543 0
    outer loop
      vertex 3.3383 3.3383 7
      vertex 3.18343 3.50918 3
      vertex 3.18343 3.50918 7
    endloop
  endfacet
  facet normal 0.740965 0.671543 0
    outer loop
      vertex 3.18343 3.50918 3
      vertex 3.3383 3.3383 7
      vertex 3.3383 3.3383 3
    endloop
  endfacet
  facet normal 0.970038 0.242954 0
    outer loop
      vertex 2.75119 4.31783 7
      vertex 2.69516 4.54154 3
      vertex 2.69516 4.54154 7
    endloop
  endfacet
  facet normal 0.970038 0.242954 0
    outer loop
      vertex 2.69516 4.54154 3
      vertex 2.75119 4.31783 7
      vertex 2.75119 4.31783 3
    endloop
  endfacet
  facet normal -0.336875 0.941549 0
    outer loop
      vertex 5.89931 2.82888 3
      vertex 5.68217 2.75119 7
      vertex 5.89931 2.82888 7
    endloop
  endfacet
  facet normal -0.336875 0.941549 0
    outer loop
      vertex 5.68217 2.75119 7
      vertex 5.89931 2.82888 3
      vertex 5.68217 2.75119 3
    endloop
  endfacet
  facet normal 0.671543 0.740965 -0
    outer loop
      vertex 3.50918 3.18343 3
      vertex 3.3383 3.3383 7
      vertex 3.50918 3.18343 7
    endloop
  endfacet
  facet normal 0.671543 0.740965 0
    outer loop
      vertex 3.3383 3.3383 7
      vertex 3.50918 3.18343 3
      vertex 3.3383 3.3383 3
    endloop
  endfacet
  facet normal 0.989176 -0.146737 0
    outer loop
      vertex 2.66132 5.23034 7
      vertex 2.69516 5.45846 3
      vertex 2.69516 5.45846 7
    endloop
  endfacet
  facet normal 0.989176 -0.146737 0
    outer loop
      vertex 2.69516 5.45846 3
      vertex 2.66132 5.23034 7
      vertex 2.66132 5.23034 3
    endloop
  endfacet
  facet normal 0.740965 -0.671543 0
    outer loop
      vertex 3.18343 6.49082 7
      vertex 3.3383 6.6617 3
      vertex 3.3383 6.6617 7
    endloop
  endfacet
  facet normal 0.740965 -0.671543 0
    outer loop
      vertex 3.3383 6.6617 3
      vertex 3.18343 6.49082 7
      vertex 3.18343 6.49082 3
    endloop
  endfacet
  facet normal -0.595711 0.803199 0
    outer loop
      vertex 6.49082 3.18343 3
      vertex 6.30559 3.04605 7
      vertex 6.49082 3.18343 7
    endloop
  endfacet
  facet normal -0.595711 0.803199 0
    outer loop
      vertex 6.30559 3.04605 7
      vertex 6.49082 3.18343 3
      vertex 6.30559 3.04605 3
    endloop
  endfacet
  facet normal 0.595711 -0.803199 0
    outer loop
      vertex 3.50918 6.81657 3
      vertex 3.69441 6.95395 7
      vertex 3.50918 6.81657 7
    endloop
  endfacet
  facet normal 0.595711 -0.803199 0
    outer loop
      vertex 3.69441 6.95395 7
      vertex 3.50918 6.81657 3
      vertex 3.69441 6.95395 3
    endloop
  endfacet
  facet normal -0.242954 -0.970038 0
    outer loop
      vertex 5.45846 7.30484 3
      vertex 5.68217 7.24881 7
      vertex 5.45846 7.30484 7
    endloop
  endfacet
  facet normal -0.242954 -0.970038 -0
    outer loop
      vertex 5.68217 7.24881 7
      vertex 5.45846 7.30484 3
      vertex 5.68217 7.24881 3
    endloop
  endfacet
  facet normal 0.0490855 0.998795 -0
    outer loop
      vertex 5 2.65 3
      vertex 4.76966 2.66132 7
      vertex 5 2.65 7
    endloop
  endfacet
  facet normal 0.0490855 0.998795 0
    outer loop
      vertex 4.76966 2.66132 7
      vertex 5 2.65 3
      vertex 4.76966 2.66132 3
    endloop
  endfacet
  facet normal -0.671543 0.740965 0
    outer loop
      vertex 6.6617 3.3383 3
      vertex 6.49082 3.18343 7
      vertex 6.6617 3.3383 7
    endloop
  endfacet
  facet normal -0.671543 0.740965 0
    outer loop
      vertex 6.49082 3.18343 7
      vertex 6.6617 3.3383 3
      vertex 6.49082 3.18343 3
    endloop
  endfacet
  facet normal 0 0 1
    outer loop
      vertex 7.33868 5.23034 3
      vertex 7.33868 4.76966 3
      vertex 7.35 5 3
    endloop
  endfacet
  facet normal 0 0 1
    outer loop
      vertex 7.30484 5.45846 3
      vertex 7.33868 4.76966 3
      vertex 7.33868 5.23034 3
    endloop
  endfacet
  facet normal 0 0 1
    outer loop
      vertex 7.30484 5.45846 3
      vertex 7.30484 4.54154 3
      vertex 7.33868 4.76966 3
    endloop
  endfacet
  facet normal 0 0 1
    outer loop
      vertex 7.24881 5.68217 3
      vertex 7.30484 4.54154 3
      vertex 7.30484 5.45846 3
    endloop
  endfacet
  facet normal 0 0 1
    outer loop
      vertex 7.24881 5.68217 3
      vertex 7.24881 4.31783 3
      vertex 7.30484 4.54154 3
    endloop
  endfacet
  facet normal 0 0 1
    outer loop
      vertex 7.17112 5.89931 3
      vertex 7.24881 4.31783 3
      vertex 7.24881 5.68217 3
    endloop
  endfacet
  facet normal 0 0 1
    outer loop
      vertex 7.17112 5.89931 3
      vertex 7.17112 4.10069 3
      vertex 7.24881 4.31783 3
    endloop
  endfacet
  facet normal 0 0 1
    outer loop
      vertex 7.07251 6.10778 3
      vertex 7.17112 4.10069 3
      vertex 7.17112 5.89931 3
    endloop
  endfacet
  facet normal 0 0 1
    outer loop
      vertex 7.07251 6.10778 3
      vertex 7.07251 3.89222 3
      vertex 7.17112 4.10069 3
    endloop
  endfacet
  facet normal 0 0 1
    outer loop
      vertex 6.95395 6.30559 3
      vertex 7.07251 3.89222 3
      vertex 7.07251 6.10778 3
    endloop
  endfacet
  facet normal 0 0 1
    outer loop
      vertex 6.95395 6.30559 3
      vertex 6.95395 3.69441 3
      vertex 7.07251 3.89222 3
    endloop
  endfacet
  facet normal 0 0 1
    outer loop
      vertex 6.81657 6.49082 3
      vertex 6.95395 3.69441 3
      vertex 6.95395 6.30559 3
    endloop
  endfacet
  facet normal 0 0 1
    outer loop
      vertex 6.81657 6.49082 3
      vertex 6.81657 3.50918 3
      vertex 6.95395 3.69441 3
    endloop
  endfacet
  facet normal 0 0 1
    outer loop
      vertex 6.6617 6.6617 3
      vertex 6.81657 3.50918 3
      vertex 6.81657 6.49082 3
    endloop
  endfacet
  facet normal 0 0 1
    outer loop
      vertex 6.6617 6.6617 3
      vertex 6.6617 3.3383 3
      vertex 6.81657 3.50918 3
    endloop
  endfacet
  facet normal 0 0 1
    outer loop
      vertex 6.49082 6.81657 3
      vertex 6.6617 3.3383 3
      vertex 6.6617 6.6617 3
    endloop
  endfacet
  facet normal 0 0 1
    outer loop
      vertex 6.49082 6.81657 3
      vertex 6.49082 3.18343 3
      vertex 6.6617 3.3383 3
    endloop
  endfacet
  facet normal 0 0 1
    outer loop
      vertex 6.30559 6.95395 3
      vertex 6.49082 3.18343 3
      vertex 6.49082 6.81657 3
    endloop
  endfacet
  facet normal 0 0 1
    outer loop
      vertex 6.30559 6.95395 3
      vertex 6.30559 3.04605 3
      vertex 6.49082 3.18343 3
    endloop
  endfacet
  facet normal 0 0 1
    outer loop
      vertex 6.10778 7.07251 3
      vertex 6.30559 3.04605 3
      vertex 6.30559 6.95395 3
    endloop
  endfacet
  facet normal 0 0 1
    outer loop
      vertex 6.10778 7.07251 3
      vertex 6.10778 2.92749 3
      vertex 6.30559 3.04605 3
    endloop
  endfacet
  facet normal 0 0 1
    outer loop
      vertex 5.89931 7.17112 3
      vertex 6.10778 2.92749 3
      vertex 6.10778 7.07251 3
    endloop
  endfacet
  facet normal 0 0 1
    outer loop
      vertex 5.89931 7.17112 3
      vertex 5.89931 2.82888 3
      vertex 6.10778 2.92749 3
    endloop
  endfacet
  facet normal 0 0 1
    outer loop
      vertex 5.68217 7.24881 3
      vertex 5.89931 2.82888 3
      vertex 5.89931 7.17112 3
    endloop
  endfacet
  facet normal 0 0 1
    outer loop
      vertex 5.68217 7.24881 3
      vertex 5.68217 2.75119 3
      vertex 5.89931 2.82888 3
    endloop
  endfacet
  facet normal 0 0 1
    outer loop
      vertex 5.45846 7.30484 3
      vertex 5.68217 2.75119 3
      vertex 5.68217 7.24881 3
    endloop
  endfacet
  facet normal 0 0 1
    outer loop
      vertex 5.45846 7.30484 3
      vertex 5.45846 2.69516 3
      vertex 5.68217 2.75119 3
    endloop
  endfacet
  facet normal 0 0 1
    outer loop
      vertex 5.23034 7.33868 3
      vertex 5.45846 2.69516 3
      vertex 5.45846 7.30484 3
    endloop
  endfacet
  facet normal 0 0 1
    outer loop
      vertex 5.23034 7.33868 3
      vertex 5.23034 2.66132 3
      vertex 5.45846 2.69516 3
    endloop
  endfacet
  facet normal 0 0 1
    outer loop
      vertex 5 7.35 3
      vertex 5.23034 2.66132 3
      vertex 5.23034 7.33868 3
    endloop
  endfacet
  facet normal 0 0 1
    outer loop
      vertex 5 7.35 3
      vertex 5 2.65 3
      vertex 5.23034 2.66132 3
    endloop
  endfacet
  facet normal -0 0 1
    outer loop
      vertex 4.76966 7.33868 3
      vertex 5 2.65 3
      vertex 5 7.35 3
    endloop
  endfacet
  facet normal 0 0 1
    outer loop
      vertex 4.76966 7.33868 3
      vertex 4.76966 2.66132 3
      vertex 5 2.65 3
    endloop
  endfacet
  facet normal -0 0 1
    outer loop
      vertex 4.54154 7.30484 3
      vertex 4.76966 2.66132 3
      vertex 4.76966 7.33868 3
    endloop
  endfacet
  facet normal 0 0 1
    outer loop
      vertex 4.54154 7.30484 3
      vertex 4.54154 2.69516 3
      vertex 4.76966 2.66132 3
    endloop
  endfacet
  facet normal -0 0 1
    outer loop
      vertex 4.31783 7.24881 3
      vertex 4.54154 2.69516 3
      vertex 4.54154 7.30484 3
    endloop
  endfacet
  facet normal 0 0 1
    outer loop
      vertex 4.31783 7.24881 3
      vertex 4.31783 2.75119 3
      vertex 4.54154 2.69516 3
    endloop
  endfacet
  facet normal -0 0 1
    outer loop
      vertex 4.10069 7.17112 3
      vertex 4.31783 2.75119 3
      vertex 4.31783 7.24881 3
    endloop
  endfacet
  facet normal 0 0 1
    outer loop
      vertex 4.10069 7.17112 3
      vertex 4.10069 2.82888 3
      vertex 4.31783 2.75119 3
    endloop
  endfacet
  facet normal -0 0 1
    outer loop
      vertex 3.89222 7.07251 3
      vertex 4.10069 2.82888 3
      vertex 4.10069 7.17112 3
    endloop
  endfacet
  facet normal 0 0 1
    outer loop
      vertex 3.89222 7.07251 3
      vertex 3.89222 2.92749 3
      vertex 4.10069 2.82888 3
    endloop
  endfacet
  facet normal -0 0 1
    outer loop
      vertex 3.69441 6.95395 3
      vertex 3.89222 2.92749 3
      vertex 3.89222 7.07251 3
    endloop
  endfacet
  facet normal 0 0 1
    outer loop
      vertex 3.69441 6.95395 3
      vertex 3.69441 3.04605 3
      vertex 3.89222 2.92749 3
    endloop
  endfacet
  facet normal -0 0 1
    outer loop
      vertex 3.50918 6.81657 3
      vertex 3.69441 3.04605 3
      vertex 3.69441 6.95395 3
    endloop
  endfacet
  facet normal 0 0 1
    outer loop
      vertex 3.50918 6.81657 3
      vertex 3.50918 3.18343 3
      vertex 3.69441 3.04605 3
    endloop
  endfacet
  facet normal -0 0 1
    outer loop
      vertex 3.3383 6.6617 3
      vertex 3.50918 3.18343 3
      vertex 3.50918 6.81657 3
    endloop
  endfacet
  facet normal 0 0 1
    outer loop
      vertex 3.3383 6.6617 3
      vertex 3.3383 3.3383 3
      vertex 3.50918 3.18343 3
    endloop
  endfacet
  facet normal -0 0 1
    outer loop
      vertex 3.18343 6.49082 3
      vertex 3.3383 3.3383 3
      vertex 3.3383 6.6617 3
    endloop
  endfacet
  facet normal 0 0 1
    outer loop
      vertex 3.18343 6.49082 3
      vertex 3.18343 3.50918 3
      vertex 3.3383 3.3383 3
    endloop
  endfacet
  facet normal -0 0 1
    outer loop
      vertex 3.04605 6.30559 3
      vertex 3.18343 3.50918 3
      vertex 3.18343 6.49082 3
    endloop
  endfacet
  facet normal 0 0 1
    outer loop
      vertex 3.04605 6.30559 3
      vertex 3.04605 3.69441 3
      vertex 3.18343 3.50918 3
    endloop
  endfacet
  facet normal -0 0 1
    outer loop
      vertex 2.92749 6.10778 3
      vertex 3.04605 3.69441 3
      vertex 3.04605 6.30559 3
    endloop
  endfacet
  facet normal 0 0 1
    outer loop
      vertex 2.92749 6.10778 3
      vertex 2.92749 3.89222 3
      vertex 3.04605 3.69441 3
    endloop
  endfacet
  facet normal -0 0 1
    outer loop
      vertex 2.82888 5.89931 3
      vertex 2.92749 3.89222 3
      vertex 2.92749 6.10778 3
    endloop
  endfacet
  facet normal 0 0 1
    outer loop
      vertex 2.82888 5.89931 3
      vertex 2.82888 4.10069 3
      vertex 2.92749 3.89222 3
    endloop
  endfacet
  facet normal -0 0 1
    outer loop
      vertex 2.75119 5.68217 3
      vertex 2.82888 4.10069 3
      vertex 2.82888 5.89931 3
    endloop
  endfacet
  facet normal 0 0 1
    outer loop
      vertex 2.75119 5.68217 3
      vertex 2.75119 4.31783 3
      vertex 2.82888 4.10069 3
    endloop
  endfacet
  facet normal -0 0 1
    outer loop
      vertex 2.69516 5.45846 3
      vertex 2.75119 4.31783 3
      vertex 2.75119 5.68217 3
    endloop
  endfacet
  facet normal 0 0 1
    outer loop
      vertex 2.69516 5.45846 3
      vertex 2.69516 4.54154 3
      vertex 2.75119 4.31783 3
    endloop
  endfacet
  facet normal -0 0 1
    outer loop
      vertex 2.66132 5.23034 3
      vertex 2.69516 4.54154 3
      vertex 2.69516 5.45846 3
    endloop
  endfacet
  facet normal 0 0 1
    outer loop
      vertex 2.66132 5.23034 3
      vertex 2.66132 4.76966 3
      vertex 2.69516 4.54154 3
    endloop
  endfacet
  facet normal 0 -0 1
    outer loop
      vertex 2.66132 4.76966 3
      vertex 2.66132 5.23034 3
      vertex 2.65 5 3
    endloop
  endfacet
  facet normal -0.514094 0.857734 0
    outer loop
      vertex 6.30559 3.04605 3
      vertex 6.10778 2.92749 7
      vertex 6.30559 3.04605 7
    endloop
  endfacet
  facet normal -0.514094 0.857734 0
    outer loop
      vertex 6.10778 2.92749 7
      vertex 6.30559 3.04605 3
      vertex 6.10778 2.92749 3
    endloop
  endfacet
  facet normal -0.857734 0.514094 0
    outer loop
      vertex 6.95395 3.69441 3
      vertex 7.07251 3.89222 7
      vertex 7.07251 3.89222 3
    endloop
  endfacet
  facet normal -0.857734 0.514094 0
    outer loop
      vertex 7.07251 3.89222 7
      vertex 6.95395 3.69441 3
      vertex 6.95395 3.69441 7
    endloop
  endfacet
  facet normal -0.242954 0.970038 0
    outer loop
      vertex 5.68217 2.75119 3
      vertex 5.45846 2.69516 7
      vertex 5.68217 2.75119 7
    endloop
  endfacet
  facet normal -0.242954 0.970038 0
    outer loop
      vertex 5.45846 2.69516 7
      vertex 5.68217 2.75119 3
      vertex 5.45846 2.69516 3
    endloop
  endfacet
  facet normal 0.514094 -0.857734 0
    outer loop
      vertex 3.69441 6.95395 3
      vertex 3.89222 7.07251 7
      vertex 3.69441 6.95395 7
    endloop
  endfacet
  facet normal 0.514094 -0.857734 0
    outer loop
      vertex 3.89222 7.07251 7
      vertex 3.69441 6.95395 3
      vertex 3.89222 7.07251 3
    endloop
  endfacet
  facet normal 0.941549 -0.336875 0
    outer loop
      vertex 2.75119 5.68217 7
      vertex 2.82888 5.89931 3
      vertex 2.82888 5.89931 7
    endloop
  endfacet
  facet normal 0.941549 -0.336875 0
    outer loop
      vertex 2.82888 5.89931 3
      vertex 2.75119 5.68217 7
      vertex 2.75119 5.68217 3
    endloop
  endfacet
  facet normal 0.998795 -0.0490855 0
    outer loop
      vertex 2.65 5 7
      vertex 2.66132 5.23034 3
      vertex 2.66132 5.23034 7
    endloop
  endfacet
  facet normal 0.998795 -0.0490855 0
    outer loop
      vertex 2.66132 5.23034 3
      vertex 2.65 5 7
      vertex 2.65 5 3
    endloop
  endfacet
  facet normal 0.242954 0.970038 -0
    outer loop
      vertex 4.54154 2.69516 3
      vertex 4.31783 2.75119 7
      vertex 4.54154 2.69516 7
    endloop
  endfacet
  facet normal 0.242954 0.970038 0
    outer loop
      vertex 4.31783 2.75119 7
      vertex 4.54154 2.69516 3
      vertex 4.31783 2.75119 3
    endloop
  endfacet
  facet normal 0.595711 0.803199 -0
    outer loop
      vertex 3.69441 3.04605 3
      vertex 3.50918 3.18343 7
      vertex 3.69441 3.04605 7
    endloop
  endfacet
  facet normal 0.595711 0.803199 0
    outer loop
      vertex 3.50918 3.18343 7
      vertex 3.69441 3.04605 3
      vertex 3.50918 3.18343 3
    endloop
  endfacet
  facet normal 0.903971 0.427594 0
    outer loop
      vertex 2.92749 3.89222 7
      vertex 2.82888 4.10069 3
      vertex 2.82888 4.10069 7
    endloop
  endfacet
  facet normal 0.903971 0.427594 0
    outer loop
      vertex 2.82888 4.10069 3
      vertex 2.92749 3.89222 7
      vertex 2.92749 3.89222 3
    endloop
  endfacet
  facet normal 0.857734 -0.514094 0
    outer loop
      vertex 2.92749 6.10778 7
      vertex 3.04605 6.30559 3
      vertex 3.04605 6.30559 7
    endloop
  endfacet
  facet normal 0.857734 -0.514094 0
    outer loop
      vertex 3.04605 6.30559 3
      vertex 2.92749 6.10778 7
      vertex 2.92749 6.10778 3
    endloop
  endfacet
endsolid OpenSCAD_Model
