solid OpenSCAD_Model
  facet normal -1 0 0
    outer loop
      vertex 44.46 14.82 0
      vertex 44.46 28.82 3
      vertex 44.46 28.82 0
    endloop
  endfacet
  facet normal -1 -0 0
    outer loop
      vertex 44.46 28.82 3
      vertex 44.46 14.82 0
      vertex 44.46 14.82 3
    endloop
  endfacet
  facet normal 1 -0 0
    outer loop
      vertex 30.46 14.82 3
      vertex 30.46 28.82 0
      vertex 30.46 28.82 3
    endloop
  endfacet
  facet normal 1 0 0
    outer loop
      vertex 30.46 28.82 0
      vertex 30.46 14.82 3
      vertex 30.46 14.82 0
    endloop
  endfacet
  facet normal 0 -1 0
    outer loop
      vertex 30.46 28.82 0
      vertex 44.46 28.82 3
      vertex 30.46 28.82 3
    endloop
  endfacet
  facet normal 0 -1 -0
    outer loop
      vertex 44.46 28.82 3
      vertex 30.46 28.82 0
      vertex 44.46 28.82 0
    endloop
  endfacet
  facet normal 0 1 -0
    outer loop
      vertex 44.46 14.82 0
      vertex 30.46 14.82 3
      vertex 44.46 14.82 3
    endloop
  endfacet
  facet normal 0 1 0
    outer loop
      vertex 30.46 14.82 3
      vertex 44.46 14.82 0
      vertex 30.46 14.82 0
    endloop
  endfacet
  facet normal -1 0 0
    outer loop
      vertex 44.46 33.87 0
      vertex 44.46 47.87 3
      vertex 44.46 47.87 0
    endloop
  endfacet
  facet normal -1 -0 0
    outer loop
      vertex 44.46 47.87 3
      vertex 44.46 33.87 0
      vertex 44.46 33.87 3
    endloop
  endfacet
  facet normal 1 -0 0
    outer loop
      vertex 30.46 33.87 3
      vertex 30.46 47.87 0
      vertex 30.46 47.87 3
    endloop
  endfacet
  facet normal 1 0 0
    outer loop
      vertex 30.46 47.87 0
      vertex 30.46 33.87 3
      vertex 30.46 33.87 0
    endloop
  endfacet
  facet normal 0 -1 0
    outer loop
      vertex 30.46 47.87 0
      vertex 44.46 47.87 3
      vertex 30.46 47.87 3
    endloop
  endfacet
  facet normal 0 -1 -0
    outer loop
      vertex 44.46 47.87 3
      vertex 30.46 47.87 0
      vertex 44.46 47.87 0
    endloop
  endfacet
  facet normal 0 1 -0
    outer loop
      vertex 44.46 33.87 0
      vertex 30.46 33.87 3
      vertex 44.46 33.87 3
    endloop
  endfacet
  facet normal 0 1 0
    outer loop
      vertex 30.46 33.87 3
      vertex 44.46 33.87 0
      vertex 30.46 33.87 0
    endloop
  endfacet
  facet normal -1 0 0
    outer loop
      vertex 44.46 52.92 0
      vertex 44.46 66.92 3
      vertex 44.46 66.92 0
    endloop
  endfacet
  facet normal -1 -0 0
    outer loop
      vertex 44.46 66.92 3
      vertex 44.46 52.92 0
      vertex 44.46 52.92 3
    endloop
  endfacet
  facet normal 1 -0 0
    outer loop
      vertex 30.46 52.92 3
      vertex 30.46 66.92 0
      vertex 30.46 66.92 3
    endloop
  endfacet
  facet normal 1 0 0
    outer loop
      vertex 30.46 66.92 0
      vertex 30.46 52.92 3
      vertex 30.46 52.92 0
    endloop
  endfacet
  facet normal 0 -1 0
    outer loop
      vertex 30.46 66.92 0
      vertex 44.46 66.92 3
      vertex 30.46 66.92 3
    endloop
  endfacet
  facet normal 0 -1 -0
    outer loop
      vertex 44.46 66.92 3
      vertex 30.46 66.92 0
      vertex 44.46 66.92 0
    endloop
  endfacet
  facet normal 0 1 -0
    outer loop
      vertex 44.46 52.92 0
      vertex 30.46 52.92 3
      vertex 44.46 52.92 3
    endloop
  endfacet
  facet normal 0 1 0
    outer loop
      vertex 30.46 52.92 3
      vertex 44.46 52.92 0
      vertex 30.46 52.92 0
    endloop
  endfacet
  facet normal -1 0 0
    outer loop
      vertex 63.51 14.82 0
      vertex 63.51 28.82 3
      vertex 63.51 28.82 0
    endloop
  endfacet
  facet normal -1 -0 0
    outer loop
      vertex 63.51 28.82 3
      vertex 63.51 14.82 0
      vertex 63.51 14.82 3
    endloop
  endfacet
  facet normal 1 -0 0
    outer loop
      vertex 49.51 14.82 3
      vertex 49.51 28.82 0
      vertex 49.51 28.82 3
    endloop
  endfacet
  facet normal 1 0 0
    outer loop
      vertex 49.51 28.82 0
      vertex 49.51 14.82 3
      vertex 49.51 14.82 0
    endloop
  endfacet
  facet normal 0 -1 0
    outer loop
      vertex 49.51 28.82 0
      vertex 63.51 28.82 3
      vertex 49.51 28.82 3
    endloop
  endfacet
  facet normal 0 -1 -0
    outer loop
      vertex 63.51 28.82 3
      vertex 49.51 28.82 0
      vertex 63.51 28.82 0
    endloop
  endfacet
  facet normal 0 1 -0
    outer loop
      vertex 63.51 14.82 0
      vertex 49.51 14.82 3
      vertex 63.51 14.82 3
    endloop
  endfacet
  facet normal 0 1 0
    outer loop
      vertex 49.51 14.82 3
      vertex 63.51 14.82 0
      vertex 49.51 14.82 0
    endloop
  endfacet
  facet normal -1 0 0
    outer loop
      vertex 63.51 33.87 0
      vertex 63.51 47.87 3
      vertex 63.51 47.87 0
    endloop
  endfacet
  facet normal -1 -0 0
    outer loop
      vertex 63.51 47.87 3
      vertex 63.51 33.87 0
      vertex 63.51 33.87 3
    endloop
  endfacet
  facet normal 1 -0 0
    outer loop
      vertex 49.51 33.87 3
      vertex 49.51 47.87 0
      vertex 49.51 47.87 3
    endloop
  endfacet
  facet normal 1 0 0
    outer loop
      vertex 49.51 47.87 0
      vertex 49.51 33.87 3
      vertex 49.51 33.87 0
    endloop
  endfacet
  facet normal 0 -1 0
    outer loop
      vertex 49.51 47.87 0
      vertex 63.51 47.87 3
      vertex 49.51 47.87 3
    endloop
  endfacet
  facet normal 0 -1 -0
    outer loop
      vertex 63.51 47.87 3
      vertex 49.51 47.87 0
      vertex 63.51 47.87 0
    endloop
  endfacet
  facet normal 0 1 -0
    outer loop
      vertex 63.51 33.87 0
      vertex 49.51 33.87 3
      vertex 63.51 33.87 3
    endloop
  endfacet
  facet normal 0 1 0
    outer loop
      vertex 49.51 33.87 3
      vertex 63.51 33.87 0
      vertex 49.51 33.87 0
    endloop
  endfacet
  facet normal -1 0 0
    outer loop
      vertex 63.51 52.92 0
      vertex 63.51 66.92 3
      vertex 63.51 66.92 0
    endloop
  endfacet
  facet normal -1 -0 0
    outer loop
      vertex 63.51 66.92 3
      vertex 63.51 52.92 0
      vertex 63.51 52.92 3
    endloop
  endfacet
  facet normal 1 -0 0
    outer loop
      vertex 49.51 52.92 3
      vertex 49.51 66.92 0
      vertex 49.51 66.92 3
    endloop
  endfacet
  facet normal 1 0 0
    outer loop
      vertex 49.51 66.92 0
      vertex 49.51 52.92 3
      vertex 49.51 52.92 0
    endloop
  endfacet
  facet normal 0 -1 0
    outer loop
      vertex 49.51 66.92 0
      vertex 63.51 66.92 3
      vertex 49.51 66.92 3
    endloop
  endfacet
  facet normal 0 -1 -0
    outer loop
      vertex 63.51 66.92 3
      vertex 49.51 66.92 0
      vertex 63.51 66.92 0
    endloop
  endfacet
  facet normal 0 1 -0
    outer loop
      vertex 63.51 52.92 0
      vertex 49.51 52.92 3
      vertex 63.51 52.92 3
    endloop
  endfacet
  facet normal 0 1 0
    outer loop
      vertex 49.51 52.92 3
      vertex 63.51 52.92 0
      vertex 49.51 52.92 0
    endloop
  endfacet
  facet normal -1 0 0
    outer loop
      vertex 82.56 14.82 0
      vertex 82.56 28.82 3
      vertex 82.56 28.82 0
    endloop
  endfacet
  facet normal -1 -0 0
    outer loop
      vertex 82.56 28.82 3
      vertex 82.56 14.82 0
      vertex 82.56 14.82 3
    endloop
  endfacet
  facet normal 1 -0 0
    outer loop
      vertex 68.56 14.82 3
      vertex 68.56 28.82 0
      vertex 68.56 28.82 3
    endloop
  endfacet
  facet normal 1 0 0
    outer loop
      vertex 68.56 28.82 0
      vertex 68.56 14.82 3
      vertex 68.56 14.82 0
    endloop
  endfacet
  facet normal 0 -1 0
    outer loop
      vertex 68.56 28.82 0
      vertex 82.56 28.82 3
      vertex 68.56 28.82 3
    endloop
  endfacet
  facet normal 0 -1 -0
    outer loop
      vertex 82.56 28.82 3
      vertex 68.56 28.82 0
      vertex 82.56 28.82 0
    endloop
  endfacet
  facet normal 0 1 -0
    outer loop
      vertex 82.56 14.82 0
      vertex 68.56 14.82 3
      vertex 82.56 14.82 3
    endloop
  endfacet
  facet normal 0 1 0
    outer loop
      vertex 68.56 14.82 3
      vertex 82.56 14.82 0
      vertex 68.56 14.82 0
    endloop
  endfacet
  facet normal -1 0 0
    outer loop
      vertex 82.56 33.87 0
      vertex 82.56 47.87 3
      vertex 82.56 47.87 0
    endloop
  endfacet
  facet normal -1 -0 0
    outer loop
      vertex 82.56 47.87 3
      vertex 82.56 33.87 0
      vertex 82.56 33.87 3
    endloop
  endfacet
  facet normal 1 -0 0
    outer loop
      vertex 68.56 33.87 3
      vertex 68.56 47.87 0
      vertex 68.56 47.87 3
    endloop
  endfacet
  facet normal 1 0 0
    outer loop
      vertex 68.56 47.87 0
      vertex 68.56 33.87 3
      vertex 68.56 33.87 0
    endloop
  endfacet
  facet normal 0 -1 0
    outer loop
      vertex 68.56 47.87 0
      vertex 82.56 47.87 3
      vertex 68.56 47.87 3
    endloop
  endfacet
  facet normal 0 -1 -0
    outer loop
      vertex 82.56 47.87 3
      vertex 68.56 47.87 0
      vertex 82.56 47.87 0
    endloop
  endfacet
  facet normal 0 1 -0
    outer loop
      vertex 82.56 33.87 0
      vertex 68.56 33.87 3
      vertex 82.56 33.87 3
    endloop
  endfacet
  facet normal 0 1 0
    outer loop
      vertex 68.56 33.87 3
      vertex 82.56 33.87 0
      vertex 68.56 33.87 0
    endloop
  endfacet
  facet normal -1 0 0
    outer loop
      vertex 82.56 52.92 0
      vertex 82.56 66.92 3
      vertex 82.56 66.92 0
    endloop
  endfacet
  facet normal -1 -0 0
    outer loop
      vertex 82.56 66.92 3
      vertex 82.56 52.92 0
      vertex 82.56 52.92 3
    endloop
  endfacet
  facet normal 1 -0 0
    outer loop
      vertex 68.56 52.92 3
      vertex 68.56 66.92 0
      vertex 68.56 66.92 3
    endloop
  endfacet
  facet normal 1 0 0
    outer loop
      vertex 68.56 66.92 0
      vertex 68.56 52.92 3
      vertex 68.56 52.92 0
    endloop
  endfacet
  facet normal 0 -1 0
    outer loop
      vertex 68.56 66.92 0
      vertex 82.56 66.92 3
      vertex 68.56 66.92 3
    endloop
  endfacet
  facet normal 0 -1 -0
    outer loop
      vertex 82.56 66.92 3
      vertex 68.56 66.92 0
      vertex 82.56 66.92 0
    endloop
  endfacet
  facet normal 0 1 -0
    outer loop
      vertex 82.56 52.92 0
      vertex 68.56 52.92 3
      vertex 82.56 52.92 3
    endloop
  endfacet
  facet normal 0 1 0
    outer loop
      vertex 68.56 52.92 3
      vertex 82.56 52.92 0
      vertex 68.56 52.92 0
    endloop
  endfacet
  facet normal 0.903973 -0.427589 0
    outer loop
      vertex 3.4294 90.6506 3
      vertex 3.50073 90.8014 0
      vertex 3.50073 90.8014 3
    endloop
  endfacet
  facet normal 0.903973 -0.427589 0
    outer loop
      vertex 3.50073 90.8014 0
      vertex 3.4294 90.6506 3
      vertex 3.4294 90.6506 0
    endloop
  endfacet
  facet normal -0.989173 -0.146757 0
    outer loop
      vertex 6.69181 90.1666 0
      vertex 6.66733 90.3316 3
      vertex 6.66733 90.3316 0
    endloop
  endfacet
  facet normal -0.989173 -0.146757 0
    outer loop
      vertex 6.66733 90.3316 3
      vertex 6.69181 90.1666 0
      vertex 6.69181 90.1666 3
    endloop
  endfacet
  facet normal -0.998794 -0.0491004 0
    outer loop
      vertex 6.7 90 0
      vertex 6.69181 90.1666 3
      vertex 6.69181 90.1666 0
    endloop
  endfacet
  facet normal -0.998794 -0.0491004 0
    outer loop
      vertex 6.69181 90.1666 3
      vertex 6.7 90 0
      vertex 6.7 90 3
    endloop
  endfacet
  facet normal -0.970065 -0.242846 0
    outer loop
      vertex 6.66733 90.3316 0
      vertex 6.6268 90.4935 3
      vertex 6.6268 90.4935 0
    endloop
  endfacet
  facet normal -0.970065 -0.242846 0
    outer loop
      vertex 6.6268 90.4935 3
      vertex 6.66733 90.3316 0
      vertex 6.66733 90.3316 3
    endloop
  endfacet
  facet normal -0.146857 -0.989158 0
    outer loop
      vertex 5.16663 91.6918 0
      vertex 5.33165 91.6673 3
      vertex 5.16663 91.6918 3
    endloop
  endfacet
  facet normal -0.146857 -0.989158 -0
    outer loop
      vertex 5.33165 91.6673 3
      vertex 5.16663 91.6918 0
      vertex 5.33165 91.6673 0
    endloop
  endfacet
  facet normal 0.146857 -0.989158 0
    outer loop
      vertex 4.66835 91.6673 0
      vertex 4.83337 91.6918 3
      vertex 4.66835 91.6673 3
    endloop
  endfacet
  facet normal 0.146857 -0.989158 0
    outer loop
      vertex 4.83337 91.6918 3
      vertex 4.66835 91.6673 0
      vertex 4.83337 91.6918 0
    endloop
  endfacet
  facet normal -0.803211 -0.595695 0
    outer loop
      vertex 6.4135 90.9445 0
      vertex 6.31412 91.0785 3
      vertex 6.31412 91.0785 0
    endloop
  endfacet
  facet normal -0.803211 -0.595695 0
    outer loop
      vertex 6.31412 91.0785 3
      vertex 6.4135 90.9445 0
      vertex 6.4135 90.9445 3
    endloop
  endfacet
  facet normal -0.514231 0.857652 0
    outer loop
      vertex 5.94447 88.5865 0
      vertex 5.80137 88.5007 3
      vertex 5.94447 88.5865 3
    endloop
  endfacet
  facet normal -0.514231 0.857652 0
    outer loop
      vertex 5.80137 88.5007 3
      vertex 5.94447 88.5865 0
      vertex 5.80137 88.5007 0
    endloop
  endfacet
  facet normal -0.595772 -0.803154 0
    outer loop
      vertex 5.94447 91.4135 0
      vertex 6.07847 91.3141 3
      vertex 5.94447 91.4135 3
    endloop
  endfacet
  facet normal -0.595772 -0.803154 -0
    outer loop
      vertex 6.07847 91.3141 3
      vertex 5.94447 91.4135 0
      vertex 6.07847 91.3141 0
    endloop
  endfacet
  facet normal -0.998794 0.0491004 0
    outer loop
      vertex 6.69181 89.8334 0
      vertex 6.7 90 3
      vertex 6.7 90 0
    endloop
  endfacet
  facet normal -0.998794 0.0491004 0
    outer loop
      vertex 6.7 90 3
      vertex 6.69181 89.8334 0
      vertex 6.69181 89.8334 3
    endloop
  endfacet
  facet normal 0.242775 -0.970083 0
    outer loop
      vertex 4.50652 91.6268 0
      vertex 4.66835 91.6673 3
      vertex 4.50652 91.6268 3
    endloop
  endfacet
  facet normal 0.242775 -0.970083 0
    outer loop
      vertex 4.66835 91.6673 3
      vertex 4.50652 91.6268 0
      vertex 4.66835 91.6673 0
    endloop
  endfacet
  facet normal 0.803211 -0.595695 0
    outer loop
      vertex 3.5865 90.9445 3
      vertex 3.68588 91.0785 0
      vertex 3.68588 91.0785 3
    endloop
  endfacet
  facet normal 0.803211 -0.595695 0
    outer loop
      vertex 3.68588 91.0785 0
      vertex 3.5865 90.9445 3
      vertex 3.5865 90.9445 0
    endloop
  endfacet
  facet normal 0.427396 0.904065 -0
    outer loop
      vertex 4.34944 88.4294 0
      vertex 4.19862 88.5007 3
      vertex 4.34944 88.4294 3
    endloop
  endfacet
  facet normal 0.427396 0.904065 0
    outer loop
      vertex 4.19862 88.5007 3
      vertex 4.34944 88.4294 0
      vertex 4.19862 88.5007 0
    endloop
  endfacet
  facet normal -0.427419 -0.904054 0
    outer loop
      vertex 5.65056 91.5706 0
      vertex 5.80137 91.4993 3
      vertex 5.65056 91.5706 3
    endloop
  endfacet
  facet normal -0.427419 -0.904054 -0
    outer loop
      vertex 5.80137 91.4993 3
      vertex 5.65056 91.5706 0
      vertex 5.80137 91.4993 0
    endloop
  endfacet
  facet normal 0.989181 0.146699 0
    outer loop
      vertex 3.33266 89.6684 3
      vertex 3.30819 89.8334 0
      vertex 3.30819 89.8334 3
    endloop
  endfacet
  facet normal 0.989181 0.146699 0
    outer loop
      vertex 3.30819 89.8334 0
      vertex 3.33266 89.6684 3
      vertex 3.33266 89.6684 0
    endloop
  endfacet
  facet normal -0.671448 0.741051 0
    outer loop
      vertex 6.20208 88.7979 0
      vertex 6.07847 88.6859 3
      vertex 6.20208 88.7979 3
    endloop
  endfacet
  facet normal -0.671448 0.741051 0
    outer loop
      vertex 6.07847 88.6859 3
      vertex 6.20208 88.7979 0
      vertex 6.07847 88.6859 0
    endloop
  endfacet
  facet normal 0.427396 -0.904065 0
    outer loop
      vertex 4.19862 91.4993 0
      vertex 4.34944 91.5706 3
      vertex 4.19862 91.4993 3
    endloop
  endfacet
  facet normal 0.427396 -0.904065 0
    outer loop
      vertex 4.34944 91.5706 3
      vertex 4.19862 91.4993 0
      vertex 4.34944 91.5706 0
    endloop
  endfacet
  facet normal -0.970065 0.242846 0
    outer loop
      vertex 6.6268 89.5065 0
      vertex 6.66733 89.6684 3
      vertex 6.66733 89.6684 0
    endloop
  endfacet
  facet normal -0.970065 0.242846 0
    outer loop
      vertex 6.66733 89.6684 3
      vertex 6.6268 89.5065 0
      vertex 6.6268 89.5065 3
    endloop
  endfacet
  facet normal -0.242775 0.970083 0
    outer loop
      vertex 5.49348 88.3732 0
      vertex 5.33165 88.3327 3
      vertex 5.49348 88.3732 3
    endloop
  endfacet
  facet normal -0.242775 0.970083 0
    outer loop
      vertex 5.33165 88.3327 3
      vertex 5.49348 88.3732 0
      vertex 5.33165 88.3327 0
    endloop
  endfacet
  facet normal 0.989181 -0.146699 0
    outer loop
      vertex 3.30819 90.1666 3
      vertex 3.33266 90.3316 0
      vertex 3.33266 90.3316 3
    endloop
  endfacet
  facet normal 0.989181 -0.146699 0
    outer loop
      vertex 3.33266 90.3316 0
      vertex 3.30819 90.1666 3
      vertex 3.30819 90.1666 0
    endloop
  endfacet
  facet normal -0.941546 -0.336883 0
    outer loop
      vertex 6.6268 90.4935 0
      vertex 6.57059 90.6506 3
      vertex 6.57059 90.6506 0
    endloop
  endfacet
  facet normal -0.941546 -0.336883 0
    outer loop
      vertex 6.57059 90.6506 3
      vertex 6.6268 90.4935 0
      vertex 6.6268 90.4935 3
    endloop
  endfacet
  facet normal 0.514258 0.857636 -0
    outer loop
      vertex 4.19862 88.5007 0
      vertex 4.05553 88.5865 3
      vertex 4.19862 88.5007 3
    endloop
  endfacet
  facet normal 0.514258 0.857636 0
    outer loop
      vertex 4.05553 88.5865 3
      vertex 4.19862 88.5007 0
      vertex 4.05553 88.5865 0
    endloop
  endfacet
  facet normal 0.970051 -0.242902 0
    outer loop
      vertex 3.33266 90.3316 3
      vertex 3.3732 90.4935 0
      vertex 3.3732 90.4935 3
    endloop
  endfacet
  facet normal 0.970051 -0.242902 0
    outer loop
      vertex 3.3732 90.4935 0
      vertex 3.33266 90.3316 3
      vertex 3.33266 90.3316 0
    endloop
  endfacet
  facet normal -0.803211 0.595695 0
    outer loop
      vertex 6.31412 88.9215 0
      vertex 6.4135 89.0555 3
      vertex 6.4135 89.0555 0
    endloop
  endfacet
  facet normal -0.803211 0.595695 0
    outer loop
      vertex 6.4135 89.0555 3
      vertex 6.31412 88.9215 0
      vertex 6.31412 88.9215 3
    endloop
  endfacet
  facet normal 0.595772 0.803154 -0
    outer loop
      vertex 4.05553 88.5865 0
      vertex 3.92153 88.6859 3
      vertex 4.05553 88.5865 3
    endloop
  endfacet
  facet normal 0.595772 0.803154 0
    outer loop
      vertex 3.92153 88.6859 3
      vertex 4.05553 88.5865 0
      vertex 3.92153 88.6859 0
    endloop
  endfacet
  facet normal 0.336868 0.941552 -0
    outer loop
      vertex 4.50652 88.3732 0
      vertex 4.34944 88.4294 3
      vertex 4.50652 88.3732 3
    endloop
  endfacet
  facet normal 0.336868 0.941552 0
    outer loop
      vertex 4.34944 88.4294 3
      vertex 4.50652 88.3732 0
      vertex 4.34944 88.4294 0
    endloop
  endfacet
  facet normal -0.336868 -0.941552 0
    outer loop
      vertex 5.49348 91.6268 0
      vertex 5.65056 91.5706 3
      vertex 5.49348 91.6268 3
    endloop
  endfacet
  facet normal -0.336868 -0.941552 -0
    outer loop
      vertex 5.65056 91.5706 3
      vertex 5.49348 91.6268 0
      vertex 5.65056 91.5706 0
    endloop
  endfacet
  facet normal 0.740905 0.67161 0
    outer loop
      vertex 3.79792 88.7979 3
      vertex 3.68588 88.9215 0
      vertex 3.68588 88.9215 3
    endloop
  endfacet
  facet normal 0.740905 0.67161 0
    outer loop
      vertex 3.68588 88.9215 0
      vertex 3.79792 88.7979 3
      vertex 3.79792 88.7979 0
    endloop
  endfacet
  facet normal -0.514231 -0.857652 0
    outer loop
      vertex 5.80137 91.4993 0
      vertex 5.94447 91.4135 3
      vertex 5.80137 91.4993 3
    endloop
  endfacet
  facet normal -0.514231 -0.857652 -0
    outer loop
      vertex 5.94447 91.4135 3
      vertex 5.80137 91.4993 0
      vertex 5.94447 91.4135 0
    endloop
  endfacet
  facet normal 0.336868 -0.941552 0
    outer loop
      vertex 4.34944 91.5706 0
      vertex 4.50652 91.6268 3
      vertex 4.34944 91.5706 3
    endloop
  endfacet
  facet normal 0.336868 -0.941552 0
    outer loop
      vertex 4.50652 91.6268 3
      vertex 4.34944 91.5706 0
      vertex 4.50652 91.6268 0
    endloop
  endfacet
  facet normal 0.903973 0.427589 0
    outer loop
      vertex 3.50073 89.1986 3
      vertex 3.4294 89.3494 0
      vertex 3.4294 89.3494 3
    endloop
  endfacet
  facet normal 0.903973 0.427589 0
    outer loop
      vertex 3.4294 89.3494 0
      vertex 3.50073 89.1986 3
      vertex 3.50073 89.1986 0
    endloop
  endfacet
  facet normal 0.941566 0.33683 0
    outer loop
      vertex 3.4294 89.3494 3
      vertex 3.3732 89.5065 0
      vertex 3.3732 89.5065 3
    endloop
  endfacet
  facet normal 0.941566 0.33683 0
    outer loop
      vertex 3.3732 89.5065 0
      vertex 3.4294 89.3494 3
      vertex 3.4294 89.3494 0
    endloop
  endfacet
  facet normal -0.903996 -0.42754 0
    outer loop
      vertex 6.57059 90.6506 0
      vertex 6.49927 90.8014 3
      vertex 6.49927 90.8014 0
    endloop
  endfacet
  facet normal -0.903996 -0.42754 0
    outer loop
      vertex 6.49927 90.8014 3
      vertex 6.57059 90.6506 0
      vertex 6.57059 90.6506 3
    endloop
  endfacet
  facet normal 0.970051 0.242902 0
    outer loop
      vertex 3.3732 89.5065 3
      vertex 3.33266 89.6684 0
      vertex 3.33266 89.6684 3
    endloop
  endfacet
  facet normal 0.970051 0.242902 0
    outer loop
      vertex 3.33266 89.6684 0
      vertex 3.3732 89.5065 3
      vertex 3.3732 89.5065 0
    endloop
  endfacet
  facet normal 0.595772 -0.803154 0
    outer loop
      vertex 3.92153 91.3141 0
      vertex 4.05553 91.4135 3
      vertex 3.92153 91.3141 3
    endloop
  endfacet
  facet normal 0.595772 -0.803154 0
    outer loop
      vertex 4.05553 91.4135 3
      vertex 3.92153 91.3141 0
      vertex 4.05553 91.4135 0
    endloop
  endfacet
  facet normal 0.146857 0.989158 -0
    outer loop
      vertex 4.83337 88.3082 0
      vertex 4.66835 88.3327 3
      vertex 4.83337 88.3082 3
    endloop
  endfacet
  facet normal 0.146857 0.989158 0
    outer loop
      vertex 4.66835 88.3327 3
      vertex 4.83337 88.3082 0
      vertex 4.66835 88.3327 0
    endloop
  endfacet
  facet normal -0.740905 0.67161 0
    outer loop
      vertex 6.20208 88.7979 0
      vertex 6.31412 88.9215 3
      vertex 6.31412 88.9215 0
    endloop
  endfacet
  facet normal -0.740905 0.67161 0
    outer loop
      vertex 6.31412 88.9215 3
      vertex 6.20208 88.7979 0
      vertex 6.20208 88.7979 3
    endloop
  endfacet
  facet normal -0.146857 0.989158 0
    outer loop
      vertex 5.33165 88.3327 0
      vertex 5.16663 88.3082 3
      vertex 5.33165 88.3327 3
    endloop
  endfacet
  facet normal -0.146857 0.989158 0
    outer loop
      vertex 5.16663 88.3082 3
      vertex 5.33165 88.3327 0
      vertex 5.16663 88.3082 0
    endloop
  endfacet
  facet normal 0.514258 -0.857636 0
    outer loop
      vertex 4.05553 91.4135 0
      vertex 4.19862 91.4993 3
      vertex 4.05553 91.4135 3
    endloop
  endfacet
  facet normal 0.514258 -0.857636 0
    outer loop
      vertex 4.19862 91.4993 3
      vertex 4.05553 91.4135 0
      vertex 4.19862 91.4993 0
    endloop
  endfacet
  facet normal -0.0491513 -0.998791 0
    outer loop
      vertex 5 91.7 0
      vertex 5.16663 91.6918 3
      vertex 5 91.7 3
    endloop
  endfacet
  facet normal -0.0491513 -0.998791 -0
    outer loop
      vertex 5.16663 91.6918 3
      vertex 5 91.7 0
      vertex 5.16663 91.6918 0
    endloop
  endfacet
  facet normal 0.857731 0.514099 0
    outer loop
      vertex 3.5865 89.0555 3
      vertex 3.50073 89.1986 0
      vertex 3.50073 89.1986 3
    endloop
  endfacet
  facet normal 0.857731 0.514099 0
    outer loop
      vertex 3.50073 89.1986 0
      vertex 3.5865 89.0555 3
      vertex 3.5865 89.0555 0
    endloop
  endfacet
  facet normal -0.857731 0.514099 0
    outer loop
      vertex 6.4135 89.0555 0
      vertex 6.49927 89.1986 3
      vertex 6.49927 89.1986 0
    endloop
  endfacet
  facet normal -0.857731 0.514099 0
    outer loop
      vertex 6.49927 89.1986 3
      vertex 6.4135 89.0555 0
      vertex 6.4135 89.0555 3
    endloop
  endfacet
  facet normal -0.242775 -0.970083 0
    outer loop
      vertex 5.33165 91.6673 0
      vertex 5.49348 91.6268 3
      vertex 5.33165 91.6673 3
    endloop
  endfacet
  facet normal -0.242775 -0.970083 -0
    outer loop
      vertex 5.49348 91.6268 3
      vertex 5.33165 91.6673 0
      vertex 5.49348 91.6268 0
    endloop
  endfacet
  facet normal 0.941566 -0.33683 0
    outer loop
      vertex 3.3732 90.4935 3
      vertex 3.4294 90.6506 0
      vertex 3.4294 90.6506 3
    endloop
  endfacet
  facet normal 0.941566 -0.33683 0
    outer loop
      vertex 3.4294 90.6506 0
      vertex 3.3732 90.4935 3
      vertex 3.3732 90.4935 0
    endloop
  endfacet
  facet normal -0.671448 -0.741051 0
    outer loop
      vertex 6.07847 91.3141 0
      vertex 6.20208 91.2021 3
      vertex 6.07847 91.3141 3
    endloop
  endfacet
  facet normal -0.671448 -0.741051 -0
    outer loop
      vertex 6.20208 91.2021 3
      vertex 6.07847 91.3141 0
      vertex 6.20208 91.2021 0
    endloop
  endfacet
  facet normal 0.0491513 -0.998791 0
    outer loop
      vertex 4.83337 91.6918 0
      vertex 5 91.7 3
      vertex 4.83337 91.6918 3
    endloop
  endfacet
  facet normal 0.0491513 -0.998791 0
    outer loop
      vertex 5 91.7 3
      vertex 4.83337 91.6918 0
      vertex 5 91.7 0
    endloop
  endfacet
  facet normal -0.427419 0.904054 0
    outer loop
      vertex 5.80137 88.5007 0
      vertex 5.65056 88.4294 3
      vertex 5.80137 88.5007 3
    endloop
  endfacet
  facet normal -0.427419 0.904054 0
    outer loop
      vertex 5.65056 88.4294 3
      vertex 5.80137 88.5007 0
      vertex 5.65056 88.4294 0
    endloop
  endfacet
  facet normal -0.989173 0.146757 0
    outer loop
      vertex 6.66733 89.6684 0
      vertex 6.69181 89.8334 3
      vertex 6.69181 89.8334 0
    endloop
  endfacet
  facet normal -0.989173 0.146757 0
    outer loop
      vertex 6.69181 89.8334 3
      vertex 6.66733 89.6684 0
      vertex 6.66733 89.6684 3
    endloop
  endfacet
  facet normal -0.857731 -0.514099 0
    outer loop
      vertex 6.49927 90.8014 0
      vertex 6.4135 90.9445 3
      vertex 6.4135 90.9445 0
    endloop
  endfacet
  facet normal -0.857731 -0.514099 0
    outer loop
      vertex 6.4135 90.9445 3
      vertex 6.49927 90.8014 0
      vertex 6.49927 90.8014 3
    endloop
  endfacet
  facet normal 0.0491513 0.998791 -0
    outer loop
      vertex 5 88.3 0
      vertex 4.83337 88.3082 3
      vertex 5 88.3 3
    endloop
  endfacet
  facet normal 0.0491513 0.998791 0
    outer loop
      vertex 4.83337 88.3082 3
      vertex 5 88.3 0
      vertex 4.83337 88.3082 0
    endloop
  endfacet
  facet normal 0.671448 -0.741051 0
    outer loop
      vertex 3.79792 91.2021 0
      vertex 3.92153 91.3141 3
      vertex 3.79792 91.2021 3
    endloop
  endfacet
  facet normal 0.671448 -0.741051 0
    outer loop
      vertex 3.92153 91.3141 3
      vertex 3.79792 91.2021 0
      vertex 3.92153 91.3141 0
    endloop
  endfacet
  facet normal 0.740905 -0.67161 0
    outer loop
      vertex 3.68588 91.0785 3
      vertex 3.79792 91.2021 0
      vertex 3.79792 91.2021 3
    endloop
  endfacet
  facet normal 0.740905 -0.67161 0
    outer loop
      vertex 3.79792 91.2021 0
      vertex 3.68588 91.0785 3
      vertex 3.68588 91.0785 0
    endloop
  endfacet
  facet normal -0.903996 0.42754 0
    outer loop
      vertex 6.49927 89.1986 0
      vertex 6.57059 89.3494 3
      vertex 6.57059 89.3494 0
    endloop
  endfacet
  facet normal -0.903996 0.42754 0
    outer loop
      vertex 6.57059 89.3494 3
      vertex 6.49927 89.1986 0
      vertex 6.49927 89.1986 3
    endloop
  endfacet
  facet normal -0.0491513 0.998791 0
    outer loop
      vertex 5.16663 88.3082 0
      vertex 5 88.3 3
      vertex 5.16663 88.3082 3
    endloop
  endfacet
  facet normal -0.0491513 0.998791 0
    outer loop
      vertex 5 88.3 3
      vertex 5.16663 88.3082 0
      vertex 5 88.3 0
    endloop
  endfacet
  facet normal 0.671448 0.741051 -0
    outer loop
      vertex 3.92153 88.6859 0
      vertex 3.79792 88.7979 3
      vertex 3.92153 88.6859 3
    endloop
  endfacet
  facet normal 0.671448 0.741051 0
    outer loop
      vertex 3.79792 88.7979 3
      vertex 3.92153 88.6859 0
      vertex 3.79792 88.7979 0
    endloop
  endfacet
  facet normal -0.941546 0.336883 0
    outer loop
      vertex 6.57059 89.3494 0
      vertex 6.6268 89.5065 3
      vertex 6.6268 89.5065 0
    endloop
  endfacet
  facet normal -0.941546 0.336883 0
    outer loop
      vertex 6.6268 89.5065 3
      vertex 6.57059 89.3494 0
      vertex 6.57059 89.3494 3
    endloop
  endfacet
  facet normal -0.740905 -0.67161 0
    outer loop
      vertex 6.31412 91.0785 0
      vertex 6.20208 91.2021 3
      vertex 6.20208 91.2021 0
    endloop
  endfacet
  facet normal -0.740905 -0.67161 0
    outer loop
      vertex 6.20208 91.2021 3
      vertex 6.31412 91.0785 0
      vertex 6.31412 91.0785 3
    endloop
  endfacet
  facet normal 0.242775 0.970083 -0
    outer loop
      vertex 4.66835 88.3327 0
      vertex 4.50652 88.3732 3
      vertex 4.66835 88.3327 3
    endloop
  endfacet
  facet normal 0.242775 0.970083 0
    outer loop
      vertex 4.50652 88.3732 3
      vertex 4.66835 88.3327 0
      vertex 4.50652 88.3732 0
    endloop
  endfacet
  facet normal -0.595772 0.803154 0
    outer loop
      vertex 6.07847 88.6859 0
      vertex 5.94447 88.5865 3
      vertex 6.07847 88.6859 3
    endloop
  endfacet
  facet normal -0.595772 0.803154 0
    outer loop
      vertex 5.94447 88.5865 3
      vertex 6.07847 88.6859 0
      vertex 5.94447 88.5865 0
    endloop
  endfacet
  facet normal 0.803211 0.595695 0
    outer loop
      vertex 3.68588 88.9215 3
      vertex 3.5865 89.0555 0
      vertex 3.5865 89.0555 3
    endloop
  endfacet
  facet normal 0.803211 0.595695 0
    outer loop
      vertex 3.5865 89.0555 0
      vertex 3.68588 88.9215 3
      vertex 3.68588 88.9215 0
    endloop
  endfacet
  facet normal 0.857731 -0.514099 0
    outer loop
      vertex 3.50073 90.8014 3
      vertex 3.5865 90.9445 0
      vertex 3.5865 90.9445 3
    endloop
  endfacet
  facet normal 0.857731 -0.514099 0
    outer loop
      vertex 3.5865 90.9445 0
      vertex 3.50073 90.8014 3
      vertex 3.50073 90.8014 0
    endloop
  endfacet
  facet normal -0.336868 0.941552 0
    outer loop
      vertex 5.65056 88.4294 0
      vertex 5.49348 88.3732 3
      vertex 5.65056 88.4294 3
    endloop
  endfacet
  facet normal -0.336868 0.941552 0
    outer loop
      vertex 5.49348 88.3732 3
      vertex 5.65056 88.4294 0
      vertex 5.49348 88.3732 0
    endloop
  endfacet
  facet normal 0.998794 -0.0491004 0
    outer loop
      vertex 3.3 90 3
      vertex 3.30819 90.1666 0
      vertex 3.30819 90.1666 3
    endloop
  endfacet
  facet normal 0.998794 -0.0491004 0
    outer loop
      vertex 3.30819 90.1666 0
      vertex 3.3 90 3
      vertex 3.3 90 0
    endloop
  endfacet
  facet normal 0.998794 0.0491004 0
    outer loop
      vertex 3.30819 89.8334 3
      vertex 3.3 90 0
      vertex 3.3 90 3
    endloop
  endfacet
  facet normal 0.998794 0.0491004 0
    outer loop
      vertex 3.3 90 0
      vertex 3.30819 89.8334 3
      vertex 3.30819 89.8334 0
    endloop
  endfacet
  facet normal 0.904043 -0.427442 0
    outer loop
      vertex 88.4294 90.6506 3
      vertex 88.5007 90.8014 0
      vertex 88.5007 90.8014 3
    endloop
  endfacet
  facet normal 0.904043 -0.427442 0
    outer loop
      vertex 88.5007 90.8014 0
      vertex 88.4294 90.6506 3
      vertex 88.4294 90.6506 0
    endloop
  endfacet
  facet normal -0.989155 -0.146875 0
    outer loop
      vertex 91.6918 90.1666 0
      vertex 91.6673 90.3316 3
      vertex 91.6673 90.3316 0
    endloop
  endfacet
  facet normal -0.989155 -0.146875 0
    outer loop
      vertex 91.6673 90.3316 3
      vertex 91.6918 90.1666 0
      vertex 91.6918 90.1666 3
    endloop
  endfacet
  facet normal -0.998791 -0.0491602 0
    outer loop
      vertex 91.7 90 0
      vertex 91.6918 90.1666 3
      vertex 91.6918 90.1666 0
    endloop
  endfacet
  facet normal -0.998791 -0.0491602 0
    outer loop
      vertex 91.6918 90.1666 3
      vertex 91.7 90 0
      vertex 91.7 90 3
    endloop
  endfacet
  facet normal -0.970107 -0.242677 0
    outer loop
      vertex 91.6673 90.3316 0
      vertex 91.6268 90.4935 3
      vertex 91.6268 90.4935 0
    endloop
  endfacet
  facet normal -0.970107 -0.242677 0
    outer loop
      vertex 91.6268 90.4935 3
      vertex 91.6673 90.3316 0
      vertex 91.6673 90.3316 3
    endloop
  endfacet
  facet normal -0.146875 -0.989155 0
    outer loop
      vertex 90.1666 91.6918 0
      vertex 90.3316 91.6673 3
      vertex 90.1666 91.6918 3
    endloop
  endfacet
  facet normal -0.146875 -0.989155 -0
    outer loop
      vertex 90.3316 91.6673 3
      vertex 90.1666 91.6918 0
      vertex 90.3316 91.6673 0
    endloop
  endfacet
  facet normal 0.146875 -0.989155 0
    outer loop
      vertex 89.6684 91.6673 0
      vertex 89.8334 91.6918 3
      vertex 89.6684 91.6673 3
    endloop
  endfacet
  facet normal 0.146875 -0.989155 0
    outer loop
      vertex 89.8334 91.6918 3
      vertex 89.6684 91.6673 0
      vertex 89.8334 91.6918 0
    endloop
  endfacet
  facet normal -0.803154 -0.595772 0
    outer loop
      vertex 91.4135 90.9445 0
      vertex 91.3141 91.0785 3
      vertex 91.3141 91.0785 0
    endloop
  endfacet
  facet normal -0.803154 -0.595772 0
    outer loop
      vertex 91.3141 91.0785 3
      vertex 91.4135 90.9445 0
      vertex 91.4135 90.9445 3
    endloop
  endfacet
  facet normal -0.514231 0.857652 0
    outer loop
      vertex 90.9445 88.5865 0
      vertex 90.8014 88.5007 3
      vertex 90.9445 88.5865 3
    endloop
  endfacet
  facet normal -0.514231 0.857652 0
    outer loop
      vertex 90.8014 88.5007 3
      vertex 90.9445 88.5865 0
      vertex 90.8014 88.5007 0
    endloop
  endfacet
  facet normal -0.595772 -0.803154 0
    outer loop
      vertex 90.9445 91.4135 0
      vertex 91.0785 91.3141 3
      vertex 90.9445 91.4135 3
    endloop
  endfacet
  facet normal -0.595772 -0.803154 -0
    outer loop
      vertex 91.0785 91.3141 3
      vertex 90.9445 91.4135 0
      vertex 91.0785 91.3141 0
    endloop
  endfacet
  facet normal -0.998791 0.0491602 0
    outer loop
      vertex 91.6918 89.8334 0
      vertex 91.7 90 3
      vertex 91.7 90 0
    endloop
  endfacet
  facet normal -0.998791 0.0491602 0
    outer loop
      vertex 91.7 90 3
      vertex 91.6918 89.8334 0
      vertex 91.6918 89.8334 3
    endloop
  endfacet
  facet normal 0.242677 -0.970107 0
    outer loop
      vertex 89.5065 91.6268 0
      vertex 89.6684 91.6673 3
      vertex 89.5065 91.6268 3
    endloop
  endfacet
  facet normal 0.242677 -0.970107 0
    outer loop
      vertex 89.6684 91.6673 3
      vertex 89.5065 91.6268 0
      vertex 89.6684 91.6673 0
    endloop
  endfacet
  facet normal 0.427442 0.904043 -0
    outer loop
      vertex 89.3494 88.4294 0
      vertex 89.1986 88.5007 3
      vertex 89.3494 88.4294 3
    endloop
  endfacet
  facet normal 0.427442 0.904043 0
    outer loop
      vertex 89.1986 88.5007 3
      vertex 89.3494 88.4294 0
      vertex 89.1986 88.5007 0
    endloop
  endfacet
  facet normal -0.427442 -0.904043 0
    outer loop
      vertex 90.6506 91.5706 0
      vertex 90.8014 91.4993 3
      vertex 90.6506 91.5706 3
    endloop
  endfacet
  facet normal -0.427442 -0.904043 -0
    outer loop
      vertex 90.8014 91.4993 3
      vertex 90.6506 91.5706 0
      vertex 90.8014 91.4993 0
    endloop
  endfacet
  facet normal 0.989155 0.146875 0
    outer loop
      vertex 88.3327 89.6684 3
      vertex 88.3082 89.8334 0
      vertex 88.3082 89.8334 3
    endloop
  endfacet
  facet normal 0.989155 0.146875 0
    outer loop
      vertex 88.3082 89.8334 0
      vertex 88.3327 89.6684 3
      vertex 88.3327 89.6684 0
    endloop
  endfacet
  facet normal -0.671478 0.741024 0
    outer loop
      vertex 91.2021 88.7979 0
      vertex 91.0785 88.6859 3
      vertex 91.2021 88.7979 3
    endloop
  endfacet
  facet normal -0.671478 0.741024 0
    outer loop
      vertex 91.0785 88.6859 3
      vertex 91.2021 88.7979 0
      vertex 91.0785 88.6859 0
    endloop
  endfacet
  facet normal 0.427442 -0.904043 0
    outer loop
      vertex 89.1986 91.4993 0
      vertex 89.3494 91.5706 3
      vertex 89.1986 91.4993 3
    endloop
  endfacet
  facet normal 0.427442 -0.904043 0
    outer loop
      vertex 89.3494 91.5706 3
      vertex 89.1986 91.4993 0
      vertex 89.3494 91.5706 0
    endloop
  endfacet
  facet normal -0.970107 0.242677 0
    outer loop
      vertex 91.6268 89.5065 0
      vertex 91.6673 89.6684 3
      vertex 91.6673 89.6684 0
    endloop
  endfacet
  facet normal -0.970107 0.242677 0
    outer loop
      vertex 91.6673 89.6684 3
      vertex 91.6268 89.5065 0
      vertex 91.6268 89.5065 3
    endloop
  endfacet
  facet normal -0.242677 0.970107 0
    outer loop
      vertex 90.4935 88.3732 0
      vertex 90.3316 88.3327 3
      vertex 90.4935 88.3732 3
    endloop
  endfacet
  facet normal -0.242677 0.970107 0
    outer loop
      vertex 90.3316 88.3327 3
      vertex 90.4935 88.3732 0
      vertex 90.3316 88.3327 0
    endloop
  endfacet
  facet normal 0.989155 -0.146875 0
    outer loop
      vertex 88.3082 90.1666 3
      vertex 88.3327 90.3316 0
      vertex 88.3327 90.3316 3
    endloop
  endfacet
  facet normal 0.989155 -0.146875 0
    outer loop
      vertex 88.3327 90.3316 0
      vertex 88.3082 90.1666 3
      vertex 88.3082 90.1666 0
    endloop
  endfacet
  facet normal -0.941566 -0.33683 0
    outer loop
      vertex 91.6268 90.4935 0
      vertex 91.5706 90.6506 3
      vertex 91.5706 90.6506 0
    endloop
  endfacet
  facet normal -0.941566 -0.33683 0
    outer loop
      vertex 91.5706 90.6506 3
      vertex 91.6268 90.4935 0
      vertex 91.6268 90.4935 3
    endloop
  endfacet
  facet normal 0.514231 0.857652 -0
    outer loop
      vertex 89.1986 88.5007 0
      vertex 89.0555 88.5865 3
      vertex 89.1986 88.5007 3
    endloop
  endfacet
  facet normal 0.514231 0.857652 0
    outer loop
      vertex 89.0555 88.5865 3
      vertex 89.1986 88.5007 0
      vertex 89.0555 88.5865 0
    endloop
  endfacet
  facet normal 0.970107 -0.242677 0
    outer loop
      vertex 88.3327 90.3316 3
      vertex 88.3732 90.4935 0
      vertex 88.3732 90.4935 3
    endloop
  endfacet
  facet normal 0.970107 -0.242677 0
    outer loop
      vertex 88.3732 90.4935 0
      vertex 88.3327 90.3316 3
      vertex 88.3327 90.3316 0
    endloop
  endfacet
  facet normal -0.803154 0.595772 0
    outer loop
      vertex 91.3141 88.9215 0
      vertex 91.4135 89.0555 3
      vertex 91.4135 89.0555 0
    endloop
  endfacet
  facet normal -0.803154 0.595772 0
    outer loop
      vertex 91.4135 89.0555 3
      vertex 91.3141 88.9215 0
      vertex 91.3141 88.9215 3
    endloop
  endfacet
  facet normal 0.595772 0.803154 -0
    outer loop
      vertex 89.0555 88.5865 0
      vertex 88.9215 88.6859 3
      vertex 89.0555 88.5865 3
    endloop
  endfacet
  facet normal 0.595772 0.803154 0
    outer loop
      vertex 88.9215 88.6859 3
      vertex 89.0555 88.5865 0
      vertex 88.9215 88.6859 0
    endloop
  endfacet
  facet normal 0.33683 0.941566 -0
    outer loop
      vertex 89.5065 88.3732 0
      vertex 89.3494 88.4294 3
      vertex 89.5065 88.3732 3
    endloop
  endfacet
  facet normal 0.33683 0.941566 0
    outer loop
      vertex 89.3494 88.4294 3
      vertex 89.5065 88.3732 0
      vertex 89.3494 88.4294 0
    endloop
  endfacet
  facet normal -0.33683 -0.941566 0
    outer loop
      vertex 90.4935 91.6268 0
      vertex 90.6506 91.5706 3
      vertex 90.4935 91.6268 3
    endloop
  endfacet
  facet normal -0.33683 -0.941566 -0
    outer loop
      vertex 90.6506 91.5706 3
      vertex 90.4935 91.6268 0
      vertex 90.6506 91.5706 0
    endloop
  endfacet
  facet normal 0.741024 0.671478 0
    outer loop
      vertex 88.7979 88.7979 3
      vertex 88.6859 88.9215 0
      vertex 88.6859 88.9215 3
    endloop
  endfacet
  facet normal 0.741024 0.671478 0
    outer loop
      vertex 88.6859 88.9215 0
      vertex 88.7979 88.7979 3
      vertex 88.7979 88.7979 0
    endloop
  endfacet
  facet normal -0.514231 -0.857652 0
    outer loop
      vertex 90.8014 91.4993 0
      vertex 90.9445 91.4135 3
      vertex 90.8014 91.4993 3
    endloop
  endfacet
  facet normal -0.514231 -0.857652 -0
    outer loop
      vertex 90.9445 91.4135 3
      vertex 90.8014 91.4993 0
      vertex 90.9445 91.4135 0
    endloop
  endfacet
  facet normal 0.33683 -0.941566 0
    outer loop
      vertex 89.3494 91.5706 0
      vertex 89.5065 91.6268 3
      vertex 89.3494 91.5706 3
    endloop
  endfacet
  facet normal 0.33683 -0.941566 0
    outer loop
      vertex 89.5065 91.6268 3
      vertex 89.3494 91.5706 0
      vertex 89.5065 91.6268 0
    endloop
  endfacet
  facet normal 0.904043 0.427442 0
    outer loop
      vertex 88.5007 89.1986 3
      vertex 88.4294 89.3494 0
      vertex 88.4294 89.3494 3
    endloop
  endfacet
  facet normal 0.904043 0.427442 0
    outer loop
      vertex 88.4294 89.3494 0
      vertex 88.5007 89.1986 3
      vertex 88.5007 89.1986 0
    endloop
  endfacet
  facet normal 0.941566 0.33683 0
    outer loop
      vertex 88.4294 89.3494 3
      vertex 88.3732 89.5065 0
      vertex 88.3732 89.5065 3
    endloop
  endfacet
  facet normal 0.941566 0.33683 0
    outer loop
      vertex 88.3732 89.5065 0
      vertex 88.4294 89.3494 3
      vertex 88.4294 89.3494 0
    endloop
  endfacet
  facet normal -0.904043 -0.427442 0
    outer loop
      vertex 91.5706 90.6506 0
      vertex 91.4993 90.8014 3
      vertex 91.4993 90.8014 0
    endloop
  endfacet
  facet normal -0.904043 -0.427442 0
    outer loop
      vertex 91.4993 90.8014 3
      vertex 91.5706 90.6506 0
      vertex 91.5706 90.6506 3
    endloop
  endfacet
  facet normal 0.970107 0.242677 0
    outer loop
      vertex 88.3732 89.5065 3
      vertex 88.3327 89.6684 0
      vertex 88.3327 89.6684 3
    endloop
  endfacet
  facet normal 0.970107 0.242677 0
    outer loop
      vertex 88.3327 89.6684 0
      vertex 88.3732 89.5065 3
      vertex 88.3732 89.5065 0
    endloop
  endfacet
  facet normal 0.595772 -0.803154 0
    outer loop
      vertex 88.9215 91.3141 0
      vertex 89.0555 91.4135 3
      vertex 88.9215 91.3141 3
    endloop
  endfacet
  facet normal 0.595772 -0.803154 0
    outer loop
      vertex 89.0555 91.4135 3
      vertex 88.9215 91.3141 0
      vertex 89.0555 91.4135 0
    endloop
  endfacet
  facet normal 0.146875 0.989155 -0
    outer loop
      vertex 89.8334 88.3082 0
      vertex 89.6684 88.3327 3
      vertex 89.8334 88.3082 3
    endloop
  endfacet
  facet normal 0.146875 0.989155 0
    outer loop
      vertex 89.6684 88.3327 3
      vertex 89.8334 88.3082 0
      vertex 89.6684 88.3327 0
    endloop
  endfacet
  facet normal -0.741024 0.671478 0
    outer loop
      vertex 91.2021 88.7979 0
      vertex 91.3141 88.9215 3
      vertex 91.3141 88.9215 0
    endloop
  endfacet
  facet normal -0.741024 0.671478 0
    outer loop
      vertex 91.3141 88.9215 3
      vertex 91.2021 88.7979 0
      vertex 91.2021 88.7979 3
    endloop
  endfacet
  facet normal -0.146875 0.989155 0
    outer loop
      vertex 90.3316 88.3327 0
      vertex 90.1666 88.3082 3
      vertex 90.3316 88.3327 3
    endloop
  endfacet
  facet normal -0.146875 0.989155 0
    outer loop
      vertex 90.1666 88.3082 3
      vertex 90.3316 88.3327 0
      vertex 90.1666 88.3082 0
    endloop
  endfacet
  facet normal 0.514231 -0.857652 0
    outer loop
      vertex 89.0555 91.4135 0
      vertex 89.1986 91.4993 3
      vertex 89.0555 91.4135 3
    endloop
  endfacet
  facet normal 0.514231 -0.857652 0
    outer loop
      vertex 89.1986 91.4993 3
      vertex 89.0555 91.4135 0
      vertex 89.1986 91.4993 0
    endloop
  endfacet
  facet normal -0.0491602 -0.998791 0
    outer loop
      vertex 90 91.7 0
      vertex 90.1666 91.6918 3
      vertex 90 91.7 3
    endloop
  endfacet
  facet normal -0.0491602 -0.998791 -0
    outer loop
      vertex 90.1666 91.6918 3
      vertex 90 91.7 0
      vertex 90.1666 91.6918 0
    endloop
  endfacet
  facet normal 0.857652 0.514231 0
    outer loop
      vertex 88.5865 89.0555 3
      vertex 88.5007 89.1986 0
      vertex 88.5007 89.1986 3
    endloop
  endfacet
  facet normal 0.857652 0.514231 0
    outer loop
      vertex 88.5007 89.1986 0
      vertex 88.5865 89.0555 3
      vertex 88.5865 89.0555 0
    endloop
  endfacet
  facet normal -0.857652 0.514231 0
    outer loop
      vertex 91.4135 89.0555 0
      vertex 91.4993 89.1986 3
      vertex 91.4993 89.1986 0
    endloop
  endfacet
  facet normal -0.857652 0.514231 0
    outer loop
      vertex 91.4993 89.1986 3
      vertex 91.4135 89.0555 0
      vertex 91.4135 89.0555 3
    endloop
  endfacet
  facet normal -0.242677 -0.970107 0
    outer loop
      vertex 90.3316 91.6673 0
      vertex 90.4935 91.6268 3
      vertex 90.3316 91.6673 3
    endloop
  endfacet
  facet normal -0.242677 -0.970107 -0
    outer loop
      vertex 90.4935 91.6268 3
      vertex 90.3316 91.6673 0
      vertex 90.4935 91.6268 0
    endloop
  endfacet
  facet normal 0.941566 -0.33683 0
    outer loop
      vertex 88.3732 90.4935 3
      vertex 88.4294 90.6506 0
      vertex 88.4294 90.6506 3
    endloop
  endfacet
  facet normal 0.941566 -0.33683 0
    outer loop
      vertex 88.4294 90.6506 0
      vertex 88.3732 90.4935 3
      vertex 88.3732 90.4935 0
    endloop
  endfacet
  facet normal -0.671478 -0.741024 0
    outer loop
      vertex 91.0785 91.3141 0
      vertex 91.2021 91.2021 3
      vertex 91.0785 91.3141 3
    endloop
  endfacet
  facet normal -0.671478 -0.741024 -0
    outer loop
      vertex 91.2021 91.2021 3
      vertex 91.0785 91.3141 0
      vertex 91.2021 91.2021 0
    endloop
  endfacet
  facet normal 0.0491602 -0.998791 0
    outer loop
      vertex 89.8334 91.6918 0
      vertex 90 91.7 3
      vertex 89.8334 91.6918 3
    endloop
  endfacet
  facet normal 0.0491602 -0.998791 0
    outer loop
      vertex 90 91.7 3
      vertex 89.8334 91.6918 0
      vertex 90 91.7 0
    endloop
  endfacet
  facet normal -0.427442 0.904043 0
    outer loop
      vertex 90.8014 88.5007 0
      vertex 90.6506 88.4294 3
      vertex 90.8014 88.5007 3
    endloop
  endfacet
  facet normal -0.427442 0.904043 0
    outer loop
      vertex 90.6506 88.4294 3
      vertex 90.8014 88.5007 0
      vertex 90.6506 88.4294 0
    endloop
  endfacet
  facet normal -0.989155 0.146875 0
    outer loop
      vertex 91.6673 89.6684 0
      vertex 91.6918 89.8334 3
      vertex 91.6918 89.8334 0
    endloop
  endfacet
  facet normal -0.989155 0.146875 0
    outer loop
      vertex 91.6918 89.8334 3
      vertex 91.6673 89.6684 0
      vertex 91.6673 89.6684 3
    endloop
  endfacet
  facet normal -0.857652 -0.514231 0
    outer loop
      vertex 91.4993 90.8014 0
      vertex 91.4135 90.9445 3
      vertex 91.4135 90.9445 0
    endloop
  endfacet
  facet normal -0.857652 -0.514231 0
    outer loop
      vertex 91.4135 90.9445 3
      vertex 91.4993 90.8014 0
      vertex 91.4993 90.8014 3
    endloop
  endfacet
  facet normal 0.0491602 0.998791 -0
    outer loop
      vertex 90 88.3 0
      vertex 89.8334 88.3082 3
      vertex 90 88.3 3
    endloop
  endfacet
  facet normal 0.0491602 0.998791 0
    outer loop
      vertex 89.8334 88.3082 3
      vertex 90 88.3 0
      vertex 89.8334 88.3082 0
    endloop
  endfacet
  facet normal 0.671478 -0.741024 0
    outer loop
      vertex 88.7979 91.2021 0
      vertex 88.9215 91.3141 3
      vertex 88.7979 91.2021 3
    endloop
  endfacet
  facet normal 0.671478 -0.741024 0
    outer loop
      vertex 88.9215 91.3141 3
      vertex 88.7979 91.2021 0
      vertex 88.9215 91.3141 0
    endloop
  endfacet
  facet normal 0.741024 -0.671478 0
    outer loop
      vertex 88.6859 91.0785 3
      vertex 88.7979 91.2021 0
      vertex 88.7979 91.2021 3
    endloop
  endfacet
  facet normal 0.741024 -0.671478 0
    outer loop
      vertex 88.7979 91.2021 0
      vertex 88.6859 91.0785 3
      vertex 88.6859 91.0785 0
    endloop
  endfacet
  facet normal -0.904043 0.427442 0
    outer loop
      vertex 91.4993 89.1986 0
      vertex 91.5706 89.3494 3
      vertex 91.5706 89.3494 0
    endloop
  endfacet
  facet normal -0.904043 0.427442 0
    outer loop
      vertex 91.5706 89.3494 3
      vertex 91.4993 89.1986 0
      vertex 91.4993 89.1986 3
    endloop
  endfacet
  facet normal -0.0491602 0.998791 0
    outer loop
      vertex 90.1666 88.3082 0
      vertex 90 88.3 3
      vertex 90.1666 88.3082 3
    endloop
  endfacet
  facet normal -0.0491602 0.998791 0
    outer loop
      vertex 90 88.3 3
      vertex 90.1666 88.3082 0
      vertex 90 88.3 0
    endloop
  endfacet
  facet normal 0.671478 0.741024 -0
    outer loop
      vertex 88.9215 88.6859 0
      vertex 88.7979 88.7979 3
      vertex 88.9215 88.6859 3
    endloop
  endfacet
  facet normal 0.671478 0.741024 0
    outer loop
      vertex 88.7979 88.7979 3
      vertex 88.9215 88.6859 0
      vertex 88.7979 88.7979 0
    endloop
  endfacet
  facet normal -0.941566 0.33683 0
    outer loop
      vertex 91.5706 89.3494 0
      vertex 91.6268 89.5065 3
      vertex 91.6268 89.5065 0
    endloop
  endfacet
  facet normal -0.941566 0.33683 0
    outer loop
      vertex 91.6268 89.5065 3
      vertex 91.5706 89.3494 0
      vertex 91.5706 89.3494 3
    endloop
  endfacet
  facet normal -0.741024 -0.671478 0
    outer loop
      vertex 91.3141 91.0785 0
      vertex 91.2021 91.2021 3
      vertex 91.2021 91.2021 0
    endloop
  endfacet
  facet normal -0.741024 -0.671478 0
    outer loop
      vertex 91.2021 91.2021 3
      vertex 91.3141 91.0785 0
      vertex 91.3141 91.0785 3
    endloop
  endfacet
  facet normal 0.242677 0.970107 -0
    outer loop
      vertex 89.6684 88.3327 0
      vertex 89.5065 88.3732 3
      vertex 89.6684 88.3327 3
    endloop
  endfacet
  facet normal 0.242677 0.970107 0
    outer loop
      vertex 89.5065 88.3732 3
      vertex 89.6684 88.3327 0
      vertex 89.5065 88.3732 0
    endloop
  endfacet
  facet normal -0.595772 0.803154 0
    outer loop
      vertex 91.0785 88.6859 0
      vertex 90.9445 88.5865 3
      vertex 91.0785 88.6859 3
    endloop
  endfacet
  facet normal -0.595772 0.803154 0
    outer loop
      vertex 90.9445 88.5865 3
      vertex 91.0785 88.6859 0
      vertex 90.9445 88.5865 0
    endloop
  endfacet
  facet normal 0.803154 0.595772 0
    outer loop
      vertex 88.6859 88.9215 3
      vertex 88.5865 89.0555 0
      vertex 88.5865 89.0555 3
    endloop
  endfacet
  facet normal 0.803154 0.595772 0
    outer loop
      vertex 88.5865 89.0555 0
      vertex 88.6859 88.9215 3
      vertex 88.6859 88.9215 0
    endloop
  endfacet
  facet normal 0.857652 -0.514231 0
    outer loop
      vertex 88.5007 90.8014 3
      vertex 88.5865 90.9445 0
      vertex 88.5865 90.9445 3
    endloop
  endfacet
  facet normal 0.857652 -0.514231 0
    outer loop
      vertex 88.5865 90.9445 0
      vertex 88.5007 90.8014 3
      vertex 88.5007 90.8014 0
    endloop
  endfacet
  facet normal -0.33683 0.941566 0
    outer loop
      vertex 90.6506 88.4294 0
      vertex 90.4935 88.3732 3
      vertex 90.6506 88.4294 3
    endloop
  endfacet
  facet normal -0.33683 0.941566 0
    outer loop
      vertex 90.4935 88.3732 3
      vertex 90.6506 88.4294 0
      vertex 90.4935 88.3732 0
    endloop
  endfacet
  facet normal 0.998791 -0.0491602 0
    outer loop
      vertex 88.3 90 3
      vertex 88.3082 90.1666 0
      vertex 88.3082 90.1666 3
    endloop
  endfacet
  facet normal 0.998791 -0.0491602 0
    outer loop
      vertex 88.3082 90.1666 0
      vertex 88.3 90 3
      vertex 88.3 90 0
    endloop
  endfacet
  facet normal 0.998791 0.0491602 0
    outer loop
      vertex 88.3082 89.8334 3
      vertex 88.3 90 0
      vertex 88.3 90 3
    endloop
  endfacet
  facet normal 0.998791 0.0491602 0
    outer loop
      vertex 88.3 90 0
      vertex 88.3082 89.8334 3
      vertex 88.3082 89.8334 0
    endloop
  endfacet
  facet normal 0.803154 -0.595772 0
    outer loop
      vertex 88.5865 90.9445 3
      vertex 88.6859 91.0785 0
      vertex 88.6859 91.0785 3
    endloop
  endfacet
  facet normal 0.803154 -0.595772 0
    outer loop
      vertex 88.6859 91.0785 0
      vertex 88.5865 90.9445 3
      vertex 88.5865 90.9445 0
    endloop
  endfacet
  facet normal 0.803154 0.595772 0
    outer loop
      vertex 88.6859 45.9215 3
      vertex 88.5865 46.0555 0
      vertex 88.5865 46.0555 3
    endloop
  endfacet
  facet normal 0.803154 0.595772 0
    outer loop
      vertex 88.5865 46.0555 0
      vertex 88.6859 45.9215 3
      vertex 88.6859 45.9215 0
    endloop
  endfacet
  facet normal -0.671478 -0.741024 0
    outer loop
      vertex 91.0785 48.3141 0
      vertex 91.2021 48.2021 3
      vertex 91.0785 48.3141 3
    endloop
  endfacet
  facet normal -0.671478 -0.741024 -0
    outer loop
      vertex 91.2021 48.2021 3
      vertex 91.0785 48.3141 0
      vertex 91.2021 48.2021 0
    endloop
  endfacet
  facet normal 0.0491602 -0.998791 0
    outer loop
      vertex 89.8334 48.6918 0
      vertex 90 48.7 3
      vertex 89.8334 48.6918 3
    endloop
  endfacet
  facet normal 0.0491602 -0.998791 0
    outer loop
      vertex 90 48.7 3
      vertex 89.8334 48.6918 0
      vertex 90 48.7 0
    endloop
  endfacet
  facet normal -0.941566 -0.33683 0
    outer loop
      vertex 91.6268 47.4935 0
      vertex 91.5706 47.6506 3
      vertex 91.5706 47.6506 0
    endloop
  endfacet
  facet normal -0.941566 -0.33683 0
    outer loop
      vertex 91.5706 47.6506 3
      vertex 91.6268 47.4935 0
      vertex 91.6268 47.4935 3
    endloop
  endfacet
  facet normal -0.146875 -0.989155 0
    outer loop
      vertex 90.1666 48.6918 0
      vertex 90.3316 48.6673 3
      vertex 90.1666 48.6918 3
    endloop
  endfacet
  facet normal -0.146875 -0.989155 -0
    outer loop
      vertex 90.3316 48.6673 3
      vertex 90.1666 48.6918 0
      vertex 90.3316 48.6673 0
    endloop
  endfacet
  facet normal -0.904043 0.427442 0
    outer loop
      vertex 91.4993 46.1986 0
      vertex 91.5706 46.3494 3
      vertex 91.5706 46.3494 0
    endloop
  endfacet
  facet normal -0.904043 0.427442 0
    outer loop
      vertex 91.5706 46.3494 3
      vertex 91.4993 46.1986 0
      vertex 91.4993 46.1986 3
    endloop
  endfacet
  facet normal -0.427442 -0.904043 0
    outer loop
      vertex 90.6506 48.5706 0
      vertex 90.8014 48.4993 3
      vertex 90.6506 48.5706 3
    endloop
  endfacet
  facet normal -0.427442 -0.904043 -0
    outer loop
      vertex 90.8014 48.4993 3
      vertex 90.6506 48.5706 0
      vertex 90.8014 48.4993 0
    endloop
  endfacet
  facet normal -0.989168 -0.146788 0
    outer loop
      vertex 91.6918 47.1666 0
      vertex 91.6673 47.3317 3
      vertex 91.6673 47.3317 0
    endloop
  endfacet
  facet normal -0.989168 -0.146788 0
    outer loop
      vertex 91.6673 47.3317 3
      vertex 91.6918 47.1666 0
      vertex 91.6918 47.1666 3
    endloop
  endfacet
  facet normal -0.514231 0.857652 0
    outer loop
      vertex 90.9445 45.5865 0
      vertex 90.8014 45.5007 3
      vertex 90.9445 45.5865 3
    endloop
  endfacet
  facet normal -0.514231 0.857652 0
    outer loop
      vertex 90.8014 45.5007 3
      vertex 90.9445 45.5865 0
      vertex 90.8014 45.5007 0
    endloop
  endfacet
  facet normal 0.989168 -0.146788 0
    outer loop
      vertex 88.3082 47.1666 3
      vertex 88.3327 47.3317 0
      vertex 88.3327 47.3317 3
    endloop
  endfacet
  facet normal 0.989168 -0.146788 0
    outer loop
      vertex 88.3327 47.3317 0
      vertex 88.3082 47.1666 3
      vertex 88.3082 47.1666 0
    endloop
  endfacet
  facet normal -0.904043 -0.427442 0
    outer loop
      vertex 91.5706 47.6506 0
      vertex 91.4993 47.8014 3
      vertex 91.4993 47.8014 0
    endloop
  endfacet
  facet normal -0.904043 -0.427442 0
    outer loop
      vertex 91.4993 47.8014 3
      vertex 91.5706 47.6506 0
      vertex 91.5706 47.6506 3
    endloop
  endfacet
  facet normal 0.33683 -0.941566 0
    outer loop
      vertex 89.3494 48.5706 0
      vertex 89.5065 48.6268 3
      vertex 89.3494 48.5706 3
    endloop
  endfacet
  facet normal 0.33683 -0.941566 0
    outer loop
      vertex 89.5065 48.6268 3
      vertex 89.3494 48.5706 0
      vertex 89.5065 48.6268 0
    endloop
  endfacet
  facet normal -0.989168 0.146788 0
    outer loop
      vertex 91.6673 46.6683 0
      vertex 91.6918 46.8334 3
      vertex 91.6918 46.8334 0
    endloop
  endfacet
  facet normal -0.989168 0.146788 0
    outer loop
      vertex 91.6918 46.8334 3
      vertex 91.6673 46.6683 0
      vertex 91.6673 46.6683 3
    endloop
  endfacet
  facet normal -0.857652 -0.514231 0
    outer loop
      vertex 91.4993 47.8014 0
      vertex 91.4135 47.9445 3
      vertex 91.4135 47.9445 0
    endloop
  endfacet
  facet normal -0.857652 -0.514231 0
    outer loop
      vertex 91.4135 47.9445 3
      vertex 91.4993 47.8014 0
      vertex 91.4993 47.8014 3
    endloop
  endfacet
  facet normal 0.970072 0.242818 0
    outer loop
      vertex 88.3732 46.5065 3
      vertex 88.3327 46.6683 0
      vertex 88.3327 46.6683 3
    endloop
  endfacet
  facet normal 0.970072 0.242818 0
    outer loop
      vertex 88.3327 46.6683 0
      vertex 88.3732 46.5065 3
      vertex 88.3732 46.5065 0
    endloop
  endfacet
  facet normal 0.970072 -0.242818 0
    outer loop
      vertex 88.3327 47.3317 3
      vertex 88.3732 47.4935 0
      vertex 88.3732 47.4935 3
    endloop
  endfacet
  facet normal 0.970072 -0.242818 0
    outer loop
      vertex 88.3732 47.4935 0
      vertex 88.3327 47.3317 3
      vertex 88.3327 47.3317 0
    endloop
  endfacet
  facet normal -0.998791 -0.0491602 0
    outer loop
      vertex 91.7 47 0
      vertex 91.6918 47.1666 3
      vertex 91.6918 47.1666 0
    endloop
  endfacet
  facet normal -0.998791 -0.0491602 0
    outer loop
      vertex 91.6918 47.1666 3
      vertex 91.7 47 0
      vertex 91.7 47 3
    endloop
  endfacet
  facet normal 0.146875 -0.989155 0
    outer loop
      vertex 89.6684 48.6673 0
      vertex 89.8334 48.6918 3
      vertex 89.6684 48.6673 3
    endloop
  endfacet
  facet normal 0.146875 -0.989155 0
    outer loop
      vertex 89.8334 48.6918 3
      vertex 89.6684 48.6673 0
      vertex 89.8334 48.6918 0
    endloop
  endfacet
  facet normal 0.242677 0.970107 -0
    outer loop
      vertex 89.6684 45.3327 0
      vertex 89.5065 45.3732 3
      vertex 89.6684 45.3327 3
    endloop
  endfacet
  facet normal 0.242677 0.970107 0
    outer loop
      vertex 89.5065 45.3732 3
      vertex 89.6684 45.3327 0
      vertex 89.5065 45.3732 0
    endloop
  endfacet
  facet normal -0.0491602 0.998791 0
    outer loop
      vertex 90.1666 45.3082 0
      vertex 90 45.3 3
      vertex 90.1666 45.3082 3
    endloop
  endfacet
  facet normal -0.0491602 0.998791 0
    outer loop
      vertex 90 45.3 3
      vertex 90.1666 45.3082 0
      vertex 90 45.3 0
    endloop
  endfacet
  facet normal -0.998791 0.0491602 0
    outer loop
      vertex 91.6918 46.8334 0
      vertex 91.7 47 3
      vertex 91.7 47 0
    endloop
  endfacet
  facet normal -0.998791 0.0491602 0
    outer loop
      vertex 91.7 47 3
      vertex 91.6918 46.8334 0
      vertex 91.6918 46.8334 3
    endloop
  endfacet
  facet normal -0.970072 -0.242818 0
    outer loop
      vertex 91.6673 47.3317 0
      vertex 91.6268 47.4935 3
      vertex 91.6268 47.4935 0
    endloop
  endfacet
  facet normal -0.970072 -0.242818 0
    outer loop
      vertex 91.6268 47.4935 3
      vertex 91.6673 47.3317 0
      vertex 91.6673 47.3317 3
    endloop
  endfacet
  facet normal -0.741024 -0.671478 0
    outer loop
      vertex 91.3141 48.0785 0
      vertex 91.2021 48.2021 3
      vertex 91.2021 48.2021 0
    endloop
  endfacet
  facet normal -0.741024 -0.671478 0
    outer loop
      vertex 91.2021 48.2021 3
      vertex 91.3141 48.0785 0
      vertex 91.3141 48.0785 3
    endloop
  endfacet
  facet normal -0.0491602 -0.998791 0
    outer loop
      vertex 90 48.7 0
      vertex 90.1666 48.6918 3
      vertex 90 48.7 3
    endloop
  endfacet
  facet normal -0.0491602 -0.998791 -0
    outer loop
      vertex 90.1666 48.6918 3
      vertex 90 48.7 0
      vertex 90.1666 48.6918 0
    endloop
  endfacet
  facet normal 0.741024 -0.671478 0
    outer loop
      vertex 88.6859 48.0785 3
      vertex 88.7979 48.2021 0
      vertex 88.7979 48.2021 3
    endloop
  endfacet
  facet normal 0.741024 -0.671478 0
    outer loop
      vertex 88.7979 48.2021 0
      vertex 88.6859 48.0785 3
      vertex 88.6859 48.0785 0
    endloop
  endfacet
  facet normal -0.427442 0.904043 0
    outer loop
      vertex 90.8014 45.5007 0
      vertex 90.6506 45.4294 3
      vertex 90.8014 45.5007 3
    endloop
  endfacet
  facet normal -0.427442 0.904043 0
    outer loop
      vertex 90.6506 45.4294 3
      vertex 90.8014 45.5007 0
      vertex 90.6506 45.4294 0
    endloop
  endfacet
  facet normal 0.671478 0.741024 -0
    outer loop
      vertex 88.9215 45.6859 0
      vertex 88.7979 45.7979 3
      vertex 88.9215 45.6859 3
    endloop
  endfacet
  facet normal 0.671478 0.741024 0
    outer loop
      vertex 88.7979 45.7979 3
      vertex 88.9215 45.6859 0
      vertex 88.7979 45.7979 0
    endloop
  endfacet
  facet normal -0.857652 0.514231 0
    outer loop
      vertex 91.4135 46.0555 0
      vertex 91.4993 46.1986 3
      vertex 91.4993 46.1986 0
    endloop
  endfacet
  facet normal -0.857652 0.514231 0
    outer loop
      vertex 91.4993 46.1986 3
      vertex 91.4135 46.0555 0
      vertex 91.4135 46.0555 3
    endloop
  endfacet
  facet normal 0.941566 -0.33683 0
    outer loop
      vertex 88.3732 47.4935 3
      vertex 88.4294 47.6506 0
      vertex 88.4294 47.6506 3
    endloop
  endfacet
  facet normal 0.941566 -0.33683 0
    outer loop
      vertex 88.4294 47.6506 0
      vertex 88.3732 47.4935 3
      vertex 88.3732 47.4935 0
    endloop
  endfacet
  facet normal -0.242677 -0.970107 0
    outer loop
      vertex 90.3316 48.6673 0
      vertex 90.4935 48.6268 3
      vertex 90.3316 48.6673 3
    endloop
  endfacet
  facet normal -0.242677 -0.970107 -0
    outer loop
      vertex 90.4935 48.6268 3
      vertex 90.3316 48.6673 0
      vertex 90.4935 48.6268 0
    endloop
  endfacet
  facet normal 0.427442 0.904043 -0
    outer loop
      vertex 89.3494 45.4294 0
      vertex 89.1986 45.5007 3
      vertex 89.3494 45.4294 3
    endloop
  endfacet
  facet normal 0.427442 0.904043 0
    outer loop
      vertex 89.1986 45.5007 3
      vertex 89.3494 45.4294 0
      vertex 89.1986 45.5007 0
    endloop
  endfacet
  facet normal 0.242677 -0.970107 0
    outer loop
      vertex 89.5065 48.6268 0
      vertex 89.6684 48.6673 3
      vertex 89.5065 48.6268 3
    endloop
  endfacet
  facet normal 0.242677 -0.970107 0
    outer loop
      vertex 89.6684 48.6673 3
      vertex 89.5065 48.6268 0
      vertex 89.6684 48.6673 0
    endloop
  endfacet
  facet normal 0.595772 -0.803154 0
    outer loop
      vertex 88.9215 48.3141 0
      vertex 89.0555 48.4135 3
      vertex 88.9215 48.3141 3
    endloop
  endfacet
  facet normal 0.595772 -0.803154 0
    outer loop
      vertex 89.0555 48.4135 3
      vertex 88.9215 48.3141 0
      vertex 89.0555 48.4135 0
    endloop
  endfacet
  facet normal -0.941566 0.33683 0
    outer loop
      vertex 91.5706 46.3494 0
      vertex 91.6268 46.5065 3
      vertex 91.6268 46.5065 0
    endloop
  endfacet
  facet normal -0.941566 0.33683 0
    outer loop
      vertex 91.6268 46.5065 3
      vertex 91.5706 46.3494 0
      vertex 91.5706 46.3494 3
    endloop
  endfacet
  facet normal -0.595772 -0.803154 0
    outer loop
      vertex 90.9445 48.4135 0
      vertex 91.0785 48.3141 3
      vertex 90.9445 48.4135 3
    endloop
  endfacet
  facet normal -0.595772 -0.803154 -0
    outer loop
      vertex 91.0785 48.3141 3
      vertex 90.9445 48.4135 0
      vertex 91.0785 48.3141 0
    endloop
  endfacet
  facet normal -0.146875 0.989155 0
    outer loop
      vertex 90.3316 45.3327 0
      vertex 90.1666 45.3082 3
      vertex 90.3316 45.3327 3
    endloop
  endfacet
  facet normal -0.146875 0.989155 0
    outer loop
      vertex 90.1666 45.3082 3
      vertex 90.3316 45.3327 0
      vertex 90.1666 45.3082 0
    endloop
  endfacet
  facet normal -0.33683 -0.941566 0
    outer loop
      vertex 90.4935 48.6268 0
      vertex 90.6506 48.5706 3
      vertex 90.4935 48.6268 3
    endloop
  endfacet
  facet normal -0.33683 -0.941566 -0
    outer loop
      vertex 90.6506 48.5706 3
      vertex 90.4935 48.6268 0
      vertex 90.6506 48.5706 0
    endloop
  endfacet
  facet normal -0.803154 -0.595772 0
    outer loop
      vertex 91.4135 47.9445 0
      vertex 91.3141 48.0785 3
      vertex 91.3141 48.0785 0
    endloop
  endfacet
  facet normal -0.803154 -0.595772 0
    outer loop
      vertex 91.3141 48.0785 3
      vertex 91.4135 47.9445 0
      vertex 91.4135 47.9445 3
    endloop
  endfacet
  facet normal 0.671478 -0.741024 0
    outer loop
      vertex 88.7979 48.2021 0
      vertex 88.9215 48.3141 3
      vertex 88.7979 48.2021 3
    endloop
  endfacet
  facet normal 0.671478 -0.741024 0
    outer loop
      vertex 88.9215 48.3141 3
      vertex 88.7979 48.2021 0
      vertex 88.9215 48.3141 0
    endloop
  endfacet
  facet normal -0.514231 -0.857652 0
    outer loop
      vertex 90.8014 48.4993 0
      vertex 90.9445 48.4135 3
      vertex 90.8014 48.4993 3
    endloop
  endfacet
  facet normal -0.514231 -0.857652 -0
    outer loop
      vertex 90.9445 48.4135 3
      vertex 90.8014 48.4993 0
      vertex 90.9445 48.4135 0
    endloop
  endfacet
  facet normal 0.33683 0.941566 -0
    outer loop
      vertex 89.5065 45.3732 0
      vertex 89.3494 45.4294 3
      vertex 89.5065 45.3732 3
    endloop
  endfacet
  facet normal 0.33683 0.941566 0
    outer loop
      vertex 89.3494 45.4294 3
      vertex 89.5065 45.3732 0
      vertex 89.3494 45.4294 0
    endloop
  endfacet
  facet normal 0.998791 -0.0491602 0
    outer loop
      vertex 88.3 47 3
      vertex 88.3082 47.1666 0
      vertex 88.3082 47.1666 3
    endloop
  endfacet
  facet normal 0.998791 -0.0491602 0
    outer loop
      vertex 88.3082 47.1666 0
      vertex 88.3 47 3
      vertex 88.3 47 0
    endloop
  endfacet
  facet normal 0.741024 0.671478 0
    outer loop
      vertex 88.7979 45.7979 3
      vertex 88.6859 45.9215 0
      vertex 88.6859 45.9215 3
    endloop
  endfacet
  facet normal 0.741024 0.671478 0
    outer loop
      vertex 88.6859 45.9215 0
      vertex 88.7979 45.7979 3
      vertex 88.7979 45.7979 0
    endloop
  endfacet
  facet normal -0.741024 0.671478 0
    outer loop
      vertex 91.2021 45.7979 0
      vertex 91.3141 45.9215 3
      vertex 91.3141 45.9215 0
    endloop
  endfacet
  facet normal -0.741024 0.671478 0
    outer loop
      vertex 91.3141 45.9215 3
      vertex 91.2021 45.7979 0
      vertex 91.2021 45.7979 3
    endloop
  endfacet
  facet normal 0.941566 0.33683 0
    outer loop
      vertex 88.4294 46.3494 3
      vertex 88.3732 46.5065 0
      vertex 88.3732 46.5065 3
    endloop
  endfacet
  facet normal 0.941566 0.33683 0
    outer loop
      vertex 88.3732 46.5065 0
      vertex 88.4294 46.3494 3
      vertex 88.4294 46.3494 0
    endloop
  endfacet
  facet normal 0.427442 -0.904043 0
    outer loop
      vertex 89.1986 48.4993 0
      vertex 89.3494 48.5706 3
      vertex 89.1986 48.4993 3
    endloop
  endfacet
  facet normal 0.427442 -0.904043 0
    outer loop
      vertex 89.3494 48.5706 3
      vertex 89.1986 48.4993 0
      vertex 89.3494 48.5706 0
    endloop
  endfacet
  facet normal 0.904043 0.427442 0
    outer loop
      vertex 88.5007 46.1986 3
      vertex 88.4294 46.3494 0
      vertex 88.4294 46.3494 3
    endloop
  endfacet
  facet normal 0.904043 0.427442 0
    outer loop
      vertex 88.4294 46.3494 0
      vertex 88.5007 46.1986 3
      vertex 88.5007 46.1986 0
    endloop
  endfacet
  facet normal 0.998791 0.0491602 0
    outer loop
      vertex 88.3082 46.8334 3
      vertex 88.3 47 0
      vertex 88.3 47 3
    endloop
  endfacet
  facet normal 0.998791 0.0491602 0
    outer loop
      vertex 88.3 47 0
      vertex 88.3082 46.8334 3
      vertex 88.3082 46.8334 0
    endloop
  endfacet
  facet normal -0.970072 0.242818 0
    outer loop
      vertex 91.6268 46.5065 0
      vertex 91.6673 46.6683 3
      vertex 91.6673 46.6683 0
    endloop
  endfacet
  facet normal -0.970072 0.242818 0
    outer loop
      vertex 91.6673 46.6683 3
      vertex 91.6268 46.5065 0
      vertex 91.6268 46.5065 3
    endloop
  endfacet
  facet normal 0.857652 0.514231 0
    outer loop
      vertex 88.5865 46.0555 3
      vertex 88.5007 46.1986 0
      vertex 88.5007 46.1986 3
    endloop
  endfacet
  facet normal 0.857652 0.514231 0
    outer loop
      vertex 88.5007 46.1986 0
      vertex 88.5865 46.0555 3
      vertex 88.5865 46.0555 0
    endloop
  endfacet
  facet normal -0.803154 0.595772 0
    outer loop
      vertex 91.3141 45.9215 0
      vertex 91.4135 46.0555 3
      vertex 91.4135 46.0555 0
    endloop
  endfacet
  facet normal -0.803154 0.595772 0
    outer loop
      vertex 91.4135 46.0555 3
      vertex 91.3141 45.9215 0
      vertex 91.3141 45.9215 3
    endloop
  endfacet
  facet normal 0.595772 0.803154 -0
    outer loop
      vertex 89.0555 45.5865 0
      vertex 88.9215 45.6859 3
      vertex 89.0555 45.5865 3
    endloop
  endfacet
  facet normal 0.595772 0.803154 0
    outer loop
      vertex 88.9215 45.6859 3
      vertex 89.0555 45.5865 0
      vertex 88.9215 45.6859 0
    endloop
  endfacet
  facet normal 0.0491602 0.998791 -0
    outer loop
      vertex 90 45.3 0
      vertex 89.8334 45.3082 3
      vertex 90 45.3 3
    endloop
  endfacet
  facet normal 0.0491602 0.998791 0
    outer loop
      vertex 89.8334 45.3082 3
      vertex 90 45.3 0
      vertex 89.8334 45.3082 0
    endloop
  endfacet
  facet normal -0.595772 0.803154 0
    outer loop
      vertex 91.0785 45.6859 0
      vertex 90.9445 45.5865 3
      vertex 91.0785 45.6859 3
    endloop
  endfacet
  facet normal -0.595772 0.803154 0
    outer loop
      vertex 90.9445 45.5865 3
      vertex 91.0785 45.6859 0
      vertex 90.9445 45.5865 0
    endloop
  endfacet
  facet normal 0.989168 0.146788 0
    outer loop
      vertex 88.3327 46.6683 3
      vertex 88.3082 46.8334 0
      vertex 88.3082 46.8334 3
    endloop
  endfacet
  facet normal 0.989168 0.146788 0
    outer loop
      vertex 88.3082 46.8334 0
      vertex 88.3327 46.6683 3
      vertex 88.3327 46.6683 0
    endloop
  endfacet
  facet normal 0.857652 -0.514231 0
    outer loop
      vertex 88.5007 47.8014 3
      vertex 88.5865 47.9445 0
      vertex 88.5865 47.9445 3
    endloop
  endfacet
  facet normal 0.857652 -0.514231 0
    outer loop
      vertex 88.5865 47.9445 0
      vertex 88.5007 47.8014 3
      vertex 88.5007 47.8014 0
    endloop
  endfacet
  facet normal 0.146875 0.989155 -0
    outer loop
      vertex 89.8334 45.3082 0
      vertex 89.6684 45.3327 3
      vertex 89.8334 45.3082 3
    endloop
  endfacet
  facet normal 0.146875 0.989155 0
    outer loop
      vertex 89.6684 45.3327 3
      vertex 89.8334 45.3082 0
      vertex 89.6684 45.3327 0
    endloop
  endfacet
  facet normal -0.671478 0.741024 0
    outer loop
      vertex 91.2021 45.7979 0
      vertex 91.0785 45.6859 3
      vertex 91.2021 45.7979 3
    endloop
  endfacet
  facet normal -0.671478 0.741024 0
    outer loop
      vertex 91.0785 45.6859 3
      vertex 91.2021 45.7979 0
      vertex 91.0785 45.6859 0
    endloop
  endfacet
  facet normal 0.514231 -0.857652 0
    outer loop
      vertex 89.0555 48.4135 0
      vertex 89.1986 48.4993 3
      vertex 89.0555 48.4135 3
    endloop
  endfacet
  facet normal 0.514231 -0.857652 0
    outer loop
      vertex 89.1986 48.4993 3
      vertex 89.0555 48.4135 0
      vertex 89.1986 48.4993 0
    endloop
  endfacet
  facet normal -0.33683 0.941566 0
    outer loop
      vertex 90.6506 45.4294 0
      vertex 90.4935 45.3732 3
      vertex 90.6506 45.4294 3
    endloop
  endfacet
  facet normal -0.33683 0.941566 0
    outer loop
      vertex 90.4935 45.3732 3
      vertex 90.6506 45.4294 0
      vertex 90.4935 45.3732 0
    endloop
  endfacet
  facet normal 0.803154 -0.595772 0
    outer loop
      vertex 88.5865 47.9445 3
      vertex 88.6859 48.0785 0
      vertex 88.6859 48.0785 3
    endloop
  endfacet
  facet normal 0.803154 -0.595772 0
    outer loop
      vertex 88.6859 48.0785 0
      vertex 88.5865 47.9445 3
      vertex 88.5865 47.9445 0
    endloop
  endfacet
  facet normal -0.242677 0.970107 0
    outer loop
      vertex 90.4935 45.3732 0
      vertex 90.3316 45.3327 3
      vertex 90.4935 45.3732 3
    endloop
  endfacet
  facet normal -0.242677 0.970107 0
    outer loop
      vertex 90.3316 45.3327 3
      vertex 90.4935 45.3732 0
      vertex 90.3316 45.3327 0
    endloop
  endfacet
  facet normal 0.904043 -0.427442 0
    outer loop
      vertex 88.4294 47.6506 3
      vertex 88.5007 47.8014 0
      vertex 88.5007 47.8014 3
    endloop
  endfacet
  facet normal 0.904043 -0.427442 0
    outer loop
      vertex 88.5007 47.8014 0
      vertex 88.4294 47.6506 3
      vertex 88.4294 47.6506 0
    endloop
  endfacet
  facet normal 0.514231 0.857652 -0
    outer loop
      vertex 89.1986 45.5007 0
      vertex 89.0555 45.5865 3
      vertex 89.1986 45.5007 3
    endloop
  endfacet
  facet normal 0.514231 0.857652 0
    outer loop
      vertex 89.0555 45.5865 3
      vertex 89.1986 45.5007 0
      vertex 89.0555 45.5865 0
    endloop
  endfacet
  facet normal 0.904054 -0.427419 0
    outer loop
      vertex 88.4294 5.65056 3
      vertex 88.5007 5.80137 0
      vertex 88.5007 5.80137 3
    endloop
  endfacet
  facet normal 0.904054 -0.427419 0
    outer loop
      vertex 88.5007 5.80137 0
      vertex 88.4294 5.65056 3
      vertex 88.4294 5.65056 0
    endloop
  endfacet
  facet normal -0.989158 -0.146857 0
    outer loop
      vertex 91.6918 5.16663 0
      vertex 91.6673 5.33165 3
      vertex 91.6673 5.33165 0
    endloop
  endfacet
  facet normal -0.989158 -0.146857 0
    outer loop
      vertex 91.6673 5.33165 3
      vertex 91.6918 5.16663 0
      vertex 91.6918 5.16663 3
    endloop
  endfacet
  facet normal -0.998791 -0.0491513 0
    outer loop
      vertex 91.7 5 0
      vertex 91.6918 5.16663 3
      vertex 91.6918 5.16663 0
    endloop
  endfacet
  facet normal -0.998791 -0.0491513 0
    outer loop
      vertex 91.6918 5.16663 3
      vertex 91.7 5 0
      vertex 91.7 5 3
    endloop
  endfacet
  facet normal -0.970083 -0.242775 0
    outer loop
      vertex 91.6673 5.33165 0
      vertex 91.6268 5.49348 3
      vertex 91.6268 5.49348 0
    endloop
  endfacet
  facet normal -0.970083 -0.242775 0
    outer loop
      vertex 91.6268 5.49348 3
      vertex 91.6673 5.33165 0
      vertex 91.6673 5.33165 3
    endloop
  endfacet
  facet normal -0.146757 -0.989173 0
    outer loop
      vertex 90.1666 6.69181 0
      vertex 90.3316 6.66733 3
      vertex 90.1666 6.69181 3
    endloop
  endfacet
  facet normal -0.146757 -0.989173 -0
    outer loop
      vertex 90.3316 6.66733 3
      vertex 90.1666 6.69181 0
      vertex 90.3316 6.66733 0
    endloop
  endfacet
  facet normal 0.146757 -0.989173 0
    outer loop
      vertex 89.6684 6.66733 0
      vertex 89.8334 6.69181 3
      vertex 89.6684 6.66733 3
    endloop
  endfacet
  facet normal 0.146757 -0.989173 0
    outer loop
      vertex 89.8334 6.69181 3
      vertex 89.6684 6.66733 0
      vertex 89.8334 6.69181 0
    endloop
  endfacet
  facet normal -0.803154 -0.595772 0
    outer loop
      vertex 91.4135 5.94447 0
      vertex 91.3141 6.07847 3
      vertex 91.3141 6.07847 0
    endloop
  endfacet
  facet normal -0.803154 -0.595772 0
    outer loop
      vertex 91.3141 6.07847 3
      vertex 91.4135 5.94447 0
      vertex 91.4135 5.94447 3
    endloop
  endfacet
  facet normal -0.514099 0.857731 0
    outer loop
      vertex 90.9445 3.5865 0
      vertex 90.8014 3.50073 3
      vertex 90.9445 3.5865 3
    endloop
  endfacet
  facet normal -0.514099 0.857731 0
    outer loop
      vertex 90.8014 3.50073 3
      vertex 90.9445 3.5865 0
      vertex 90.8014 3.50073 0
    endloop
  endfacet
  facet normal -0.595695 -0.803211 0
    outer loop
      vertex 90.9445 6.4135 0
      vertex 91.0785 6.31412 3
      vertex 90.9445 6.4135 3
    endloop
  endfacet
  facet normal -0.595695 -0.803211 -0
    outer loop
      vertex 91.0785 6.31412 3
      vertex 90.9445 6.4135 0
      vertex 91.0785 6.31412 0
    endloop
  endfacet
  facet normal -0.998791 0.0491513 0
    outer loop
      vertex 91.6918 4.83337 0
      vertex 91.7 5 3
      vertex 91.7 5 0
    endloop
  endfacet
  facet normal -0.998791 0.0491513 0
    outer loop
      vertex 91.7 5 3
      vertex 91.6918 4.83337 0
      vertex 91.6918 4.83337 3
    endloop
  endfacet
  facet normal 0.242846 -0.970065 0
    outer loop
      vertex 89.5065 6.6268 0
      vertex 89.6684 6.66733 3
      vertex 89.5065 6.6268 3
    endloop
  endfacet
  facet normal 0.242846 -0.970065 0
    outer loop
      vertex 89.6684 6.66733 3
      vertex 89.5065 6.6268 0
      vertex 89.6684 6.66733 0
    endloop
  endfacet
  facet normal 0.427589 0.903973 -0
    outer loop
      vertex 89.3494 3.4294 0
      vertex 89.1986 3.50073 3
      vertex 89.3494 3.4294 3
    endloop
  endfacet
  facet normal 0.427589 0.903973 0
    outer loop
      vertex 89.1986 3.50073 3
      vertex 89.3494 3.4294 0
      vertex 89.1986 3.50073 0
    endloop
  endfacet
  facet normal -0.42754 -0.903996 0
    outer loop
      vertex 90.6506 6.57059 0
      vertex 90.8014 6.49927 3
      vertex 90.6506 6.57059 3
    endloop
  endfacet
  facet normal -0.42754 -0.903996 -0
    outer loop
      vertex 90.8014 6.49927 3
      vertex 90.6506 6.57059 0
      vertex 90.8014 6.49927 0
    endloop
  endfacet
  facet normal 0.989158 0.146857 0
    outer loop
      vertex 88.3327 4.66835 3
      vertex 88.3082 4.83337 0
      vertex 88.3082 4.83337 3
    endloop
  endfacet
  facet normal 0.989158 0.146857 0
    outer loop
      vertex 88.3082 4.83337 0
      vertex 88.3327 4.66835 3
      vertex 88.3327 4.66835 0
    endloop
  endfacet
  facet normal -0.67161 0.740905 0
    outer loop
      vertex 91.2021 3.79792 0
      vertex 91.0785 3.68588 3
      vertex 91.2021 3.79792 3
    endloop
  endfacet
  facet normal -0.67161 0.740905 0
    outer loop
      vertex 91.0785 3.68588 3
      vertex 91.2021 3.79792 0
      vertex 91.0785 3.68588 0
    endloop
  endfacet
  facet normal 0.42754 -0.903996 0
    outer loop
      vertex 89.1986 6.49927 0
      vertex 89.3494 6.57059 3
      vertex 89.1986 6.49927 3
    endloop
  endfacet
  facet normal 0.42754 -0.903996 0
    outer loop
      vertex 89.3494 6.57059 3
      vertex 89.1986 6.49927 0
      vertex 89.3494 6.57059 0
    endloop
  endfacet
  facet normal -0.970083 0.242775 0
    outer loop
      vertex 91.6268 4.50652 0
      vertex 91.6673 4.66835 3
      vertex 91.6673 4.66835 0
    endloop
  endfacet
  facet normal -0.970083 0.242775 0
    outer loop
      vertex 91.6673 4.66835 3
      vertex 91.6268 4.50652 0
      vertex 91.6268 4.50652 3
    endloop
  endfacet
  facet normal -0.242902 0.970051 0
    outer loop
      vertex 90.4935 3.3732 0
      vertex 90.3316 3.33266 3
      vertex 90.4935 3.3732 3
    endloop
  endfacet
  facet normal -0.242902 0.970051 0
    outer loop
      vertex 90.3316 3.33266 3
      vertex 90.4935 3.3732 0
      vertex 90.3316 3.33266 0
    endloop
  endfacet
  facet normal 0.989158 -0.146857 0
    outer loop
      vertex 88.3082 5.16663 3
      vertex 88.3327 5.33165 0
      vertex 88.3327 5.33165 3
    endloop
  endfacet
  facet normal 0.989158 -0.146857 0
    outer loop
      vertex 88.3327 5.33165 0
      vertex 88.3082 5.16663 3
      vertex 88.3082 5.16663 0
    endloop
  endfacet
  facet normal -0.941552 -0.336868 0
    outer loop
      vertex 91.6268 5.49348 0
      vertex 91.5706 5.65056 3
      vertex 91.5706 5.65056 0
    endloop
  endfacet
  facet normal -0.941552 -0.336868 0
    outer loop
      vertex 91.5706 5.65056 3
      vertex 91.6268 5.49348 0
      vertex 91.6268 5.49348 3
    endloop
  endfacet
  facet normal 0.514099 0.857731 -0
    outer loop
      vertex 89.1986 3.50073 0
      vertex 89.0555 3.5865 3
      vertex 89.1986 3.50073 3
    endloop
  endfacet
  facet normal 0.514099 0.857731 0
    outer loop
      vertex 89.0555 3.5865 3
      vertex 89.1986 3.50073 0
      vertex 89.0555 3.5865 0
    endloop
  endfacet
  facet normal 0.970083 -0.242775 0
    outer loop
      vertex 88.3327 5.33165 3
      vertex 88.3732 5.49348 0
      vertex 88.3732 5.49348 3
    endloop
  endfacet
  facet normal 0.970083 -0.242775 0
    outer loop
      vertex 88.3732 5.49348 0
      vertex 88.3327 5.33165 3
      vertex 88.3327 5.33165 0
    endloop
  endfacet
  facet normal -0.803154 0.595772 0
    outer loop
      vertex 91.3141 3.92153 0
      vertex 91.4135 4.05553 3
      vertex 91.4135 4.05553 0
    endloop
  endfacet
  facet normal -0.803154 0.595772 0
    outer loop
      vertex 91.4135 4.05553 3
      vertex 91.3141 3.92153 0
      vertex 91.3141 3.92153 3
    endloop
  endfacet
  facet normal 0.595695 0.803211 -0
    outer loop
      vertex 89.0555 3.5865 0
      vertex 88.9215 3.68588 3
      vertex 89.0555 3.5865 3
    endloop
  endfacet
  facet normal 0.595695 0.803211 0
    outer loop
      vertex 88.9215 3.68588 3
      vertex 89.0555 3.5865 0
      vertex 88.9215 3.68588 0
    endloop
  endfacet
  facet normal 0.33683 0.941566 -0
    outer loop
      vertex 89.5065 3.3732 0
      vertex 89.3494 3.4294 3
      vertex 89.5065 3.3732 3
    endloop
  endfacet
  facet normal 0.33683 0.941566 0
    outer loop
      vertex 89.3494 3.4294 3
      vertex 89.5065 3.3732 0
      vertex 89.3494 3.4294 0
    endloop
  endfacet
  facet normal -0.336883 -0.941546 0
    outer loop
      vertex 90.4935 6.6268 0
      vertex 90.6506 6.57059 3
      vertex 90.4935 6.6268 3
    endloop
  endfacet
  facet normal -0.336883 -0.941546 -0
    outer loop
      vertex 90.6506 6.57059 3
      vertex 90.4935 6.6268 0
      vertex 90.6506 6.57059 0
    endloop
  endfacet
  facet normal 0.741051 0.671448 0
    outer loop
      vertex 88.7979 3.79792 3
      vertex 88.6859 3.92153 0
      vertex 88.6859 3.92153 3
    endloop
  endfacet
  facet normal 0.741051 0.671448 0
    outer loop
      vertex 88.6859 3.92153 0
      vertex 88.7979 3.79792 3
      vertex 88.7979 3.79792 0
    endloop
  endfacet
  facet normal -0.514099 -0.857731 0
    outer loop
      vertex 90.8014 6.49927 0
      vertex 90.9445 6.4135 3
      vertex 90.8014 6.49927 3
    endloop
  endfacet
  facet normal -0.514099 -0.857731 -0
    outer loop
      vertex 90.9445 6.4135 3
      vertex 90.8014 6.49927 0
      vertex 90.9445 6.4135 0
    endloop
  endfacet
  facet normal 0.336883 -0.941546 0
    outer loop
      vertex 89.3494 6.57059 0
      vertex 89.5065 6.6268 3
      vertex 89.3494 6.57059 3
    endloop
  endfacet
  facet normal 0.336883 -0.941546 0
    outer loop
      vertex 89.5065 6.6268 3
      vertex 89.3494 6.57059 0
      vertex 89.5065 6.6268 0
    endloop
  endfacet
  facet normal 0.904065 0.427396 0
    outer loop
      vertex 88.5007 4.19862 3
      vertex 88.4294 4.34944 0
      vertex 88.4294 4.34944 3
    endloop
  endfacet
  facet normal 0.904065 0.427396 0
    outer loop
      vertex 88.4294 4.34944 0
      vertex 88.5007 4.19862 3
      vertex 88.5007 4.19862 0
    endloop
  endfacet
  facet normal 0.941552 0.336868 0
    outer loop
      vertex 88.4294 4.34944 3
      vertex 88.3732 4.50652 0
      vertex 88.3732 4.50652 3
    endloop
  endfacet
  facet normal 0.941552 0.336868 0
    outer loop
      vertex 88.3732 4.50652 0
      vertex 88.4294 4.34944 3
      vertex 88.4294 4.34944 0
    endloop
  endfacet
  facet normal -0.904054 -0.427419 0
    outer loop
      vertex 91.5706 5.65056 0
      vertex 91.4993 5.80137 3
      vertex 91.4993 5.80137 0
    endloop
  endfacet
  facet normal -0.904054 -0.427419 0
    outer loop
      vertex 91.4993 5.80137 3
      vertex 91.5706 5.65056 0
      vertex 91.5706 5.65056 3
    endloop
  endfacet
  facet normal 0.970083 0.242775 0
    outer loop
      vertex 88.3732 4.50652 3
      vertex 88.3327 4.66835 0
      vertex 88.3327 4.66835 3
    endloop
  endfacet
  facet normal 0.970083 0.242775 0
    outer loop
      vertex 88.3327 4.66835 0
      vertex 88.3732 4.50652 3
      vertex 88.3732 4.50652 0
    endloop
  endfacet
  facet normal 0.595695 -0.803211 0
    outer loop
      vertex 88.9215 6.31412 0
      vertex 89.0555 6.4135 3
      vertex 88.9215 6.31412 3
    endloop
  endfacet
  facet normal 0.595695 -0.803211 0
    outer loop
      vertex 89.0555 6.4135 3
      vertex 88.9215 6.31412 0
      vertex 89.0555 6.4135 0
    endloop
  endfacet
  facet normal 0.146699 0.989181 -0
    outer loop
      vertex 89.8334 3.30819 0
      vertex 89.6684 3.33266 3
      vertex 89.8334 3.30819 3
    endloop
  endfacet
  facet normal 0.146699 0.989181 0
    outer loop
      vertex 89.6684 3.33266 3
      vertex 89.8334 3.30819 0
      vertex 89.6684 3.33266 0
    endloop
  endfacet
  facet normal -0.741051 0.671448 0
    outer loop
      vertex 91.2021 3.79792 0
      vertex 91.3141 3.92153 3
      vertex 91.3141 3.92153 0
    endloop
  endfacet
  facet normal -0.741051 0.671448 0
    outer loop
      vertex 91.3141 3.92153 3
      vertex 91.2021 3.79792 0
      vertex 91.2021 3.79792 3
    endloop
  endfacet
  facet normal -0.146699 0.989181 0
    outer loop
      vertex 90.3316 3.33266 0
      vertex 90.1666 3.30819 3
      vertex 90.3316 3.33266 3
    endloop
  endfacet
  facet normal -0.146699 0.989181 0
    outer loop
      vertex 90.1666 3.30819 3
      vertex 90.3316 3.33266 0
      vertex 90.1666 3.30819 0
    endloop
  endfacet
  facet normal 0.514099 -0.857731 0
    outer loop
      vertex 89.0555 6.4135 0
      vertex 89.1986 6.49927 3
      vertex 89.0555 6.4135 3
    endloop
  endfacet
  facet normal 0.514099 -0.857731 0
    outer loop
      vertex 89.1986 6.49927 3
      vertex 89.0555 6.4135 0
      vertex 89.1986 6.49927 0
    endloop
  endfacet
  facet normal -0.0491004 -0.998794 0
    outer loop
      vertex 90 6.7 0
      vertex 90.1666 6.69181 3
      vertex 90 6.7 3
    endloop
  endfacet
  facet normal -0.0491004 -0.998794 -0
    outer loop
      vertex 90.1666 6.69181 3
      vertex 90 6.7 0
      vertex 90.1666 6.69181 0
    endloop
  endfacet
  facet normal 0.857636 0.514258 0
    outer loop
      vertex 88.5865 4.05553 3
      vertex 88.5007 4.19862 0
      vertex 88.5007 4.19862 3
    endloop
  endfacet
  facet normal 0.857636 0.514258 0
    outer loop
      vertex 88.5007 4.19862 0
      vertex 88.5865 4.05553 3
      vertex 88.5865 4.05553 0
    endloop
  endfacet
  facet normal -0.242846 -0.970065 0
    outer loop
      vertex 90.3316 6.66733 0
      vertex 90.4935 6.6268 3
      vertex 90.3316 6.66733 3
    endloop
  endfacet
  facet normal -0.242846 -0.970065 -0
    outer loop
      vertex 90.4935 6.6268 3
      vertex 90.3316 6.66733 0
      vertex 90.4935 6.6268 0
    endloop
  endfacet
  facet normal 0.941552 -0.336868 0
    outer loop
      vertex 88.3732 5.49348 3
      vertex 88.4294 5.65056 0
      vertex 88.4294 5.65056 3
    endloop
  endfacet
  facet normal 0.941552 -0.336868 0
    outer loop
      vertex 88.4294 5.65056 0
      vertex 88.3732 5.49348 3
      vertex 88.3732 5.49348 0
    endloop
  endfacet
  facet normal -0.67161 -0.740905 0
    outer loop
      vertex 91.0785 6.31412 0
      vertex 91.2021 6.20208 3
      vertex 91.0785 6.31412 3
    endloop
  endfacet
  facet normal -0.67161 -0.740905 -0
    outer loop
      vertex 91.2021 6.20208 3
      vertex 91.0785 6.31412 0
      vertex 91.2021 6.20208 0
    endloop
  endfacet
  facet normal 0.0491004 -0.998794 0
    outer loop
      vertex 89.8334 6.69181 0
      vertex 90 6.7 3
      vertex 89.8334 6.69181 3
    endloop
  endfacet
  facet normal 0.0491004 -0.998794 0
    outer loop
      vertex 90 6.7 3
      vertex 89.8334 6.69181 0
      vertex 90 6.7 0
    endloop
  endfacet
  facet normal -0.427589 0.903973 0
    outer loop
      vertex 90.8014 3.50073 0
      vertex 90.6506 3.4294 3
      vertex 90.8014 3.50073 3
    endloop
  endfacet
  facet normal -0.427589 0.903973 0
    outer loop
      vertex 90.6506 3.4294 3
      vertex 90.8014 3.50073 0
      vertex 90.6506 3.4294 0
    endloop
  endfacet
  facet normal -0.989158 0.146857 0
    outer loop
      vertex 91.6673 4.66835 0
      vertex 91.6918 4.83337 3
      vertex 91.6918 4.83337 0
    endloop
  endfacet
  facet normal -0.989158 0.146857 0
    outer loop
      vertex 91.6918 4.83337 3
      vertex 91.6673 4.66835 0
      vertex 91.6673 4.66835 3
    endloop
  endfacet
  facet normal -0.857652 -0.514231 0
    outer loop
      vertex 91.4993 5.80137 0
      vertex 91.4135 5.94447 3
      vertex 91.4135 5.94447 0
    endloop
  endfacet
  facet normal -0.857652 -0.514231 0
    outer loop
      vertex 91.4135 5.94447 3
      vertex 91.4993 5.80137 0
      vertex 91.4993 5.80137 3
    endloop
  endfacet
  facet normal 0.0491004 0.998794 -0
    outer loop
      vertex 90 3.3 0
      vertex 89.8334 3.30819 3
      vertex 90 3.3 3
    endloop
  endfacet
  facet normal 0.0491004 0.998794 0
    outer loop
      vertex 89.8334 3.30819 3
      vertex 90 3.3 0
      vertex 89.8334 3.30819 0
    endloop
  endfacet
  facet normal 0.67161 -0.740905 0
    outer loop
      vertex 88.7979 6.20208 0
      vertex 88.9215 6.31412 3
      vertex 88.7979 6.20208 3
    endloop
  endfacet
  facet normal 0.67161 -0.740905 0
    outer loop
      vertex 88.9215 6.31412 3
      vertex 88.7979 6.20208 0
      vertex 88.9215 6.31412 0
    endloop
  endfacet
  facet normal 0.741051 -0.671448 0
    outer loop
      vertex 88.6859 6.07847 3
      vertex 88.7979 6.20208 0
      vertex 88.7979 6.20208 3
    endloop
  endfacet
  facet normal 0.741051 -0.671448 0
    outer loop
      vertex 88.7979 6.20208 0
      vertex 88.6859 6.07847 3
      vertex 88.6859 6.07847 0
    endloop
  endfacet
  facet normal -0.904065 0.427396 0
    outer loop
      vertex 91.4993 4.19862 0
      vertex 91.5706 4.34944 3
      vertex 91.5706 4.34944 0
    endloop
  endfacet
  facet normal -0.904065 0.427396 0
    outer loop
      vertex 91.5706 4.34944 3
      vertex 91.4993 4.19862 0
      vertex 91.4993 4.19862 3
    endloop
  endfacet
  facet normal -0.0491004 0.998794 0
    outer loop
      vertex 90.1666 3.30819 0
      vertex 90 3.3 3
      vertex 90.1666 3.30819 3
    endloop
  endfacet
  facet normal -0.0491004 0.998794 0
    outer loop
      vertex 90 3.3 3
      vertex 90.1666 3.30819 0
      vertex 90 3.3 0
    endloop
  endfacet
  facet normal 0.67161 0.740905 -0
    outer loop
      vertex 88.9215 3.68588 0
      vertex 88.7979 3.79792 3
      vertex 88.9215 3.68588 3
    endloop
  endfacet
  facet normal 0.67161 0.740905 0
    outer loop
      vertex 88.7979 3.79792 3
      vertex 88.9215 3.68588 0
      vertex 88.7979 3.79792 0
    endloop
  endfacet
  facet normal -0.941552 0.336868 0
    outer loop
      vertex 91.5706 4.34944 0
      vertex 91.6268 4.50652 3
      vertex 91.6268 4.50652 0
    endloop
  endfacet
  facet normal -0.941552 0.336868 0
    outer loop
      vertex 91.6268 4.50652 3
      vertex 91.5706 4.34944 0
      vertex 91.5706 4.34944 3
    endloop
  endfacet
  facet normal -0.741051 -0.671448 0
    outer loop
      vertex 91.3141 6.07847 0
      vertex 91.2021 6.20208 3
      vertex 91.2021 6.20208 0
    endloop
  endfacet
  facet normal -0.741051 -0.671448 0
    outer loop
      vertex 91.2021 6.20208 3
      vertex 91.3141 6.07847 0
      vertex 91.3141 6.07847 3
    endloop
  endfacet
  facet normal 0.242902 0.970051 -0
    outer loop
      vertex 89.6684 3.33266 0
      vertex 89.5065 3.3732 3
      vertex 89.6684 3.33266 3
    endloop
  endfacet
  facet normal 0.242902 0.970051 0
    outer loop
      vertex 89.5065 3.3732 3
      vertex 89.6684 3.33266 0
      vertex 89.5065 3.3732 0
    endloop
  endfacet
  facet normal -0.595695 0.803211 0
    outer loop
      vertex 91.0785 3.68588 0
      vertex 90.9445 3.5865 3
      vertex 91.0785 3.68588 3
    endloop
  endfacet
  facet normal -0.595695 0.803211 0
    outer loop
      vertex 90.9445 3.5865 3
      vertex 91.0785 3.68588 0
      vertex 90.9445 3.5865 0
    endloop
  endfacet
  facet normal -0.857636 0.514258 0
    outer loop
      vertex 91.4135 4.05553 0
      vertex 91.4993 4.19862 3
      vertex 91.4993 4.19862 0
    endloop
  endfacet
  facet normal -0.857636 0.514258 0
    outer loop
      vertex 91.4993 4.19862 3
      vertex 91.4135 4.05553 0
      vertex 91.4135 4.05553 3
    endloop
  endfacet
  facet normal 0.803154 0.595772 0
    outer loop
      vertex 88.6859 3.92153 3
      vertex 88.5865 4.05553 0
      vertex 88.5865 4.05553 3
    endloop
  endfacet
  facet normal 0.803154 0.595772 0
    outer loop
      vertex 88.5865 4.05553 0
      vertex 88.6859 3.92153 3
      vertex 88.6859 3.92153 0
    endloop
  endfacet
  facet normal 0.857652 -0.514231 0
    outer loop
      vertex 88.5007 5.80137 3
      vertex 88.5865 5.94447 0
      vertex 88.5865 5.94447 3
    endloop
  endfacet
  facet normal 0.857652 -0.514231 0
    outer loop
      vertex 88.5865 5.94447 0
      vertex 88.5007 5.80137 3
      vertex 88.5007 5.80137 0
    endloop
  endfacet
  facet normal -0.33683 0.941566 0
    outer loop
      vertex 90.6506 3.4294 0
      vertex 90.4935 3.3732 3
      vertex 90.6506 3.4294 3
    endloop
  endfacet
  facet normal -0.33683 0.941566 0
    outer loop
      vertex 90.4935 3.3732 3
      vertex 90.6506 3.4294 0
      vertex 90.4935 3.3732 0
    endloop
  endfacet
  facet normal 0.998791 -0.0491513 0
    outer loop
      vertex 88.3 5 3
      vertex 88.3082 5.16663 0
      vertex 88.3082 5.16663 3
    endloop
  endfacet
  facet normal 0.998791 -0.0491513 0
    outer loop
      vertex 88.3082 5.16663 0
      vertex 88.3 5 3
      vertex 88.3 5 0
    endloop
  endfacet
  facet normal 0.998791 0.0491513 0
    outer loop
      vertex 88.3082 4.83337 3
      vertex 88.3 5 0
      vertex 88.3 5 3
    endloop
  endfacet
  facet normal 0.998791 0.0491513 0
    outer loop
      vertex 88.3 5 0
      vertex 88.3082 4.83337 3
      vertex 88.3082 4.83337 0
    endloop
  endfacet
  facet normal 0.803154 -0.595772 0
    outer loop
      vertex 88.5865 5.94447 3
      vertex 88.6859 6.07847 0
      vertex 88.6859 6.07847 3
    endloop
  endfacet
  facet normal 0.803154 -0.595772 0
    outer loop
      vertex 88.6859 6.07847 0
      vertex 88.5865 5.94447 3
      vertex 88.5865 5.94447 0
    endloop
  endfacet
  facet normal 0.904054 -0.427419 0
    outer loop
      vertex 45.9294 5.65056 3
      vertex 46.0007 5.80137 0
      vertex 46.0007 5.80137 3
    endloop
  endfacet
  facet normal 0.904054 -0.427419 0
    outer loop
      vertex 46.0007 5.80137 0
      vertex 45.9294 5.65056 3
      vertex 45.9294 5.65056 0
    endloop
  endfacet
  facet normal -0.989158 -0.146857 0
    outer loop
      vertex 49.1918 5.16663 0
      vertex 49.1673 5.33165 3
      vertex 49.1673 5.33165 0
    endloop
  endfacet
  facet normal -0.989158 -0.146857 0
    outer loop
      vertex 49.1673 5.33165 3
      vertex 49.1918 5.16663 0
      vertex 49.1918 5.16663 3
    endloop
  endfacet
  facet normal -0.998791 -0.0491513 0
    outer loop
      vertex 49.2 5 0
      vertex 49.1918 5.16663 3
      vertex 49.1918 5.16663 0
    endloop
  endfacet
  facet normal -0.998791 -0.0491513 0
    outer loop
      vertex 49.1918 5.16663 3
      vertex 49.2 5 0
      vertex 49.2 5 3
    endloop
  endfacet
  facet normal -0.970083 -0.242775 0
    outer loop
      vertex 49.1673 5.33165 0
      vertex 49.1268 5.49348 3
      vertex 49.1268 5.49348 0
    endloop
  endfacet
  facet normal -0.970083 -0.242775 0
    outer loop
      vertex 49.1268 5.49348 3
      vertex 49.1673 5.33165 0
      vertex 49.1673 5.33165 3
    endloop
  endfacet
  facet normal -0.14667 -0.989185 0
    outer loop
      vertex 47.6666 6.69181 0
      vertex 47.8317 6.66733 3
      vertex 47.6666 6.69181 3
    endloop
  endfacet
  facet normal -0.14667 -0.989185 -0
    outer loop
      vertex 47.8317 6.66733 3
      vertex 47.6666 6.69181 0
      vertex 47.8317 6.66733 0
    endloop
  endfacet
  facet normal 0.14667 -0.989185 0
    outer loop
      vertex 47.1683 6.66733 0
      vertex 47.3334 6.69181 3
      vertex 47.1683 6.66733 3
    endloop
  endfacet
  facet normal 0.14667 -0.989185 0
    outer loop
      vertex 47.3334 6.69181 3
      vertex 47.1683 6.66733 0
      vertex 47.3334 6.69181 0
    endloop
  endfacet
  facet normal -0.803154 -0.595772 0
    outer loop
      vertex 48.9135 5.94447 0
      vertex 48.8141 6.07847 3
      vertex 48.8141 6.07847 0
    endloop
  endfacet
  facet normal -0.803154 -0.595772 0
    outer loop
      vertex 48.8141 6.07847 3
      vertex 48.9135 5.94447 0
      vertex 48.9135 5.94447 3
    endloop
  endfacet
  facet normal -0.514099 0.857731 0
    outer loop
      vertex 48.4445 3.5865 0
      vertex 48.3014 3.50073 3
      vertex 48.4445 3.5865 3
    endloop
  endfacet
  facet normal -0.514099 0.857731 0
    outer loop
      vertex 48.3014 3.50073 3
      vertex 48.4445 3.5865 0
      vertex 48.3014 3.50073 0
    endloop
  endfacet
  facet normal -0.595695 -0.803211 0
    outer loop
      vertex 48.4445 6.4135 0
      vertex 48.5785 6.31412 3
      vertex 48.4445 6.4135 3
    endloop
  endfacet
  facet normal -0.595695 -0.803211 -0
    outer loop
      vertex 48.5785 6.31412 3
      vertex 48.4445 6.4135 0
      vertex 48.5785 6.31412 0
    endloop
  endfacet
  facet normal -0.998791 0.0491513 0
    outer loop
      vertex 49.1918 4.83337 0
      vertex 49.2 5 3
      vertex 49.2 5 0
    endloop
  endfacet
  facet normal -0.998791 0.0491513 0
    outer loop
      vertex 49.2 5 3
      vertex 49.1918 4.83337 0
      vertex 49.1918 4.83337 3
    endloop
  endfacet
  facet normal 0.242987 -0.97003 0
    outer loop
      vertex 47.0065 6.6268 0
      vertex 47.1683 6.66733 3
      vertex 47.0065 6.6268 3
    endloop
  endfacet
  facet normal 0.242987 -0.97003 0
    outer loop
      vertex 47.1683 6.66733 3
      vertex 47.0065 6.6268 0
      vertex 47.1683 6.66733 0
    endloop
  endfacet
  facet normal 0.427589 0.903973 -0
    outer loop
      vertex 46.8494 3.4294 0
      vertex 46.6986 3.50073 3
      vertex 46.8494 3.4294 3
    endloop
  endfacet
  facet normal 0.427589 0.903973 0
    outer loop
      vertex 46.6986 3.50073 3
      vertex 46.8494 3.4294 0
      vertex 46.6986 3.50073 0
    endloop
  endfacet
  facet normal -0.42754 -0.903996 0
    outer loop
      vertex 48.1506 6.57059 0
      vertex 48.3014 6.49927 3
      vertex 48.1506 6.57059 3
    endloop
  endfacet
  facet normal -0.42754 -0.903996 -0
    outer loop
      vertex 48.3014 6.49927 3
      vertex 48.1506 6.57059 0
      vertex 48.3014 6.49927 0
    endloop
  endfacet
  facet normal 0.989158 0.146857 0
    outer loop
      vertex 45.8327 4.66835 3
      vertex 45.8082 4.83337 0
      vertex 45.8082 4.83337 3
    endloop
  endfacet
  facet normal 0.989158 0.146857 0
    outer loop
      vertex 45.8082 4.83337 0
      vertex 45.8327 4.66835 3
      vertex 45.8327 4.66835 0
    endloop
  endfacet
  facet normal -0.67161 0.740905 0
    outer loop
      vertex 48.7021 3.79792 0
      vertex 48.5785 3.68588 3
      vertex 48.7021 3.79792 3
    endloop
  endfacet
  facet normal -0.67161 0.740905 0
    outer loop
      vertex 48.5785 3.68588 3
      vertex 48.7021 3.79792 0
      vertex 48.5785 3.68588 0
    endloop
  endfacet
  facet normal 0.42754 -0.903996 0
    outer loop
      vertex 46.6986 6.49927 0
      vertex 46.8494 6.57059 3
      vertex 46.6986 6.49927 3
    endloop
  endfacet
  facet normal 0.42754 -0.903996 0
    outer loop
      vertex 46.8494 6.57059 3
      vertex 46.6986 6.49927 0
      vertex 46.8494 6.57059 0
    endloop
  endfacet
  facet normal -0.970083 0.242775 0
    outer loop
      vertex 49.1268 4.50652 0
      vertex 49.1673 4.66835 3
      vertex 49.1673 4.66835 0
    endloop
  endfacet
  facet normal -0.970083 0.242775 0
    outer loop
      vertex 49.1673 4.66835 3
      vertex 49.1268 4.50652 0
      vertex 49.1268 4.50652 3
    endloop
  endfacet
  facet normal -0.243043 0.970015 0
    outer loop
      vertex 47.9935 3.3732 0
      vertex 47.8317 3.33266 3
      vertex 47.9935 3.3732 3
    endloop
  endfacet
  facet normal -0.243043 0.970015 0
    outer loop
      vertex 47.8317 3.33266 3
      vertex 47.9935 3.3732 0
      vertex 47.8317 3.33266 0
    endloop
  endfacet
  facet normal 0.989158 -0.146857 0
    outer loop
      vertex 45.8082 5.16663 3
      vertex 45.8327 5.33165 0
      vertex 45.8327 5.33165 3
    endloop
  endfacet
  facet normal 0.989158 -0.146857 0
    outer loop
      vertex 45.8327 5.33165 0
      vertex 45.8082 5.16663 3
      vertex 45.8082 5.16663 0
    endloop
  endfacet
  facet normal 0.514099 0.857731 -0
    outer loop
      vertex 46.6986 3.50073 0
      vertex 46.5555 3.5865 3
      vertex 46.6986 3.50073 3
    endloop
  endfacet
  facet normal 0.514099 0.857731 0
    outer loop
      vertex 46.5555 3.5865 3
      vertex 46.6986 3.50073 0
      vertex 46.5555 3.5865 0
    endloop
  endfacet
  facet normal 0.970083 -0.242775 0
    outer loop
      vertex 45.8327 5.33165 3
      vertex 45.8732 5.49348 0
      vertex 45.8732 5.49348 3
    endloop
  endfacet
  facet normal 0.970083 -0.242775 0
    outer loop
      vertex 45.8732 5.49348 0
      vertex 45.8327 5.33165 3
      vertex 45.8327 5.33165 0
    endloop
  endfacet
  facet normal -0.803154 0.595772 0
    outer loop
      vertex 48.8141 3.92153 0
      vertex 48.9135 4.05553 3
      vertex 48.9135 4.05553 0
    endloop
  endfacet
  facet normal -0.803154 0.595772 0
    outer loop
      vertex 48.9135 4.05553 3
      vertex 48.8141 3.92153 0
      vertex 48.8141 3.92153 3
    endloop
  endfacet
  facet normal 0.595695 0.803211 -0
    outer loop
      vertex 46.5555 3.5865 0
      vertex 46.4215 3.68588 3
      vertex 46.5555 3.5865 3
    endloop
  endfacet
  facet normal 0.595695 0.803211 0
    outer loop
      vertex 46.4215 3.68588 3
      vertex 46.5555 3.5865 0
      vertex 46.4215 3.68588 0
    endloop
  endfacet
  facet normal 0.33683 0.941566 -0
    outer loop
      vertex 47.0065 3.3732 0
      vertex 46.8494 3.4294 3
      vertex 47.0065 3.3732 3
    endloop
  endfacet
  facet normal 0.33683 0.941566 0
    outer loop
      vertex 46.8494 3.4294 3
      vertex 47.0065 3.3732 0
      vertex 46.8494 3.4294 0
    endloop
  endfacet
  facet normal -0.336883 -0.941546 0
    outer loop
      vertex 47.9935 6.6268 0
      vertex 48.1506 6.57059 3
      vertex 47.9935 6.6268 3
    endloop
  endfacet
  facet normal -0.336883 -0.941546 -0
    outer loop
      vertex 48.1506 6.57059 3
      vertex 47.9935 6.6268 0
      vertex 48.1506 6.57059 0
    endloop
  endfacet
  facet normal 0.741051 0.671448 0
    outer loop
      vertex 46.2979 3.79792 3
      vertex 46.1859 3.92153 0
      vertex 46.1859 3.92153 3
    endloop
  endfacet
  facet normal 0.741051 0.671448 0
    outer loop
      vertex 46.1859 3.92153 0
      vertex 46.2979 3.79792 3
      vertex 46.2979 3.79792 0
    endloop
  endfacet
  facet normal -0.514099 -0.857731 0
    outer loop
      vertex 48.3014 6.49927 0
      vertex 48.4445 6.4135 3
      vertex 48.3014 6.49927 3
    endloop
  endfacet
  facet normal -0.514099 -0.857731 -0
    outer loop
      vertex 48.4445 6.4135 3
      vertex 48.3014 6.49927 0
      vertex 48.4445 6.4135 0
    endloop
  endfacet
  facet normal 0.336883 -0.941546 0
    outer loop
      vertex 46.8494 6.57059 0
      vertex 47.0065 6.6268 3
      vertex 46.8494 6.57059 3
    endloop
  endfacet
  facet normal 0.336883 -0.941546 0
    outer loop
      vertex 47.0065 6.6268 3
      vertex 46.8494 6.57059 0
      vertex 47.0065 6.6268 0
    endloop
  endfacet
  facet normal 0.904065 0.427396 0
    outer loop
      vertex 46.0007 4.19862 3
      vertex 45.9294 4.34944 0
      vertex 45.9294 4.34944 3
    endloop
  endfacet
  facet normal 0.904065 0.427396 0
    outer loop
      vertex 45.9294 4.34944 0
      vertex 46.0007 4.19862 3
      vertex 46.0007 4.19862 0
    endloop
  endfacet
  facet normal 0.941552 0.336868 0
    outer loop
      vertex 45.9294 4.34944 3
      vertex 45.8732 4.50652 0
      vertex 45.8732 4.50652 3
    endloop
  endfacet
  facet normal 0.941552 0.336868 0
    outer loop
      vertex 45.8732 4.50652 0
      vertex 45.9294 4.34944 3
      vertex 45.9294 4.34944 0
    endloop
  endfacet
  facet normal -0.904054 -0.427419 0
    outer loop
      vertex 49.0706 5.65056 0
      vertex 48.9993 5.80137 3
      vertex 48.9993 5.80137 0
    endloop
  endfacet
  facet normal -0.904054 -0.427419 0
    outer loop
      vertex 48.9993 5.80137 3
      vertex 49.0706 5.65056 0
      vertex 49.0706 5.65056 3
    endloop
  endfacet
  facet normal 0.970083 0.242775 0
    outer loop
      vertex 45.8732 4.50652 3
      vertex 45.8327 4.66835 0
      vertex 45.8327 4.66835 3
    endloop
  endfacet
  facet normal 0.970083 0.242775 0
    outer loop
      vertex 45.8327 4.66835 0
      vertex 45.8732 4.50652 3
      vertex 45.8732 4.50652 0
    endloop
  endfacet
  facet normal 0.595695 -0.803211 0
    outer loop
      vertex 46.4215 6.31412 0
      vertex 46.5555 6.4135 3
      vertex 46.4215 6.31412 3
    endloop
  endfacet
  facet normal 0.595695 -0.803211 0
    outer loop
      vertex 46.5555 6.4135 3
      vertex 46.4215 6.31412 0
      vertex 46.5555 6.4135 0
    endloop
  endfacet
  facet normal 0.67161 0.740905 -0
    outer loop
      vertex 46.4215 3.68588 0
      vertex 46.2979 3.79792 3
      vertex 46.4215 3.68588 3
    endloop
  endfacet
  facet normal 0.67161 0.740905 0
    outer loop
      vertex 46.2979 3.79792 3
      vertex 46.4215 3.68588 0
      vertex 46.2979 3.79792 0
    endloop
  endfacet
  facet normal 0.146612 0.989194 -0
    outer loop
      vertex 47.3334 3.30819 0
      vertex 47.1683 3.33266 3
      vertex 47.3334 3.30819 3
    endloop
  endfacet
  facet normal 0.146612 0.989194 0
    outer loop
      vertex 47.1683 3.33266 3
      vertex 47.3334 3.30819 0
      vertex 47.1683 3.33266 0
    endloop
  endfacet
  facet normal -0.741051 0.671448 0
    outer loop
      vertex 48.7021 3.79792 0
      vertex 48.8141 3.92153 3
      vertex 48.8141 3.92153 0
    endloop
  endfacet
  facet normal -0.741051 0.671448 0
    outer loop
      vertex 48.8141 3.92153 3
      vertex 48.7021 3.79792 0
      vertex 48.7021 3.79792 3
    endloop
  endfacet
  facet normal -0.146612 0.989194 0
    outer loop
      vertex 47.8317 3.33266 0
      vertex 47.6666 3.30819 3
      vertex 47.8317 3.33266 3
    endloop
  endfacet
  facet normal -0.146612 0.989194 0
    outer loop
      vertex 47.6666 3.30819 3
      vertex 47.8317 3.33266 0
      vertex 47.6666 3.30819 0
    endloop
  endfacet
  facet normal 0.514099 -0.857731 0
    outer loop
      vertex 46.5555 6.4135 0
      vertex 46.6986 6.49927 3
      vertex 46.5555 6.4135 3
    endloop
  endfacet
  facet normal 0.514099 -0.857731 0
    outer loop
      vertex 46.6986 6.49927 3
      vertex 46.5555 6.4135 0
      vertex 46.6986 6.49927 0
    endloop
  endfacet
  facet normal -0.0491004 -0.998794 0
    outer loop
      vertex 47.5 6.7 0
      vertex 47.6666 6.69181 3
      vertex 47.5 6.7 3
    endloop
  endfacet
  facet normal -0.0491004 -0.998794 -0
    outer loop
      vertex 47.6666 6.69181 3
      vertex 47.5 6.7 0
      vertex 47.6666 6.69181 0
    endloop
  endfacet
  facet normal 0.857636 0.514258 0
    outer loop
      vertex 46.0865 4.05553 3
      vertex 46.0007 4.19862 0
      vertex 46.0007 4.19862 3
    endloop
  endfacet
  facet normal 0.857636 0.514258 0
    outer loop
      vertex 46.0007 4.19862 0
      vertex 46.0865 4.05553 3
      vertex 46.0865 4.05553 0
    endloop
  endfacet
  facet normal -0.857636 0.514258 0
    outer loop
      vertex 48.9135 4.05553 0
      vertex 48.9993 4.19862 3
      vertex 48.9993 4.19862 0
    endloop
  endfacet
  facet normal -0.857636 0.514258 0
    outer loop
      vertex 48.9993 4.19862 3
      vertex 48.9135 4.05553 0
      vertex 48.9135 4.05553 3
    endloop
  endfacet
  facet normal -0.941552 -0.336868 0
    outer loop
      vertex 49.1268 5.49348 0
      vertex 49.0706 5.65056 3
      vertex 49.0706 5.65056 0
    endloop
  endfacet
  facet normal -0.941552 -0.336868 0
    outer loop
      vertex 49.0706 5.65056 3
      vertex 49.1268 5.49348 0
      vertex 49.1268 5.49348 3
    endloop
  endfacet
  facet normal -0.242987 -0.97003 0
    outer loop
      vertex 47.8317 6.66733 0
      vertex 47.9935 6.6268 3
      vertex 47.8317 6.66733 3
    endloop
  endfacet
  facet normal -0.242987 -0.97003 -0
    outer loop
      vertex 47.9935 6.6268 3
      vertex 47.8317 6.66733 0
      vertex 47.9935 6.6268 0
    endloop
  endfacet
  facet normal 0.941552 -0.336868 0
    outer loop
      vertex 45.8732 5.49348 3
      vertex 45.9294 5.65056 0
      vertex 45.9294 5.65056 3
    endloop
  endfacet
  facet normal 0.941552 -0.336868 0
    outer loop
      vertex 45.9294 5.65056 0
      vertex 45.8732 5.49348 3
      vertex 45.8732 5.49348 0
    endloop
  endfacet
  facet normal -0.67161 -0.740905 0
    outer loop
      vertex 48.5785 6.31412 0
      vertex 48.7021 6.20208 3
      vertex 48.5785 6.31412 3
    endloop
  endfacet
  facet normal -0.67161 -0.740905 -0
    outer loop
      vertex 48.7021 6.20208 3
      vertex 48.5785 6.31412 0
      vertex 48.7021 6.20208 0
    endloop
  endfacet
  facet normal 0.0491004 -0.998794 0
    outer loop
      vertex 47.3334 6.69181 0
      vertex 47.5 6.7 3
      vertex 47.3334 6.69181 3
    endloop
  endfacet
  facet normal 0.0491004 -0.998794 0
    outer loop
      vertex 47.5 6.7 3
      vertex 47.3334 6.69181 0
      vertex 47.5 6.7 0
    endloop
  endfacet
  facet normal -0.427589 0.903973 0
    outer loop
      vertex 48.3014 3.50073 0
      vertex 48.1506 3.4294 3
      vertex 48.3014 3.50073 3
    endloop
  endfacet
  facet normal -0.427589 0.903973 0
    outer loop
      vertex 48.1506 3.4294 3
      vertex 48.3014 3.50073 0
      vertex 48.1506 3.4294 0
    endloop
  endfacet
  facet normal -0.989158 0.146857 0
    outer loop
      vertex 49.1673 4.66835 0
      vertex 49.1918 4.83337 3
      vertex 49.1918 4.83337 0
    endloop
  endfacet
  facet normal -0.989158 0.146857 0
    outer loop
      vertex 49.1918 4.83337 3
      vertex 49.1673 4.66835 0
      vertex 49.1673 4.66835 3
    endloop
  endfacet
  facet normal -0.857652 -0.514231 0
    outer loop
      vertex 48.9993 5.80137 0
      vertex 48.9135 5.94447 3
      vertex 48.9135 5.94447 0
    endloop
  endfacet
  facet normal -0.857652 -0.514231 0
    outer loop
      vertex 48.9135 5.94447 3
      vertex 48.9993 5.80137 0
      vertex 48.9993 5.80137 3
    endloop
  endfacet
  facet normal 0.0491004 0.998794 -0
    outer loop
      vertex 47.5 3.3 0
      vertex 47.3334 3.30819 3
      vertex 47.5 3.3 3
    endloop
  endfacet
  facet normal 0.0491004 0.998794 0
    outer loop
      vertex 47.3334 3.30819 3
      vertex 47.5 3.3 0
      vertex 47.3334 3.30819 0
    endloop
  endfacet
  facet normal 0.67161 -0.740905 0
    outer loop
      vertex 46.2979 6.20208 0
      vertex 46.4215 6.31412 3
      vertex 46.2979 6.20208 3
    endloop
  endfacet
  facet normal 0.67161 -0.740905 0
    outer loop
      vertex 46.4215 6.31412 3
      vertex 46.2979 6.20208 0
      vertex 46.4215 6.31412 0
    endloop
  endfacet
  facet normal 0.741051 -0.671448 0
    outer loop
      vertex 46.1859 6.07847 3
      vertex 46.2979 6.20208 0
      vertex 46.2979 6.20208 3
    endloop
  endfacet
  facet normal 0.741051 -0.671448 0
    outer loop
      vertex 46.2979 6.20208 0
      vertex 46.1859 6.07847 3
      vertex 46.1859 6.07847 0
    endloop
  endfacet
  facet normal -0.904065 0.427396 0
    outer loop
      vertex 48.9993 4.19862 0
      vertex 49.0706 4.34944 3
      vertex 49.0706 4.34944 0
    endloop
  endfacet
  facet normal -0.904065 0.427396 0
    outer loop
      vertex 49.0706 4.34944 3
      vertex 48.9993 4.19862 0
      vertex 48.9993 4.19862 3
    endloop
  endfacet
  facet normal -0.0491004 0.998794 0
    outer loop
      vertex 47.6666 3.30819 0
      vertex 47.5 3.3 3
      vertex 47.6666 3.30819 3
    endloop
  endfacet
  facet normal -0.0491004 0.998794 0
    outer loop
      vertex 47.5 3.3 3
      vertex 47.6666 3.30819 0
      vertex 47.5 3.3 0
    endloop
  endfacet
  facet normal -0.941552 0.336868 0
    outer loop
      vertex 49.0706 4.34944 0
      vertex 49.1268 4.50652 3
      vertex 49.1268 4.50652 0
    endloop
  endfacet
  facet normal -0.941552 0.336868 0
    outer loop
      vertex 49.1268 4.50652 3
      vertex 49.0706 4.34944 0
      vertex 49.0706 4.34944 3
    endloop
  endfacet
  facet normal -0.741051 -0.671448 0
    outer loop
      vertex 48.8141 6.07847 0
      vertex 48.7021 6.20208 3
      vertex 48.7021 6.20208 0
    endloop
  endfacet
  facet normal -0.741051 -0.671448 0
    outer loop
      vertex 48.7021 6.20208 3
      vertex 48.8141 6.07847 0
      vertex 48.8141 6.07847 3
    endloop
  endfacet
  facet normal 0.243043 0.970015 -0
    outer loop
      vertex 47.1683 3.33266 0
      vertex 47.0065 3.3732 3
      vertex 47.1683 3.33266 3
    endloop
  endfacet
  facet normal 0.243043 0.970015 0
    outer loop
      vertex 47.0065 3.3732 3
      vertex 47.1683 3.33266 0
      vertex 47.0065 3.3732 0
    endloop
  endfacet
  facet normal -0.595695 0.803211 0
    outer loop
      vertex 48.5785 3.68588 0
      vertex 48.4445 3.5865 3
      vertex 48.5785 3.68588 3
    endloop
  endfacet
  facet normal -0.595695 0.803211 0
    outer loop
      vertex 48.4445 3.5865 3
      vertex 48.5785 3.68588 0
      vertex 48.4445 3.5865 0
    endloop
  endfacet
  facet normal 0.803154 0.595772 0
    outer loop
      vertex 46.1859 3.92153 3
      vertex 46.0865 4.05553 0
      vertex 46.0865 4.05553 3
    endloop
  endfacet
  facet normal 0.803154 0.595772 0
    outer loop
      vertex 46.0865 4.05553 0
      vertex 46.1859 3.92153 3
      vertex 46.1859 3.92153 0
    endloop
  endfacet
  facet normal 0.857652 -0.514231 0
    outer loop
      vertex 46.0007 5.80137 3
      vertex 46.0865 5.94447 0
      vertex 46.0865 5.94447 3
    endloop
  endfacet
  facet normal 0.857652 -0.514231 0
    outer loop
      vertex 46.0865 5.94447 0
      vertex 46.0007 5.80137 3
      vertex 46.0007 5.80137 0
    endloop
  endfacet
  facet normal -0.33683 0.941566 0
    outer loop
      vertex 48.1506 3.4294 0
      vertex 47.9935 3.3732 3
      vertex 48.1506 3.4294 3
    endloop
  endfacet
  facet normal -0.33683 0.941566 0
    outer loop
      vertex 47.9935 3.3732 3
      vertex 48.1506 3.4294 0
      vertex 47.9935 3.3732 0
    endloop
  endfacet
  facet normal 0.998791 -0.0491513 0
    outer loop
      vertex 45.8 5 3
      vertex 45.8082 5.16663 0
      vertex 45.8082 5.16663 3
    endloop
  endfacet
  facet normal 0.998791 -0.0491513 0
    outer loop
      vertex 45.8082 5.16663 0
      vertex 45.8 5 3
      vertex 45.8 5 0
    endloop
  endfacet
  facet normal 0.998791 0.0491513 0
    outer loop
      vertex 45.8082 4.83337 3
      vertex 45.8 5 0
      vertex 45.8 5 3
    endloop
  endfacet
  facet normal 0.998791 0.0491513 0
    outer loop
      vertex 45.8 5 0
      vertex 45.8082 4.83337 3
      vertex 45.8082 4.83337 0
    endloop
  endfacet
  facet normal 0.803154 -0.595772 0
    outer loop
      vertex 46.0865 5.94447 3
      vertex 46.1859 6.07847 0
      vertex 46.1859 6.07847 3
    endloop
  endfacet
  facet normal 0.803154 -0.595772 0
    outer loop
      vertex 46.1859 6.07847 0
      vertex 46.0865 5.94447 3
      vertex 46.0865 5.94447 0
    endloop
  endfacet
  facet normal 0.903984 -0.427566 0
    outer loop
      vertex 3.4294 5.65056 3
      vertex 3.50073 5.80137 0
      vertex 3.50073 5.80137 3
    endloop
  endfacet
  facet normal 0.903984 -0.427566 0
    outer loop
      vertex 3.50073 5.80137 0
      vertex 3.4294 5.65056 3
      vertex 3.4294 5.65056 0
    endloop
  endfacet
  facet normal -0.989175 -0.14674 0
    outer loop
      vertex 6.69181 5.16663 0
      vertex 6.66733 5.33165 3
      vertex 6.66733 5.33165 0
    endloop
  endfacet
  facet normal -0.989175 -0.14674 0
    outer loop
      vertex 6.66733 5.33165 3
      vertex 6.69181 5.16663 0
      vertex 6.69181 5.16663 3
    endloop
  endfacet
  facet normal -0.998794 -0.0490916 0
    outer loop
      vertex 6.7 5 0
      vertex 6.69181 5.16663 3
      vertex 6.69181 5.16663 0
    endloop
  endfacet
  facet normal -0.998794 -0.0490916 0
    outer loop
      vertex 6.69181 5.16663 3
      vertex 6.7 5 0
      vertex 6.7 5 3
    endloop
  endfacet
  facet normal -0.97004 -0.242945 0
    outer loop
      vertex 6.66733 5.33165 0
      vertex 6.6268 5.49348 3
      vertex 6.6268 5.49348 0
    endloop
  endfacet
  facet normal -0.97004 -0.242945 0
    outer loop
      vertex 6.6268 5.49348 3
      vertex 6.66733 5.33165 0
      vertex 6.66733 5.33165 3
    endloop
  endfacet
  facet normal -0.14674 -0.989175 0
    outer loop
      vertex 5.16663 6.69181 0
      vertex 5.33165 6.66733 3
      vertex 5.16663 6.69181 3
    endloop
  endfacet
  facet normal -0.14674 -0.989175 -0
    outer loop
      vertex 5.33165 6.66733 3
      vertex 5.16663 6.69181 0
      vertex 5.33165 6.66733 0
    endloop
  endfacet
  facet normal 0.14674 -0.989175 0
    outer loop
      vertex 4.66835 6.66733 0
      vertex 4.83337 6.69181 3
      vertex 4.66835 6.66733 3
    endloop
  endfacet
  facet normal 0.14674 -0.989175 0
    outer loop
      vertex 4.83337 6.69181 3
      vertex 4.66835 6.66733 0
      vertex 4.83337 6.69181 0
    endloop
  endfacet
  facet normal -0.803211 -0.595695 0
    outer loop
      vertex 6.4135 5.94447 0
      vertex 6.31412 6.07847 3
      vertex 6.31412 6.07847 0
    endloop
  endfacet
  facet normal -0.803211 -0.595695 0
    outer loop
      vertex 6.31412 6.07847 3
      vertex 6.4135 5.94447 0
      vertex 6.4135 5.94447 3
    endloop
  endfacet
  facet normal -0.514099 0.857731 0
    outer loop
      vertex 5.94447 3.5865 0
      vertex 5.80137 3.50073 3
      vertex 5.94447 3.5865 3
    endloop
  endfacet
  facet normal -0.514099 0.857731 0
    outer loop
      vertex 5.80137 3.50073 3
      vertex 5.94447 3.5865 0
      vertex 5.80137 3.50073 0
    endloop
  endfacet
  facet normal -0.595695 -0.803211 0
    outer loop
      vertex 5.94447 6.4135 0
      vertex 6.07847 6.31412 3
      vertex 5.94447 6.4135 3
    endloop
  endfacet
  facet normal -0.595695 -0.803211 -0
    outer loop
      vertex 6.07847 6.31412 3
      vertex 5.94447 6.4135 0
      vertex 6.07847 6.31412 0
    endloop
  endfacet
  facet normal -0.998794 0.0490916 0
    outer loop
      vertex 6.69181 4.83337 0
      vertex 6.7 5 3
      vertex 6.7 5 0
    endloop
  endfacet
  facet normal -0.998794 0.0490916 0
    outer loop
      vertex 6.7 5 3
      vertex 6.69181 4.83337 0
      vertex 6.69181 4.83337 3
    endloop
  endfacet
  facet normal 0.242945 -0.97004 0
    outer loop
      vertex 4.50652 6.6268 0
      vertex 4.66835 6.66733 3
      vertex 4.50652 6.6268 3
    endloop
  endfacet
  facet normal 0.242945 -0.97004 0
    outer loop
      vertex 4.66835 6.66733 3
      vertex 4.50652 6.6268 0
      vertex 4.66835 6.66733 0
    endloop
  endfacet
  facet normal 0.803211 -0.595695 0
    outer loop
      vertex 3.5865 5.94447 3
      vertex 3.68588 6.07847 0
      vertex 3.68588 6.07847 3
    endloop
  endfacet
  facet normal 0.803211 -0.595695 0
    outer loop
      vertex 3.68588 6.07847 0
      vertex 3.5865 5.94447 3
      vertex 3.5865 5.94447 0
    endloop
  endfacet
  facet normal 0.427543 0.903995 -0
    outer loop
      vertex 4.34944 3.4294 0
      vertex 4.19862 3.50073 3
      vertex 4.34944 3.4294 3
    endloop
  endfacet
  facet normal 0.427543 0.903995 0
    outer loop
      vertex 4.19862 3.50073 3
      vertex 4.34944 3.4294 0
      vertex 4.19862 3.50073 0
    endloop
  endfacet
  facet normal -0.427517 -0.904007 0
    outer loop
      vertex 5.65056 6.57059 0
      vertex 5.80137 6.49927 3
      vertex 5.65056 6.57059 3
    endloop
  endfacet
  facet normal -0.427517 -0.904007 -0
    outer loop
      vertex 5.80137 6.49927 3
      vertex 5.65056 6.57059 0
      vertex 5.80137 6.49927 0
    endloop
  endfacet
  facet normal 0.989184 0.146681 0
    outer loop
      vertex 3.33266 4.66835 3
      vertex 3.30819 4.83337 0
      vertex 3.30819 4.83337 3
    endloop
  endfacet
  facet normal 0.989184 0.146681 0
    outer loop
      vertex 3.30819 4.83337 0
      vertex 3.33266 4.66835 3
      vertex 3.33266 4.66835 0
    endloop
  endfacet
  facet normal -0.67158 0.740932 0
    outer loop
      vertex 6.20208 3.79792 0
      vertex 6.07847 3.68588 3
      vertex 6.20208 3.79792 3
    endloop
  endfacet
  facet normal -0.67158 0.740932 0
    outer loop
      vertex 6.07847 3.68588 3
      vertex 6.20208 3.79792 0
      vertex 6.07847 3.68588 0
    endloop
  endfacet
  facet normal 0.427494 -0.904018 0
    outer loop
      vertex 4.19862 6.49927 0
      vertex 4.34944 6.57059 3
      vertex 4.19862 6.49927 3
    endloop
  endfacet
  facet normal 0.427494 -0.904018 0
    outer loop
      vertex 4.34944 6.57059 3
      vertex 4.19862 6.49927 0
      vertex 4.34944 6.57059 0
    endloop
  endfacet
  facet normal -0.97004 0.242945 0
    outer loop
      vertex 6.6268 4.50652 0
      vertex 6.66733 4.66835 3
      vertex 6.66733 4.66835 0
    endloop
  endfacet
  facet normal -0.97004 0.242945 0
    outer loop
      vertex 6.66733 4.66835 3
      vertex 6.6268 4.50652 0
      vertex 6.6268 4.50652 3
    endloop
  endfacet
  facet normal -0.243001 0.970026 0
    outer loop
      vertex 5.49348 3.3732 0
      vertex 5.33165 3.33266 3
      vertex 5.49348 3.3732 3
    endloop
  endfacet
  facet normal -0.243001 0.970026 0
    outer loop
      vertex 5.33165 3.33266 3
      vertex 5.49348 3.3732 0
      vertex 5.33165 3.33266 0
    endloop
  endfacet
  facet normal 0.989184 -0.146681 0
    outer loop
      vertex 3.30819 5.16663 3
      vertex 3.33266 5.33165 0
      vertex 3.33266 5.33165 3
    endloop
  endfacet
  facet normal 0.989184 -0.146681 0
    outer loop
      vertex 3.33266 5.33165 0
      vertex 3.30819 5.16663 3
      vertex 3.30819 5.16663 0
    endloop
  endfacet
  facet normal 0.514125 0.857715 -0
    outer loop
      vertex 4.19862 3.50073 0
      vertex 4.05553 3.5865 3
      vertex 4.19862 3.50073 3
    endloop
  endfacet
  facet normal 0.514125 0.857715 0
    outer loop
      vertex 4.05553 3.5865 3
      vertex 4.19862 3.50073 0
      vertex 4.05553 3.5865 0
    endloop
  endfacet
  facet normal 0.970026 -0.243001 0
    outer loop
      vertex 3.33266 5.33165 3
      vertex 3.3732 5.49348 0
      vertex 3.3732 5.49348 3
    endloop
  endfacet
  facet normal 0.970026 -0.243001 0
    outer loop
      vertex 3.3732 5.49348 0
      vertex 3.33266 5.33165 3
      vertex 3.33266 5.33165 0
    endloop
  endfacet
  facet normal -0.803211 0.595695 0
    outer loop
      vertex 6.31412 3.92153 0
      vertex 6.4135 4.05553 3
      vertex 6.4135 4.05553 0
    endloop
  endfacet
  facet normal -0.803211 0.595695 0
    outer loop
      vertex 6.4135 4.05553 3
      vertex 6.31412 3.92153 0
      vertex 6.31412 3.92153 3
    endloop
  endfacet
  facet normal 0.595695 0.803211 -0
    outer loop
      vertex 4.05553 3.5865 0
      vertex 3.92153 3.68588 3
      vertex 4.05553 3.5865 3
    endloop
  endfacet
  facet normal 0.595695 0.803211 0
    outer loop
      vertex 3.92153 3.68588 3
      vertex 4.05553 3.5865 0
      vertex 3.92153 3.68588 0
    endloop
  endfacet
  facet normal 0.336868 0.941552 -0
    outer loop
      vertex 4.50652 3.3732 0
      vertex 4.34944 3.4294 3
      vertex 4.50652 3.3732 3
    endloop
  endfacet
  facet normal 0.336868 0.941552 0
    outer loop
      vertex 4.34944 3.4294 3
      vertex 4.50652 3.3732 0
      vertex 4.34944 3.4294 0
    endloop
  endfacet
  facet normal -0.336921 -0.941533 0
    outer loop
      vertex 5.49348 6.6268 0
      vertex 5.65056 6.57059 3
      vertex 5.49348 6.6268 3
    endloop
  endfacet
  facet normal -0.336921 -0.941533 -0
    outer loop
      vertex 5.65056 6.57059 3
      vertex 5.49348 6.6268 0
      vertex 5.65056 6.57059 0
    endloop
  endfacet
  facet normal 0.740932 0.67158 0
    outer loop
      vertex 3.79792 3.79792 3
      vertex 3.68588 3.92153 0
      vertex 3.68588 3.92153 3
    endloop
  endfacet
  facet normal 0.740932 0.67158 0
    outer loop
      vertex 3.68588 3.92153 0
      vertex 3.79792 3.79792 3
      vertex 3.79792 3.79792 0
    endloop
  endfacet
  facet normal -0.514099 -0.857731 0
    outer loop
      vertex 5.80137 6.49927 0
      vertex 5.94447 6.4135 3
      vertex 5.80137 6.49927 3
    endloop
  endfacet
  facet normal -0.514099 -0.857731 -0
    outer loop
      vertex 5.94447 6.4135 3
      vertex 5.80137 6.49927 0
      vertex 5.94447 6.4135 0
    endloop
  endfacet
  facet normal 0.336921 -0.941533 0
    outer loop
      vertex 4.34944 6.57059 0
      vertex 4.50652 6.6268 3
      vertex 4.34944 6.57059 3
    endloop
  endfacet
  facet normal 0.336921 -0.941533 0
    outer loop
      vertex 4.50652 6.6268 3
      vertex 4.34944 6.57059 0
      vertex 4.50652 6.6268 0
    endloop
  endfacet
  facet normal 0.903995 0.427543 0
    outer loop
      vertex 3.50073 4.19862 3
      vertex 3.4294 4.34944 0
      vertex 3.4294 4.34944 3
    endloop
  endfacet
  facet normal 0.903995 0.427543 0
    outer loop
      vertex 3.4294 4.34944 0
      vertex 3.50073 4.19862 3
      vertex 3.50073 4.19862 0
    endloop
  endfacet
  facet normal 0.941552 0.336868 0
    outer loop
      vertex 3.4294 4.34944 3
      vertex 3.3732 4.50652 0
      vertex 3.3732 4.50652 3
    endloop
  endfacet
  facet normal 0.941552 0.336868 0
    outer loop
      vertex 3.3732 4.50652 0
      vertex 3.4294 4.34944 3
      vertex 3.4294 4.34944 0
    endloop
  endfacet
  facet normal -0.904007 -0.427517 0
    outer loop
      vertex 6.57059 5.65056 0
      vertex 6.49927 5.80137 3
      vertex 6.49927 5.80137 0
    endloop
  endfacet
  facet normal -0.904007 -0.427517 0
    outer loop
      vertex 6.49927 5.80137 3
      vertex 6.57059 5.65056 0
      vertex 6.57059 5.65056 3
    endloop
  endfacet
  facet normal 0.970026 0.243001 0
    outer loop
      vertex 3.3732 4.50652 3
      vertex 3.33266 4.66835 0
      vertex 3.33266 4.66835 3
    endloop
  endfacet
  facet normal 0.970026 0.243001 0
    outer loop
      vertex 3.33266 4.66835 0
      vertex 3.3732 4.50652 3
      vertex 3.3732 4.50652 0
    endloop
  endfacet
  facet normal 0.595695 -0.803211 0
    outer loop
      vertex 3.92153 6.31412 0
      vertex 4.05553 6.4135 3
      vertex 3.92153 6.31412 3
    endloop
  endfacet
  facet normal 0.595695 -0.803211 0
    outer loop
      vertex 4.05553 6.4135 3
      vertex 3.92153 6.31412 0
      vertex 4.05553 6.4135 0
    endloop
  endfacet
  facet normal 0.146681 0.989184 -0
    outer loop
      vertex 4.83337 3.30819 0
      vertex 4.66835 3.33266 3
      vertex 4.83337 3.30819 3
    endloop
  endfacet
  facet normal 0.146681 0.989184 0
    outer loop
      vertex 4.66835 3.33266 3
      vertex 4.83337 3.30819 0
      vertex 4.66835 3.33266 0
    endloop
  endfacet
  facet normal -0.740932 0.67158 0
    outer loop
      vertex 6.20208 3.79792 0
      vertex 6.31412 3.92153 3
      vertex 6.31412 3.92153 0
    endloop
  endfacet
  facet normal -0.740932 0.67158 0
    outer loop
      vertex 6.31412 3.92153 3
      vertex 6.20208 3.79792 0
      vertex 6.20208 3.79792 3
    endloop
  endfacet
  facet normal -0.146681 0.989184 0
    outer loop
      vertex 5.33165 3.33266 0
      vertex 5.16663 3.30819 3
      vertex 5.33165 3.33266 3
    endloop
  endfacet
  facet normal -0.146681 0.989184 0
    outer loop
      vertex 5.16663 3.30819 3
      vertex 5.33165 3.33266 0
      vertex 5.16663 3.30819 0
    endloop
  endfacet
  facet normal 0.514125 -0.857715 0
    outer loop
      vertex 4.05553 6.4135 0
      vertex 4.19862 6.49927 3
      vertex 4.05553 6.4135 3
    endloop
  endfacet
  facet normal 0.514125 -0.857715 0
    outer loop
      vertex 4.19862 6.49927 3
      vertex 4.05553 6.4135 0
      vertex 4.19862 6.49927 0
    endloop
  endfacet
  facet normal -0.0490916 -0.998794 0
    outer loop
      vertex 5 6.7 0
      vertex 5.16663 6.69181 3
      vertex 5 6.7 3
    endloop
  endfacet
  facet normal -0.0490916 -0.998794 -0
    outer loop
      vertex 5.16663 6.69181 3
      vertex 5 6.7 0
      vertex 5.16663 6.69181 0
    endloop
  endfacet
  facet normal 0.857715 0.514125 0
    outer loop
      vertex 3.5865 4.05553 3
      vertex 3.50073 4.19862 0
      vertex 3.50073 4.19862 3
    endloop
  endfacet
  facet normal 0.857715 0.514125 0
    outer loop
      vertex 3.50073 4.19862 0
      vertex 3.5865 4.05553 3
      vertex 3.5865 4.05553 0
    endloop
  endfacet
  facet normal -0.857715 0.514125 0
    outer loop
      vertex 6.4135 4.05553 0
      vertex 6.49927 4.19862 3
      vertex 6.49927 4.19862 0
    endloop
  endfacet
  facet normal -0.857715 0.514125 0
    outer loop
      vertex 6.49927 4.19862 3
      vertex 6.4135 4.05553 0
      vertex 6.4135 4.05553 3
    endloop
  endfacet
  facet normal -0.941533 -0.336921 0
    outer loop
      vertex 6.6268 5.49348 0
      vertex 6.57059 5.65056 3
      vertex 6.57059 5.65056 0
    endloop
  endfacet
  facet normal -0.941533 -0.336921 0
    outer loop
      vertex 6.57059 5.65056 3
      vertex 6.6268 5.49348 0
      vertex 6.6268 5.49348 3
    endloop
  endfacet
  facet normal -0.242945 -0.97004 0
    outer loop
      vertex 5.33165 6.66733 0
      vertex 5.49348 6.6268 3
      vertex 5.33165 6.66733 3
    endloop
  endfacet
  facet normal -0.242945 -0.97004 -0
    outer loop
      vertex 5.49348 6.6268 3
      vertex 5.33165 6.66733 0
      vertex 5.49348 6.6268 0
    endloop
  endfacet
  facet normal 0.941552 -0.336868 0
    outer loop
      vertex 3.3732 5.49348 3
      vertex 3.4294 5.65056 0
      vertex 3.4294 5.65056 3
    endloop
  endfacet
  facet normal 0.941552 -0.336868 0
    outer loop
      vertex 3.4294 5.65056 0
      vertex 3.3732 5.49348 3
      vertex 3.3732 5.49348 0
    endloop
  endfacet
  facet normal -0.67158 -0.740932 0
    outer loop
      vertex 6.07847 6.31412 0
      vertex 6.20208 6.20208 3
      vertex 6.07847 6.31412 3
    endloop
  endfacet
  facet normal -0.67158 -0.740932 -0
    outer loop
      vertex 6.20208 6.20208 3
      vertex 6.07847 6.31412 0
      vertex 6.20208 6.20208 0
    endloop
  endfacet
  facet normal 0.0490916 -0.998794 0
    outer loop
      vertex 4.83337 6.69181 0
      vertex 5 6.7 3
      vertex 4.83337 6.69181 3
    endloop
  endfacet
  facet normal 0.0490916 -0.998794 0
    outer loop
      vertex 5 6.7 3
      vertex 4.83337 6.69181 0
      vertex 5 6.7 0
    endloop
  endfacet
  facet normal -0.427566 0.903984 0
    outer loop
      vertex 5.80137 3.50073 0
      vertex 5.65056 3.4294 3
      vertex 5.80137 3.50073 3
    endloop
  endfacet
  facet normal -0.427566 0.903984 0
    outer loop
      vertex 5.65056 3.4294 3
      vertex 5.80137 3.50073 0
      vertex 5.65056 3.4294 0
    endloop
  endfacet
  facet normal -0.989175 0.14674 0
    outer loop
      vertex 6.66733 4.66835 0
      vertex 6.69181 4.83337 3
      vertex 6.69181 4.83337 0
    endloop
  endfacet
  facet normal -0.989175 0.14674 0
    outer loop
      vertex 6.69181 4.83337 3
      vertex 6.66733 4.66835 0
      vertex 6.66733 4.66835 3
    endloop
  endfacet
  facet normal -0.857731 -0.514099 0
    outer loop
      vertex 6.49927 5.80137 0
      vertex 6.4135 5.94447 3
      vertex 6.4135 5.94447 0
    endloop
  endfacet
  facet normal -0.857731 -0.514099 0
    outer loop
      vertex 6.4135 5.94447 3
      vertex 6.49927 5.80137 0
      vertex 6.49927 5.80137 3
    endloop
  endfacet
  facet normal 0.0490916 0.998794 -0
    outer loop
      vertex 5 3.3 0
      vertex 4.83337 3.30819 3
      vertex 5 3.3 3
    endloop
  endfacet
  facet normal 0.0490916 0.998794 0
    outer loop
      vertex 4.83337 3.30819 3
      vertex 5 3.3 0
      vertex 4.83337 3.30819 0
    endloop
  endfacet
  facet normal 0.67158 -0.740932 0
    outer loop
      vertex 3.79792 6.20208 0
      vertex 3.92153 6.31412 3
      vertex 3.79792 6.20208 3
    endloop
  endfacet
  facet normal 0.67158 -0.740932 0
    outer loop
      vertex 3.92153 6.31412 3
      vertex 3.79792 6.20208 0
      vertex 3.92153 6.31412 0
    endloop
  endfacet
  facet normal 0.740932 -0.67158 0
    outer loop
      vertex 3.68588 6.07847 3
      vertex 3.79792 6.20208 0
      vertex 3.79792 6.20208 3
    endloop
  endfacet
  facet normal 0.740932 -0.67158 0
    outer loop
      vertex 3.79792 6.20208 0
      vertex 3.68588 6.07847 3
      vertex 3.68588 6.07847 0
    endloop
  endfacet
  facet normal -0.904018 0.427494 0
    outer loop
      vertex 6.49927 4.19862 0
      vertex 6.57059 4.34944 3
      vertex 6.57059 4.34944 0
    endloop
  endfacet
  facet normal -0.904018 0.427494 0
    outer loop
      vertex 6.57059 4.34944 3
      vertex 6.49927 4.19862 0
      vertex 6.49927 4.19862 3
    endloop
  endfacet
  facet normal -0.0490916 0.998794 0
    outer loop
      vertex 5.16663 3.30819 0
      vertex 5 3.3 3
      vertex 5.16663 3.30819 3
    endloop
  endfacet
  facet normal -0.0490916 0.998794 0
    outer loop
      vertex 5 3.3 3
      vertex 5.16663 3.30819 0
      vertex 5 3.3 0
    endloop
  endfacet
  facet normal 0.67158 0.740932 -0
    outer loop
      vertex 3.92153 3.68588 0
      vertex 3.79792 3.79792 3
      vertex 3.92153 3.68588 3
    endloop
  endfacet
  facet normal 0.67158 0.740932 0
    outer loop
      vertex 3.79792 3.79792 3
      vertex 3.92153 3.68588 0
      vertex 3.79792 3.79792 0
    endloop
  endfacet
  facet normal -0.941533 0.336921 0
    outer loop
      vertex 6.57059 4.34944 0
      vertex 6.6268 4.50652 3
      vertex 6.6268 4.50652 0
    endloop
  endfacet
  facet normal -0.941533 0.336921 0
    outer loop
      vertex 6.6268 4.50652 3
      vertex 6.57059 4.34944 0
      vertex 6.57059 4.34944 3
    endloop
  endfacet
  facet normal -0.740932 -0.67158 0
    outer loop
      vertex 6.31412 6.07847 0
      vertex 6.20208 6.20208 3
      vertex 6.20208 6.20208 0
    endloop
  endfacet
  facet normal -0.740932 -0.67158 0
    outer loop
      vertex 6.20208 6.20208 3
      vertex 6.31412 6.07847 0
      vertex 6.31412 6.07847 3
    endloop
  endfacet
  facet normal 0.243001 0.970026 -0
    outer loop
      vertex 4.66835 3.33266 0
      vertex 4.50652 3.3732 3
      vertex 4.66835 3.33266 3
    endloop
  endfacet
  facet normal 0.243001 0.970026 0
    outer loop
      vertex 4.50652 3.3732 3
      vertex 4.66835 3.33266 0
      vertex 4.50652 3.3732 0
    endloop
  endfacet
  facet normal -0.595695 0.803211 0
    outer loop
      vertex 6.07847 3.68588 0
      vertex 5.94447 3.5865 3
      vertex 6.07847 3.68588 3
    endloop
  endfacet
  facet normal -0.595695 0.803211 0
    outer loop
      vertex 5.94447 3.5865 3
      vertex 6.07847 3.68588 0
      vertex 5.94447 3.5865 0
    endloop
  endfacet
  facet normal 0.803211 0.595695 0
    outer loop
      vertex 3.68588 3.92153 3
      vertex 3.5865 4.05553 0
      vertex 3.5865 4.05553 3
    endloop
  endfacet
  facet normal 0.803211 0.595695 0
    outer loop
      vertex 3.5865 4.05553 0
      vertex 3.68588 3.92153 3
      vertex 3.68588 3.92153 0
    endloop
  endfacet
  facet normal 0.857731 -0.514099 0
    outer loop
      vertex 3.50073 5.80137 3
      vertex 3.5865 5.94447 0
      vertex 3.5865 5.94447 3
    endloop
  endfacet
  facet normal 0.857731 -0.514099 0
    outer loop
      vertex 3.5865 5.94447 0
      vertex 3.50073 5.80137 3
      vertex 3.50073 5.80137 0
    endloop
  endfacet
  facet normal -0.336868 0.941552 0
    outer loop
      vertex 5.65056 3.4294 0
      vertex 5.49348 3.3732 3
      vertex 5.65056 3.4294 3
    endloop
  endfacet
  facet normal -0.336868 0.941552 0
    outer loop
      vertex 5.49348 3.3732 3
      vertex 5.65056 3.4294 0
      vertex 5.49348 3.3732 0
    endloop
  endfacet
  facet normal 0.998794 -0.0490916 0
    outer loop
      vertex 3.3 5 3
      vertex 3.30819 5.16663 0
      vertex 3.30819 5.16663 3
    endloop
  endfacet
  facet normal 0.998794 -0.0490916 0
    outer loop
      vertex 3.30819 5.16663 0
      vertex 3.3 5 3
      vertex 3.3 5 0
    endloop
  endfacet
  facet normal 0.998794 0.0490916 0
    outer loop
      vertex 3.30819 4.83337 3
      vertex 3.3 5 0
      vertex 3.3 5 3
    endloop
  endfacet
  facet normal 0.998794 0.0490916 0
    outer loop
      vertex 3.3 5 0
      vertex 3.30819 4.83337 3
      vertex 3.30819 4.83337 0
    endloop
  endfacet
  facet normal 0.514121 -0.857718 0
    outer loop
      vertex 96.1142 -2.34577 0
      vertex 96.3667 -2.19442 3
      vertex 96.1142 -2.34577 3
    endloop
  endfacet
  facet normal 0.514121 -0.857718 0
    outer loop
      vertex 96.3667 -2.19442 3
      vertex 96.1142 -2.34577 0
      vertex 96.3667 -2.19442 0
    endloop
  endfacet
  facet normal 0 0 -1
    outer loop
      vertex 6.49927 5.80137 0
      vertex 30.46 14.82 0
      vertex 6.57059 5.65056 0
    endloop
  endfacet
  facet normal 0 0 -1
    outer loop
      vertex 30.46 47.87 0
      vertex 6.69181 89.8334 0
      vertex 6.7 90 0
    endloop
  endfacet
  facet normal 0 0 -1
    outer loop
      vertex 6.4135 5.94447 0
      vertex 30.46 14.82 0
      vertex 6.49927 5.80137 0
    endloop
  endfacet
  facet normal 0 0 -1
    outer loop
      vertex 30.46 47.87 0
      vertex 6.66733 89.6684 0
      vertex 6.69181 89.8334 0
    endloop
  endfacet
  facet normal 0 0 -1
    outer loop
      vertex 6.31412 6.07847 0
      vertex 30.46 14.82 0
      vertex 6.4135 5.94447 0
    endloop
  endfacet
  facet normal 0 0 -1
    outer loop
      vertex 30.46 47.87 0
      vertex 6.6268 89.5065 0
      vertex 6.66733 89.6684 0
    endloop
  endfacet
  facet normal 0 0 -1
    outer loop
      vertex 6.20208 6.20208 0
      vertex 30.46 14.82 0
      vertex 6.31412 6.07847 0
    endloop
  endfacet
  facet normal 0 0 -1
    outer loop
      vertex 30.46 47.87 0
      vertex 6.57059 89.3494 0
      vertex 6.6268 89.5065 0
    endloop
  endfacet
  facet normal 0 0 -1
    outer loop
      vertex 6.07847 6.31412 0
      vertex 30.46 14.82 0
      vertex 6.20208 6.20208 0
    endloop
  endfacet
  facet normal 0 0 -1
    outer loop
      vertex 30.46 47.87 0
      vertex 6.49927 89.1986 0
      vertex 6.57059 89.3494 0
    endloop
  endfacet
  facet normal 0 0 -1
    outer loop
      vertex 5.94447 6.4135 0
      vertex 30.46 14.82 0
      vertex 6.07847 6.31412 0
    endloop
  endfacet
  facet normal 0 0 -1
    outer loop
      vertex 30.46 47.87 0
      vertex 6.4135 89.0555 0
      vertex 6.49927 89.1986 0
    endloop
  endfacet
  facet normal 0 0 -1
    outer loop
      vertex 5.80137 6.49927 0
      vertex 30.46 14.82 0
      vertex 5.94447 6.4135 0
    endloop
  endfacet
  facet normal 0 0 -1
    outer loop
      vertex 30.46 47.87 0
      vertex 6.31412 88.9215 0
      vertex 6.4135 89.0555 0
    endloop
  endfacet
  facet normal -0 0 -1
    outer loop
      vertex 30.46 14.82 0
      vertex 5.80137 6.49927 0
      vertex 30.46 28.82 0
    endloop
  endfacet
  facet normal 0 0 -1
    outer loop
      vertex 30.46 47.87 0
      vertex 6.20208 88.7979 0
      vertex 6.31412 88.9215 0
    endloop
  endfacet
  facet normal 0 0 -1
    outer loop
      vertex 5.65056 6.57059 0
      vertex 30.46 28.82 0
      vertex 5.80137 6.49927 0
    endloop
  endfacet
  facet normal 0 0 -1
    outer loop
      vertex 30.46 47.87 0
      vertex 6.07847 88.6859 0
      vertex 6.20208 88.7979 0
    endloop
  endfacet
  facet normal 0 0 -1
    outer loop
      vertex 5.49348 6.6268 0
      vertex 30.46 28.82 0
      vertex 5.65056 6.57059 0
    endloop
  endfacet
  facet normal 0 0 -1
    outer loop
      vertex 30.46 47.87 0
      vertex 5.94447 88.5865 0
      vertex 6.07847 88.6859 0
    endloop
  endfacet
  facet normal 0 0 -1
    outer loop
      vertex 5.33165 6.66733 0
      vertex 30.46 28.82 0
      vertex 5.49348 6.6268 0
    endloop
  endfacet
  facet normal 0 0 -1
    outer loop
      vertex 30.46 47.87 0
      vertex 5.80137 88.5007 0
      vertex 5.94447 88.5865 0
    endloop
  endfacet
  facet normal 0 0 -1
    outer loop
      vertex 5.16663 6.69181 0
      vertex 30.46 28.82 0
      vertex 5.33165 6.66733 0
    endloop
  endfacet
  facet normal 0 0 -1
    outer loop
      vertex 30.46 47.87 0
      vertex 5.65056 88.4294 0
      vertex 5.80137 88.5007 0
    endloop
  endfacet
  facet normal 0 0 -1
    outer loop
      vertex 5 6.7 0
      vertex 30.46 28.82 0
      vertex 5.16663 6.69181 0
    endloop
  endfacet
  facet normal 0 0 -1
    outer loop
      vertex 30.46 47.87 0
      vertex 5.49348 88.3732 0
      vertex 5.65056 88.4294 0
    endloop
  endfacet
  facet normal -0 0 -1
    outer loop
      vertex 30.46 28.82 0
      vertex 5 6.7 0
      vertex 30.46 33.87 0
    endloop
  endfacet
  facet normal 0 0 -1
    outer loop
      vertex 30.46 47.87 0
      vertex 5.33165 88.3327 0
      vertex 5.49348 88.3732 0
    endloop
  endfacet
  facet normal 0 0 -1
    outer loop
      vertex 4.83337 6.69181 0
      vertex 30.46 33.87 0
      vertex 5 6.7 0
    endloop
  endfacet
  facet normal 0 0 -1
    outer loop
      vertex 30.46 47.87 0
      vertex 5.16663 88.3082 0
      vertex 5.33165 88.3327 0
    endloop
  endfacet
  facet normal 0 0 -1
    outer loop
      vertex 4.66835 6.66733 0
      vertex 30.46 33.87 0
      vertex 4.83337 6.69181 0
    endloop
  endfacet
  facet normal 0 0 -1
    outer loop
      vertex 30.46 47.87 0
      vertex 5 88.3 0
      vertex 5.16663 88.3082 0
    endloop
  endfacet
  facet normal -0 0 -1
    outer loop
      vertex 30.46 33.87 0
      vertex 4.66835 6.66733 0
      vertex 30.46 47.87 0
    endloop
  endfacet
  facet normal 0 0 -1
    outer loop
      vertex 30.46 47.87 0
      vertex 4.83337 88.3082 0
      vertex 5 88.3 0
    endloop
  endfacet
  facet normal 0 0 -1
    outer loop
      vertex 4.50652 6.6268 0
      vertex 30.46 47.87 0
      vertex 4.66835 6.66733 0
    endloop
  endfacet
  facet normal 0 0 -1
    outer loop
      vertex 30.46 47.87 0
      vertex 4.66835 88.3327 0
      vertex 4.83337 88.3082 0
    endloop
  endfacet
  facet normal 0 0 -1
    outer loop
      vertex 4.34944 6.57059 0
      vertex 30.46 47.87 0
      vertex 4.50652 6.6268 0
    endloop
  endfacet
  facet normal 0 0 -1
    outer loop
      vertex 30.46 47.87 0
      vertex 4.50652 88.3732 0
      vertex 4.66835 88.3327 0
    endloop
  endfacet
  facet normal 0 0 -1
    outer loop
      vertex 4.34944 88.4294 0
      vertex 30.46 47.87 0
      vertex 4.34944 6.57059 0
    endloop
  endfacet
  facet normal 0 0 -1
    outer loop
      vertex 30.46 47.87 0
      vertex 4.34944 88.4294 0
      vertex 4.50652 88.3732 0
    endloop
  endfacet
  facet normal 0 0 -1
    outer loop
      vertex 4.19862 6.49927 0
      vertex 4.34944 88.4294 0
      vertex 4.34944 6.57059 0
    endloop
  endfacet
  facet normal 0 0 -1
    outer loop
      vertex 4.19862 6.49927 0
      vertex 4.19862 88.5007 0
      vertex 4.34944 88.4294 0
    endloop
  endfacet
  facet normal 0 0 -1
    outer loop
      vertex 4.05553 6.4135 0
      vertex 4.19862 88.5007 0
      vertex 4.19862 6.49927 0
    endloop
  endfacet
  facet normal 0 0 -1
    outer loop
      vertex 4.05553 6.4135 0
      vertex 4.05553 88.5865 0
      vertex 4.19862 88.5007 0
    endloop
  endfacet
  facet normal 0 0 -1
    outer loop
      vertex 3.92153 6.31412 0
      vertex 4.05553 88.5865 0
      vertex 4.05553 6.4135 0
    endloop
  endfacet
  facet normal 0 0 -1
    outer loop
      vertex 3.92153 6.31412 0
      vertex 3.92153 88.6859 0
      vertex 4.05553 88.5865 0
    endloop
  endfacet
  facet normal 0 0 -1
    outer loop
      vertex 3.79792 6.20208 0
      vertex 3.92153 88.6859 0
      vertex 3.92153 6.31412 0
    endloop
  endfacet
  facet normal 0 0 -1
    outer loop
      vertex 3.79792 6.20208 0
      vertex 3.79792 88.7979 0
      vertex 3.92153 88.6859 0
    endloop
  endfacet
  facet normal 0 0 -1
    outer loop
      vertex -2.7 0.299999 0
      vertex 3.79792 6.20208 0
      vertex 3.68588 6.07847 0
    endloop
  endfacet
  facet normal -0 0 -1
    outer loop
      vertex 3.79792 6.20208 0
      vertex -2.7 0.299999 0
      vertex 3.79792 88.7979 0
    endloop
  endfacet
  facet normal 0 0 -1
    outer loop
      vertex -2.7 0.299999 0
      vertex 3.68588 6.07847 0
      vertex 3.5865 5.94447 0
    endloop
  endfacet
  facet normal 0 0 -1
    outer loop
      vertex -2.7 94.7 0
      vertex 3.79792 88.7979 0
      vertex -2.7 0.299999 0
    endloop
  endfacet
  facet normal 0 0 -1
    outer loop
      vertex -2.7 0.299999 0
      vertex 3.5865 5.94447 0
      vertex 3.50073 5.80137 0
    endloop
  endfacet
  facet normal 0 0 -1
    outer loop
      vertex 3.79792 88.7979 0
      vertex -2.7 94.7 0
      vertex 3.68588 88.9215 0
    endloop
  endfacet
  facet normal 0 0 -1
    outer loop
      vertex -2.7 0.299999 0
      vertex 3.50073 5.80137 0
      vertex 3.4294 5.65056 0
    endloop
  endfacet
  facet normal 0 0 -1
    outer loop
      vertex 3.68588 88.9215 0
      vertex -2.7 94.7 0
      vertex 3.5865 89.0555 0
    endloop
  endfacet
  facet normal 0 0 -1
    outer loop
      vertex -2.7 0.299999 0
      vertex 3.4294 5.65056 0
      vertex 3.3732 5.49348 0
    endloop
  endfacet
  facet normal 0 0 -1
    outer loop
      vertex 3.5865 89.0555 0
      vertex -2.7 94.7 0
      vertex 3.50073 89.1986 0
    endloop
  endfacet
  facet normal 0 0 -1
    outer loop
      vertex -2.7 0.299999 0
      vertex 3.3732 5.49348 0
      vertex 3.33266 5.33165 0
    endloop
  endfacet
  facet normal 0 0 -1
    outer loop
      vertex 3.50073 89.1986 0
      vertex -2.7 94.7 0
      vertex 3.4294 89.3494 0
    endloop
  endfacet
  facet normal 0 0 -1
    outer loop
      vertex -2.7 0.299999 0
      vertex 3.33266 5.33165 0
      vertex 3.30819 5.16663 0
    endloop
  endfacet
  facet normal 0 0 -1
    outer loop
      vertex 3.4294 89.3494 0
      vertex -2.7 94.7 0
      vertex 3.3732 89.5065 0
    endloop
  endfacet
  facet normal 0 0 -1
    outer loop
      vertex -2.7 0.299999 0
      vertex 3.30819 5.16663 0
      vertex 3.3 5 0
    endloop
  endfacet
  facet normal 0 0 -1
    outer loop
      vertex 3.3732 89.5065 0
      vertex -2.7 94.7 0
      vertex 3.33266 89.6684 0
    endloop
  endfacet
  facet normal 0 0 -1
    outer loop
      vertex 46.32 74.52 0
      vertex 40.9807 79.1079 0
      vertex 41 79.5 0
    endloop
  endfacet
  facet normal 0 0 -1
    outer loop
      vertex 46.32 74.52 0
      vertex 40.9231 78.7196 0
      vertex 40.9807 79.1079 0
    endloop
  endfacet
  facet normal 0 0 -1
    outer loop
      vertex 46.32 74.52 0
      vertex 40.8278 78.3389 0
      vertex 40.9231 78.7196 0
    endloop
  endfacet
  facet normal 0 0 -1
    outer loop
      vertex 46.32 74.52 0
      vertex 40.6955 77.9693 0
      vertex 40.8278 78.3389 0
    endloop
  endfacet
  facet normal 0 0 -1
    outer loop
      vertex 46.32 74.52 0
      vertex 40.5277 77.6144 0
      vertex 40.6955 77.9693 0
    endloop
  endfacet
  facet normal 0 0 -1
    outer loop
      vertex 46.32 74.52 0
      vertex 40.3259 77.2777 0
      vertex 40.5277 77.6144 0
    endloop
  endfacet
  facet normal 0 0 -1
    outer loop
      vertex 46.32 74.52 0
      vertex 40.092 76.9624 0
      vertex 40.3259 77.2777 0
    endloop
  endfacet
  facet normal 0 0 -1
    outer loop
      vertex 46.32 74.52 0
      vertex 39.8284 76.6716 0
      vertex 40.092 76.9624 0
    endloop
  endfacet
  facet normal 0 0 -1
    outer loop
      vertex 46.32 74.52 0
      vertex 39.5376 76.408 0
      vertex 39.8284 76.6716 0
    endloop
  endfacet
  facet normal 0 0 -1
    outer loop
      vertex 46.32 74.52 0
      vertex 39.2223 76.1741 0
      vertex 39.5376 76.408 0
    endloop
  endfacet
  facet normal 0 0 -1
    outer loop
      vertex 44.46 66.92 0
      vertex 38.8856 75.9723 0
      vertex 39.2223 76.1741 0
    endloop
  endfacet
  facet normal 0 0 -1
    outer loop
      vertex 44.46 66.92 0
      vertex 38.5307 75.8045 0
      vertex 38.8856 75.9723 0
    endloop
  endfacet
  facet normal 0 0 -1
    outer loop
      vertex 44.46 66.92 0
      vertex 38.1611 75.6722 0
      vertex 38.5307 75.8045 0
    endloop
  endfacet
  facet normal 0 0 -1
    outer loop
      vertex 44.46 66.92 0
      vertex 37.7804 75.5769 0
      vertex 38.1611 75.6722 0
    endloop
  endfacet
  facet normal 0 0 -1
    outer loop
      vertex 44.46 66.92 0
      vertex 37.3921 75.5193 0
      vertex 37.7804 75.5769 0
    endloop
  endfacet
  facet normal 0 0 -1
    outer loop
      vertex 44.46 66.92 0
      vertex 37 75.5 0
      vertex 37.3921 75.5193 0
    endloop
  endfacet
  facet normal 0 0 -1
    outer loop
      vertex 30.46 66.92 0
      vertex 37 75.5 0
      vertex 44.46 66.92 0
    endloop
  endfacet
  facet normal -0 0 -1
    outer loop
      vertex 37 75.5 0
      vertex 30.46 66.92 0
      vertex 36.6079 75.5193 0
    endloop
  endfacet
  facet normal -0 0 -1
    outer loop
      vertex 36.6079 75.5193 0
      vertex 30.46 66.92 0
      vertex 36.2196 75.5769 0
    endloop
  endfacet
  facet normal -0 0 -1
    outer loop
      vertex 36.2196 75.5769 0
      vertex 30.46 66.92 0
      vertex 35.8389 75.6722 0
    endloop
  endfacet
  facet normal -0 0 -1
    outer loop
      vertex 35.8389 75.6722 0
      vertex 30.46 66.92 0
      vertex 35.4693 75.8045 0
    endloop
  endfacet
  facet normal -0 0 -1
    outer loop
      vertex 35.4693 75.8045 0
      vertex 30.46 66.92 0
      vertex 35.1144 75.9723 0
    endloop
  endfacet
  facet normal -0 0 -1
    outer loop
      vertex 35.1144 75.9723 0
      vertex 30.46 66.92 0
      vertex 34.7777 76.1741 0
    endloop
  endfacet
  facet normal -0 0 -1
    outer loop
      vertex 34.7777 76.1741 0
      vertex 30.46 66.92 0
      vertex 34.4624 76.408 0
    endloop
  endfacet
  facet normal 0 0 -1
    outer loop
      vertex 33.0769 78.7196 0
      vertex 6.7 90 0
      vertex 33.0193 79.1079 0
    endloop
  endfacet
  facet normal 0 0 -1
    outer loop
      vertex 6.7 90 0
      vertex 33.0769 78.7196 0
      vertex 30.46 66.92 0
    endloop
  endfacet
  facet normal -0 0 -1
    outer loop
      vertex 33.1722 78.3389 0
      vertex 30.46 66.92 0
      vertex 33.0769 78.7196 0
    endloop
  endfacet
  facet normal -0 0 -1
    outer loop
      vertex 33.3045 77.9693 0
      vertex 30.46 66.92 0
      vertex 33.1722 78.3389 0
    endloop
  endfacet
  facet normal -0 0 -1
    outer loop
      vertex 33.4723 77.6144 0
      vertex 30.46 66.92 0
      vertex 33.3045 77.9693 0
    endloop
  endfacet
  facet normal -0 0 -1
    outer loop
      vertex 33.6741 77.2777 0
      vertex 30.46 66.92 0
      vertex 33.4723 77.6144 0
    endloop
  endfacet
  facet normal -0 0 -1
    outer loop
      vertex 33.908 76.9624 0
      vertex 30.46 66.92 0
      vertex 33.6741 77.2777 0
    endloop
  endfacet
  facet normal -0 0 -1
    outer loop
      vertex 34.1716 76.6716 0
      vertex 30.46 66.92 0
      vertex 33.908 76.9624 0
    endloop
  endfacet
  facet normal -0 0 -1
    outer loop
      vertex 34.4624 76.408 0
      vertex 30.46 66.92 0
      vertex 34.1716 76.6716 0
    endloop
  endfacet
  facet normal 0 0 -1
    outer loop
      vertex 30.46 47.87 0
      vertex 44.46 52.92 0
      vertex 44.46 47.87 0
    endloop
  endfacet
  facet normal -0 0 -1
    outer loop
      vertex 44.46 52.92 0
      vertex 30.46 47.87 0
      vertex 30.46 52.92 0
    endloop
  endfacet
  facet normal 0 0 -1
    outer loop
      vertex 30.46 28.82 0
      vertex 44.46 33.87 0
      vertex 44.46 28.82 0
    endloop
  endfacet
  facet normal -0 0 -1
    outer loop
      vertex 44.46 33.87 0
      vertex 30.46 28.82 0
      vertex 30.46 33.87 0
    endloop
  endfacet
  facet normal 0 0 -1
    outer loop
      vertex 49.51 47.87 0
      vertex 63.51 52.92 0
      vertex 63.51 47.87 0
    endloop
  endfacet
  facet normal -0 0 -1
    outer loop
      vertex 63.51 52.92 0
      vertex 49.51 47.87 0
      vertex 49.51 52.92 0
    endloop
  endfacet
  facet normal 0 0 -1
    outer loop
      vertex 49.51 28.82 0
      vertex 63.51 33.87 0
      vertex 63.51 28.82 0
    endloop
  endfacet
  facet normal -0 0 -1
    outer loop
      vertex 63.51 33.87 0
      vertex 49.51 28.82 0
      vertex 49.51 33.87 0
    endloop
  endfacet
  facet normal 0 0 -1
    outer loop
      vertex 68.56 47.87 0
      vertex 82.56 52.92 0
      vertex 82.56 47.87 0
    endloop
  endfacet
  facet normal -0 0 -1
    outer loop
      vertex 82.56 52.92 0
      vertex 68.56 47.87 0
      vertex 68.56 52.92 0
    endloop
  endfacet
  facet normal 0 0 -1
    outer loop
      vertex 68.56 28.82 0
      vertex 82.56 33.87 0
      vertex 82.56 28.82 0
    endloop
  endfacet
  facet normal -0 0 -1
    outer loop
      vertex 82.56 33.87 0
      vertex 68.56 28.82 0
      vertex 68.56 33.87 0
    endloop
  endfacet
  facet normal 0 0 -1
    outer loop
      vertex 91.6673 47.3317 0
      vertex 97.7 94.7 0
      vertex 91.6918 47.1666 0
    endloop
  endfacet
  facet normal 0 0 -1
    outer loop
      vertex 97.7 94.7 0
      vertex 91.6918 89.8334 0
      vertex 91.7 90 0
    endloop
  endfacet
  facet normal 0 0 -1
    outer loop
      vertex 91.6268 47.4935 0
      vertex 97.7 94.7 0
      vertex 91.6673 47.3317 0
    endloop
  endfacet
  facet normal 0 0 -1
    outer loop
      vertex 97.7 94.7 0
      vertex 91.6673 89.6684 0
      vertex 91.6918 89.8334 0
    endloop
  endfacet
  facet normal 0 0 -1
    outer loop
      vertex 91.5706 47.6506 0
      vertex 97.7 94.7 0
      vertex 91.6268 47.4935 0
    endloop
  endfacet
  facet normal 0 0 -1
    outer loop
      vertex 97.7 94.7 0
      vertex 91.6268 89.5065 0
      vertex 91.6673 89.6684 0
    endloop
  endfacet
  facet normal 0 0 -1
    outer loop
      vertex 91.4993 47.8014 0
      vertex 97.7 94.7 0
      vertex 91.5706 47.6506 0
    endloop
  endfacet
  facet normal 0 0 -1
    outer loop
      vertex 97.7 94.7 0
      vertex 91.5706 89.3494 0
      vertex 91.6268 89.5065 0
    endloop
  endfacet
  facet normal 0 0 -1
    outer loop
      vertex 91.4135 47.9445 0
      vertex 97.7 94.7 0
      vertex 91.4993 47.8014 0
    endloop
  endfacet
  facet normal 0 0 -1
    outer loop
      vertex 97.7 94.7 0
      vertex 91.4993 89.1986 0
      vertex 91.5706 89.3494 0
    endloop
  endfacet
  facet normal 0 0 -1
    outer loop
      vertex 97.7 94.7 0
      vertex 91.4135 47.9445 0
      vertex 86.32 74.52 0
    endloop
  endfacet
  facet normal 0 -0 -1
    outer loop
      vertex 91.3141 88.9215 0
      vertex 97.7 94.7 0
      vertex 86.32 74.52 0
    endloop
  endfacet
  facet normal 0 0 -1
    outer loop
      vertex 86.32 74.52 0
      vertex 91.4135 47.9445 0
      vertex 91.3141 48.0785 0
    endloop
  endfacet
  facet normal 0 0 -1
    outer loop
      vertex 97.7 94.7 0
      vertex 91.4135 89.0555 0
      vertex 91.4993 89.1986 0
    endloop
  endfacet
  facet normal 0 0 -1
    outer loop
      vertex 86.32 74.52 0
      vertex 91.3141 48.0785 0
      vertex 91.2021 48.2021 0
    endloop
  endfacet
  facet normal 0 0 -1
    outer loop
      vertex 97.7 94.7 0
      vertex 91.3141 88.9215 0
      vertex 91.4135 89.0555 0
    endloop
  endfacet
  facet normal 0 0 -1
    outer loop
      vertex 86.32 74.52 0
      vertex 91.2021 48.2021 0
      vertex 91.0785 48.3141 0
    endloop
  endfacet
  facet normal 0 0 -1
    outer loop
      vertex 91.3141 88.9215 0
      vertex 86.32 74.52 0
      vertex 91.2021 88.7979 0
    endloop
  endfacet
  facet normal 0 0 -1
    outer loop
      vertex 86.32 74.52 0
      vertex 91.0785 48.3141 0
      vertex 90.9445 48.4135 0
    endloop
  endfacet
  facet normal 0 0 -1
    outer loop
      vertex 91.2021 88.7979 0
      vertex 86.32 74.52 0
      vertex 91.0785 88.6859 0
    endloop
  endfacet
  facet normal 0 0 -1
    outer loop
      vertex 86.32 74.52 0
      vertex 90.9445 48.4135 0
      vertex 90.8014 48.4993 0
    endloop
  endfacet
  facet normal 0 0 -1
    outer loop
      vertex 91.0785 88.6859 0
      vertex 86.32 74.52 0
      vertex 90.9445 88.5865 0
    endloop
  endfacet
  facet normal 0 0 -1
    outer loop
      vertex 82.56 66.92 0
      vertex 90.8014 48.4993 0
      vertex 90.6506 48.5706 0
    endloop
  endfacet
  facet normal 0 0 -1
    outer loop
      vertex 90.9445 88.5865 0
      vertex 86.32 74.52 0
      vertex 90.8014 88.5007 0
    endloop
  endfacet
  facet normal 0 0 -1
    outer loop
      vertex 82.56 66.92 0
      vertex 90.6506 48.5706 0
      vertex 90.4935 48.6268 0
    endloop
  endfacet
  facet normal 0 0 -1
    outer loop
      vertex 90.8014 88.5007 0
      vertex 86.32 74.52 0
      vertex 90.6506 88.4294 0
    endloop
  endfacet
  facet normal 0 0 -1
    outer loop
      vertex 82.56 66.92 0
      vertex 90.4935 48.6268 0
      vertex 90.3316 48.6673 0
    endloop
  endfacet
  facet normal 0 0 -1
    outer loop
      vertex 90.6506 88.4294 0
      vertex 86.32 74.52 0
      vertex 90.4935 88.3732 0
    endloop
  endfacet
  facet normal 0 0 -1
    outer loop
      vertex 82.56 66.92 0
      vertex 90.3316 48.6673 0
      vertex 90.1666 48.6918 0
    endloop
  endfacet
  facet normal 0 0 -1
    outer loop
      vertex 90.4935 88.3732 0
      vertex 86.32 74.52 0
      vertex 90.3316 88.3327 0
    endloop
  endfacet
  facet normal 0 0 -1
    outer loop
      vertex 82.56 52.92 0
      vertex 90.1666 48.6918 0
      vertex 90 48.7 0
    endloop
  endfacet
  facet normal 0 0 -1
    outer loop
      vertex 90.3316 88.3327 0
      vertex 86.32 74.52 0
      vertex 90.1666 88.3082 0
    endloop
  endfacet
  facet normal 0 0 -1
    outer loop
      vertex 82.56 52.92 0
      vertex 90 48.7 0
      vertex 89.8334 48.6918 0
    endloop
  endfacet
  facet normal 0 0 -1
    outer loop
      vertex 90.1666 88.3082 0
      vertex 86.32 74.52 0
      vertex 90 88.3 0
    endloop
  endfacet
  facet normal 0 0 -1
    outer loop
      vertex 82.56 52.92 0
      vertex 89.8334 48.6918 0
      vertex 89.6684 48.6673 0
    endloop
  endfacet
  facet normal -0 0 -1
    outer loop
      vertex 90 88.3 0
      vertex 86.32 74.52 0
      vertex 89.8334 88.3082 0
    endloop
  endfacet
  facet normal 0 0 -1
    outer loop
      vertex 82.56 52.92 0
      vertex 89.6684 48.6673 0
      vertex 89.5065 48.6268 0
    endloop
  endfacet
  facet normal 0 0 -1
    outer loop
      vertex 86.32 87.52 0
      vertex 89.8334 88.3082 0
      vertex 86.32 74.52 0
    endloop
  endfacet
  facet normal 0 0 -1
    outer loop
      vertex 82.56 52.92 0
      vertex 89.5065 48.6268 0
      vertex 89.3494 48.5706 0
    endloop
  endfacet
  facet normal -0 0 -1
    outer loop
      vertex 89.8334 88.3082 0
      vertex 86.32 87.52 0
      vertex 89.6684 88.3327 0
    endloop
  endfacet
  facet normal 0 0 -1
    outer loop
      vertex 82.56 52.92 0
      vertex 89.3494 48.5706 0
      vertex 89.1986 48.4993 0
    endloop
  endfacet
  facet normal -0 0 -1
    outer loop
      vertex 89.6684 88.3327 0
      vertex 86.32 87.52 0
      vertex 89.5065 88.3732 0
    endloop
  endfacet
  facet normal 0 0 -1
    outer loop
      vertex 82.56 52.92 0
      vertex 89.1986 48.4993 0
      vertex 89.0555 48.4135 0
    endloop
  endfacet
  facet normal -0 0 -1
    outer loop
      vertex 89.5065 88.3732 0
      vertex 86.32 87.52 0
      vertex 89.3494 88.4294 0
    endloop
  endfacet
  facet normal 0 0 -1
    outer loop
      vertex 82.56 52.92 0
      vertex 89.0555 48.4135 0
      vertex 88.9215 48.3141 0
    endloop
  endfacet
  facet normal -0 0 -1
    outer loop
      vertex 89.3494 88.4294 0
      vertex 86.32 87.52 0
      vertex 89.1986 88.5007 0
    endloop
  endfacet
  facet normal 0 0 -1
    outer loop
      vertex 82.56 52.92 0
      vertex 88.9215 48.3141 0
      vertex 88.7979 48.2021 0
    endloop
  endfacet
  facet normal -0 0 -1
    outer loop
      vertex 89.1986 88.5007 0
      vertex 86.32 87.52 0
      vertex 89.0555 88.5865 0
    endloop
  endfacet
  facet normal 0 0 -1
    outer loop
      vertex 82.56 52.92 0
      vertex 88.7979 48.2021 0
      vertex 88.6859 48.0785 0
    endloop
  endfacet
  facet normal -0 0 -1
    outer loop
      vertex 89.0555 88.5865 0
      vertex 86.32 87.52 0
      vertex 88.9215 88.6859 0
    endloop
  endfacet
  facet normal 0 0 -1
    outer loop
      vertex 82.56 47.87 0
      vertex 88.6859 48.0785 0
      vertex 88.5865 47.9445 0
    endloop
  endfacet
  facet normal -0 0 -1
    outer loop
      vertex 88.9215 88.6859 0
      vertex 86.32 87.52 0
      vertex 88.7979 88.7979 0
    endloop
  endfacet
  facet normal 0 0 -1
    outer loop
      vertex 82.56 47.87 0
      vertex 88.5865 47.9445 0
      vertex 88.5007 47.8014 0
    endloop
  endfacet
  facet normal -0 0 -1
    outer loop
      vertex 88.7979 88.7979 0
      vertex 86.32 87.52 0
      vertex 88.6859 88.9215 0
    endloop
  endfacet
  facet normal 0 0 -1
    outer loop
      vertex 82.56 47.87 0
      vertex 88.5007 47.8014 0
      vertex 88.4294 47.6506 0
    endloop
  endfacet
  facet normal -0 0 -1
    outer loop
      vertex 88.6859 88.9215 0
      vertex 86.32 87.52 0
      vertex 88.5865 89.0555 0
    endloop
  endfacet
  facet normal 0 0 -1
    outer loop
      vertex 82.56 47.87 0
      vertex 88.4294 47.6506 0
      vertex 88.3732 47.4935 0
    endloop
  endfacet
  facet normal -0 0 -1
    outer loop
      vertex 88.5865 89.0555 0
      vertex 86.32 87.52 0
      vertex 88.5007 89.1986 0
    endloop
  endfacet
  facet normal 0 0 -1
    outer loop
      vertex 82.56 47.87 0
      vertex 88.3732 47.4935 0
      vertex 88.3327 47.3317 0
    endloop
  endfacet
  facet normal -0 0 -1
    outer loop
      vertex 88.5007 89.1986 0
      vertex 86.32 87.52 0
      vertex 88.4294 89.3494 0
    endloop
  endfacet
  facet normal 0 0 -1
    outer loop
      vertex 82.56 47.87 0
      vertex 88.3327 47.3317 0
      vertex 88.3082 47.1666 0
    endloop
  endfacet
  facet normal -0 0 -1
    outer loop
      vertex 88.4294 89.3494 0
      vertex 86.32 87.52 0
      vertex 88.3732 89.5065 0
    endloop
  endfacet
  facet normal 0 0 -1
    outer loop
      vertex 82.56 47.87 0
      vertex 88.3082 47.1666 0
      vertex 88.3 47 0
    endloop
  endfacet
  facet normal -0 0 -1
    outer loop
      vertex 88.3732 89.5065 0
      vertex 86.32 87.52 0
      vertex 88.3327 89.6684 0
    endloop
  endfacet
  facet normal 0 0 -1
    outer loop
      vertex 91.6673 5.33165 0
      vertex 97.7 0.299999 0
      vertex 91.6918 5.16663 0
    endloop
  endfacet
  facet normal 0 0 -1
    outer loop
      vertex 97.7 0.299999 0
      vertex 91.6918 46.8334 0
      vertex 91.7 47 0
    endloop
  endfacet
  facet normal 0 0 -1
    outer loop
      vertex 91.6268 5.49348 0
      vertex 97.7 0.299999 0
      vertex 91.6673 5.33165 0
    endloop
  endfacet
  facet normal 0 0 -1
    outer loop
      vertex 97.7 0.299999 0
      vertex 91.6673 46.6683 0
      vertex 91.6918 46.8334 0
    endloop
  endfacet
  facet normal 0 0 -1
    outer loop
      vertex 91.5706 5.65056 0
      vertex 97.7 0.299999 0
      vertex 91.6268 5.49348 0
    endloop
  endfacet
  facet normal 0 0 -1
    outer loop
      vertex 97.7 0.299999 0
      vertex 91.6268 46.5065 0
      vertex 91.6673 46.6683 0
    endloop
  endfacet
  facet normal 0 0 -1
    outer loop
      vertex 91.4993 5.80137 0
      vertex 97.7 0.299999 0
      vertex 91.5706 5.65056 0
    endloop
  endfacet
  facet normal 0 0 -1
    outer loop
      vertex 97.7 0.299999 0
      vertex 91.5706 46.3494 0
      vertex 91.6268 46.5065 0
    endloop
  endfacet
  facet normal 0 0 -1
    outer loop
      vertex 91.4135 5.94447 0
      vertex 97.7 0.299999 0
      vertex 91.4993 5.80137 0
    endloop
  endfacet
  facet normal 0 0 -1
    outer loop
      vertex 97.7 0.299999 0
      vertex 91.4993 46.1986 0
      vertex 91.5706 46.3494 0
    endloop
  endfacet
  facet normal 0 0 -1
    outer loop
      vertex 91.3141 6.07847 0
      vertex 97.7 0.299999 0
      vertex 91.4135 5.94447 0
    endloop
  endfacet
  facet normal 0 0 -1
    outer loop
      vertex 97.7 0.299999 0
      vertex 91.4135 46.0555 0
      vertex 91.4993 46.1986 0
    endloop
  endfacet
  facet normal 0 0 -1
    outer loop
      vertex 91.3141 45.9215 0
      vertex 97.7 0.299999 0
      vertex 91.3141 6.07847 0
    endloop
  endfacet
  facet normal 0 0 -1
    outer loop
      vertex 97.7 0.299999 0
      vertex 91.3141 45.9215 0
      vertex 91.4135 46.0555 0
    endloop
  endfacet
  facet normal 0 0 -1
    outer loop
      vertex 91.2021 6.20208 0
      vertex 91.3141 45.9215 0
      vertex 91.3141 6.07847 0
    endloop
  endfacet
  facet normal 0 0 -1
    outer loop
      vertex 91.2021 6.20208 0
      vertex 91.2021 45.7979 0
      vertex 91.3141 45.9215 0
    endloop
  endfacet
  facet normal 0 0 -1
    outer loop
      vertex 91.0785 6.31412 0
      vertex 91.2021 45.7979 0
      vertex 91.2021 6.20208 0
    endloop
  endfacet
  facet normal 0 0 -1
    outer loop
      vertex 91.0785 6.31412 0
      vertex 91.0785 45.6859 0
      vertex 91.2021 45.7979 0
    endloop
  endfacet
  facet normal 0 0 -1
    outer loop
      vertex 82.56 28.82 0
      vertex 91.0785 6.31412 0
      vertex 90.9445 6.4135 0
    endloop
  endfacet
  facet normal 0 0 -1
    outer loop
      vertex 91.0785 6.31412 0
      vertex 82.56 28.82 0
      vertex 91.0785 45.6859 0
    endloop
  endfacet
  facet normal 0 0 -1
    outer loop
      vertex 82.56 28.82 0
      vertex 90.9445 6.4135 0
      vertex 90.8014 6.49927 0
    endloop
  endfacet
  facet normal 0 0 -1
    outer loop
      vertex 91.0785 45.6859 0
      vertex 82.56 28.82 0
      vertex 90.9445 45.5865 0
    endloop
  endfacet
  facet normal 0 0 -1
    outer loop
      vertex 82.56 28.82 0
      vertex 90.8014 6.49927 0
      vertex 90.6506 6.57059 0
    endloop
  endfacet
  facet normal 0 0 -1
    outer loop
      vertex 90.9445 45.5865 0
      vertex 82.56 28.82 0
      vertex 90.8014 45.5007 0
    endloop
  endfacet
  facet normal 0 0 -1
    outer loop
      vertex 82.56 14.82 0
      vertex 90.6506 6.57059 0
      vertex 90.4935 6.6268 0
    endloop
  endfacet
  facet normal 0 0 -1
    outer loop
      vertex 82.56 33.87 0
      vertex 90.8014 45.5007 0
      vertex 82.56 28.82 0
    endloop
  endfacet
  facet normal 0 0 -1
    outer loop
      vertex 82.56 14.82 0
      vertex 90.4935 6.6268 0
      vertex 90.3316 6.66733 0
    endloop
  endfacet
  facet normal 0 0 -1
    outer loop
      vertex 90.8014 45.5007 0
      vertex 82.56 33.87 0
      vertex 90.6506 45.4294 0
    endloop
  endfacet
  facet normal 0 0 -1
    outer loop
      vertex 82.56 14.82 0
      vertex 90.3316 6.66733 0
      vertex 90.1666 6.69181 0
    endloop
  endfacet
  facet normal 0 0 -1
    outer loop
      vertex 90.6506 45.4294 0
      vertex 82.56 33.87 0
      vertex 90.4935 45.3732 0
    endloop
  endfacet
  facet normal 0 0 -1
    outer loop
      vertex 82.56 14.82 0
      vertex 90.1666 6.69181 0
      vertex 90 6.7 0
    endloop
  endfacet
  facet normal 0 0 -1
    outer loop
      vertex 90.4935 45.3732 0
      vertex 82.56 33.87 0
      vertex 90.3316 45.3327 0
    endloop
  endfacet
  facet normal 0 0 -1
    outer loop
      vertex 82.56 14.82 0
      vertex 90 6.7 0
      vertex 89.8334 6.69181 0
    endloop
  endfacet
  facet normal 0 0 -1
    outer loop
      vertex 90.3316 45.3327 0
      vertex 82.56 33.87 0
      vertex 90.1666 45.3082 0
    endloop
  endfacet
  facet normal 0 0 -1
    outer loop
      vertex 82.56 14.82 0
      vertex 89.8334 6.69181 0
      vertex 89.6684 6.66733 0
    endloop
  endfacet
  facet normal 0 0 -1
    outer loop
      vertex 90.1666 45.3082 0
      vertex 82.56 33.87 0
      vertex 90 45.3 0
    endloop
  endfacet
  facet normal 0 0 -1
    outer loop
      vertex 82.56 14.82 0
      vertex 89.6684 6.66733 0
      vertex 89.5065 6.6268 0
    endloop
  endfacet
  facet normal -0 0 -1
    outer loop
      vertex 90 45.3 0
      vertex 82.56 33.87 0
      vertex 89.8334 45.3082 0
    endloop
  endfacet
  facet normal 0 0 -1
    outer loop
      vertex 82.56 14.82 0
      vertex 89.5065 6.6268 0
      vertex 89.3494 6.57059 0
    endloop
  endfacet
  facet normal -0 0 -1
    outer loop
      vertex 89.8334 45.3082 0
      vertex 82.56 33.87 0
      vertex 89.6684 45.3327 0
    endloop
  endfacet
  facet normal 0 0 -1
    outer loop
      vertex 82.56 14.82 0
      vertex 89.3494 6.57059 0
      vertex 89.1986 6.49927 0
    endloop
  endfacet
  facet normal -0 0 -1
    outer loop
      vertex 89.6684 45.3327 0
      vertex 82.56 33.87 0
      vertex 89.5065 45.3732 0
    endloop
  endfacet
  facet normal 0 0 -1
    outer loop
      vertex 82.56 14.82 0
      vertex 89.1986 6.49927 0
      vertex 89.0555 6.4135 0
    endloop
  endfacet
  facet normal -0 0 -1
    outer loop
      vertex 89.5065 45.3732 0
      vertex 82.56 33.87 0
      vertex 89.3494 45.4294 0
    endloop
  endfacet
  facet normal 0 0 -1
    outer loop
      vertex 82.56 14.82 0
      vertex 89.0555 6.4135 0
      vertex 88.9215 6.31412 0
    endloop
  endfacet
  facet normal -0 0 -1
    outer loop
      vertex 89.3494 45.4294 0
      vertex 82.56 33.87 0
      vertex 89.1986 45.5007 0
    endloop
  endfacet
  facet normal 0 0 -1
    outer loop
      vertex 82.56 14.82 0
      vertex 88.9215 6.31412 0
      vertex 88.7979 6.20208 0
    endloop
  endfacet
  facet normal -0 0 -1
    outer loop
      vertex 89.1986 45.5007 0
      vertex 82.56 33.87 0
      vertex 89.0555 45.5865 0
    endloop
  endfacet
  facet normal 0 0 -1
    outer loop
      vertex 82.56 14.82 0
      vertex 88.7979 6.20208 0
      vertex 88.6859 6.07847 0
    endloop
  endfacet
  facet normal -0 0 -1
    outer loop
      vertex 89.0555 45.5865 0
      vertex 82.56 33.87 0
      vertex 88.9215 45.6859 0
    endloop
  endfacet
  facet normal 0 0 -1
    outer loop
      vertex 82.56 14.82 0
      vertex 88.6859 6.07847 0
      vertex 88.5865 5.94447 0
    endloop
  endfacet
  facet normal -0 0 -1
    outer loop
      vertex 88.9215 45.6859 0
      vertex 82.56 33.87 0
      vertex 88.7979 45.7979 0
    endloop
  endfacet
  facet normal 0 0 -1
    outer loop
      vertex 82.56 14.82 0
      vertex 88.5865 5.94447 0
      vertex 88.5007 5.80137 0
    endloop
  endfacet
  facet normal 0 0 -1
    outer loop
      vertex 82.56 47.87 0
      vertex 88.7979 45.7979 0
      vertex 82.56 33.87 0
    endloop
  endfacet
  facet normal 0 0 -1
    outer loop
      vertex 82.56 14.82 0
      vertex 88.5007 5.80137 0
      vertex 88.4294 5.65056 0
    endloop
  endfacet
  facet normal 0 0 -1
    outer loop
      vertex 88.7979 45.7979 0
      vertex 82.56 47.87 0
      vertex 88.6859 45.9215 0
    endloop
  endfacet
  facet normal 0 0 -1
    outer loop
      vertex 82.56 14.82 0
      vertex 88.4294 5.65056 0
      vertex 88.3732 5.49348 0
    endloop
  endfacet
  facet normal 0 0 -1
    outer loop
      vertex 88.6859 45.9215 0
      vertex 82.56 47.87 0
      vertex 88.5865 46.0555 0
    endloop
  endfacet
  facet normal 0 0 -1
    outer loop
      vertex 82.56 14.82 0
      vertex 88.3732 5.49348 0
      vertex 88.3327 5.33165 0
    endloop
  endfacet
  facet normal 0 0 -1
    outer loop
      vertex 88.5865 46.0555 0
      vertex 82.56 47.87 0
      vertex 88.5007 46.1986 0
    endloop
  endfacet
  facet normal 0 0 -1
    outer loop
      vertex 82.56 14.82 0
      vertex 88.3327 5.33165 0
      vertex 88.3082 5.16663 0
    endloop
  endfacet
  facet normal 0 0 -1
    outer loop
      vertex 88.5007 46.1986 0
      vertex 82.56 47.87 0
      vertex 88.4294 46.3494 0
    endloop
  endfacet
  facet normal 0 0 -1
    outer loop
      vertex 82.56 14.82 0
      vertex 88.3082 5.16663 0
      vertex 88.3 5 0
    endloop
  endfacet
  facet normal 0 0 -1
    outer loop
      vertex 88.4294 46.3494 0
      vertex 82.56 47.87 0
      vertex 88.3732 46.5065 0
    endloop
  endfacet
  facet normal 0 0 -1
    outer loop
      vertex 94.7 -2.7 0
      vertex 97.7 0.299999 0
      vertex 97.6855 0.00594711 0
    endloop
  endfacet
  facet normal 0 0 -1
    outer loop
      vertex 97.7 0.299999 0
      vertex 91.7 47 0
      vertex 97.7 94.7 0
    endloop
  endfacet
  facet normal 0 0 -1
    outer loop
      vertex 94.7 -2.7 0
      vertex 97.6855 0.00594711 0
      vertex 97.6423 -0.285266 0
    endloop
  endfacet
  facet normal 0 0 -1
    outer loop
      vertex 91.6918 47.1666 0
      vertex 97.7 94.7 0
      vertex 91.7 47 0
    endloop
  endfacet
  facet normal 0 0 -1
    outer loop
      vertex 94.7 -2.7 0
      vertex 97.6423 -0.285266 0
      vertex 97.5708 -0.570849 0
    endloop
  endfacet
  facet normal 0 0 -1
    outer loop
      vertex 91.6918 90.1666 0
      vertex 97.7 94.7 0
      vertex 91.7 90 0
    endloop
  endfacet
  facet normal 0 0 -1
    outer loop
      vertex 94.7 -2.7 0
      vertex 97.5708 -0.570849 0
      vertex 97.4716 -0.848056 0
    endloop
  endfacet
  facet normal 0 0 -1
    outer loop
      vertex 91.6673 90.3316 0
      vertex 97.7 94.7 0
      vertex 91.6918 90.1666 0
    endloop
  endfacet
  facet normal 0 0 -1
    outer loop
      vertex 94.7 -2.7 0
      vertex 97.4716 -0.848056 0
      vertex 97.3458 -1.11418 0
    endloop
  endfacet
  facet normal 0 0 -1
    outer loop
      vertex 91.6268 90.4935 0
      vertex 97.7 94.7 0
      vertex 91.6673 90.3316 0
    endloop
  endfacet
  facet normal 0 0 -1
    outer loop
      vertex 94.7 -2.7 0
      vertex 97.3458 -1.11418 0
      vertex 97.1944 -1.36672 0
    endloop
  endfacet
  facet normal 0 0 -1
    outer loop
      vertex 91.5706 90.6506 0
      vertex 97.7 94.7 0
      vertex 91.6268 90.4935 0
    endloop
  endfacet
  facet normal 0 0 -1
    outer loop
      vertex 94.7 -2.7 0
      vertex 97.1944 -1.36672 0
      vertex 97.019 -1.60318 0
    endloop
  endfacet
  facet normal 0 0 -1
    outer loop
      vertex 91.4993 90.8014 0
      vertex 97.7 94.7 0
      vertex 91.5706 90.6506 0
    endloop
  endfacet
  facet normal 0 0 -1
    outer loop
      vertex 94.7 -2.7 0
      vertex 97.019 -1.60318 0
      vertex 96.8213 -1.82132 0
    endloop
  endfacet
  facet normal 0 0 -1
    outer loop
      vertex 91.4135 90.9445 0
      vertex 97.7 94.7 0
      vertex 91.4993 90.8014 0
    endloop
  endfacet
  facet normal 0 0 -1
    outer loop
      vertex 94.7 -2.7 0
      vertex 96.8213 -1.82132 0
      vertex 96.6032 -2.01903 0
    endloop
  endfacet
  facet normal 0 0 -1
    outer loop
      vertex 91.3141 91.0785 0
      vertex 97.7 94.7 0
      vertex 91.4135 90.9445 0
    endloop
  endfacet
  facet normal 0 0 -1
    outer loop
      vertex 94.7 -2.7 0
      vertex 96.6032 -2.01903 0
      vertex 96.3667 -2.19442 0
    endloop
  endfacet
  facet normal 0 0 -1
    outer loop
      vertex 91.2021 91.2021 0
      vertex 97.7 94.7 0
      vertex 91.3141 91.0785 0
    endloop
  endfacet
  facet normal 0 0 -1
    outer loop
      vertex 94.7 -2.7 0
      vertex 96.3667 -2.19442 0
      vertex 96.1142 -2.34577 0
    endloop
  endfacet
  facet normal 0 -0 -1
    outer loop
      vertex 94.7 97.7 0
      vertex 97.7 94.7 0
      vertex 91.2021 91.2021 0
    endloop
  endfacet
  facet normal 0 0 -1
    outer loop
      vertex 94.7 -2.7 0
      vertex 96.1142 -2.34577 0
      vertex 95.8481 -2.47164 0
    endloop
  endfacet
  facet normal 0 0 -1
    outer loop
      vertex 97.7 94.7 0
      vertex 94.7 97.7 0
      vertex 97.6855 94.994 0
    endloop
  endfacet
  facet normal 0 0 -1
    outer loop
      vertex 94.7 -2.7 0
      vertex 95.8481 -2.47164 0
      vertex 95.5708 -2.57082 0
    endloop
  endfacet
  facet normal 0 0 -1
    outer loop
      vertex 97.6855 94.994 0
      vertex 94.7 97.7 0
      vertex 97.6423 95.2853 0
    endloop
  endfacet
  facet normal 0 0 -1
    outer loop
      vertex 94.7 -2.7 0
      vertex 95.5708 -2.57082 0
      vertex 95.2853 -2.64235 0
    endloop
  endfacet
  facet normal 0 0 -1
    outer loop
      vertex 97.6423 95.2853 0
      vertex 94.7 97.7 0
      vertex 97.5708 95.5708 0
    endloop
  endfacet
  facet normal 0 0 -1
    outer loop
      vertex 94.7 -2.7 0
      vertex 95.2853 -2.64235 0
      vertex 94.994 -2.68555 0
    endloop
  endfacet
  facet normal 0 0 -1
    outer loop
      vertex 97.4716 95.8481 0
      vertex 94.7 97.7 0
      vertex 97.3458 96.1142 0
    endloop
  endfacet
  facet normal -0 0 -1
    outer loop
      vertex 97.7 0.299999 0
      vertex 94.7 -2.7 0
      vertex 91.2021 3.79792 0
    endloop
  endfacet
  facet normal 0 0 -1
    outer loop
      vertex 97.3458 96.1142 0
      vertex 94.7 97.7 0
      vertex 97.1944 96.3667 0
    endloop
  endfacet
  facet normal 0 0 -1
    outer loop
      vertex 91.6918 5.16663 0
      vertex 97.7 0.299999 0
      vertex 91.7 5 0
    endloop
  endfacet
  facet normal 0 0 -1
    outer loop
      vertex 97.7 0.299999 0
      vertex 91.6918 4.83337 0
      vertex 91.7 5 0
    endloop
  endfacet
  facet normal 0 0 -1
    outer loop
      vertex 97.7 0.299999 0
      vertex 91.6673 4.66835 0
      vertex 91.6918 4.83337 0
    endloop
  endfacet
  facet normal 0 0 -1
    outer loop
      vertex 97.7 0.299999 0
      vertex 91.6268 4.50652 0
      vertex 91.6673 4.66835 0
    endloop
  endfacet
  facet normal 0 0 -1
    outer loop
      vertex 97.7 0.299999 0
      vertex 91.5706 4.34944 0
      vertex 91.6268 4.50652 0
    endloop
  endfacet
  facet normal 0 0 -1
    outer loop
      vertex 97.7 0.299999 0
      vertex 91.4993 4.19862 0
      vertex 91.5706 4.34944 0
    endloop
  endfacet
  facet normal 0 0 -1
    outer loop
      vertex 97.7 0.299999 0
      vertex 91.4135 4.05553 0
      vertex 91.4993 4.19862 0
    endloop
  endfacet
  facet normal 0 0 -1
    outer loop
      vertex 97.7 0.299999 0
      vertex 91.3141 3.92153 0
      vertex 91.4135 4.05553 0
    endloop
  endfacet
  facet normal 0 0 -1
    outer loop
      vertex 97.7 0.299999 0
      vertex 91.2021 3.79792 0
      vertex 91.3141 3.92153 0
    endloop
  endfacet
  facet normal 0 0 -1
    outer loop
      vertex 94.7 -2.7 0
      vertex 91.0785 3.68588 0
      vertex 91.2021 3.79792 0
    endloop
  endfacet
  facet normal 0 0 -1
    outer loop
      vertex 94.7 -2.7 0
      vertex 90.9445 3.5865 0
      vertex 91.0785 3.68588 0
    endloop
  endfacet
  facet normal 0 0 -1
    outer loop
      vertex 94.7 -2.7 0
      vertex 90.8014 3.50073 0
      vertex 90.9445 3.5865 0
    endloop
  endfacet
  facet normal 0 0 -1
    outer loop
      vertex 94.7 -2.7 0
      vertex 90.6506 3.4294 0
      vertex 90.8014 3.50073 0
    endloop
  endfacet
  facet normal 0 0 -1
    outer loop
      vertex 94.7 -2.7 0
      vertex 90.4935 3.3732 0
      vertex 90.6506 3.4294 0
    endloop
  endfacet
  facet normal 0 0 -1
    outer loop
      vertex 94.7 -2.7 0
      vertex 90.3316 3.33266 0
      vertex 90.4935 3.3732 0
    endloop
  endfacet
  facet normal 0 0 -1
    outer loop
      vertex 94.7 -2.7 0
      vertex 90.1666 3.30819 0
      vertex 90.3316 3.33266 0
    endloop
  endfacet
  facet normal 0 0 -1
    outer loop
      vertex 94.7 -2.7 0
      vertex 90 3.3 0
      vertex 90.1666 3.30819 0
    endloop
  endfacet
  facet normal 0 0 -1
    outer loop
      vertex 94.7 -2.7 0
      vertex 89.8334 3.30819 0
      vertex 90 3.3 0
    endloop
  endfacet
  facet normal 0 0 -1
    outer loop
      vertex 94.7 -2.7 0
      vertex 89.6684 3.33266 0
      vertex 89.8334 3.30819 0
    endloop
  endfacet
  facet normal 0 0 -1
    outer loop
      vertex 94.7 -2.7 0
      vertex 89.5065 3.3732 0
      vertex 89.6684 3.33266 0
    endloop
  endfacet
  facet normal 0 0 -1
    outer loop
      vertex 94.7 -2.7 0
      vertex 89.3494 3.4294 0
      vertex 89.5065 3.3732 0
    endloop
  endfacet
  facet normal 0 0 -1
    outer loop
      vertex 94.7 -2.7 0
      vertex 89.1986 3.50073 0
      vertex 89.3494 3.4294 0
    endloop
  endfacet
  facet normal 0 0 -1
    outer loop
      vertex 94.7 -2.7 0
      vertex 89.0555 3.5865 0
      vertex 89.1986 3.50073 0
    endloop
  endfacet
  facet normal 0 0 -1
    outer loop
      vertex 94.7 -2.7 0
      vertex 88.9215 3.68588 0
      vertex 89.0555 3.5865 0
    endloop
  endfacet
  facet normal 0 0 -1
    outer loop
      vertex 48.5785 3.68588 0
      vertex 88.9215 3.68588 0
      vertex 94.7 -2.7 0
    endloop
  endfacet
  facet normal 0 0 -1
    outer loop
      vertex 88.3732 46.5065 0
      vertex 82.56 47.87 0
      vertex 88.3327 46.6683 0
    endloop
  endfacet
  facet normal -0 0 -1
    outer loop
      vertex 88.3327 89.6684 0
      vertex 86.32 87.52 0
      vertex 88.3082 89.8334 0
    endloop
  endfacet
  facet normal 0 0 -1
    outer loop
      vertex 90.6506 6.57059 0
      vertex 82.56 14.82 0
      vertex 82.56 28.82 0
    endloop
  endfacet
  facet normal 0 0 -1
    outer loop
      vertex 88.3082 4.83337 0
      vertex 82.56 14.82 0
      vertex 88.3 5 0
    endloop
  endfacet
  facet normal 0 0 -1
    outer loop
      vertex 68.56 14.82 0
      vertex 88.3082 4.83337 0
      vertex 88.3327 4.66835 0
    endloop
  endfacet
  facet normal 0 0 -1
    outer loop
      vertex 68.56 14.82 0
      vertex 88.3327 4.66835 0
      vertex 88.3732 4.50652 0
    endloop
  endfacet
  facet normal 0 0 -1
    outer loop
      vertex 68.56 14.82 0
      vertex 88.3732 4.50652 0
      vertex 88.4294 4.34944 0
    endloop
  endfacet
  facet normal 0 0 -1
    outer loop
      vertex 68.56 14.82 0
      vertex 88.4294 4.34944 0
      vertex 88.5007 4.19862 0
    endloop
  endfacet
  facet normal 0 0 -1
    outer loop
      vertex 88.3082 4.83337 0
      vertex 68.56 14.82 0
      vertex 82.56 14.82 0
    endloop
  endfacet
  facet normal 0 0 -1
    outer loop
      vertex 88.5865 4.05553 0
      vertex 68.56 14.82 0
      vertex 88.5007 4.19862 0
    endloop
  endfacet
  facet normal 0 0 -1
    outer loop
      vertex 48.9135 4.05553 0
      vertex 88.5865 4.05553 0
      vertex 88.6859 3.92153 0
    endloop
  endfacet
  facet normal 0 0 -1
    outer loop
      vertex 48.8141 3.92153 0
      vertex 88.6859 3.92153 0
      vertex 88.7979 3.79792 0
    endloop
  endfacet
  facet normal 0 0 -1
    outer loop
      vertex 88.9215 3.68588 0
      vertex 48.5785 3.68588 0
      vertex 88.7979 3.79792 0
    endloop
  endfacet
  facet normal 0 0 -1
    outer loop
      vertex 63.51 28.82 0
      vertex 68.56 28.82 0
      vertex 68.56 14.82 0
    endloop
  endfacet
  facet normal 0 0 -1
    outer loop
      vertex 68.56 28.82 0
      vertex 63.51 28.82 0
      vertex 68.56 33.87 0
    endloop
  endfacet
  facet normal 0 0 -1
    outer loop
      vertex 68.56 33.87 0
      vertex 63.51 33.87 0
      vertex 68.56 47.87 0
    endloop
  endfacet
  facet normal 0 0 -1
    outer loop
      vertex 63.51 47.87 0
      vertex 68.56 47.87 0
      vertex 63.51 33.87 0
    endloop
  endfacet
  facet normal 0 0 -1
    outer loop
      vertex 63.51 28.82 0
      vertex 68.56 14.82 0
      vertex 63.51 14.82 0
    endloop
  endfacet
  facet normal 0 0 -1
    outer loop
      vertex 88.5865 4.05553 0
      vertex 48.9135 4.05553 0
      vertex 68.56 14.82 0
    endloop
  endfacet
  facet normal 0 -0 -1
    outer loop
      vertex 48.9993 4.19862 0
      vertex 68.56 14.82 0
      vertex 48.9135 4.05553 0
    endloop
  endfacet
  facet normal 0 0 -1
    outer loop
      vertex 44.46 28.82 0
      vertex 49.51 28.82 0
      vertex 49.51 14.82 0
    endloop
  endfacet
  facet normal 0 0 -1
    outer loop
      vertex 49.51 28.82 0
      vertex 44.46 28.82 0
      vertex 49.51 33.87 0
    endloop
  endfacet
  facet normal 0 0 -1
    outer loop
      vertex 49.51 33.87 0
      vertex 44.46 33.87 0
      vertex 49.51 47.87 0
    endloop
  endfacet
  facet normal 0 0 -1
    outer loop
      vertex 44.46 47.87 0
      vertex 49.51 47.87 0
      vertex 44.46 33.87 0
    endloop
  endfacet
  facet normal 0 0 -1
    outer loop
      vertex 63.51 14.82 0
      vertex 49.1918 5.16663 0
      vertex 49.1673 5.33165 0
    endloop
  endfacet
  facet normal 0 0 -1
    outer loop
      vertex 63.51 14.82 0
      vertex 49.2 5 0
      vertex 49.1918 5.16663 0
    endloop
  endfacet
  facet normal 0 0 -1
    outer loop
      vertex 63.51 14.82 0
      vertex 49.1918 4.83337 0
      vertex 49.2 5 0
    endloop
  endfacet
  facet normal 0 0 -1
    outer loop
      vertex 63.51 14.82 0
      vertex 49.1673 4.66835 0
      vertex 49.1918 4.83337 0
    endloop
  endfacet
  facet normal 0 0 -1
    outer loop
      vertex 63.51 14.82 0
      vertex 49.1268 4.50652 0
      vertex 49.1673 4.66835 0
    endloop
  endfacet
  facet normal 0 0 -1
    outer loop
      vertex 63.51 14.82 0
      vertex 49.0706 4.34944 0
      vertex 49.1268 4.50652 0
    endloop
  endfacet
  facet normal 0 0 -1
    outer loop
      vertex 63.51 14.82 0
      vertex 48.9993 4.19862 0
      vertex 49.0706 4.34944 0
    endloop
  endfacet
  facet normal -0 0 -1
    outer loop
      vertex 68.56 14.82 0
      vertex 48.9993 4.19862 0
      vertex 63.51 14.82 0
    endloop
  endfacet
  facet normal 0 0 -1
    outer loop
      vertex 88.6859 3.92153 0
      vertex 48.8141 3.92153 0
      vertex 48.9135 4.05553 0
    endloop
  endfacet
  facet normal 0 0 -1
    outer loop
      vertex 88.7979 3.79792 0
      vertex 48.7021 3.79792 0
      vertex 48.8141 3.92153 0
    endloop
  endfacet
  facet normal -0 0 -1
    outer loop
      vertex 88.7979 3.79792 0
      vertex 48.5785 3.68588 0
      vertex 48.7021 3.79792 0
    endloop
  endfacet
  facet normal 0 0 -1
    outer loop
      vertex 94.7 -2.7 0
      vertex 48.4445 3.5865 0
      vertex 48.5785 3.68588 0
    endloop
  endfacet
  facet normal 0 0 -1
    outer loop
      vertex 94.7 -2.7 0
      vertex 48.3014 3.50073 0
      vertex 48.4445 3.5865 0
    endloop
  endfacet
  facet normal 0 0 -1
    outer loop
      vertex 94.7 -2.7 0
      vertex 48.1506 3.4294 0
      vertex 48.3014 3.50073 0
    endloop
  endfacet
  facet normal 0 0 -1
    outer loop
      vertex 94.7 -2.7 0
      vertex 47.9935 3.3732 0
      vertex 48.1506 3.4294 0
    endloop
  endfacet
  facet normal 0 0 -1
    outer loop
      vertex 94.7 -2.7 0
      vertex 47.8317 3.33266 0
      vertex 47.9935 3.3732 0
    endloop
  endfacet
  facet normal 0 0 -1
    outer loop
      vertex 94.7 -2.7 0
      vertex 47.6666 3.30819 0
      vertex 47.8317 3.33266 0
    endloop
  endfacet
  facet normal 0 0 -1
    outer loop
      vertex 94.7 -2.7 0
      vertex 47.5 3.3 0
      vertex 47.6666 3.30819 0
    endloop
  endfacet
  facet normal 0 0 -1
    outer loop
      vertex 0.299999 -2.7 0
      vertex 47.5 3.3 0
      vertex 94.7 -2.7 0
    endloop
  endfacet
  facet normal 0 0 -1
    outer loop
      vertex 30.46 14.82 0
      vertex 45.8 5 0
      vertex 45.8082 4.83337 0
    endloop
  endfacet
  facet normal 0 0 -1
    outer loop
      vertex 45.8 5 0
      vertex 30.46 14.82 0
      vertex 44.46 14.82 0
    endloop
  endfacet
  facet normal 0 0 -1
    outer loop
      vertex 45.8327 4.66835 0
      vertex 30.46 14.82 0
      vertex 45.8082 4.83337 0
    endloop
  endfacet
  facet normal 0 0 -1
    outer loop
      vertex 45.8732 4.50652 0
      vertex 30.46 14.82 0
      vertex 45.8327 4.66835 0
    endloop
  endfacet
  facet normal 0 0 -1
    outer loop
      vertex 45.9294 4.34944 0
      vertex 30.46 14.82 0
      vertex 45.8732 4.50652 0
    endloop
  endfacet
  facet normal 0 0 -1
    outer loop
      vertex 46.0007 4.19862 0
      vertex 30.46 14.82 0
      vertex 45.9294 4.34944 0
    endloop
  endfacet
  facet normal 0 0 -1
    outer loop
      vertex 46.0865 4.05553 0
      vertex 30.46 14.82 0
      vertex 46.0007 4.19862 0
    endloop
  endfacet
  facet normal 0 0 -1
    outer loop
      vertex 6.4135 4.05553 0
      vertex 46.0865 4.05553 0
      vertex 46.1859 3.92153 0
    endloop
  endfacet
  facet normal 0 0 -1
    outer loop
      vertex 6.31412 3.92153 0
      vertex 46.1859 3.92153 0
      vertex 46.2979 3.79792 0
    endloop
  endfacet
  facet normal 0 0 -1
    outer loop
      vertex 6.20208 3.79792 0
      vertex 46.2979 3.79792 0
      vertex 46.4215 3.68588 0
    endloop
  endfacet
  facet normal 0 0 -1
    outer loop
      vertex 0.299999 -2.7 0
      vertex 46.4215 3.68588 0
      vertex 46.5555 3.5865 0
    endloop
  endfacet
  facet normal 0 0 -1
    outer loop
      vertex 6.69181 5.16663 0
      vertex 30.46 14.82 0
      vertex 6.7 5 0
    endloop
  endfacet
  facet normal 0 0 -1
    outer loop
      vertex 6.66733 5.33165 0
      vertex 30.46 14.82 0
      vertex 6.69181 5.16663 0
    endloop
  endfacet
  facet normal 0 0 -1
    outer loop
      vertex 6.6268 5.49348 0
      vertex 30.46 14.82 0
      vertex 6.66733 5.33165 0
    endloop
  endfacet
  facet normal 0 0 -1
    outer loop
      vertex 6.57059 5.65056 0
      vertex 30.46 14.82 0
      vertex 6.6268 5.49348 0
    endloop
  endfacet
  facet normal 0 0 -1
    outer loop
      vertex 30.46 47.87 0
      vertex 6.7 90 0
      vertex 30.46 52.92 0
    endloop
  endfacet
  facet normal 0 0 -1
    outer loop
      vertex 46.0865 4.05553 0
      vertex 6.4135 4.05553 0
      vertex 30.46 14.82 0
    endloop
  endfacet
  facet normal 0 0 -1
    outer loop
      vertex 0.299999 -2.7 0
      vertex 46.5555 3.5865 0
      vertex 46.6986 3.50073 0
    endloop
  endfacet
  facet normal 0 0 -1
    outer loop
      vertex 0.299999 -2.7 0
      vertex 46.6986 3.50073 0
      vertex 46.8494 3.4294 0
    endloop
  endfacet
  facet normal 0 0 -1
    outer loop
      vertex 0.299999 -2.7 0
      vertex 46.8494 3.4294 0
      vertex 47.0065 3.3732 0
    endloop
  endfacet
  facet normal 0 0 -1
    outer loop
      vertex 0.299999 -2.7 0
      vertex 47.0065 3.3732 0
      vertex 47.1683 3.33266 0
    endloop
  endfacet
  facet normal 0 0 -1
    outer loop
      vertex 0.299999 -2.7 0
      vertex 47.1683 3.33266 0
      vertex 47.3334 3.30819 0
    endloop
  endfacet
  facet normal -0 0 -1
    outer loop
      vertex 47.5 3.3 0
      vertex 0.299999 -2.7 0
      vertex 47.3334 3.30819 0
    endloop
  endfacet
  facet normal 0 0 -1
    outer loop
      vertex 30.46 14.82 0
      vertex 6.69181 4.83337 0
      vertex 6.7 5 0
    endloop
  endfacet
  facet normal 0 0 -1
    outer loop
      vertex 30.46 14.82 0
      vertex 6.66733 4.66835 0
      vertex 6.69181 4.83337 0
    endloop
  endfacet
  facet normal 0 0 -1
    outer loop
      vertex 30.46 14.82 0
      vertex 6.6268 4.50652 0
      vertex 6.66733 4.66835 0
    endloop
  endfacet
  facet normal 0 0 -1
    outer loop
      vertex 30.46 14.82 0
      vertex 6.57059 4.34944 0
      vertex 6.6268 4.50652 0
    endloop
  endfacet
  facet normal 0 0 -1
    outer loop
      vertex 30.46 14.82 0
      vertex 6.49927 4.19862 0
      vertex 6.57059 4.34944 0
    endloop
  endfacet
  facet normal 0 0 -1
    outer loop
      vertex 30.46 14.82 0
      vertex 6.4135 4.05553 0
      vertex 6.49927 4.19862 0
    endloop
  endfacet
  facet normal 0 0 -1
    outer loop
      vertex 46.1859 3.92153 0
      vertex 6.31412 3.92153 0
      vertex 6.4135 4.05553 0
    endloop
  endfacet
  facet normal 0 0 -1
    outer loop
      vertex 46.2979 3.79792 0
      vertex 6.20208 3.79792 0
      vertex 6.31412 3.92153 0
    endloop
  endfacet
  facet normal -0 0 -1
    outer loop
      vertex 46.4215 3.68588 0
      vertex 0.299999 -2.7 0
      vertex 6.07847 3.68588 0
    endloop
  endfacet
  facet normal 0 0 -1
    outer loop
      vertex 46.4215 3.68588 0
      vertex 6.07847 3.68588 0
      vertex 6.20208 3.79792 0
    endloop
  endfacet
  facet normal 0 0 -1
    outer loop
      vertex 6.07847 3.68588 0
      vertex 0.299999 -2.7 0
      vertex 5.94447 3.5865 0
    endloop
  endfacet
  facet normal 0 0 -1
    outer loop
      vertex 5.94447 3.5865 0
      vertex 0.299999 -2.7 0
      vertex 5.80137 3.50073 0
    endloop
  endfacet
  facet normal 0 0 -1
    outer loop
      vertex 5.80137 3.50073 0
      vertex 0.299999 -2.7 0
      vertex 5.65056 3.4294 0
    endloop
  endfacet
  facet normal 0 0 -1
    outer loop
      vertex 5.65056 3.4294 0
      vertex 0.299999 -2.7 0
      vertex 5.49348 3.3732 0
    endloop
  endfacet
  facet normal 0 0 -1
    outer loop
      vertex 5.49348 3.3732 0
      vertex 0.299999 -2.7 0
      vertex 5.33165 3.33266 0
    endloop
  endfacet
  facet normal 0 0 -1
    outer loop
      vertex 5.33165 3.33266 0
      vertex 0.299999 -2.7 0
      vertex 5.16663 3.30819 0
    endloop
  endfacet
  facet normal 0 0 -1
    outer loop
      vertex 5.16663 3.30819 0
      vertex 0.299999 -2.7 0
      vertex 5 3.3 0
    endloop
  endfacet
  facet normal -0 0 -1
    outer loop
      vertex 3.30819 4.83337 0
      vertex -2.7 0.299999 0
      vertex 3.3 5 0
    endloop
  endfacet
  facet normal -0 0 -1
    outer loop
      vertex 3.33266 4.66835 0
      vertex -2.7 0.299999 0
      vertex 3.30819 4.83337 0
    endloop
  endfacet
  facet normal -0 0 -1
    outer loop
      vertex 3.3732 4.50652 0
      vertex -2.7 0.299999 0
      vertex 3.33266 4.66835 0
    endloop
  endfacet
  facet normal -0 0 -1
    outer loop
      vertex 3.4294 4.34944 0
      vertex -2.7 0.299999 0
      vertex 3.3732 4.50652 0
    endloop
  endfacet
  facet normal -0 0 -1
    outer loop
      vertex 3.50073 4.19862 0
      vertex -2.7 0.299999 0
      vertex 3.4294 4.34944 0
    endloop
  endfacet
  facet normal -0 0 -1
    outer loop
      vertex 3.5865 4.05553 0
      vertex -2.7 0.299999 0
      vertex 3.50073 4.19862 0
    endloop
  endfacet
  facet normal -0 0 -1
    outer loop
      vertex 3.68588 3.92153 0
      vertex -2.7 0.299999 0
      vertex 3.5865 4.05553 0
    endloop
  endfacet
  facet normal -0 0 -1
    outer loop
      vertex 3.79792 3.79792 0
      vertex -2.7 0.299999 0
      vertex 3.68588 3.92153 0
    endloop
  endfacet
  facet normal 0 0 -1
    outer loop
      vertex -2.7 0.299999 0
      vertex 3.79792 3.79792 0
      vertex 0.299999 -2.7 0
    endloop
  endfacet
  facet normal -0 0 -1
    outer loop
      vertex 3.92153 3.68588 0
      vertex 0.299999 -2.7 0
      vertex 3.79792 3.79792 0
    endloop
  endfacet
  facet normal -0 0 -1
    outer loop
      vertex 4.05553 3.5865 0
      vertex 0.299999 -2.7 0
      vertex 3.92153 3.68588 0
    endloop
  endfacet
  facet normal -0 0 -1
    outer loop
      vertex 4.19862 3.50073 0
      vertex 0.299999 -2.7 0
      vertex 4.05553 3.5865 0
    endloop
  endfacet
  facet normal -0 0 -1
    outer loop
      vertex 4.34944 3.4294 0
      vertex 0.299999 -2.7 0
      vertex 4.19862 3.50073 0
    endloop
  endfacet
  facet normal -0 0 -1
    outer loop
      vertex 4.50652 3.3732 0
      vertex 0.299999 -2.7 0
      vertex 4.34944 3.4294 0
    endloop
  endfacet
  facet normal -0 0 -1
    outer loop
      vertex 4.66835 3.33266 0
      vertex 0.299999 -2.7 0
      vertex 4.50652 3.3732 0
    endloop
  endfacet
  facet normal -0 0 -1
    outer loop
      vertex 4.83337 3.30819 0
      vertex 0.299999 -2.7 0
      vertex 4.66835 3.33266 0
    endloop
  endfacet
  facet normal -0 0 -1
    outer loop
      vertex 5 3.3 0
      vertex 0.299999 -2.7 0
      vertex 4.83337 3.30819 0
    endloop
  endfacet
  facet normal 0 0 -1
    outer loop
      vertex 97.1944 96.3667 0
      vertex 94.7 97.7 0
      vertex 97.019 96.6032 0
    endloop
  endfacet
  facet normal 0 0 -1
    outer loop
      vertex 97.019 96.6032 0
      vertex 94.7 97.7 0
      vertex 96.8213 96.8213 0
    endloop
  endfacet
  facet normal 0 0 -1
    outer loop
      vertex 96.8213 96.8213 0
      vertex 94.7 97.7 0
      vertex 96.6032 97.019 0
    endloop
  endfacet
  facet normal 0 0 -1
    outer loop
      vertex 96.6032 97.019 0
      vertex 94.7 97.7 0
      vertex 96.3667 97.1944 0
    endloop
  endfacet
  facet normal 0 0 -1
    outer loop
      vertex 96.3667 97.1944 0
      vertex 94.7 97.7 0
      vertex 96.1142 97.3458 0
    endloop
  endfacet
  facet normal 0 0 -1
    outer loop
      vertex 96.1142 97.3458 0
      vertex 94.7 97.7 0
      vertex 95.8481 97.4716 0
    endloop
  endfacet
  facet normal 0 0 -1
    outer loop
      vertex 95.8481 97.4716 0
      vertex 94.7 97.7 0
      vertex 95.5708 97.5708 0
    endloop
  endfacet
  facet normal 0 0 -1
    outer loop
      vertex 95.5708 97.5708 0
      vertex 94.7 97.7 0
      vertex 95.2853 97.6423 0
    endloop
  endfacet
  facet normal 0 0 -1
    outer loop
      vertex 95.2853 97.6423 0
      vertex 94.7 97.7 0
      vertex 94.994 97.6855 0
    endloop
  endfacet
  facet normal 0 0 -1
    outer loop
      vertex 97.5708 95.5708 0
      vertex 94.7 97.7 0
      vertex 97.4716 95.8481 0
    endloop
  endfacet
  facet normal 0 0 -1
    outer loop
      vertex 91.0785 91.3141 0
      vertex 94.7 97.7 0
      vertex 91.2021 91.2021 0
    endloop
  endfacet
  facet normal 0 0 -1
    outer loop
      vertex 90.9445 91.4135 0
      vertex 94.7 97.7 0
      vertex 91.0785 91.3141 0
    endloop
  endfacet
  facet normal 0 0 -1
    outer loop
      vertex 90.8014 91.4993 0
      vertex 94.7 97.7 0
      vertex 90.9445 91.4135 0
    endloop
  endfacet
  facet normal 0 0 -1
    outer loop
      vertex 90.6506 91.5706 0
      vertex 94.7 97.7 0
      vertex 90.8014 91.4993 0
    endloop
  endfacet
  facet normal 0 0 -1
    outer loop
      vertex 90.4935 91.6268 0
      vertex 94.7 97.7 0
      vertex 90.6506 91.5706 0
    endloop
  endfacet
  facet normal 0 0 -1
    outer loop
      vertex 90.3316 91.6673 0
      vertex 94.7 97.7 0
      vertex 90.4935 91.6268 0
    endloop
  endfacet
  facet normal 0 0 -1
    outer loop
      vertex 90.1666 91.6918 0
      vertex 94.7 97.7 0
      vertex 90.3316 91.6673 0
    endloop
  endfacet
  facet normal 0 0 -1
    outer loop
      vertex 90 91.7 0
      vertex 94.7 97.7 0
      vertex 90.1666 91.6918 0
    endloop
  endfacet
  facet normal 0 0 -1
    outer loop
      vertex 89.8334 91.6918 0
      vertex 94.7 97.7 0
      vertex 90 91.7 0
    endloop
  endfacet
  facet normal 0 0 -1
    outer loop
      vertex 89.6684 91.6673 0
      vertex 94.7 97.7 0
      vertex 89.8334 91.6918 0
    endloop
  endfacet
  facet normal 0 0 -1
    outer loop
      vertex 89.5065 91.6268 0
      vertex 94.7 97.7 0
      vertex 89.6684 91.6673 0
    endloop
  endfacet
  facet normal 0 0 -1
    outer loop
      vertex 89.3494 91.5706 0
      vertex 94.7 97.7 0
      vertex 89.5065 91.6268 0
    endloop
  endfacet
  facet normal 0 0 -1
    outer loop
      vertex 89.1986 91.4993 0
      vertex 94.7 97.7 0
      vertex 89.3494 91.5706 0
    endloop
  endfacet
  facet normal 0 0 -1
    outer loop
      vertex 89.0555 91.4135 0
      vertex 94.7 97.7 0
      vertex 89.1986 91.4993 0
    endloop
  endfacet
  facet normal 0 0 -1
    outer loop
      vertex 88.9215 91.3141 0
      vertex 94.7 97.7 0
      vertex 89.0555 91.4135 0
    endloop
  endfacet
  facet normal 0 0 -1
    outer loop
      vertex 46.32 87.52 0
      vertex 88.9215 91.3141 0
      vertex 88.7979 91.2021 0
    endloop
  endfacet
  facet normal -0 0 -1
    outer loop
      vertex 88.3082 89.8334 0
      vertex 86.32 87.52 0
      vertex 88.3 90 0
    endloop
  endfacet
  facet normal -0 0 -1
    outer loop
      vertex 88.3 90 0
      vertex 86.32 87.52 0
      vertex 88.3082 90.1666 0
    endloop
  endfacet
  facet normal 0 0 -1
    outer loop
      vertex 86.32 87.52 0
      vertex 88.3327 90.3316 0
      vertex 88.3082 90.1666 0
    endloop
  endfacet
  facet normal 0 0 -1
    outer loop
      vertex 86.32 87.52 0
      vertex 88.3732 90.4935 0
      vertex 88.3327 90.3316 0
    endloop
  endfacet
  facet normal 0 0 -1
    outer loop
      vertex 86.32 87.52 0
      vertex 88.4294 90.6506 0
      vertex 88.3732 90.4935 0
    endloop
  endfacet
  facet normal 0 0 -1
    outer loop
      vertex 86.32 87.52 0
      vertex 88.5007 90.8014 0
      vertex 88.4294 90.6506 0
    endloop
  endfacet
  facet normal 0 0 -1
    outer loop
      vertex 46.32 87.52 0
      vertex 88.5007 90.8014 0
      vertex 86.32 87.52 0
    endloop
  endfacet
  facet normal -0 0 -1
    outer loop
      vertex 88.5007 90.8014 0
      vertex 46.32 87.52 0
      vertex 88.5865 90.9445 0
    endloop
  endfacet
  facet normal 0 0 -1
    outer loop
      vertex 46.32 87.52 0
      vertex 88.6859 91.0785 0
      vertex 88.5865 90.9445 0
    endloop
  endfacet
  facet normal 0 0 -1
    outer loop
      vertex 46.32 87.52 0
      vertex 88.7979 91.2021 0
      vertex 88.6859 91.0785 0
    endloop
  endfacet
  facet normal -0 0 -1
    outer loop
      vertex 88.9215 91.3141 0
      vertex 46.32 87.52 0
      vertex 94.7 97.7 0
    endloop
  endfacet
  facet normal 0 0 -1
    outer loop
      vertex 49.51 52.92 0
      vertex 44.46 52.92 0
      vertex 49.51 66.92 0
    endloop
  endfacet
  facet normal 0 0 -1
    outer loop
      vertex 44.46 14.82 0
      vertex 46.1859 6.07847 0
      vertex 46.0865 5.94447 0
    endloop
  endfacet
  facet normal 0 0 -1
    outer loop
      vertex 44.46 14.82 0
      vertex 46.0865 5.94447 0
      vertex 46.0007 5.80137 0
    endloop
  endfacet
  facet normal 0 0 -1
    outer loop
      vertex 44.46 14.82 0
      vertex 46.0007 5.80137 0
      vertex 45.9294 5.65056 0
    endloop
  endfacet
  facet normal 0 0 -1
    outer loop
      vertex 44.46 14.82 0
      vertex 45.9294 5.65056 0
      vertex 45.8732 5.49348 0
    endloop
  endfacet
  facet normal 0 0 -1
    outer loop
      vertex 44.46 14.82 0
      vertex 45.8732 5.49348 0
      vertex 45.8327 5.33165 0
    endloop
  endfacet
  facet normal 0 0 -1
    outer loop
      vertex 44.46 14.82 0
      vertex 45.8327 5.33165 0
      vertex 45.8082 5.16663 0
    endloop
  endfacet
  facet normal 0 0 -1
    outer loop
      vertex 44.46 14.82 0
      vertex 45.8082 5.16663 0
      vertex 45.8 5 0
    endloop
  endfacet
  facet normal 0 0 -1
    outer loop
      vertex 49.51 14.82 0
      vertex 44.46 14.82 0
      vertex 44.46 28.82 0
    endloop
  endfacet
  facet normal -0 0 -1
    outer loop
      vertex 49.51 33.87 0
      vertex 44.46 28.82 0
      vertex 44.46 33.87 0
    endloop
  endfacet
  facet normal 0 0 -1
    outer loop
      vertex 49.51 47.87 0
      vertex 44.46 47.87 0
      vertex 49.51 52.92 0
    endloop
  endfacet
  facet normal 0 0 -1
    outer loop
      vertex 44.46 66.92 0
      vertex 49.51 66.92 0
      vertex 44.46 52.92 0
    endloop
  endfacet
  facet normal 0 0 -1
    outer loop
      vertex 49.51 66.92 0
      vertex 44.46 66.92 0
      vertex 46.32 74.52 0
    endloop
  endfacet
  facet normal 0 0 -1
    outer loop
      vertex 39.2223 76.1741 0
      vertex 46.32 74.52 0
      vertex 44.46 66.92 0
    endloop
  endfacet
  facet normal 0 0 -1
    outer loop
      vertex 40.9807 79.8921 0
      vertex 46.32 74.52 0
      vertex 41 79.5 0
    endloop
  endfacet
  facet normal 0 0 -1
    outer loop
      vertex 46.32 74.52 0
      vertex 40.9807 79.8921 0
      vertex 46.32 87.52 0
    endloop
  endfacet
  facet normal 0 0 -1
    outer loop
      vertex 40.9231 80.2804 0
      vertex 46.32 87.52 0
      vertex 40.9807 79.8921 0
    endloop
  endfacet
  facet normal 0 0 -1
    outer loop
      vertex 40.8278 80.6611 0
      vertex 46.32 87.52 0
      vertex 40.9231 80.2804 0
    endloop
  endfacet
  facet normal 0 0 -1
    outer loop
      vertex 40.6955 81.0307 0
      vertex 46.32 87.52 0
      vertex 40.8278 80.6611 0
    endloop
  endfacet
  facet normal 0 0 -1
    outer loop
      vertex 40.5277 81.3856 0
      vertex 46.32 87.52 0
      vertex 40.6955 81.0307 0
    endloop
  endfacet
  facet normal 0 0 -1
    outer loop
      vertex 40.3259 81.7223 0
      vertex 46.32 87.52 0
      vertex 40.5277 81.3856 0
    endloop
  endfacet
  facet normal 0 0 -1
    outer loop
      vertex 40.092 82.0376 0
      vertex 46.32 87.52 0
      vertex 40.3259 81.7223 0
    endloop
  endfacet
  facet normal 0 0 -1
    outer loop
      vertex 39.8284 82.3284 0
      vertex 46.32 87.52 0
      vertex 40.092 82.0376 0
    endloop
  endfacet
  facet normal 0 0 -1
    outer loop
      vertex 39.5376 82.592 0
      vertex 46.32 87.52 0
      vertex 39.8284 82.3284 0
    endloop
  endfacet
  facet normal 0 0 -1
    outer loop
      vertex 39.2223 82.8259 0
      vertex 46.32 87.52 0
      vertex 39.5376 82.592 0
    endloop
  endfacet
  facet normal 0 0 -1
    outer loop
      vertex 38.8856 83.0277 0
      vertex 46.32 87.52 0
      vertex 39.2223 82.8259 0
    endloop
  endfacet
  facet normal 0 0 -1
    outer loop
      vertex 38.5307 83.1955 0
      vertex 46.32 87.52 0
      vertex 38.8856 83.0277 0
    endloop
  endfacet
  facet normal 0 0 -1
    outer loop
      vertex 38.1611 83.3278 0
      vertex 46.32 87.52 0
      vertex 38.5307 83.1955 0
    endloop
  endfacet
  facet normal 0 0 -1
    outer loop
      vertex 37.7804 83.4231 0
      vertex 46.32 87.52 0
      vertex 38.1611 83.3278 0
    endloop
  endfacet
  facet normal 0 0 -1
    outer loop
      vertex 37.3921 83.4807 0
      vertex 46.32 87.52 0
      vertex 37.7804 83.4231 0
    endloop
  endfacet
  facet normal 0 0 -1
    outer loop
      vertex 37 83.5 0
      vertex 46.32 87.52 0
      vertex 37.3921 83.4807 0
    endloop
  endfacet
  facet normal 0 0 -1
    outer loop
      vertex 36.6079 83.4807 0
      vertex 46.32 87.52 0
      vertex 37 83.5 0
    endloop
  endfacet
  facet normal 0 0 -1
    outer loop
      vertex 36.2196 83.4231 0
      vertex 46.32 87.52 0
      vertex 36.6079 83.4807 0
    endloop
  endfacet
  facet normal 0 0 -1
    outer loop
      vertex 6.20208 91.2021 0
      vertex 36.2196 83.4231 0
      vertex 35.8389 83.3278 0
    endloop
  endfacet
  facet normal 0 0 -1
    outer loop
      vertex 6.31412 91.0785 0
      vertex 35.8389 83.3278 0
      vertex 35.4693 83.1955 0
    endloop
  endfacet
  facet normal 0 0 -1
    outer loop
      vertex 33.0193 79.1079 0
      vertex 6.7 90 0
      vertex 33 79.5 0
    endloop
  endfacet
  facet normal 0 0 -1
    outer loop
      vertex 33 79.5 0
      vertex 6.7 90 0
      vertex 33.0193 79.8921 0
    endloop
  endfacet
  facet normal 0 0 -1
    outer loop
      vertex 30.46 52.92 0
      vertex 6.7 90 0
      vertex 30.46 66.92 0
    endloop
  endfacet
  facet normal 0 0 -1
    outer loop
      vertex 33.0193 79.8921 0
      vertex 6.7 90 0
      vertex 33.0769 80.2804 0
    endloop
  endfacet
  facet normal 0 0 -1
    outer loop
      vertex 33.0769 80.2804 0
      vertex 6.7 90 0
      vertex 33.1722 80.6611 0
    endloop
  endfacet
  facet normal 0 0 -1
    outer loop
      vertex 6.7 90 0
      vertex 33.3045 81.0307 0
      vertex 33.1722 80.6611 0
    endloop
  endfacet
  facet normal 0 0 -1
    outer loop
      vertex 6.7 90 0
      vertex 33.4723 81.3856 0
      vertex 33.3045 81.0307 0
    endloop
  endfacet
  facet normal 0 0 -1
    outer loop
      vertex 6.7 90 0
      vertex 33.6741 81.7223 0
      vertex 33.4723 81.3856 0
    endloop
  endfacet
  facet normal 0 0 -1
    outer loop
      vertex 6.7 90 0
      vertex 33.908 82.0376 0
      vertex 33.6741 81.7223 0
    endloop
  endfacet
  facet normal 0 0 -1
    outer loop
      vertex 6.69181 90.1666 0
      vertex 33.908 82.0376 0
      vertex 6.7 90 0
    endloop
  endfacet
  facet normal 0 0 -1
    outer loop
      vertex 6.66733 90.3316 0
      vertex 33.908 82.0376 0
      vertex 6.69181 90.1666 0
    endloop
  endfacet
  facet normal 0 0 -1
    outer loop
      vertex 33.908 82.0376 0
      vertex 6.66733 90.3316 0
      vertex 34.1716 82.3284 0
    endloop
  endfacet
  facet normal 0 0 -1
    outer loop
      vertex 6.6268 90.4935 0
      vertex 34.1716 82.3284 0
      vertex 6.66733 90.3316 0
    endloop
  endfacet
  facet normal 0 0 -1
    outer loop
      vertex 34.1716 82.3284 0
      vertex 6.6268 90.4935 0
      vertex 34.4624 82.592 0
    endloop
  endfacet
  facet normal 0 0 -1
    outer loop
      vertex 6.57059 90.6506 0
      vertex 34.4624 82.592 0
      vertex 6.6268 90.4935 0
    endloop
  endfacet
  facet normal 0 0 -1
    outer loop
      vertex 34.4624 82.592 0
      vertex 6.57059 90.6506 0
      vertex 34.7777 82.8259 0
    endloop
  endfacet
  facet normal 0 0 -1
    outer loop
      vertex 6.49927 90.8014 0
      vertex 34.7777 82.8259 0
      vertex 6.57059 90.6506 0
    endloop
  endfacet
  facet normal 0 0 -1
    outer loop
      vertex 34.7777 82.8259 0
      vertex 6.49927 90.8014 0
      vertex 35.1144 83.0277 0
    endloop
  endfacet
  facet normal 0 0 -1
    outer loop
      vertex 6.4135 90.9445 0
      vertex 35.1144 83.0277 0
      vertex 6.49927 90.8014 0
    endloop
  endfacet
  facet normal 0 0 -1
    outer loop
      vertex 35.1144 83.0277 0
      vertex 6.4135 90.9445 0
      vertex 35.4693 83.1955 0
    endloop
  endfacet
  facet normal 0 0 -1
    outer loop
      vertex 6.31412 91.0785 0
      vertex 35.4693 83.1955 0
      vertex 6.4135 90.9445 0
    endloop
  endfacet
  facet normal 0 0 -1
    outer loop
      vertex 35.8389 83.3278 0
      vertex 6.31412 91.0785 0
      vertex 6.20208 91.2021 0
    endloop
  endfacet
  facet normal 0 0 -1
    outer loop
      vertex 36.2196 83.4231 0
      vertex 6.20208 91.2021 0
      vertex 46.32 87.52 0
    endloop
  endfacet
  facet normal 0 0 -1
    outer loop
      vertex 6.07847 91.3141 0
      vertex 46.32 87.52 0
      vertex 6.20208 91.2021 0
    endloop
  endfacet
  facet normal 0 0 -1
    outer loop
      vertex 46.32 87.52 0
      vertex 6.07847 91.3141 0
      vertex 0.299999 97.7 0
    endloop
  endfacet
  facet normal 0 0 -1
    outer loop
      vertex 0.299999 97.7 0
      vertex 6.07847 91.3141 0
      vertex 5.94447 91.4135 0
    endloop
  endfacet
  facet normal 0 0 -1
    outer loop
      vertex 0.299999 97.7 0
      vertex 5.94447 91.4135 0
      vertex 5.80137 91.4993 0
    endloop
  endfacet
  facet normal 0 0 -1
    outer loop
      vertex 0.299999 97.7 0
      vertex 5.80137 91.4993 0
      vertex 5.65056 91.5706 0
    endloop
  endfacet
  facet normal 0 0 -1
    outer loop
      vertex 0.299999 97.7 0
      vertex 5.65056 91.5706 0
      vertex 5.49348 91.6268 0
    endloop
  endfacet
  facet normal 0 0 -1
    outer loop
      vertex 0.299999 97.7 0
      vertex 5.49348 91.6268 0
      vertex 5.33165 91.6673 0
    endloop
  endfacet
  facet normal 0 0 -1
    outer loop
      vertex 0.299999 97.7 0
      vertex 5.33165 91.6673 0
      vertex 5.16663 91.6918 0
    endloop
  endfacet
  facet normal 0 0 -1
    outer loop
      vertex 0.299999 97.7 0
      vertex 5.16663 91.6918 0
      vertex 5 91.7 0
    endloop
  endfacet
  facet normal 0 0 -1
    outer loop
      vertex 0.299999 97.7 0
      vertex 5 91.7 0
      vertex 4.83337 91.6918 0
    endloop
  endfacet
  facet normal 0 0 -1
    outer loop
      vertex 46.32 87.52 0
      vertex 0.299999 97.7 0
      vertex 94.7 97.7 0
    endloop
  endfacet
  facet normal 0 0 -1
    outer loop
      vertex 4.66835 91.6673 0
      vertex 0.299999 97.7 0
      vertex 4.83337 91.6918 0
    endloop
  endfacet
  facet normal 0 0 -1
    outer loop
      vertex 4.50652 91.6268 0
      vertex 0.299999 97.7 0
      vertex 4.66835 91.6673 0
    endloop
  endfacet
  facet normal 0 0 -1
    outer loop
      vertex 4.34944 91.5706 0
      vertex 0.299999 97.7 0
      vertex 4.50652 91.6268 0
    endloop
  endfacet
  facet normal 0 0 -1
    outer loop
      vertex 4.19862 91.4993 0
      vertex 0.299999 97.7 0
      vertex 4.34944 91.5706 0
    endloop
  endfacet
  facet normal 0 0 -1
    outer loop
      vertex 4.05553 91.4135 0
      vertex 0.299999 97.7 0
      vertex 4.19862 91.4993 0
    endloop
  endfacet
  facet normal 0 0 -1
    outer loop
      vertex 3.92153 91.3141 0
      vertex 0.299999 97.7 0
      vertex 4.05553 91.4135 0
    endloop
  endfacet
  facet normal 0 0 -1
    outer loop
      vertex 3.79792 91.2021 0
      vertex 0.299999 97.7 0
      vertex 3.92153 91.3141 0
    endloop
  endfacet
  facet normal 0 0 -1
    outer loop
      vertex -2.7 94.7 0
      vertex 3.79792 91.2021 0
      vertex 3.68588 91.0785 0
    endloop
  endfacet
  facet normal 0 0 -1
    outer loop
      vertex -2.7 94.7 0
      vertex 3.68588 91.0785 0
      vertex 3.5865 90.9445 0
    endloop
  endfacet
  facet normal 0 0 -1
    outer loop
      vertex -2.7 94.7 0
      vertex 3.5865 90.9445 0
      vertex 3.50073 90.8014 0
    endloop
  endfacet
  facet normal 0 0 -1
    outer loop
      vertex -2.7 94.7 0
      vertex 3.50073 90.8014 0
      vertex 3.4294 90.6506 0
    endloop
  endfacet
  facet normal 0 0 -1
    outer loop
      vertex -2.7 94.7 0
      vertex 3.4294 90.6506 0
      vertex 3.3732 90.4935 0
    endloop
  endfacet
  facet normal 0 0 -1
    outer loop
      vertex -2.7 94.7 0
      vertex 3.3732 90.4935 0
      vertex 3.33266 90.3316 0
    endloop
  endfacet
  facet normal 0 0 -1
    outer loop
      vertex -2.7 94.7 0
      vertex 3.33266 90.3316 0
      vertex 3.30819 90.1666 0
    endloop
  endfacet
  facet normal 0 0 -1
    outer loop
      vertex -2.7 94.7 0
      vertex 3.30819 90.1666 0
      vertex 3.3 90 0
    endloop
  endfacet
  facet normal 0 0 -1
    outer loop
      vertex 3.33266 89.6684 0
      vertex -2.7 94.7 0
      vertex 3.30819 89.8334 0
    endloop
  endfacet
  facet normal 0 0 -1
    outer loop
      vertex -2.7 0.299999 0
      vertex 0.299999 -2.7 0
      vertex 0.00594711 -2.68555 0
    endloop
  endfacet
  facet normal 0 0 -1
    outer loop
      vertex 3.30819 89.8334 0
      vertex -2.7 94.7 0
      vertex 3.3 90 0
    endloop
  endfacet
  facet normal 0 0 -1
    outer loop
      vertex -2.7 0.299999 0
      vertex 0.00594711 -2.68555 0
      vertex -0.285266 -2.64235 0
    endloop
  endfacet
  facet normal 0 0 -1
    outer loop
      vertex 3.79792 91.2021 0
      vertex -2.7 94.7 0
      vertex 0.299999 97.7 0
    endloop
  endfacet
  facet normal 0 0 -1
    outer loop
      vertex -2.7 0.299999 0
      vertex -0.285266 -2.64235 0
      vertex -0.570849 -2.57082 0
    endloop
  endfacet
  facet normal 0 0 -1
    outer loop
      vertex 0.299999 97.7 0
      vertex -2.7 94.7 0
      vertex 0.00594711 97.6855 0
    endloop
  endfacet
  facet normal 0 0 -1
    outer loop
      vertex -2.7 0.299999 0
      vertex -0.570849 -2.57082 0
      vertex -0.848056 -2.47164 0
    endloop
  endfacet
  facet normal 0 0 -1
    outer loop
      vertex 0.00594711 97.6855 0
      vertex -2.7 94.7 0
      vertex -0.285266 97.6423 0
    endloop
  endfacet
  facet normal 0 0 -1
    outer loop
      vertex -2.7 0.299999 0
      vertex -0.848056 -2.47164 0
      vertex -1.11418 -2.34577 0
    endloop
  endfacet
  facet normal 0 0 -1
    outer loop
      vertex -0.285266 97.6423 0
      vertex -2.7 94.7 0
      vertex -0.570849 97.5708 0
    endloop
  endfacet
  facet normal 0 0 -1
    outer loop
      vertex -2.7 0.299999 0
      vertex -1.11418 -2.34577 0
      vertex -1.36672 -2.19442 0
    endloop
  endfacet
  facet normal 0 0 -1
    outer loop
      vertex -0.570849 97.5708 0
      vertex -2.7 94.7 0
      vertex -0.848056 97.4716 0
    endloop
  endfacet
  facet normal 0 0 -1
    outer loop
      vertex -2.7 0.299999 0
      vertex -1.36672 -2.19442 0
      vertex -1.60318 -2.01903 0
    endloop
  endfacet
  facet normal 0 0 -1
    outer loop
      vertex -0.848056 97.4716 0
      vertex -2.7 94.7 0
      vertex -1.11418 97.3458 0
    endloop
  endfacet
  facet normal 0 0 -1
    outer loop
      vertex -2.7 0.299999 0
      vertex -1.60318 -2.01903 0
      vertex -1.82132 -1.82132 0
    endloop
  endfacet
  facet normal 0 0 -1
    outer loop
      vertex -1.11418 97.3458 0
      vertex -2.7 94.7 0
      vertex -1.36672 97.1944 0
    endloop
  endfacet
  facet normal 0 0 -1
    outer loop
      vertex -2.7 0.299999 0
      vertex -1.82132 -1.82132 0
      vertex -2.01903 -1.60318 0
    endloop
  endfacet
  facet normal 0 0 -1
    outer loop
      vertex -1.36672 97.1944 0
      vertex -2.7 94.7 0
      vertex -1.60318 97.019 0
    endloop
  endfacet
  facet normal 0 0 -1
    outer loop
      vertex -2.7 0.299999 0
      vertex -2.01903 -1.60318 0
      vertex -2.19442 -1.36672 0
    endloop
  endfacet
  facet normal 0 0 -1
    outer loop
      vertex -1.60318 97.019 0
      vertex -2.7 94.7 0
      vertex -1.82132 96.8213 0
    endloop
  endfacet
  facet normal 0 0 -1
    outer loop
      vertex -2.7 0.299999 0
      vertex -2.19442 -1.36672 0
      vertex -2.34577 -1.11418 0
    endloop
  endfacet
  facet normal 0 0 -1
    outer loop
      vertex -1.82132 96.8213 0
      vertex -2.7 94.7 0
      vertex -2.01903 96.6032 0
    endloop
  endfacet
  facet normal 0 0 -1
    outer loop
      vertex -2.7 0.299999 0
      vertex -2.34577 -1.11418 0
      vertex -2.47164 -0.848056 0
    endloop
  endfacet
  facet normal 0 0 -1
    outer loop
      vertex -2.01903 96.6032 0
      vertex -2.7 94.7 0
      vertex -2.19442 96.3667 0
    endloop
  endfacet
  facet normal 0 0 -1
    outer loop
      vertex -2.7 0.299999 0
      vertex -2.47164 -0.848056 0
      vertex -2.57082 -0.570849 0
    endloop
  endfacet
  facet normal 0 0 -1
    outer loop
      vertex -2.19442 96.3667 0
      vertex -2.7 94.7 0
      vertex -2.34577 96.1142 0
    endloop
  endfacet
  facet normal 0 0 -1
    outer loop
      vertex -2.7 0.299999 0
      vertex -2.57082 -0.570849 0
      vertex -2.64235 -0.285266 0
    endloop
  endfacet
  facet normal 0 0 -1
    outer loop
      vertex -2.34577 96.1142 0
      vertex -2.7 94.7 0
      vertex -2.47164 95.8481 0
    endloop
  endfacet
  facet normal 0 0 -1
    outer loop
      vertex -2.7 0.299999 0
      vertex -2.64235 -0.285266 0
      vertex -2.68555 0.00594711 0
    endloop
  endfacet
  facet normal 0 0 -1
    outer loop
      vertex -2.47164 95.8481 0
      vertex -2.7 94.7 0
      vertex -2.57082 95.5708 0
    endloop
  endfacet
  facet normal 0 0 -1
    outer loop
      vertex -2.57082 95.5708 0
      vertex -2.7 94.7 0
      vertex -2.64235 95.2853 0
    endloop
  endfacet
  facet normal 0 0 -1
    outer loop
      vertex -2.64235 95.2853 0
      vertex -2.7 94.7 0
      vertex -2.68555 94.994 0
    endloop
  endfacet
  facet normal 0 0 -1
    outer loop
      vertex 88.3327 46.6683 0
      vertex 82.56 47.87 0
      vertex 88.3082 46.8334 0
    endloop
  endfacet
  facet normal 0 0 -1
    outer loop
      vertex 88.3082 46.8334 0
      vertex 82.56 47.87 0
      vertex 88.3 47 0
    endloop
  endfacet
  facet normal -0 0 -1
    outer loop
      vertex 88.6859 48.0785 0
      vertex 82.56 47.87 0
      vertex 82.56 52.92 0
    endloop
  endfacet
  facet normal 0 0 -1
    outer loop
      vertex 90.1666 48.6918 0
      vertex 82.56 52.92 0
      vertex 82.56 66.92 0
    endloop
  endfacet
  facet normal 0 0 -1
    outer loop
      vertex 90.8014 48.4993 0
      vertex 82.56 66.92 0
      vertex 86.32 74.52 0
    endloop
  endfacet
  facet normal 0 0 -1
    outer loop
      vertex 68.56 66.92 0
      vertex 86.32 74.52 0
      vertex 82.56 66.92 0
    endloop
  endfacet
  facet normal -0 0 -1
    outer loop
      vertex 68.56 33.87 0
      vertex 63.51 28.82 0
      vertex 63.51 33.87 0
    endloop
  endfacet
  facet normal 0 0 -1
    outer loop
      vertex 68.56 47.87 0
      vertex 63.51 47.87 0
      vertex 68.56 52.92 0
    endloop
  endfacet
  facet normal 0 0 -1
    outer loop
      vertex 63.51 52.92 0
      vertex 68.56 52.92 0
      vertex 63.51 47.87 0
    endloop
  endfacet
  facet normal 0 0 -1
    outer loop
      vertex 68.56 52.92 0
      vertex 63.51 52.92 0
      vertex 68.56 66.92 0
    endloop
  endfacet
  facet normal 0 0 -1
    outer loop
      vertex 63.51 66.92 0
      vertex 68.56 66.92 0
      vertex 63.51 52.92 0
    endloop
  endfacet
  facet normal 0 0 -1
    outer loop
      vertex 46.32 74.52 0
      vertex 68.56 66.92 0
      vertex 63.51 66.92 0
    endloop
  endfacet
  facet normal 0 0 -1
    outer loop
      vertex 46.32 74.52 0
      vertex 63.51 66.92 0
      vertex 49.51 66.92 0
    endloop
  endfacet
  facet normal 0 0 -1
    outer loop
      vertex 49.1268 5.49348 0
      vertex 63.51 14.82 0
      vertex 49.1673 5.33165 0
    endloop
  endfacet
  facet normal 0 0 -1
    outer loop
      vertex 49.0706 5.65056 0
      vertex 63.51 14.82 0
      vertex 49.1268 5.49348 0
    endloop
  endfacet
  facet normal 0 0 -1
    outer loop
      vertex 48.9993 5.80137 0
      vertex 63.51 14.82 0
      vertex 49.0706 5.65056 0
    endloop
  endfacet
  facet normal -0 0 -1
    outer loop
      vertex 63.51 14.82 0
      vertex 48.9993 5.80137 0
      vertex 49.51 14.82 0
    endloop
  endfacet
  facet normal 0 0 -1
    outer loop
      vertex 48.9135 5.94447 0
      vertex 49.51 14.82 0
      vertex 48.9993 5.80137 0
    endloop
  endfacet
  facet normal 0 0 -1
    outer loop
      vertex 48.8141 6.07847 0
      vertex 49.51 14.82 0
      vertex 48.9135 5.94447 0
    endloop
  endfacet
  facet normal 0 0 -1
    outer loop
      vertex 48.7021 6.20208 0
      vertex 49.51 14.82 0
      vertex 48.8141 6.07847 0
    endloop
  endfacet
  facet normal 0 0 -1
    outer loop
      vertex 48.5785 6.31412 0
      vertex 49.51 14.82 0
      vertex 48.7021 6.20208 0
    endloop
  endfacet
  facet normal 0 0 -1
    outer loop
      vertex 48.4445 6.4135 0
      vertex 49.51 14.82 0
      vertex 48.5785 6.31412 0
    endloop
  endfacet
  facet normal 0 0 -1
    outer loop
      vertex 48.3014 6.49927 0
      vertex 49.51 14.82 0
      vertex 48.4445 6.4135 0
    endloop
  endfacet
  facet normal 0 0 -1
    outer loop
      vertex 48.1506 6.57059 0
      vertex 49.51 14.82 0
      vertex 48.3014 6.49927 0
    endloop
  endfacet
  facet normal 0 0 -1
    outer loop
      vertex 47.9935 6.6268 0
      vertex 49.51 14.82 0
      vertex 48.1506 6.57059 0
    endloop
  endfacet
  facet normal 0 0 -1
    outer loop
      vertex 47.8317 6.66733 0
      vertex 49.51 14.82 0
      vertex 47.9935 6.6268 0
    endloop
  endfacet
  facet normal 0 0 -1
    outer loop
      vertex 47.6666 6.69181 0
      vertex 49.51 14.82 0
      vertex 47.8317 6.66733 0
    endloop
  endfacet
  facet normal 0 0 -1
    outer loop
      vertex 47.5 6.7 0
      vertex 49.51 14.82 0
      vertex 47.6666 6.69181 0
    endloop
  endfacet
  facet normal 0 0 -1
    outer loop
      vertex 47.3334 6.69181 0
      vertex 49.51 14.82 0
      vertex 47.5 6.7 0
    endloop
  endfacet
  facet normal 0 0 -1
    outer loop
      vertex 44.46 14.82 0
      vertex 47.3334 6.69181 0
      vertex 47.1683 6.66733 0
    endloop
  endfacet
  facet normal 0 0 -1
    outer loop
      vertex 44.46 14.82 0
      vertex 47.1683 6.66733 0
      vertex 47.0065 6.6268 0
    endloop
  endfacet
  facet normal 0 0 -1
    outer loop
      vertex 44.46 14.82 0
      vertex 47.0065 6.6268 0
      vertex 46.8494 6.57059 0
    endloop
  endfacet
  facet normal 0 0 -1
    outer loop
      vertex 44.46 14.82 0
      vertex 46.8494 6.57059 0
      vertex 46.6986 6.49927 0
    endloop
  endfacet
  facet normal 0 0 -1
    outer loop
      vertex 44.46 14.82 0
      vertex 46.6986 6.49927 0
      vertex 46.5555 6.4135 0
    endloop
  endfacet
  facet normal 0 0 -1
    outer loop
      vertex 44.46 14.82 0
      vertex 46.5555 6.4135 0
      vertex 46.4215 6.31412 0
    endloop
  endfacet
  facet normal 0 0 -1
    outer loop
      vertex 44.46 14.82 0
      vertex 46.4215 6.31412 0
      vertex 46.2979 6.20208 0
    endloop
  endfacet
  facet normal 0 0 -1
    outer loop
      vertex 68.56 66.92 0
      vertex 46.32 74.52 0
      vertex 86.32 74.52 0
    endloop
  endfacet
  facet normal 0 0 -1
    outer loop
      vertex 44.46 14.82 0
      vertex 46.2979 6.20208 0
      vertex 46.1859 6.07847 0
    endloop
  endfacet
  facet normal 0 0 -1
    outer loop
      vertex 44.46 52.92 0
      vertex 49.51 52.92 0
      vertex 44.46 47.87 0
    endloop
  endfacet
  facet normal 0 0 -1
    outer loop
      vertex 47.3334 6.69181 0
      vertex 44.46 14.82 0
      vertex 49.51 14.82 0
    endloop
  endfacet
  facet normal -0.514061 -0.857754 0
    outer loop
      vertex -1.36672 -2.19442 0
      vertex -1.11418 -2.34577 3
      vertex -1.36672 -2.19442 3
    endloop
  endfacet
  facet normal -0.514061 -0.857754 -0
    outer loop
      vertex -1.11418 -2.34577 3
      vertex -1.36672 -2.19442 0
      vertex -1.11418 -2.34577 0
    endloop
  endfacet
  facet normal 0.998786 -0.0492512 0
    outer loop
      vertex 97.6855 0.00594711 3
      vertex 97.7 0.299999 0
      vertex 97.7 0.299999 3
    endloop
  endfacet
  facet normal 0.998786 -0.0492512 0
    outer loop
      vertex 97.7 0.299999 0
      vertex 97.6855 0.00594711 3
      vertex 97.6855 0.00594711 0
    endloop
  endfacet
  facet normal 0.904078 -0.427368 0
    outer loop
      vertex 97.3458 -1.11418 3
      vertex 97.4716 -0.848056 0
      vertex 97.4716 -0.848056 3
    endloop
  endfacet
  facet normal 0.904078 -0.427368 0
    outer loop
      vertex 97.4716 -0.848056 0
      vertex 97.3458 -1.11418 3
      vertex 97.3458 -1.11418 0
    endloop
  endfacet
  facet normal 0 -1 0
    outer loop
      vertex 0.299999 -2.7 0
      vertex 94.7 -2.7 3
      vertex 0.299999 -2.7 3
    endloop
  endfacet
  facet normal 0 -1 -0
    outer loop
      vertex 94.7 -2.7 3
      vertex 0.299999 -2.7 0
      vertex 94.7 -2.7 0
    endloop
  endfacet
  facet normal 0.336771 -0.941587 0
    outer loop
      vertex 95.5708 -2.57082 0
      vertex 95.8481 -2.47164 3
      vertex 95.5708 -2.57082 3
    endloop
  endfacet
  facet normal 0.336771 -0.941587 0
    outer loop
      vertex 95.8481 -2.47164 3
      vertex 95.5708 -2.57082 0
      vertex 95.8481 -2.47164 0
    endloop
  endfacet
  facet normal 0.427594 -0.903971 0
    outer loop
      vertex 95.8481 -2.47164 0
      vertex 96.1142 -2.34577 3
      vertex 95.8481 -2.47164 3
    endloop
  endfacet
  facet normal 0.427594 -0.903971 0
    outer loop
      vertex 96.1142 -2.34577 3
      vertex 95.8481 -2.47164 0
      vertex 96.1142 -2.34577 0
    endloop
  endfacet
  facet normal -1 0 0
    outer loop
      vertex -2.7 0.299999 0
      vertex -2.7 94.7 3
      vertex -2.7 94.7 0
    endloop
  endfacet
  facet normal -1 -0 0
    outer loop
      vertex -2.7 94.7 3
      vertex -2.7 0.299999 0
      vertex -2.7 0.299999 3
    endloop
  endfacet
  facet normal 0.998786 0.0492599 0
    outer loop
      vertex 97.7 94.7 3
      vertex 97.6855 94.994 0
      vertex 97.6855 94.994 3
    endloop
  endfacet
  facet normal 0.998786 0.0492599 0
    outer loop
      vertex 97.6855 94.994 0
      vertex 97.7 94.7 3
      vertex 97.7 94.7 0
    endloop
  endfacet
  facet normal 0.970059 -0.242869 0
    outer loop
      vertex 97.5708 -0.570849 3
      vertex 97.6423 -0.285266 0
      vertex 97.6423 -0.285266 3
    endloop
  endfacet
  facet normal 0.970059 -0.242869 0
    outer loop
      vertex 97.6423 -0.285266 0
      vertex 97.5708 -0.570849 3
      vertex 97.5708 -0.570849 0
    endloop
  endfacet
  facet normal 0.146696 -0.989182 0
    outer loop
      vertex 94.994 -2.68555 0
      vertex 95.2853 -2.64235 3
      vertex 94.994 -2.68555 3
    endloop
  endfacet
  facet normal 0.146696 -0.989182 0
    outer loop
      vertex 95.2853 -2.64235 3
      vertex 94.994 -2.68555 0
      vertex 95.2853 -2.64235 0
    endloop
  endfacet
  facet normal 0.514246 0.857643 -0
    outer loop
      vertex 96.3667 97.1944 0
      vertex 96.1142 97.3458 3
      vertex 96.3667 97.1944 3
    endloop
  endfacet
  facet normal 0.514246 0.857643 0
    outer loop
      vertex 96.1142 97.3458 3
      vertex 96.3667 97.1944 0
      vertex 96.1142 97.3458 0
    endloop
  endfacet
  facet normal -0.970035 -0.242965 0
    outer loop
      vertex -2.57082 -0.570849 0
      vertex -2.64235 -0.285266 3
      vertex -2.64235 -0.285266 0
    endloop
  endfacet
  facet normal -0.970035 -0.242965 0
    outer loop
      vertex -2.64235 -0.285266 3
      vertex -2.57082 -0.570849 0
      vertex -2.57082 -0.570849 3
    endloop
  endfacet
  facet normal -0.595742 -0.803176 0
    outer loop
      vertex -1.60318 -2.01903 0
      vertex -1.36672 -2.19442 3
      vertex -1.60318 -2.01903 3
    endloop
  endfacet
  facet normal -0.595742 -0.803176 -0
    outer loop
      vertex -1.36672 -2.19442 3
      vertex -1.60318 -2.01903 0
      vertex -1.36672 -2.19442 0
    endloop
  endfacet
  facet normal -0.903986 -0.427563 0
    outer loop
      vertex -2.34577 -1.11418 0
      vertex -2.47164 -0.848056 3
      vertex -2.47164 -0.848056 0
    endloop
  endfacet
  facet normal -0.903986 -0.427563 0
    outer loop
      vertex -2.47164 -0.848056 3
      vertex -2.34577 -1.11418 0
      vertex -2.34577 -1.11418 3
    endloop
  endfacet
  facet normal -0.671558 -0.740952 0
    outer loop
      vertex -1.82132 -1.82132 0
      vertex -1.60318 -2.01903 3
      vertex -1.82132 -1.82132 3
    endloop
  endfacet
  facet normal -0.671558 -0.740952 -0
    outer loop
      vertex -1.60318 -2.01903 3
      vertex -1.82132 -1.82132 0
      vertex -1.60318 -2.01903 0
    endloop
  endfacet
  facet normal 0.336831 0.941565 -0
    outer loop
      vertex 95.8481 97.4716 0
      vertex 95.5708 97.5708 3
      vertex 95.8481 97.4716 3
    endloop
  endfacet
  facet normal 0.336831 0.941565 0
    outer loop
      vertex 95.5708 97.5708 3
      vertex 95.8481 97.4716 0
      vertex 95.5708 97.5708 0
    endloop
  endfacet
  facet normal -0.242965 -0.970035 0
    outer loop
      vertex -0.570849 -2.57082 0
      vertex -0.285266 -2.64235 3
      vertex -0.570849 -2.57082 3
    endloop
  endfacet
  facet normal -0.242965 -0.970035 -0
    outer loop
      vertex -0.285266 -2.64235 3
      vertex -0.570849 -2.57082 0
      vertex -0.285266 -2.64235 0
    endloop
  endfacet
  facet normal -0.857718 0.514121 0
    outer loop
      vertex -2.34577 96.1142 0
      vertex -2.19442 96.3667 3
      vertex -2.19442 96.3667 0
    endloop
  endfacet
  facet normal -0.857718 0.514121 0
    outer loop
      vertex -2.19442 96.3667 3
      vertex -2.34577 96.1142 0
      vertex -2.34577 96.1142 3
    endloop
  endfacet
  facet normal 0.941529 -0.336931 0
    outer loop
      vertex 97.4716 -0.848056 3
      vertex 97.5708 -0.570849 0
      vertex 97.5708 -0.570849 3
    endloop
  endfacet
  facet normal 0.941529 -0.336931 0
    outer loop
      vertex 97.5708 -0.570849 0
      vertex 97.4716 -0.848056 3
      vertex 97.4716 -0.848056 0
    endloop
  endfacet
  facet normal 0.243031 -0.970018 0
    outer loop
      vertex 95.2853 -2.64235 0
      vertex 95.5708 -2.57082 3
      vertex 95.2853 -2.64235 3
    endloop
  endfacet
  facet normal 0.243031 -0.970018 0
    outer loop
      vertex 95.5708 -2.57082 3
      vertex 95.2853 -2.64235 0
      vertex 95.5708 -2.57082 0
    endloop
  endfacet
  facet normal 0.740908 0.671607 0
    outer loop
      vertex 97.019 96.6032 3
      vertex 96.8213 96.8213 0
      vertex 96.8213 96.8213 3
    endloop
  endfacet
  facet normal 0.740908 0.671607 0
    outer loop
      vertex 96.8213 96.8213 0
      vertex 97.019 96.6032 3
      vertex 97.019 96.6032 0
    endloop
  endfacet
  facet normal -0.336931 0.941529 0
    outer loop
      vertex -0.570849 97.5708 0
      vertex -0.848056 97.4716 3
      vertex -0.570849 97.5708 3
    endloop
  endfacet
  facet normal -0.336931 0.941529 0
    outer loop
      vertex -0.848056 97.4716 3
      vertex -0.570849 97.5708 0
      vertex -0.848056 97.4716 0
    endloop
  endfacet
  facet normal 0.0492599 0.998786 -0
    outer loop
      vertex 94.994 97.6855 0
      vertex 94.7 97.7 3
      vertex 94.994 97.6855 3
    endloop
  endfacet
  facet normal 0.0492599 0.998786 0
    outer loop
      vertex 94.7 97.7 3
      vertex 94.994 97.6855 0
      vertex 94.7 97.7 0
    endloop
  endfacet
  facet normal 0.595677 -0.803224 0
    outer loop
      vertex 96.3667 -2.19442 0
      vertex 96.6032 -2.01903 3
      vertex 96.3667 -2.19442 3
    endloop
  endfacet
  facet normal 0.595677 -0.803224 0
    outer loop
      vertex 96.6032 -2.01903 3
      vertex 96.3667 -2.19442 0
      vertex 96.6032 -2.01903 0
    endloop
  endfacet
  facet normal -0.740952 -0.671558 0
    outer loop
      vertex -1.82132 -1.82132 0
      vertex -2.01903 -1.60318 3
      vertex -2.01903 -1.60318 0
    endloop
  endfacet
  facet normal -0.740952 -0.671558 0
    outer loop
      vertex -2.01903 -1.60318 3
      vertex -1.82132 -1.82132 0
      vertex -1.82132 -1.82132 3
    endloop
  endfacet
  facet normal 0 1 -0
    outer loop
      vertex 94.7 97.7 0
      vertex 0.299999 97.7 3
      vertex 94.7 97.7 3
    endloop
  endfacet
  facet normal 0 1 0
    outer loop
      vertex 0.299999 97.7 3
      vertex 94.7 97.7 0
      vertex 0.299999 97.7 0
    endloop
  endfacet
  facet normal -0.146739 -0.989175 0
    outer loop
      vertex -0.285266 -2.64235 0
      vertex 0.00594711 -2.68555 3
      vertex -0.285266 -2.64235 3
    endloop
  endfacet
  facet normal -0.146739 -0.989175 -0
    outer loop
      vertex 0.00594711 -2.68555 3
      vertex -0.285266 -2.64235 0
      vertex 0.00594711 -2.68555 0
    endloop
  endfacet
  facet normal 0.671607 0.740908 -0
    outer loop
      vertex 96.8213 96.8213 0
      vertex 96.6032 97.019 3
      vertex 96.8213 96.8213 3
    endloop
  endfacet
  facet normal 0.671607 0.740908 0
    outer loop
      vertex 96.6032 97.019 3
      vertex 96.8213 96.8213 0
      vertex 96.6032 97.019 0
    endloop
  endfacet
  facet normal -0.514186 0.857679 0
    outer loop
      vertex -1.11418 97.3458 0
      vertex -1.36672 97.1944 3
      vertex -1.11418 97.3458 3
    endloop
  endfacet
  facet normal -0.514186 0.857679 0
    outer loop
      vertex -1.36672 97.1944 3
      vertex -1.11418 97.3458 0
      vertex -1.36672 97.1944 0
    endloop
  endfacet
  facet normal 0.0490904 -0.998794 0
    outer loop
      vertex 94.7 -2.7 0
      vertex 94.994 -2.68555 3
      vertex 94.7 -2.7 3
    endloop
  endfacet
  facet normal 0.0490904 -0.998794 0
    outer loop
      vertex 94.994 -2.68555 3
      vertex 94.7 -2.7 0
      vertex 94.994 -2.68555 0
    endloop
  endfacet
  facet normal -0.427563 -0.903986 0
    outer loop
      vertex -1.11418 -2.34577 0
      vertex -0.848056 -2.47164 3
      vertex -1.11418 -2.34577 3
    endloop
  endfacet
  facet normal -0.427563 -0.903986 -0
    outer loop
      vertex -0.848056 -2.47164 3
      vertex -1.11418 -2.34577 0
      vertex -0.848056 -2.47164 0
    endloop
  endfacet
  facet normal 0.80316 -0.595764 0
    outer loop
      vertex 97.019 -1.60318 3
      vertex 97.1944 -1.36672 0
      vertex 97.1944 -1.36672 3
    endloop
  endfacet
  facet normal 0.80316 -0.595764 0
    outer loop
      vertex 97.1944 -1.36672 0
      vertex 97.019 -1.60318 3
      vertex 97.019 -1.60318 0
    endloop
  endfacet
  facet normal -0.336871 -0.941551 0
    outer loop
      vertex -0.848056 -2.47164 0
      vertex -0.570849 -2.57082 3
      vertex -0.848056 -2.47164 3
    endloop
  endfacet
  facet normal -0.336871 -0.941551 -0
    outer loop
      vertex -0.570849 -2.57082 3
      vertex -0.848056 -2.47164 0
      vertex -0.570849 -2.57082 0
    endloop
  endfacet
  facet normal -0.857754 -0.514061 0
    outer loop
      vertex -2.19442 -1.36672 0
      vertex -2.34577 -1.11418 3
      vertex -2.34577 -1.11418 0
    endloop
  endfacet
  facet normal -0.857754 -0.514061 0
    outer loop
      vertex -2.34577 -1.11418 3
      vertex -2.19442 -1.36672 0
      vertex -2.19442 -1.36672 3
    endloop
  endfacet
  facet normal -0.595764 0.80316 0
    outer loop
      vertex -1.36672 97.1944 0
      vertex -1.60318 97.019 3
      vertex -1.36672 97.1944 3
    endloop
  endfacet
  facet normal -0.595764 0.80316 0
    outer loop
      vertex -1.60318 97.019 3
      vertex -1.36672 97.1944 0
      vertex -1.60318 97.019 0
    endloop
  endfacet
  facet normal -0.0490818 -0.998795 0
    outer loop
      vertex 0.00594711 -2.68555 0
      vertex 0.299999 -2.7 3
      vertex 0.00594711 -2.68555 3
    endloop
  endfacet
  facet normal -0.0490818 -0.998795 -0
    outer loop
      vertex 0.299999 -2.7 3
      vertex 0.00594711 -2.68555 0
      vertex 0.299999 -2.7 0
    endloop
  endfacet
  facet normal -0.970018 0.243031 0
    outer loop
      vertex -2.64235 95.2853 0
      vertex -2.57082 95.5708 3
      vertex -2.57082 95.5708 0
    endloop
  endfacet
  facet normal -0.970018 0.243031 0
    outer loop
      vertex -2.57082 95.5708 3
      vertex -2.64235 95.2853 0
      vertex -2.64235 95.2853 3
    endloop
  endfacet
  facet normal -0.242869 0.970059 0
    outer loop
      vertex -0.285266 97.6423 0
      vertex -0.570849 97.5708 3
      vertex -0.285266 97.6423 3
    endloop
  endfacet
  facet normal -0.242869 0.970059 0
    outer loop
      vertex -0.570849 97.5708 3
      vertex -0.285266 97.6423 0
      vertex -0.570849 97.5708 0
    endloop
  endfacet
  facet normal -0.427368 0.904078 0
    outer loop
      vertex -0.848056 97.4716 0
      vertex -1.11418 97.3458 3
      vertex -0.848056 97.4716 3
    endloop
  endfacet
  facet normal -0.427368 0.904078 0
    outer loop
      vertex -1.11418 97.3458 3
      vertex -0.848056 97.4716 0
      vertex -1.11418 97.3458 0
    endloop
  endfacet
  facet normal -0.989182 0.146696 0
    outer loop
      vertex -2.68555 94.994 0
      vertex -2.64235 95.2853 3
      vertex -2.64235 95.2853 0
    endloop
  endfacet
  facet normal -0.989182 0.146696 0
    outer loop
      vertex -2.64235 95.2853 3
      vertex -2.68555 94.994 0
      vertex -2.68555 94.994 3
    endloop
  endfacet
  facet normal -0.671539 0.740969 0
    outer loop
      vertex -1.60318 97.019 0
      vertex -1.82132 96.8213 3
      vertex -1.60318 97.019 3
    endloop
  endfacet
  facet normal -0.671539 0.740969 0
    outer loop
      vertex -1.82132 96.8213 3
      vertex -1.60318 97.019 0
      vertex -1.82132 96.8213 0
    endloop
  endfacet
  facet normal 0.595699 0.803208 -0
    outer loop
      vertex 96.6032 97.019 0
      vertex 96.3667 97.1944 3
      vertex 96.6032 97.019 3
    endloop
  endfacet
  facet normal 0.595699 0.803208 0
    outer loop
      vertex 96.3667 97.1944 3
      vertex 96.6032 97.019 0
      vertex 96.3667 97.1944 0
    endloop
  endfacet
  facet normal 0.740969 -0.671539 0
    outer loop
      vertex 96.8213 -1.82132 3
      vertex 97.019 -1.60318 0
      vertex 97.019 -1.60318 3
    endloop
  endfacet
  facet normal 0.740969 -0.671539 0
    outer loop
      vertex 97.019 -1.60318 0
      vertex 96.8213 -1.82132 3
      vertex 96.8213 -1.82132 0
    endloop
  endfacet
  facet normal 0.989182 0.146696 0
    outer loop
      vertex 97.6855 94.994 3
      vertex 97.6423 95.2853 0
      vertex 97.6423 95.2853 3
    endloop
  endfacet
  facet normal 0.989182 0.146696 0
    outer loop
      vertex 97.6423 95.2853 0
      vertex 97.6855 94.994 3
      vertex 97.6855 94.994 0
    endloop
  endfacet
  facet normal 0.146696 0.989182 -0
    outer loop
      vertex 95.2853 97.6423 0
      vertex 94.994 97.6855 3
      vertex 95.2853 97.6423 3
    endloop
  endfacet
  facet normal 0.146696 0.989182 0
    outer loop
      vertex 94.994 97.6855 3
      vertex 95.2853 97.6423 0
      vertex 94.994 97.6855 0
    endloop
  endfacet
  facet normal 0.857679 -0.514186 0
    outer loop
      vertex 97.1944 -1.36672 3
      vertex 97.3458 -1.11418 0
      vertex 97.3458 -1.11418 3
    endloop
  endfacet
  facet normal 0.857679 -0.514186 0
    outer loop
      vertex 97.3458 -1.11418 0
      vertex 97.1944 -1.36672 3
      vertex 97.1944 -1.36672 0
    endloop
  endfacet
  facet normal 0.941565 0.336831 0
    outer loop
      vertex 97.5708 95.5708 3
      vertex 97.4716 95.8481 0
      vertex 97.4716 95.8481 3
    endloop
  endfacet
  facet normal 0.941565 0.336831 0
    outer loop
      vertex 97.4716 95.8481 0
      vertex 97.5708 95.5708 3
      vertex 97.5708 95.5708 0
    endloop
  endfacet
  facet normal 1 -0 0
    outer loop
      vertex 97.7 0.299999 3
      vertex 97.7 94.7 0
      vertex 97.7 94.7 3
    endloop
  endfacet
  facet normal 1 0 0
    outer loop
      vertex 97.7 94.7 0
      vertex 97.7 0.299999 3
      vertex 97.7 0.299999 0
    endloop
  endfacet
  facet normal 0.4274 0.904063 -0
    outer loop
      vertex 96.1142 97.3458 0
      vertex 95.8481 97.4716 3
      vertex 96.1142 97.3458 3
    endloop
  endfacet
  facet normal 0.4274 0.904063 0
    outer loop
      vertex 95.8481 97.4716 3
      vertex 96.1142 97.3458 0
      vertex 95.8481 97.4716 0
    endloop
  endfacet
  facet normal 0.242935 0.970042 -0
    outer loop
      vertex 95.5708 97.5708 0
      vertex 95.2853 97.6423 3
      vertex 95.5708 97.5708 3
    endloop
  endfacet
  facet normal 0.242935 0.970042 0
    outer loop
      vertex 95.2853 97.6423 3
      vertex 95.5708 97.5708 0
      vertex 95.2853 97.6423 0
    endloop
  endfacet
  facet normal -0.941551 -0.336871 0
    outer loop
      vertex -2.47164 -0.848056 0
      vertex -2.57082 -0.570849 3
      vertex -2.57082 -0.570849 0
    endloop
  endfacet
  facet normal -0.941551 -0.336871 0
    outer loop
      vertex -2.57082 -0.570849 3
      vertex -2.47164 -0.848056 0
      vertex -2.47164 -0.848056 3
    endloop
  endfacet
  facet normal -0 0 1
    outer loop
      vertex 6.31412 88.9215 3
      vertex 33 79.5 3
      vertex 6.4135 89.0555 3
    endloop
  endfacet
  facet normal 0 0 1
    outer loop
      vertex 30.46 47.87 3
      vertex 6.69181 5.16663 3
      vertex 6.7 5 3
    endloop
  endfacet
  facet normal 0 0 1
    outer loop
      vertex 33 79.5 3
      vertex 6.31412 88.9215 3
      vertex 33.0193 79.1079 3
    endloop
  endfacet
  facet normal 0 0 1
    outer loop
      vertex 30.46 47.87 3
      vertex 6.66733 5.33165 3
      vertex 6.69181 5.16663 3
    endloop
  endfacet
  facet normal -0 0 1
    outer loop
      vertex 6.20208 88.7979 3
      vertex 33.0193 79.1079 3
      vertex 6.31412 88.9215 3
    endloop
  endfacet
  facet normal 0 0 1
    outer loop
      vertex 30.46 47.87 3
      vertex 6.6268 5.49348 3
      vertex 6.66733 5.33165 3
    endloop
  endfacet
  facet normal -0 0 1
    outer loop
      vertex 6.07847 88.6859 3
      vertex 33.0193 79.1079 3
      vertex 6.20208 88.7979 3
    endloop
  endfacet
  facet normal 0 0 1
    outer loop
      vertex 30.46 47.87 3
      vertex 6.57059 5.65056 3
      vertex 6.6268 5.49348 3
    endloop
  endfacet
  facet normal 0 0 1
    outer loop
      vertex 33.0193 79.1079 3
      vertex 6.07847 88.6859 3
      vertex 33.0769 78.7196 3
    endloop
  endfacet
  facet normal 0 0 1
    outer loop
      vertex 30.46 47.87 3
      vertex 6.49927 5.80137 3
      vertex 6.57059 5.65056 3
    endloop
  endfacet
  facet normal 0 0 1
    outer loop
      vertex 33.0769 78.7196 3
      vertex 6.07847 88.6859 3
      vertex 30.46 66.92 3
    endloop
  endfacet
  facet normal 0 0 1
    outer loop
      vertex 30.46 47.87 3
      vertex 6.4135 5.94447 3
      vertex 6.49927 5.80137 3
    endloop
  endfacet
  facet normal -0 0 1
    outer loop
      vertex 5.94447 88.5865 3
      vertex 30.46 66.92 3
      vertex 6.07847 88.6859 3
    endloop
  endfacet
  facet normal 0 0 1
    outer loop
      vertex 30.46 47.87 3
      vertex 6.31412 6.07847 3
      vertex 6.4135 5.94447 3
    endloop
  endfacet
  facet normal -0 0 1
    outer loop
      vertex 5.80137 88.5007 3
      vertex 30.46 66.92 3
      vertex 5.94447 88.5865 3
    endloop
  endfacet
  facet normal 0 0 1
    outer loop
      vertex 30.46 47.87 3
      vertex 6.20208 6.20208 3
      vertex 6.31412 6.07847 3
    endloop
  endfacet
  facet normal -0 0 1
    outer loop
      vertex 5.65056 88.4294 3
      vertex 30.46 66.92 3
      vertex 5.80137 88.5007 3
    endloop
  endfacet
  facet normal 0 0 1
    outer loop
      vertex 30.46 47.87 3
      vertex 6.07847 6.31412 3
      vertex 6.20208 6.20208 3
    endloop
  endfacet
  facet normal -0 0 1
    outer loop
      vertex 5.49348 88.3732 3
      vertex 30.46 66.92 3
      vertex 5.65056 88.4294 3
    endloop
  endfacet
  facet normal 0 0 1
    outer loop
      vertex 30.46 47.87 3
      vertex 5.94447 6.4135 3
      vertex 6.07847 6.31412 3
    endloop
  endfacet
  facet normal -0 0 1
    outer loop
      vertex 5.33165 88.3327 3
      vertex 30.46 66.92 3
      vertex 5.49348 88.3732 3
    endloop
  endfacet
  facet normal 0 0 1
    outer loop
      vertex 30.46 47.87 3
      vertex 5.80137 6.49927 3
      vertex 5.94447 6.4135 3
    endloop
  endfacet
  facet normal -0 0 1
    outer loop
      vertex 5.16663 88.3082 3
      vertex 30.46 66.92 3
      vertex 5.33165 88.3327 3
    endloop
  endfacet
  facet normal 0 0 1
    outer loop
      vertex 30.46 47.87 3
      vertex 5.65056 6.57059 3
      vertex 5.80137 6.49927 3
    endloop
  endfacet
  facet normal -0 0 1
    outer loop
      vertex 5 88.3 3
      vertex 30.46 66.92 3
      vertex 5.16663 88.3082 3
    endloop
  endfacet
  facet normal 0 0 1
    outer loop
      vertex 30.46 47.87 3
      vertex 5.49348 6.6268 3
      vertex 5.65056 6.57059 3
    endloop
  endfacet
  facet normal 0 0 1
    outer loop
      vertex 4.83337 88.3082 3
      vertex 30.46 66.92 3
      vertex 5 88.3 3
    endloop
  endfacet
  facet normal 0 0 1
    outer loop
      vertex 30.46 47.87 3
      vertex 5.33165 6.66733 3
      vertex 5.49348 6.6268 3
    endloop
  endfacet
  facet normal 0 0 1
    outer loop
      vertex 30.46 66.92 3
      vertex 4.83337 88.3082 3
      vertex 30.46 52.92 3
    endloop
  endfacet
  facet normal 0 0 1
    outer loop
      vertex 30.46 47.87 3
      vertex 5.16663 6.69181 3
      vertex 5.33165 6.66733 3
    endloop
  endfacet
  facet normal 0 0 1
    outer loop
      vertex 4.66835 88.3327 3
      vertex 30.46 52.92 3
      vertex 4.83337 88.3082 3
    endloop
  endfacet
  facet normal 0 0 1
    outer loop
      vertex 30.46 47.87 3
      vertex 5 6.7 3
      vertex 5.16663 6.69181 3
    endloop
  endfacet
  facet normal 0 0 1
    outer loop
      vertex 4.50652 88.3732 3
      vertex 30.46 52.92 3
      vertex 4.66835 88.3327 3
    endloop
  endfacet
  facet normal 0 0 1
    outer loop
      vertex 30.46 47.87 3
      vertex 4.83337 6.69181 3
      vertex 5 6.7 3
    endloop
  endfacet
  facet normal 0 0 1
    outer loop
      vertex 4.34944 88.4294 3
      vertex 30.46 52.92 3
      vertex 4.50652 88.3732 3
    endloop
  endfacet
  facet normal 0 0 1
    outer loop
      vertex 30.46 47.87 3
      vertex 4.66835 6.66733 3
      vertex 4.83337 6.69181 3
    endloop
  endfacet
  facet normal 0 0 1
    outer loop
      vertex 30.46 52.92 3
      vertex 4.34944 88.4294 3
      vertex 30.46 47.87 3
    endloop
  endfacet
  facet normal 0 0 1
    outer loop
      vertex 30.46 47.87 3
      vertex 4.50652 6.6268 3
      vertex 4.66835 6.66733 3
    endloop
  endfacet
  facet normal 0 0 1
    outer loop
      vertex 4.34944 6.57059 3
      vertex 30.46 47.87 3
      vertex 4.34944 88.4294 3
    endloop
  endfacet
  facet normal 0 0 1
    outer loop
      vertex 30.46 47.87 3
      vertex 4.34944 6.57059 3
      vertex 4.50652 6.6268 3
    endloop
  endfacet
  facet normal 0 0 1
    outer loop
      vertex 4.19862 88.5007 3
      vertex 4.34944 6.57059 3
      vertex 4.34944 88.4294 3
    endloop
  endfacet
  facet normal 0 0 1
    outer loop
      vertex 4.19862 88.5007 3
      vertex 4.19862 6.49927 3
      vertex 4.34944 6.57059 3
    endloop
  endfacet
  facet normal 0 0 1
    outer loop
      vertex 4.05553 88.5865 3
      vertex 4.19862 6.49927 3
      vertex 4.19862 88.5007 3
    endloop
  endfacet
  facet normal 0 0 1
    outer loop
      vertex 4.05553 88.5865 3
      vertex 4.05553 6.4135 3
      vertex 4.19862 6.49927 3
    endloop
  endfacet
  facet normal 0 0 1
    outer loop
      vertex 3.92153 88.6859 3
      vertex 4.05553 6.4135 3
      vertex 4.05553 88.5865 3
    endloop
  endfacet
  facet normal 0 0 1
    outer loop
      vertex 3.92153 88.6859 3
      vertex 3.92153 6.31412 3
      vertex 4.05553 6.4135 3
    endloop
  endfacet
  facet normal 0 0 1
    outer loop
      vertex 3.79792 88.7979 3
      vertex 3.92153 6.31412 3
      vertex 3.92153 88.6859 3
    endloop
  endfacet
  facet normal 0 0 1
    outer loop
      vertex 3.79792 88.7979 3
      vertex 3.79792 6.20208 3
      vertex 3.92153 6.31412 3
    endloop
  endfacet
  facet normal 0 0 1
    outer loop
      vertex -2.7 94.7 3
      vertex 3.79792 88.7979 3
      vertex 3.68588 88.9215 3
    endloop
  endfacet
  facet normal 0 0 1
    outer loop
      vertex 3.79792 88.7979 3
      vertex -2.7 94.7 3
      vertex 3.79792 6.20208 3
    endloop
  endfacet
  facet normal 0 0 1
    outer loop
      vertex -2.7 94.7 3
      vertex 3.68588 88.9215 3
      vertex 3.5865 89.0555 3
    endloop
  endfacet
  facet normal 0 0 1
    outer loop
      vertex -2.7 0.299999 3
      vertex 3.79792 6.20208 3
      vertex -2.7 94.7 3
    endloop
  endfacet
  facet normal 0 0 1
    outer loop
      vertex -2.7 94.7 3
      vertex 3.5865 89.0555 3
      vertex 3.50073 89.1986 3
    endloop
  endfacet
  facet normal 0 0 1
    outer loop
      vertex 3.79792 6.20208 3
      vertex -2.7 0.299999 3
      vertex 3.68588 6.07847 3
    endloop
  endfacet
  facet normal 0 0 1
    outer loop
      vertex -2.7 94.7 3
      vertex 3.50073 89.1986 3
      vertex 3.4294 89.3494 3
    endloop
  endfacet
  facet normal 0 0 1
    outer loop
      vertex 3.68588 6.07847 3
      vertex -2.7 0.299999 3
      vertex 3.5865 5.94447 3
    endloop
  endfacet
  facet normal 0 0 1
    outer loop
      vertex -2.7 94.7 3
      vertex 3.4294 89.3494 3
      vertex 3.3732 89.5065 3
    endloop
  endfacet
  facet normal 0 0 1
    outer loop
      vertex 3.5865 5.94447 3
      vertex -2.7 0.299999 3
      vertex 3.50073 5.80137 3
    endloop
  endfacet
  facet normal 0 0 1
    outer loop
      vertex -2.7 94.7 3
      vertex 3.3732 89.5065 3
      vertex 3.33266 89.6684 3
    endloop
  endfacet
  facet normal 0 0 1
    outer loop
      vertex 3.50073 5.80137 3
      vertex -2.7 0.299999 3
      vertex 3.4294 5.65056 3
    endloop
  endfacet
  facet normal 0 0 1
    outer loop
      vertex -2.7 94.7 3
      vertex 3.33266 89.6684 3
      vertex 3.30819 89.8334 3
    endloop
  endfacet
  facet normal 0 0 1
    outer loop
      vertex 3.4294 5.65056 3
      vertex -2.7 0.299999 3
      vertex 3.3732 5.49348 3
    endloop
  endfacet
  facet normal 0 0 1
    outer loop
      vertex -2.7 94.7 3
      vertex 3.30819 89.8334 3
      vertex 3.3 90 3
    endloop
  endfacet
  facet normal 0 0 1
    outer loop
      vertex 3.3732 5.49348 3
      vertex -2.7 0.299999 3
      vertex 3.33266 5.33165 3
    endloop
  endfacet
  facet normal -0 0 1
    outer loop
      vertex 30.46 33.87 3
      vertex 44.46 28.82 3
      vertex 44.46 33.87 3
    endloop
  endfacet
  facet normal 0 0 1
    outer loop
      vertex 44.46 28.82 3
      vertex 30.46 33.87 3
      vertex 30.46 28.82 3
    endloop
  endfacet
  facet normal -0 0 1
    outer loop
      vertex 30.46 52.92 3
      vertex 44.46 47.87 3
      vertex 44.46 52.92 3
    endloop
  endfacet
  facet normal 0 0 1
    outer loop
      vertex 44.46 47.87 3
      vertex 30.46 52.92 3
      vertex 30.46 47.87 3
    endloop
  endfacet
  facet normal -0 0 1
    outer loop
      vertex 49.51 33.87 3
      vertex 63.51 28.82 3
      vertex 63.51 33.87 3
    endloop
  endfacet
  facet normal 0 0 1
    outer loop
      vertex 63.51 28.82 3
      vertex 49.51 33.87 3
      vertex 49.51 28.82 3
    endloop
  endfacet
  facet normal -0 0 1
    outer loop
      vertex 49.51 52.92 3
      vertex 63.51 47.87 3
      vertex 63.51 52.92 3
    endloop
  endfacet
  facet normal 0 0 1
    outer loop
      vertex 63.51 47.87 3
      vertex 49.51 52.92 3
      vertex 49.51 47.87 3
    endloop
  endfacet
  facet normal -0 0 1
    outer loop
      vertex 68.56 33.87 3
      vertex 82.56 28.82 3
      vertex 82.56 33.87 3
    endloop
  endfacet
  facet normal 0 0 1
    outer loop
      vertex 82.56 28.82 3
      vertex 68.56 33.87 3
      vertex 68.56 28.82 3
    endloop
  endfacet
  facet normal -0 0 1
    outer loop
      vertex 68.56 52.92 3
      vertex 82.56 47.87 3
      vertex 82.56 52.92 3
    endloop
  endfacet
  facet normal 0 0 1
    outer loop
      vertex 82.56 47.87 3
      vertex 68.56 52.92 3
      vertex 68.56 47.87 3
    endloop
  endfacet
  facet normal 0 0 1
    outer loop
      vertex 86.32 74.52 3
      vertex 68.56 66.92 3
      vertex 82.56 66.92 3
    endloop
  endfacet
  facet normal 0 0 1
    outer loop
      vertex 63.51 52.92 3
      vertex 68.56 52.92 3
      vertex 68.56 66.92 3
    endloop
  endfacet
  facet normal 0 0 1
    outer loop
      vertex 68.56 52.92 3
      vertex 63.51 52.92 3
      vertex 68.56 47.87 3
    endloop
  endfacet
  facet normal 0 0 1
    outer loop
      vertex 68.56 47.87 3
      vertex 63.51 47.87 3
      vertex 68.56 33.87 3
    endloop
  endfacet
  facet normal 0 0 1
    outer loop
      vertex 63.51 33.87 3
      vertex 68.56 33.87 3
      vertex 63.51 47.87 3
    endloop
  endfacet
  facet normal 0 0 1
    outer loop
      vertex 63.51 52.92 3
      vertex 68.56 66.92 3
      vertex 63.51 66.92 3
    endloop
  endfacet
  facet normal -0 0 1
    outer loop
      vertex 46.32 74.52 3
      vertex 68.56 66.92 3
      vertex 86.32 74.52 3
    endloop
  endfacet
  facet normal 0 0 1
    outer loop
      vertex 68.56 66.92 3
      vertex 46.32 74.52 3
      vertex 63.51 66.92 3
    endloop
  endfacet
  facet normal 0 0 1
    outer loop
      vertex 44.46 52.92 3
      vertex 49.51 52.92 3
      vertex 49.51 66.92 3
    endloop
  endfacet
  facet normal 0 0 1
    outer loop
      vertex 49.51 52.92 3
      vertex 44.46 52.92 3
      vertex 49.51 47.87 3
    endloop
  endfacet
  facet normal 0 0 1
    outer loop
      vertex 49.51 47.87 3
      vertex 44.46 47.87 3
      vertex 49.51 33.87 3
    endloop
  endfacet
  facet normal 0 0 1
    outer loop
      vertex 44.46 33.87 3
      vertex 49.51 33.87 3
      vertex 44.46 47.87 3
    endloop
  endfacet
  facet normal 0 0 1
    outer loop
      vertex 44.46 28.82 3
      vertex 49.51 28.82 3
      vertex 44.46 33.87 3
    endloop
  endfacet
  facet normal 0 0 1
    outer loop
      vertex 49.51 14.82 3
      vertex 49.1918 5.16663 3
      vertex 49.2 5 3
    endloop
  endfacet
  facet normal 0 0 1
    outer loop
      vertex 49.51 14.82 3
      vertex 49.1673 5.33165 3
      vertex 49.1918 5.16663 3
    endloop
  endfacet
  facet normal 0 0 1
    outer loop
      vertex 49.51 14.82 3
      vertex 49.1268 5.49348 3
      vertex 49.1673 5.33165 3
    endloop
  endfacet
  facet normal 0 0 1
    outer loop
      vertex 49.51 28.82 3
      vertex 44.46 28.82 3
      vertex 49.51 14.82 3
    endloop
  endfacet
  facet normal 0 0 1
    outer loop
      vertex 49.51 14.82 3
      vertex 49.0706 5.65056 3
      vertex 49.1268 5.49348 3
    endloop
  endfacet
  facet normal 0 0 1
    outer loop
      vertex 44.46 14.82 3
      vertex 49.51 14.82 3
      vertex 44.46 28.82 3
    endloop
  endfacet
  facet normal 0 0 1
    outer loop
      vertex 49.51 14.82 3
      vertex 48.9993 5.80137 3
      vertex 49.0706 5.65056 3
    endloop
  endfacet
  facet normal 0 0 1
    outer loop
      vertex 49.51 14.82 3
      vertex 48.9135 5.94447 3
      vertex 48.9993 5.80137 3
    endloop
  endfacet
  facet normal 0 0 1
    outer loop
      vertex 49.51 14.82 3
      vertex 48.8141 6.07847 3
      vertex 48.9135 5.94447 3
    endloop
  endfacet
  facet normal 0 -0 1
    outer loop
      vertex 47.3334 6.69181 3
      vertex 49.51 14.82 3
      vertex 44.46 14.82 3
    endloop
  endfacet
  facet normal 0 0 1
    outer loop
      vertex 49.51 14.82 3
      vertex 48.7021 6.20208 3
      vertex 48.8141 6.07847 3
    endloop
  endfacet
  facet normal 0 0 1
    outer loop
      vertex 49.51 14.82 3
      vertex 48.5785 6.31412 3
      vertex 48.7021 6.20208 3
    endloop
  endfacet
  facet normal 0 0 1
    outer loop
      vertex 49.51 14.82 3
      vertex 48.4445 6.4135 3
      vertex 48.5785 6.31412 3
    endloop
  endfacet
  facet normal 0 0 1
    outer loop
      vertex 49.51 14.82 3
      vertex 48.3014 6.49927 3
      vertex 48.4445 6.4135 3
    endloop
  endfacet
  facet normal 0 0 1
    outer loop
      vertex 49.51 14.82 3
      vertex 48.1506 6.57059 3
      vertex 48.3014 6.49927 3
    endloop
  endfacet
  facet normal 0 0 1
    outer loop
      vertex 49.51 14.82 3
      vertex 47.9935 6.6268 3
      vertex 48.1506 6.57059 3
    endloop
  endfacet
  facet normal 0 0 1
    outer loop
      vertex 49.51 14.82 3
      vertex 47.8317 6.66733 3
      vertex 47.9935 6.6268 3
    endloop
  endfacet
  facet normal 0 0 1
    outer loop
      vertex 49.51 14.82 3
      vertex 47.6666 6.69181 3
      vertex 47.8317 6.66733 3
    endloop
  endfacet
  facet normal 0 0 1
    outer loop
      vertex 49.51 14.82 3
      vertex 47.3334 6.69181 3
      vertex 47.5 6.7 3
    endloop
  endfacet
  facet normal 0 0 1
    outer loop
      vertex 47.3334 6.69181 3
      vertex 44.46 14.82 3
      vertex 47.1683 6.66733 3
    endloop
  endfacet
  facet normal 0 0 1
    outer loop
      vertex 47.1683 6.66733 3
      vertex 44.46 14.82 3
      vertex 47.0065 6.6268 3
    endloop
  endfacet
  facet normal 0 0 1
    outer loop
      vertex 47.0065 6.6268 3
      vertex 44.46 14.82 3
      vertex 46.8494 6.57059 3
    endloop
  endfacet
  facet normal 0 0 1
    outer loop
      vertex 46.8494 6.57059 3
      vertex 44.46 14.82 3
      vertex 46.6986 6.49927 3
    endloop
  endfacet
  facet normal 0 0 1
    outer loop
      vertex 63.51 66.92 3
      vertex 46.32 74.52 3
      vertex 49.51 66.92 3
    endloop
  endfacet
  facet normal 0 0 1
    outer loop
      vertex 44.46 66.92 3
      vertex 49.51 66.92 3
      vertex 46.32 74.52 3
    endloop
  endfacet
  facet normal 0 0 1
    outer loop
      vertex 49.51 33.87 3
      vertex 44.46 33.87 3
      vertex 49.51 28.82 3
    endloop
  endfacet
  facet normal -0 0 1
    outer loop
      vertex 91.6673 46.6683 3
      vertex 97.7 0.299999 3
      vertex 91.6918 46.8334 3
    endloop
  endfacet
  facet normal 0 0 1
    outer loop
      vertex 97.7 0.299999 3
      vertex 91.6918 5.16663 3
      vertex 91.7 5 3
    endloop
  endfacet
  facet normal -0 0 1
    outer loop
      vertex 91.6268 46.5065 3
      vertex 97.7 0.299999 3
      vertex 91.6673 46.6683 3
    endloop
  endfacet
  facet normal 0 0 1
    outer loop
      vertex 97.7 0.299999 3
      vertex 91.6673 5.33165 3
      vertex 91.6918 5.16663 3
    endloop
  endfacet
  facet normal -0 0 1
    outer loop
      vertex 91.5706 46.3494 3
      vertex 97.7 0.299999 3
      vertex 91.6268 46.5065 3
    endloop
  endfacet
  facet normal 0 0 1
    outer loop
      vertex 97.7 0.299999 3
      vertex 91.6268 5.49348 3
      vertex 91.6673 5.33165 3
    endloop
  endfacet
  facet normal -0 0 1
    outer loop
      vertex 91.4993 46.1986 3
      vertex 97.7 0.299999 3
      vertex 91.5706 46.3494 3
    endloop
  endfacet
  facet normal 0 0 1
    outer loop
      vertex 97.7 0.299999 3
      vertex 91.5706 5.65056 3
      vertex 91.6268 5.49348 3
    endloop
  endfacet
  facet normal -0 0 1
    outer loop
      vertex 91.4135 46.0555 3
      vertex 97.7 0.299999 3
      vertex 91.4993 46.1986 3
    endloop
  endfacet
  facet normal 0 0 1
    outer loop
      vertex 97.7 0.299999 3
      vertex 91.4993 5.80137 3
      vertex 91.5706 5.65056 3
    endloop
  endfacet
  facet normal -0 0 1
    outer loop
      vertex 91.3141 45.9215 3
      vertex 97.7 0.299999 3
      vertex 91.4135 46.0555 3
    endloop
  endfacet
  facet normal 0 0 1
    outer loop
      vertex 97.7 0.299999 3
      vertex 91.4135 5.94447 3
      vertex 91.4993 5.80137 3
    endloop
  endfacet
  facet normal -0 0 1
    outer loop
      vertex 91.3141 6.07847 3
      vertex 97.7 0.299999 3
      vertex 91.3141 45.9215 3
    endloop
  endfacet
  facet normal 0 0 1
    outer loop
      vertex 97.7 0.299999 3
      vertex 91.3141 6.07847 3
      vertex 91.4135 5.94447 3
    endloop
  endfacet
  facet normal -0 0 1
    outer loop
      vertex 91.2021 45.7979 3
      vertex 91.3141 6.07847 3
      vertex 91.3141 45.9215 3
    endloop
  endfacet
  facet normal 0 0 1
    outer loop
      vertex 91.2021 45.7979 3
      vertex 91.2021 6.20208 3
      vertex 91.3141 6.07847 3
    endloop
  endfacet
  facet normal -0 0 1
    outer loop
      vertex 91.0785 45.6859 3
      vertex 91.2021 6.20208 3
      vertex 91.2021 45.7979 3
    endloop
  endfacet
  facet normal 0 0 1
    outer loop
      vertex 91.0785 45.6859 3
      vertex 91.0785 6.31412 3
      vertex 91.2021 6.20208 3
    endloop
  endfacet
  facet normal 0 0 1
    outer loop
      vertex 82.56 28.82 3
      vertex 91.0785 45.6859 3
      vertex 90.9445 45.5865 3
    endloop
  endfacet
  facet normal 0 0 1
    outer loop
      vertex 91.0785 45.6859 3
      vertex 82.56 28.82 3
      vertex 91.0785 6.31412 3
    endloop
  endfacet
  facet normal 0 0 1
    outer loop
      vertex 82.56 28.82 3
      vertex 90.9445 45.5865 3
      vertex 90.8014 45.5007 3
    endloop
  endfacet
  facet normal 0 0 1
    outer loop
      vertex 91.0785 6.31412 3
      vertex 82.56 28.82 3
      vertex 90.9445 6.4135 3
    endloop
  endfacet
  facet normal 0 0 1
    outer loop
      vertex 82.56 33.87 3
      vertex 90.8014 45.5007 3
      vertex 90.6506 45.4294 3
    endloop
  endfacet
  facet normal 0 0 1
    outer loop
      vertex 90.9445 6.4135 3
      vertex 82.56 28.82 3
      vertex 90.8014 6.49927 3
    endloop
  endfacet
  facet normal 0 0 1
    outer loop
      vertex 82.56 33.87 3
      vertex 90.6506 45.4294 3
      vertex 90.4935 45.3732 3
    endloop
  endfacet
  facet normal 0 0 1
    outer loop
      vertex 90.8014 6.49927 3
      vertex 82.56 28.82 3
      vertex 90.6506 6.57059 3
    endloop
  endfacet
  facet normal 0 0 1
    outer loop
      vertex 82.56 33.87 3
      vertex 90.4935 45.3732 3
      vertex 90.3316 45.3327 3
    endloop
  endfacet
  facet normal -0 0 1
    outer loop
      vertex 82.56 14.82 3
      vertex 90.6506 6.57059 3
      vertex 82.56 28.82 3
    endloop
  endfacet
  facet normal 0 0 1
    outer loop
      vertex 82.56 33.87 3
      vertex 90.3316 45.3327 3
      vertex 90.1666 45.3082 3
    endloop
  endfacet
  facet normal 0 0 1
    outer loop
      vertex 90.6506 6.57059 3
      vertex 82.56 14.82 3
      vertex 90.4935 6.6268 3
    endloop
  endfacet
  facet normal 0 0 1
    outer loop
      vertex 82.56 33.87 3
      vertex 90.1666 45.3082 3
      vertex 90 45.3 3
    endloop
  endfacet
  facet normal 0 0 1
    outer loop
      vertex 90.4935 6.6268 3
      vertex 82.56 14.82 3
      vertex 90.3316 6.66733 3
    endloop
  endfacet
  facet normal 0 0 1
    outer loop
      vertex 82.56 33.87 3
      vertex 90 45.3 3
      vertex 89.8334 45.3082 3
    endloop
  endfacet
  facet normal 0 0 1
    outer loop
      vertex 90.3316 6.66733 3
      vertex 82.56 14.82 3
      vertex 90.1666 6.69181 3
    endloop
  endfacet
  facet normal 0 0 1
    outer loop
      vertex 82.56 33.87 3
      vertex 89.8334 45.3082 3
      vertex 89.6684 45.3327 3
    endloop
  endfacet
  facet normal 0 0 1
    outer loop
      vertex 90.1666 6.69181 3
      vertex 82.56 14.82 3
      vertex 90 6.7 3
    endloop
  endfacet
  facet normal 0 0 1
    outer loop
      vertex 82.56 33.87 3
      vertex 89.6684 45.3327 3
      vertex 89.5065 45.3732 3
    endloop
  endfacet
  facet normal 0 0 1
    outer loop
      vertex 90 6.7 3
      vertex 82.56 14.82 3
      vertex 89.8334 6.69181 3
    endloop
  endfacet
  facet normal 0 0 1
    outer loop
      vertex 82.56 33.87 3
      vertex 89.5065 45.3732 3
      vertex 89.3494 45.4294 3
    endloop
  endfacet
  facet normal 0 0 1
    outer loop
      vertex 89.8334 6.69181 3
      vertex 82.56 14.82 3
      vertex 89.6684 6.66733 3
    endloop
  endfacet
  facet normal 0 0 1
    outer loop
      vertex 82.56 33.87 3
      vertex 89.3494 45.4294 3
      vertex 89.1986 45.5007 3
    endloop
  endfacet
  facet normal 0 0 1
    outer loop
      vertex 89.6684 6.66733 3
      vertex 82.56 14.82 3
      vertex 89.5065 6.6268 3
    endloop
  endfacet
  facet normal 0 0 1
    outer loop
      vertex 82.56 33.87 3
      vertex 89.1986 45.5007 3
      vertex 89.0555 45.5865 3
    endloop
  endfacet
  facet normal 0 0 1
    outer loop
      vertex 89.5065 6.6268 3
      vertex 82.56 14.82 3
      vertex 89.3494 6.57059 3
    endloop
  endfacet
  facet normal 0 0 1
    outer loop
      vertex 82.56 33.87 3
      vertex 89.0555 45.5865 3
      vertex 88.9215 45.6859 3
    endloop
  endfacet
  facet normal 0 0 1
    outer loop
      vertex 89.3494 6.57059 3
      vertex 82.56 14.82 3
      vertex 89.1986 6.49927 3
    endloop
  endfacet
  facet normal 0 0 1
    outer loop
      vertex 82.56 33.87 3
      vertex 88.9215 45.6859 3
      vertex 88.7979 45.7979 3
    endloop
  endfacet
  facet normal 0 0 1
    outer loop
      vertex 89.1986 6.49927 3
      vertex 82.56 14.82 3
      vertex 89.0555 6.4135 3
    endloop
  endfacet
  facet normal 0 0 1
    outer loop
      vertex 82.56 47.87 3
      vertex 88.7979 45.7979 3
      vertex 88.6859 45.9215 3
    endloop
  endfacet
  facet normal 0 0 1
    outer loop
      vertex 89.0555 6.4135 3
      vertex 82.56 14.82 3
      vertex 88.9215 6.31412 3
    endloop
  endfacet
  facet normal 0 0 1
    outer loop
      vertex 82.56 47.87 3
      vertex 88.6859 45.9215 3
      vertex 88.5865 46.0555 3
    endloop
  endfacet
  facet normal 0 0 1
    outer loop
      vertex 88.9215 6.31412 3
      vertex 82.56 14.82 3
      vertex 88.7979 6.20208 3
    endloop
  endfacet
  facet normal 0 0 1
    outer loop
      vertex 82.56 47.87 3
      vertex 88.5865 46.0555 3
      vertex 88.5007 46.1986 3
    endloop
  endfacet
  facet normal 0 0 1
    outer loop
      vertex 88.7979 6.20208 3
      vertex 82.56 14.82 3
      vertex 88.6859 6.07847 3
    endloop
  endfacet
  facet normal 0 0 1
    outer loop
      vertex 82.56 47.87 3
      vertex 88.5007 46.1986 3
      vertex 88.4294 46.3494 3
    endloop
  endfacet
  facet normal 0 0 1
    outer loop
      vertex 88.6859 6.07847 3
      vertex 82.56 14.82 3
      vertex 88.5865 5.94447 3
    endloop
  endfacet
  facet normal 0 0 1
    outer loop
      vertex 82.56 47.87 3
      vertex 88.4294 46.3494 3
      vertex 88.3732 46.5065 3
    endloop
  endfacet
  facet normal 0 0 1
    outer loop
      vertex 88.5865 5.94447 3
      vertex 82.56 14.82 3
      vertex 88.5007 5.80137 3
    endloop
  endfacet
  facet normal 0 0 1
    outer loop
      vertex 82.56 47.87 3
      vertex 88.3732 46.5065 3
      vertex 88.3327 46.6683 3
    endloop
  endfacet
  facet normal 0 0 1
    outer loop
      vertex 88.5007 5.80137 3
      vertex 82.56 14.82 3
      vertex 88.4294 5.65056 3
    endloop
  endfacet
  facet normal 0 0 1
    outer loop
      vertex 82.56 47.87 3
      vertex 88.3327 46.6683 3
      vertex 88.3082 46.8334 3
    endloop
  endfacet
  facet normal 0 0 1
    outer loop
      vertex 88.4294 5.65056 3
      vertex 82.56 14.82 3
      vertex 88.3732 5.49348 3
    endloop
  endfacet
  facet normal 0 0 1
    outer loop
      vertex 82.56 47.87 3
      vertex 88.3082 46.8334 3
      vertex 88.3 47 3
    endloop
  endfacet
  facet normal 0 0 1
    outer loop
      vertex 88.3732 5.49348 3
      vertex 82.56 14.82 3
      vertex 88.3327 5.33165 3
    endloop
  endfacet
  facet normal 0 0 1
    outer loop
      vertex 91.6673 89.6684 3
      vertex 97.7 94.7 3
      vertex 91.6918 89.8334 3
    endloop
  endfacet
  facet normal 0 0 1
    outer loop
      vertex 97.7 94.7 3
      vertex 91.6918 47.1666 3
      vertex 91.7 47 3
    endloop
  endfacet
  facet normal 0 0 1
    outer loop
      vertex 91.6268 89.5065 3
      vertex 97.7 94.7 3
      vertex 91.6673 89.6684 3
    endloop
  endfacet
  facet normal 0 0 1
    outer loop
      vertex 97.7 94.7 3
      vertex 91.6673 47.3317 3
      vertex 91.6918 47.1666 3
    endloop
  endfacet
  facet normal 0 0 1
    outer loop
      vertex 91.5706 89.3494 3
      vertex 97.7 94.7 3
      vertex 91.6268 89.5065 3
    endloop
  endfacet
  facet normal 0 0 1
    outer loop
      vertex 97.7 94.7 3
      vertex 91.6268 47.4935 3
      vertex 91.6673 47.3317 3
    endloop
  endfacet
  facet normal 0 0 1
    outer loop
      vertex 91.4993 89.1986 3
      vertex 97.7 94.7 3
      vertex 91.5706 89.3494 3
    endloop
  endfacet
  facet normal 0 0 1
    outer loop
      vertex 97.7 94.7 3
      vertex 91.5706 47.6506 3
      vertex 91.6268 47.4935 3
    endloop
  endfacet
  facet normal 0 0 1
    outer loop
      vertex 91.4135 89.0555 3
      vertex 97.7 94.7 3
      vertex 91.4993 89.1986 3
    endloop
  endfacet
  facet normal 0 0 1
    outer loop
      vertex 97.7 94.7 3
      vertex 91.4993 47.8014 3
      vertex 91.5706 47.6506 3
    endloop
  endfacet
  facet normal 0 0 1
    outer loop
      vertex 91.3141 88.9215 3
      vertex 97.7 94.7 3
      vertex 91.4135 89.0555 3
    endloop
  endfacet
  facet normal 0 -0 1
    outer loop
      vertex 91.4135 47.9445 3
      vertex 97.7 94.7 3
      vertex 86.32 74.52 3
    endloop
  endfacet
  facet normal 0 0 1
    outer loop
      vertex 97.7 94.7 3
      vertex 91.3141 88.9215 3
      vertex 86.32 74.52 3
    endloop
  endfacet
  facet normal 0 0 1
    outer loop
      vertex 97.7 94.7 3
      vertex 91.4135 47.9445 3
      vertex 91.4993 47.8014 3
    endloop
  endfacet
  facet normal 0 0 1
    outer loop
      vertex 86.32 74.52 3
      vertex 91.3141 88.9215 3
      vertex 91.2021 88.7979 3
    endloop
  endfacet
  facet normal 0 0 1
    outer loop
      vertex 91.4135 47.9445 3
      vertex 86.32 74.52 3
      vertex 91.3141 48.0785 3
    endloop
  endfacet
  facet normal 0 0 1
    outer loop
      vertex 86.32 74.52 3
      vertex 91.2021 88.7979 3
      vertex 91.0785 88.6859 3
    endloop
  endfacet
  facet normal 0 0 1
    outer loop
      vertex 91.3141 48.0785 3
      vertex 86.32 74.52 3
      vertex 91.2021 48.2021 3
    endloop
  endfacet
  facet normal 0 0 1
    outer loop
      vertex 86.32 74.52 3
      vertex 91.0785 88.6859 3
      vertex 90.9445 88.5865 3
    endloop
  endfacet
  facet normal 0 0 1
    outer loop
      vertex 91.2021 48.2021 3
      vertex 86.32 74.52 3
      vertex 91.0785 48.3141 3
    endloop
  endfacet
  facet normal 0 0 1
    outer loop
      vertex 86.32 74.52 3
      vertex 90.9445 88.5865 3
      vertex 90.8014 88.5007 3
    endloop
  endfacet
  facet normal 0 0 1
    outer loop
      vertex 91.0785 48.3141 3
      vertex 86.32 74.52 3
      vertex 90.9445 48.4135 3
    endloop
  endfacet
  facet normal 0 0 1
    outer loop
      vertex 86.32 74.52 3
      vertex 90.8014 88.5007 3
      vertex 90.6506 88.4294 3
    endloop
  endfacet
  facet normal 0 0 1
    outer loop
      vertex 90.9445 48.4135 3
      vertex 86.32 74.52 3
      vertex 90.8014 48.4993 3
    endloop
  endfacet
  facet normal 0 0 1
    outer loop
      vertex 86.32 74.52 3
      vertex 90.6506 88.4294 3
      vertex 90.4935 88.3732 3
    endloop
  endfacet
  facet normal -0 0 1
    outer loop
      vertex 82.56 66.92 3
      vertex 90.8014 48.4993 3
      vertex 86.32 74.52 3
    endloop
  endfacet
  facet normal 0 0 1
    outer loop
      vertex 86.32 74.52 3
      vertex 90.4935 88.3732 3
      vertex 90.3316 88.3327 3
    endloop
  endfacet
  facet normal 0 0 1
    outer loop
      vertex 90.8014 48.4993 3
      vertex 82.56 66.92 3
      vertex 90.6506 48.5706 3
    endloop
  endfacet
  facet normal 0 0 1
    outer loop
      vertex 86.32 74.52 3
      vertex 90.3316 88.3327 3
      vertex 90.1666 88.3082 3
    endloop
  endfacet
  facet normal 0 0 1
    outer loop
      vertex 90.6506 48.5706 3
      vertex 82.56 66.92 3
      vertex 90.4935 48.6268 3
    endloop
  endfacet
  facet normal 0 0 1
    outer loop
      vertex 86.32 74.52 3
      vertex 90.1666 88.3082 3
      vertex 90 88.3 3
    endloop
  endfacet
  facet normal 0 0 1
    outer loop
      vertex 90.4935 48.6268 3
      vertex 82.56 66.92 3
      vertex 90.3316 48.6673 3
    endloop
  endfacet
  facet normal 0 0 1
    outer loop
      vertex 86.32 74.52 3
      vertex 90 88.3 3
      vertex 89.8334 88.3082 3
    endloop
  endfacet
  facet normal 0 0 1
    outer loop
      vertex 90.3316 48.6673 3
      vertex 82.56 66.92 3
      vertex 90.1666 48.6918 3
    endloop
  endfacet
  facet normal 0 0 1
    outer loop
      vertex 86.32 87.52 3
      vertex 89.8334 88.3082 3
      vertex 89.6684 88.3327 3
    endloop
  endfacet
  facet normal -0 0 1
    outer loop
      vertex 82.56 52.92 3
      vertex 90.1666 48.6918 3
      vertex 82.56 66.92 3
    endloop
  endfacet
  facet normal 0 0 1
    outer loop
      vertex 86.32 87.52 3
      vertex 89.6684 88.3327 3
      vertex 89.5065 88.3732 3
    endloop
  endfacet
  facet normal 0 0 1
    outer loop
      vertex 90.1666 48.6918 3
      vertex 82.56 52.92 3
      vertex 90 48.7 3
    endloop
  endfacet
  facet normal 0 0 1
    outer loop
      vertex 86.32 87.52 3
      vertex 89.5065 88.3732 3
      vertex 89.3494 88.4294 3
    endloop
  endfacet
  facet normal 0 0 1
    outer loop
      vertex 90 48.7 3
      vertex 82.56 52.92 3
      vertex 89.8334 48.6918 3
    endloop
  endfacet
  facet normal 0 0 1
    outer loop
      vertex 86.32 87.52 3
      vertex 89.3494 88.4294 3
      vertex 89.1986 88.5007 3
    endloop
  endfacet
  facet normal 0 0 1
    outer loop
      vertex 89.8334 48.6918 3
      vertex 82.56 52.92 3
      vertex 89.6684 48.6673 3
    endloop
  endfacet
  facet normal 0 0 1
    outer loop
      vertex 86.32 87.52 3
      vertex 89.1986 88.5007 3
      vertex 89.0555 88.5865 3
    endloop
  endfacet
  facet normal 0 0 1
    outer loop
      vertex 89.6684 48.6673 3
      vertex 82.56 52.92 3
      vertex 89.5065 48.6268 3
    endloop
  endfacet
  facet normal 0 0 1
    outer loop
      vertex 86.32 87.52 3
      vertex 89.0555 88.5865 3
      vertex 88.9215 88.6859 3
    endloop
  endfacet
  facet normal 0 0 1
    outer loop
      vertex 89.5065 48.6268 3
      vertex 82.56 52.92 3
      vertex 89.3494 48.5706 3
    endloop
  endfacet
  facet normal 0 0 1
    outer loop
      vertex 86.32 87.52 3
      vertex 88.9215 88.6859 3
      vertex 88.7979 88.7979 3
    endloop
  endfacet
  facet normal 0 0 1
    outer loop
      vertex 89.3494 48.5706 3
      vertex 82.56 52.92 3
      vertex 89.1986 48.4993 3
    endloop
  endfacet
  facet normal 0 0 1
    outer loop
      vertex 86.32 87.52 3
      vertex 88.7979 88.7979 3
      vertex 88.6859 88.9215 3
    endloop
  endfacet
  facet normal 0 0 1
    outer loop
      vertex 89.1986 48.4993 3
      vertex 82.56 52.92 3
      vertex 89.0555 48.4135 3
    endloop
  endfacet
  facet normal 0 0 1
    outer loop
      vertex 86.32 87.52 3
      vertex 88.6859 88.9215 3
      vertex 88.5865 89.0555 3
    endloop
  endfacet
  facet normal 0 0 1
    outer loop
      vertex 89.0555 48.4135 3
      vertex 82.56 52.92 3
      vertex 88.9215 48.3141 3
    endloop
  endfacet
  facet normal 0 0 1
    outer loop
      vertex 86.32 87.52 3
      vertex 88.5865 89.0555 3
      vertex 88.5007 89.1986 3
    endloop
  endfacet
  facet normal 0 0 1
    outer loop
      vertex 88.9215 48.3141 3
      vertex 82.56 52.92 3
      vertex 88.7979 48.2021 3
    endloop
  endfacet
  facet normal 0 0 1
    outer loop
      vertex 86.32 87.52 3
      vertex 88.5007 89.1986 3
      vertex 88.4294 89.3494 3
    endloop
  endfacet
  facet normal 0 0 1
    outer loop
      vertex 88.7979 48.2021 3
      vertex 82.56 52.92 3
      vertex 88.6859 48.0785 3
    endloop
  endfacet
  facet normal 0 0 1
    outer loop
      vertex 86.32 87.52 3
      vertex 88.4294 89.3494 3
      vertex 88.3732 89.5065 3
    endloop
  endfacet
  facet normal 0 0 1
    outer loop
      vertex 82.56 47.87 3
      vertex 88.6859 48.0785 3
      vertex 82.56 52.92 3
    endloop
  endfacet
  facet normal 0 0 1
    outer loop
      vertex 86.32 87.52 3
      vertex 88.3732 89.5065 3
      vertex 88.3327 89.6684 3
    endloop
  endfacet
  facet normal 0 0 1
    outer loop
      vertex 88.6859 48.0785 3
      vertex 82.56 47.87 3
      vertex 88.5865 47.9445 3
    endloop
  endfacet
  facet normal 0 0 1
    outer loop
      vertex 86.32 87.52 3
      vertex 88.3327 89.6684 3
      vertex 88.3082 89.8334 3
    endloop
  endfacet
  facet normal 0 0 1
    outer loop
      vertex 88.5865 47.9445 3
      vertex 82.56 47.87 3
      vertex 88.5007 47.8014 3
    endloop
  endfacet
  facet normal 0 0 1
    outer loop
      vertex 86.32 87.52 3
      vertex 88.3082 89.8334 3
      vertex 88.3 90 3
    endloop
  endfacet
  facet normal 0 0 1
    outer loop
      vertex 88.5007 47.8014 3
      vertex 82.56 47.87 3
      vertex 88.4294 47.6506 3
    endloop
  endfacet
  facet normal 0 0 1
    outer loop
      vertex 94.7 97.7 3
      vertex 97.7 94.7 3
      vertex 97.6855 94.994 3
    endloop
  endfacet
  facet normal 0 0 1
    outer loop
      vertex 97.7 94.7 3
      vertex 91.7 47 3
      vertex 97.7 0.299999 3
    endloop
  endfacet
  facet normal 0 0 1
    outer loop
      vertex 94.7 97.7 3
      vertex 97.6855 94.994 3
      vertex 97.6423 95.2853 3
    endloop
  endfacet
  facet normal -0 0 1
    outer loop
      vertex 91.6918 46.8334 3
      vertex 97.7 0.299999 3
      vertex 91.7 47 3
    endloop
  endfacet
  facet normal 0 0 1
    outer loop
      vertex 94.7 97.7 3
      vertex 97.6423 95.2853 3
      vertex 97.5708 95.5708 3
    endloop
  endfacet
  facet normal -0 0 1
    outer loop
      vertex 91.6918 4.83337 3
      vertex 97.7 0.299999 3
      vertex 91.7 5 3
    endloop
  endfacet
  facet normal 0 0 1
    outer loop
      vertex 94.7 97.7 3
      vertex 97.5708 95.5708 3
      vertex 97.4716 95.8481 3
    endloop
  endfacet
  facet normal -0 0 1
    outer loop
      vertex 91.6673 4.66835 3
      vertex 97.7 0.299999 3
      vertex 91.6918 4.83337 3
    endloop
  endfacet
  facet normal 0 0 1
    outer loop
      vertex 94.7 97.7 3
      vertex 97.4716 95.8481 3
      vertex 97.3458 96.1142 3
    endloop
  endfacet
  facet normal -0 0 1
    outer loop
      vertex 91.6268 4.50652 3
      vertex 97.7 0.299999 3
      vertex 91.6673 4.66835 3
    endloop
  endfacet
  facet normal 0 0 1
    outer loop
      vertex 94.7 97.7 3
      vertex 97.3458 96.1142 3
      vertex 97.1944 96.3667 3
    endloop
  endfacet
  facet normal -0 0 1
    outer loop
      vertex 91.5706 4.34944 3
      vertex 97.7 0.299999 3
      vertex 91.6268 4.50652 3
    endloop
  endfacet
  facet normal 0 0 1
    outer loop
      vertex 94.7 97.7 3
      vertex 97.1944 96.3667 3
      vertex 97.019 96.6032 3
    endloop
  endfacet
  facet normal -0 0 1
    outer loop
      vertex 91.4993 4.19862 3
      vertex 97.7 0.299999 3
      vertex 91.5706 4.34944 3
    endloop
  endfacet
  facet normal 0 0 1
    outer loop
      vertex 94.7 97.7 3
      vertex 97.019 96.6032 3
      vertex 96.8213 96.8213 3
    endloop
  endfacet
  facet normal -0 0 1
    outer loop
      vertex 91.4135 4.05553 3
      vertex 97.7 0.299999 3
      vertex 91.4993 4.19862 3
    endloop
  endfacet
  facet normal 0 0 1
    outer loop
      vertex 94.7 97.7 3
      vertex 96.8213 96.8213 3
      vertex 96.6032 97.019 3
    endloop
  endfacet
  facet normal -0 0 1
    outer loop
      vertex 91.3141 3.92153 3
      vertex 97.7 0.299999 3
      vertex 91.4135 4.05553 3
    endloop
  endfacet
  facet normal 0 0 1
    outer loop
      vertex 94.7 97.7 3
      vertex 96.6032 97.019 3
      vertex 96.3667 97.1944 3
    endloop
  endfacet
  facet normal -0 0 1
    outer loop
      vertex 91.2021 3.79792 3
      vertex 97.7 0.299999 3
      vertex 91.3141 3.92153 3
    endloop
  endfacet
  facet normal 0 0 1
    outer loop
      vertex 94.7 97.7 3
      vertex 96.3667 97.1944 3
      vertex 96.1142 97.3458 3
    endloop
  endfacet
  facet normal 0 -0 1
    outer loop
      vertex 94.7 -2.7 3
      vertex 97.7 0.299999 3
      vertex 91.2021 3.79792 3
    endloop
  endfacet
  facet normal 0 0 1
    outer loop
      vertex 94.7 97.7 3
      vertex 96.1142 97.3458 3
      vertex 95.8481 97.4716 3
    endloop
  endfacet
  facet normal 0 0 1
    outer loop
      vertex 97.7 0.299999 3
      vertex 94.7 -2.7 3
      vertex 97.6855 0.00594711 3
    endloop
  endfacet
  facet normal 0 0 1
    outer loop
      vertex 94.7 97.7 3
      vertex 95.8481 97.4716 3
      vertex 95.5708 97.5708 3
    endloop
  endfacet
  facet normal 0 0 1
    outer loop
      vertex 97.6855 0.00594711 3
      vertex 94.7 -2.7 3
      vertex 97.6423 -0.285266 3
    endloop
  endfacet
  facet normal 0 0 1
    outer loop
      vertex 94.7 97.7 3
      vertex 95.5708 97.5708 3
      vertex 95.2853 97.6423 3
    endloop
  endfacet
  facet normal 0 0 1
    outer loop
      vertex 97.6423 -0.285266 3
      vertex 94.7 -2.7 3
      vertex 97.5708 -0.570849 3
    endloop
  endfacet
  facet normal 0 0 1
    outer loop
      vertex 94.7 97.7 3
      vertex 95.2853 97.6423 3
      vertex 94.994 97.6855 3
    endloop
  endfacet
  facet normal 0 0 1
    outer loop
      vertex 97.4716 -0.848056 3
      vertex 94.7 -2.7 3
      vertex 97.3458 -1.11418 3
    endloop
  endfacet
  facet normal 0 0 1
    outer loop
      vertex 97.7 94.7 3
      vertex 94.7 97.7 3
      vertex 91.2021 91.2021 3
    endloop
  endfacet
  facet normal 0 0 1
    outer loop
      vertex 97.3458 -1.11418 3
      vertex 94.7 -2.7 3
      vertex 97.1944 -1.36672 3
    endloop
  endfacet
  facet normal 0 0 1
    outer loop
      vertex 91.6918 89.8334 3
      vertex 97.7 94.7 3
      vertex 91.7 90 3
    endloop
  endfacet
  facet normal 0 0 1
    outer loop
      vertex 97.7 94.7 3
      vertex 91.6918 90.1666 3
      vertex 91.7 90 3
    endloop
  endfacet
  facet normal 0 0 1
    outer loop
      vertex 97.7 94.7 3
      vertex 91.6673 90.3316 3
      vertex 91.6918 90.1666 3
    endloop
  endfacet
  facet normal 0 0 1
    outer loop
      vertex 97.7 94.7 3
      vertex 91.6268 90.4935 3
      vertex 91.6673 90.3316 3
    endloop
  endfacet
  facet normal 0 0 1
    outer loop
      vertex 97.7 94.7 3
      vertex 91.5706 90.6506 3
      vertex 91.6268 90.4935 3
    endloop
  endfacet
  facet normal 0 0 1
    outer loop
      vertex 97.7 94.7 3
      vertex 91.4993 90.8014 3
      vertex 91.5706 90.6506 3
    endloop
  endfacet
  facet normal 0 0 1
    outer loop
      vertex 97.7 94.7 3
      vertex 91.4135 90.9445 3
      vertex 91.4993 90.8014 3
    endloop
  endfacet
  facet normal 0 0 1
    outer loop
      vertex 97.7 94.7 3
      vertex 91.3141 91.0785 3
      vertex 91.4135 90.9445 3
    endloop
  endfacet
  facet normal 0 0 1
    outer loop
      vertex 97.7 94.7 3
      vertex 91.2021 91.2021 3
      vertex 91.3141 91.0785 3
    endloop
  endfacet
  facet normal 0 0 1
    outer loop
      vertex 94.7 97.7 3
      vertex 91.0785 91.3141 3
      vertex 91.2021 91.2021 3
    endloop
  endfacet
  facet normal 0 0 1
    outer loop
      vertex 94.7 97.7 3
      vertex 90.9445 91.4135 3
      vertex 91.0785 91.3141 3
    endloop
  endfacet
  facet normal 0 0 1
    outer loop
      vertex 94.7 97.7 3
      vertex 90.8014 91.4993 3
      vertex 90.9445 91.4135 3
    endloop
  endfacet
  facet normal 0 0 1
    outer loop
      vertex 94.7 97.7 3
      vertex 90.6506 91.5706 3
      vertex 90.8014 91.4993 3
    endloop
  endfacet
  facet normal 0 0 1
    outer loop
      vertex 94.7 97.7 3
      vertex 90.4935 91.6268 3
      vertex 90.6506 91.5706 3
    endloop
  endfacet
  facet normal 0 0 1
    outer loop
      vertex 94.7 97.7 3
      vertex 90.3316 91.6673 3
      vertex 90.4935 91.6268 3
    endloop
  endfacet
  facet normal 0 0 1
    outer loop
      vertex 94.7 97.7 3
      vertex 90.1666 91.6918 3
      vertex 90.3316 91.6673 3
    endloop
  endfacet
  facet normal 0 0 1
    outer loop
      vertex 94.7 97.7 3
      vertex 90 91.7 3
      vertex 90.1666 91.6918 3
    endloop
  endfacet
  facet normal 0 0 1
    outer loop
      vertex 94.7 97.7 3
      vertex 89.8334 91.6918 3
      vertex 90 91.7 3
    endloop
  endfacet
  facet normal 0 0 1
    outer loop
      vertex 94.7 97.7 3
      vertex 89.6684 91.6673 3
      vertex 89.8334 91.6918 3
    endloop
  endfacet
  facet normal 0 0 1
    outer loop
      vertex 94.7 97.7 3
      vertex 89.5065 91.6268 3
      vertex 89.6684 91.6673 3
    endloop
  endfacet
  facet normal 0 0 1
    outer loop
      vertex 94.7 97.7 3
      vertex 89.3494 91.5706 3
      vertex 89.5065 91.6268 3
    endloop
  endfacet
  facet normal 0 0 1
    outer loop
      vertex 94.7 97.7 3
      vertex 89.1986 91.4993 3
      vertex 89.3494 91.5706 3
    endloop
  endfacet
  facet normal 0 0 1
    outer loop
      vertex 94.7 97.7 3
      vertex 89.0555 91.4135 3
      vertex 89.1986 91.4993 3
    endloop
  endfacet
  facet normal 0 0 1
    outer loop
      vertex 94.7 97.7 3
      vertex 88.9215 91.3141 3
      vertex 89.0555 91.4135 3
    endloop
  endfacet
  facet normal 0 0 1
    outer loop
      vertex 46.32 87.52 3
      vertex 88.9215 91.3141 3
      vertex 94.7 97.7 3
    endloop
  endfacet
  facet normal 0 0 1
    outer loop
      vertex 88.4294 47.6506 3
      vertex 82.56 47.87 3
      vertex 88.3732 47.4935 3
    endloop
  endfacet
  facet normal 0 0 1
    outer loop
      vertex 89.8334 88.3082 3
      vertex 86.32 87.52 3
      vertex 86.32 74.52 3
    endloop
  endfacet
  facet normal 0 0 1
    outer loop
      vertex 88.3082 90.1666 3
      vertex 86.32 87.52 3
      vertex 88.3 90 3
    endloop
  endfacet
  facet normal 0 0 1
    outer loop
      vertex 88.3327 90.3316 3
      vertex 86.32 87.52 3
      vertex 88.3082 90.1666 3
    endloop
  endfacet
  facet normal 0 0 1
    outer loop
      vertex 88.3732 90.4935 3
      vertex 86.32 87.52 3
      vertex 88.3327 90.3316 3
    endloop
  endfacet
  facet normal 0 0 1
    outer loop
      vertex 88.4294 90.6506 3
      vertex 86.32 87.52 3
      vertex 88.3732 90.4935 3
    endloop
  endfacet
  facet normal 0 0 1
    outer loop
      vertex 88.5007 90.8014 3
      vertex 86.32 87.52 3
      vertex 88.4294 90.6506 3
    endloop
  endfacet
  facet normal 0 0 1
    outer loop
      vertex 46.32 87.52 3
      vertex 88.5007 90.8014 3
      vertex 88.5865 90.9445 3
    endloop
  endfacet
  facet normal 0 0 1
    outer loop
      vertex 88.5007 90.8014 3
      vertex 46.32 87.52 3
      vertex 86.32 87.52 3
    endloop
  endfacet
  facet normal 0 0 1
    outer loop
      vertex 88.6859 91.0785 3
      vertex 46.32 87.52 3
      vertex 88.5865 90.9445 3
    endloop
  endfacet
  facet normal 0 0 1
    outer loop
      vertex 88.7979 91.2021 3
      vertex 46.32 87.52 3
      vertex 88.6859 91.0785 3
    endloop
  endfacet
  facet normal 0 0 1
    outer loop
      vertex 88.9215 91.3141 3
      vertex 46.32 87.52 3
      vertex 88.7979 91.2021 3
    endloop
  endfacet
  facet normal -0 0 1
    outer loop
      vertex 40.9807 79.8921 3
      vertex 46.32 74.52 3
      vertex 46.32 87.52 3
    endloop
  endfacet
  facet normal 0 0 1
    outer loop
      vertex 49.51 14.82 3
      vertex 47.5 6.7 3
      vertex 47.6666 6.69181 3
    endloop
  endfacet
  facet normal 0 0 1
    outer loop
      vertex 46.6986 6.49927 3
      vertex 44.46 14.82 3
      vertex 46.5555 6.4135 3
    endloop
  endfacet
  facet normal 0 0 1
    outer loop
      vertex 46.5555 6.4135 3
      vertex 44.46 14.82 3
      vertex 46.4215 6.31412 3
    endloop
  endfacet
  facet normal 0 0 1
    outer loop
      vertex 46.4215 6.31412 3
      vertex 44.46 14.82 3
      vertex 46.2979 6.20208 3
    endloop
  endfacet
  facet normal 0 0 1
    outer loop
      vertex 46.2979 6.20208 3
      vertex 44.46 14.82 3
      vertex 46.1859 6.07847 3
    endloop
  endfacet
  facet normal 0 0 1
    outer loop
      vertex 46.1859 6.07847 3
      vertex 44.46 14.82 3
      vertex 46.0865 5.94447 3
    endloop
  endfacet
  facet normal 0 0 1
    outer loop
      vertex 46.0865 5.94447 3
      vertex 44.46 14.82 3
      vertex 46.0007 5.80137 3
    endloop
  endfacet
  facet normal 0 0 1
    outer loop
      vertex 46.0007 5.80137 3
      vertex 44.46 14.82 3
      vertex 45.9294 5.65056 3
    endloop
  endfacet
  facet normal 0 0 1
    outer loop
      vertex 49.51 66.92 3
      vertex 44.46 66.92 3
      vertex 44.46 52.92 3
    endloop
  endfacet
  facet normal 0 0 1
    outer loop
      vertex 46.32 74.52 3
      vertex 41 79.5 3
      vertex 40.9807 79.1079 3
    endloop
  endfacet
  facet normal 0 0 1
    outer loop
      vertex 46.32 74.52 3
      vertex 40.9807 79.8921 3
      vertex 41 79.5 3
    endloop
  endfacet
  facet normal 0 0 1
    outer loop
      vertex 46.32 87.52 3
      vertex 40.9231 80.2804 3
      vertex 40.9807 79.8921 3
    endloop
  endfacet
  facet normal 0 0 1
    outer loop
      vertex 46.32 87.52 3
      vertex 40.8278 80.6611 3
      vertex 40.9231 80.2804 3
    endloop
  endfacet
  facet normal 0 0 1
    outer loop
      vertex 46.32 87.52 3
      vertex 40.6955 81.0307 3
      vertex 40.8278 80.6611 3
    endloop
  endfacet
  facet normal 0 0 1
    outer loop
      vertex 46.32 87.52 3
      vertex 40.5277 81.3856 3
      vertex 40.6955 81.0307 3
    endloop
  endfacet
  facet normal 0 0 1
    outer loop
      vertex 46.32 87.52 3
      vertex 40.3259 81.7223 3
      vertex 40.5277 81.3856 3
    endloop
  endfacet
  facet normal 0 0 1
    outer loop
      vertex 46.32 87.52 3
      vertex 40.092 82.0376 3
      vertex 40.3259 81.7223 3
    endloop
  endfacet
  facet normal 0 0 1
    outer loop
      vertex 46.32 87.52 3
      vertex 39.8284 82.3284 3
      vertex 40.092 82.0376 3
    endloop
  endfacet
  facet normal 0 0 1
    outer loop
      vertex 46.32 87.52 3
      vertex 39.5376 82.592 3
      vertex 39.8284 82.3284 3
    endloop
  endfacet
  facet normal 0 0 1
    outer loop
      vertex 46.32 87.52 3
      vertex 39.2223 82.8259 3
      vertex 39.5376 82.592 3
    endloop
  endfacet
  facet normal 0 0 1
    outer loop
      vertex 46.32 87.52 3
      vertex 38.8856 83.0277 3
      vertex 39.2223 82.8259 3
    endloop
  endfacet
  facet normal 0 0 1
    outer loop
      vertex 46.32 87.52 3
      vertex 38.5307 83.1955 3
      vertex 38.8856 83.0277 3
    endloop
  endfacet
  facet normal 0 0 1
    outer loop
      vertex 46.32 87.52 3
      vertex 38.1611 83.3278 3
      vertex 38.5307 83.1955 3
    endloop
  endfacet
  facet normal 0 0 1
    outer loop
      vertex 46.32 87.52 3
      vertex 37.7804 83.4231 3
      vertex 38.1611 83.3278 3
    endloop
  endfacet
  facet normal 0 0 1
    outer loop
      vertex 46.32 87.52 3
      vertex 37.3921 83.4807 3
      vertex 37.7804 83.4231 3
    endloop
  endfacet
  facet normal 0 0 1
    outer loop
      vertex 46.32 87.52 3
      vertex 37 83.5 3
      vertex 37.3921 83.4807 3
    endloop
  endfacet
  facet normal 0 0 1
    outer loop
      vertex 46.32 87.52 3
      vertex 36.6079 83.4807 3
      vertex 37 83.5 3
    endloop
  endfacet
  facet normal 0 0 1
    outer loop
      vertex 46.32 87.52 3
      vertex 36.2196 83.4231 3
      vertex 36.6079 83.4807 3
    endloop
  endfacet
  facet normal 0 0 1
    outer loop
      vertex 6.20208 91.2021 3
      vertex 36.2196 83.4231 3
      vertex 46.32 87.52 3
    endloop
  endfacet
  facet normal 0 0 1
    outer loop
      vertex 36.2196 83.4231 3
      vertex 6.20208 91.2021 3
      vertex 35.8389 83.3278 3
    endloop
  endfacet
  facet normal 0 0 1
    outer loop
      vertex 33.3045 81.0307 3
      vertex 6.6268 89.5065 3
      vertex 33.1722 80.6611 3
    endloop
  endfacet
  facet normal -0 0 1
    outer loop
      vertex 6.6268 89.5065 3
      vertex 33.3045 81.0307 3
      vertex 6.66733 89.6684 3
    endloop
  endfacet
  facet normal 0 0 1
    outer loop
      vertex 33.0769 80.2804 3
      vertex 6.49927 89.1986 3
      vertex 33.0193 79.8921 3
    endloop
  endfacet
  facet normal -0 0 1
    outer loop
      vertex 6.4135 89.0555 3
      vertex 33.0193 79.8921 3
      vertex 6.49927 89.1986 3
    endloop
  endfacet
  facet normal 0 0 1
    outer loop
      vertex 33.0193 79.8921 3
      vertex 6.4135 89.0555 3
      vertex 33 79.5 3
    endloop
  endfacet
  facet normal 0 0 1
    outer loop
      vertex 30.46 47.87 3
      vertex 6.7 5 3
      vertex 30.46 33.87 3
    endloop
  endfacet
  facet normal 0 0 1
    outer loop
      vertex 30.46 33.87 3
      vertex 6.7 5 3
      vertex 30.46 28.82 3
    endloop
  endfacet
  facet normal -0 0 1
    outer loop
      vertex 6.57059 89.3494 3
      vertex 33.1722 80.6611 3
      vertex 6.6268 89.5065 3
    endloop
  endfacet
  facet normal 0 0 1
    outer loop
      vertex 33.4723 81.3856 3
      vertex 6.66733 89.6684 3
      vertex 33.3045 81.0307 3
    endloop
  endfacet
  facet normal -0 0 1
    outer loop
      vertex 6.66733 89.6684 3
      vertex 33.4723 81.3856 3
      vertex 6.69181 89.8334 3
    endloop
  endfacet
  facet normal 0 0 1
    outer loop
      vertex 33.6741 81.7223 3
      vertex 6.69181 89.8334 3
      vertex 33.4723 81.3856 3
    endloop
  endfacet
  facet normal -0 0 1
    outer loop
      vertex 6.69181 89.8334 3
      vertex 33.6741 81.7223 3
      vertex 6.7 90 3
    endloop
  endfacet
  facet normal 0 0 1
    outer loop
      vertex 33.908 82.0376 3
      vertex 6.7 90 3
      vertex 33.6741 81.7223 3
    endloop
  endfacet
  facet normal 0 0 1
    outer loop
      vertex 6.66733 90.3316 3
      vertex 33.908 82.0376 3
      vertex 34.1716 82.3284 3
    endloop
  endfacet
  facet normal 0 0 1
    outer loop
      vertex 6.6268 90.4935 3
      vertex 34.1716 82.3284 3
      vertex 34.4624 82.592 3
    endloop
  endfacet
  facet normal 0 0 1
    outer loop
      vertex 6.57059 90.6506 3
      vertex 34.4624 82.592 3
      vertex 34.7777 82.8259 3
    endloop
  endfacet
  facet normal 0 0 1
    outer loop
      vertex 6.49927 90.8014 3
      vertex 34.7777 82.8259 3
      vertex 35.1144 83.0277 3
    endloop
  endfacet
  facet normal 0 0 1
    outer loop
      vertex 6.4135 90.9445 3
      vertex 35.1144 83.0277 3
      vertex 35.4693 83.1955 3
    endloop
  endfacet
  facet normal -0 -0 1
    outer loop
      vertex 6.31412 91.0785 3
      vertex 35.8389 83.3278 3
      vertex 6.20208 91.2021 3
    endloop
  endfacet
  facet normal -0 0 1
    outer loop
      vertex 0.299999 97.7 3
      vertex 46.32 87.52 3
      vertex 94.7 97.7 3
    endloop
  endfacet
  facet normal 0 0 1
    outer loop
      vertex 33.908 82.0376 3
      vertex 6.69181 90.1666 3
      vertex 6.7 90 3
    endloop
  endfacet
  facet normal 0 0 1
    outer loop
      vertex 33.908 82.0376 3
      vertex 6.66733 90.3316 3
      vertex 6.69181 90.1666 3
    endloop
  endfacet
  facet normal 0 0 1
    outer loop
      vertex 34.1716 82.3284 3
      vertex 6.6268 90.4935 3
      vertex 6.66733 90.3316 3
    endloop
  endfacet
  facet normal 0 0 1
    outer loop
      vertex 34.4624 82.592 3
      vertex 6.57059 90.6506 3
      vertex 6.6268 90.4935 3
    endloop
  endfacet
  facet normal 0 0 1
    outer loop
      vertex 34.7777 82.8259 3
      vertex 6.49927 90.8014 3
      vertex 6.57059 90.6506 3
    endloop
  endfacet
  facet normal 0 0 1
    outer loop
      vertex 35.1144 83.0277 3
      vertex 6.4135 90.9445 3
      vertex 6.49927 90.8014 3
    endloop
  endfacet
  facet normal 0 0 1
    outer loop
      vertex 35.4693 83.1955 3
      vertex 6.31412 91.0785 3
      vertex 6.4135 90.9445 3
    endloop
  endfacet
  facet normal 0 0 1
    outer loop
      vertex 35.8389 83.3278 3
      vertex 6.31412 91.0785 3
      vertex 35.4693 83.1955 3
    endloop
  endfacet
  facet normal -0 -0 1
    outer loop
      vertex 6.07847 91.3141 3
      vertex 46.32 87.52 3
      vertex 0.299999 97.7 3
    endloop
  endfacet
  facet normal 0 0 1
    outer loop
      vertex 46.32 87.52 3
      vertex 6.07847 91.3141 3
      vertex 6.20208 91.2021 3
    endloop
  endfacet
  facet normal 0 0 1
    outer loop
      vertex 6.07847 91.3141 3
      vertex 0.299999 97.7 3
      vertex 5.94447 91.4135 3
    endloop
  endfacet
  facet normal 0 0 1
    outer loop
      vertex 5.94447 91.4135 3
      vertex 0.299999 97.7 3
      vertex 5.80137 91.4993 3
    endloop
  endfacet
  facet normal 0 0 1
    outer loop
      vertex 5.80137 91.4993 3
      vertex 0.299999 97.7 3
      vertex 5.65056 91.5706 3
    endloop
  endfacet
  facet normal 0 0 1
    outer loop
      vertex 5.65056 91.5706 3
      vertex 0.299999 97.7 3
      vertex 5.49348 91.6268 3
    endloop
  endfacet
  facet normal 0 0 1
    outer loop
      vertex 5.49348 91.6268 3
      vertex 0.299999 97.7 3
      vertex 5.33165 91.6673 3
    endloop
  endfacet
  facet normal 0 0 1
    outer loop
      vertex 5.33165 91.6673 3
      vertex 0.299999 97.7 3
      vertex 5.16663 91.6918 3
    endloop
  endfacet
  facet normal 0 0 1
    outer loop
      vertex 5.16663 91.6918 3
      vertex 0.299999 97.7 3
      vertex 5 91.7 3
    endloop
  endfacet
  facet normal 0 0 1
    outer loop
      vertex 3.30819 90.1666 3
      vertex -2.7 94.7 3
      vertex 3.3 90 3
    endloop
  endfacet
  facet normal 0 0 1
    outer loop
      vertex 3.33266 90.3316 3
      vertex -2.7 94.7 3
      vertex 3.30819 90.1666 3
    endloop
  endfacet
  facet normal 0 0 1
    outer loop
      vertex 3.3732 90.4935 3
      vertex -2.7 94.7 3
      vertex 3.33266 90.3316 3
    endloop
  endfacet
  facet normal 0 0 1
    outer loop
      vertex 3.4294 90.6506 3
      vertex -2.7 94.7 3
      vertex 3.3732 90.4935 3
    endloop
  endfacet
  facet normal 0 0 1
    outer loop
      vertex 3.50073 90.8014 3
      vertex -2.7 94.7 3
      vertex 3.4294 90.6506 3
    endloop
  endfacet
  facet normal 0 0 1
    outer loop
      vertex 3.5865 90.9445 3
      vertex -2.7 94.7 3
      vertex 3.50073 90.8014 3
    endloop
  endfacet
  facet normal 0 0 1
    outer loop
      vertex 3.68588 91.0785 3
      vertex -2.7 94.7 3
      vertex 3.5865 90.9445 3
    endloop
  endfacet
  facet normal 0 0 1
    outer loop
      vertex 3.79792 91.2021 3
      vertex -2.7 94.7 3
      vertex 3.68588 91.0785 3
    endloop
  endfacet
  facet normal -0 0 1
    outer loop
      vertex -2.7 94.7 3
      vertex 3.79792 91.2021 3
      vertex 0.299999 97.7 3
    endloop
  endfacet
  facet normal 0 0 1
    outer loop
      vertex 3.92153 91.3141 3
      vertex 0.299999 97.7 3
      vertex 3.79792 91.2021 3
    endloop
  endfacet
  facet normal 0 0 1
    outer loop
      vertex 4.05553 91.4135 3
      vertex 0.299999 97.7 3
      vertex 3.92153 91.3141 3
    endloop
  endfacet
  facet normal 0 0 1
    outer loop
      vertex 4.19862 91.4993 3
      vertex 0.299999 97.7 3
      vertex 4.05553 91.4135 3
    endloop
  endfacet
  facet normal 0 0 1
    outer loop
      vertex 4.34944 91.5706 3
      vertex 0.299999 97.7 3
      vertex 4.19862 91.4993 3
    endloop
  endfacet
  facet normal 0 0 1
    outer loop
      vertex 4.50652 91.6268 3
      vertex 0.299999 97.7 3
      vertex 4.34944 91.5706 3
    endloop
  endfacet
  facet normal 0 0 1
    outer loop
      vertex 4.66835 91.6673 3
      vertex 0.299999 97.7 3
      vertex 4.50652 91.6268 3
    endloop
  endfacet
  facet normal 0 0 1
    outer loop
      vertex 4.83337 91.6918 3
      vertex 0.299999 97.7 3
      vertex 4.66835 91.6673 3
    endloop
  endfacet
  facet normal 0 0 1
    outer loop
      vertex 5 91.7 3
      vertex 0.299999 97.7 3
      vertex 4.83337 91.6918 3
    endloop
  endfacet
  facet normal 0 0 1
    outer loop
      vertex 97.1944 -1.36672 3
      vertex 94.7 -2.7 3
      vertex 97.019 -1.60318 3
    endloop
  endfacet
  facet normal 0 0 1
    outer loop
      vertex 97.019 -1.60318 3
      vertex 94.7 -2.7 3
      vertex 96.8213 -1.82132 3
    endloop
  endfacet
  facet normal 0 0 1
    outer loop
      vertex 96.8213 -1.82132 3
      vertex 94.7 -2.7 3
      vertex 96.6032 -2.01903 3
    endloop
  endfacet
  facet normal 0 0 1
    outer loop
      vertex 96.6032 -2.01903 3
      vertex 94.7 -2.7 3
      vertex 96.3667 -2.19442 3
    endloop
  endfacet
  facet normal 0 0 1
    outer loop
      vertex 96.3667 -2.19442 3
      vertex 94.7 -2.7 3
      vertex 96.1142 -2.34577 3
    endloop
  endfacet
  facet normal 0 0 1
    outer loop
      vertex 96.1142 -2.34577 3
      vertex 94.7 -2.7 3
      vertex 95.8481 -2.47164 3
    endloop
  endfacet
  facet normal 0 0 1
    outer loop
      vertex 95.8481 -2.47164 3
      vertex 94.7 -2.7 3
      vertex 95.5708 -2.57082 3
    endloop
  endfacet
  facet normal 0 0 1
    outer loop
      vertex 95.5708 -2.57082 3
      vertex 94.7 -2.7 3
      vertex 95.2853 -2.64235 3
    endloop
  endfacet
  facet normal 0 0 1
    outer loop
      vertex 95.2853 -2.64235 3
      vertex 94.7 -2.7 3
      vertex 94.994 -2.68555 3
    endloop
  endfacet
  facet normal 0 0 1
    outer loop
      vertex 97.5708 -0.570849 3
      vertex 94.7 -2.7 3
      vertex 97.4716 -0.848056 3
    endloop
  endfacet
  facet normal -0 0 1
    outer loop
      vertex 91.0785 3.68588 3
      vertex 94.7 -2.7 3
      vertex 91.2021 3.79792 3
    endloop
  endfacet
  facet normal -0 0 1
    outer loop
      vertex 90.9445 3.5865 3
      vertex 94.7 -2.7 3
      vertex 91.0785 3.68588 3
    endloop
  endfacet
  facet normal -0 0 1
    outer loop
      vertex 90.8014 3.50073 3
      vertex 94.7 -2.7 3
      vertex 90.9445 3.5865 3
    endloop
  endfacet
  facet normal -0 0 1
    outer loop
      vertex 90.6506 3.4294 3
      vertex 94.7 -2.7 3
      vertex 90.8014 3.50073 3
    endloop
  endfacet
  facet normal -0 0 1
    outer loop
      vertex 90.4935 3.3732 3
      vertex 94.7 -2.7 3
      vertex 90.6506 3.4294 3
    endloop
  endfacet
  facet normal -0 0 1
    outer loop
      vertex 90.3316 3.33266 3
      vertex 94.7 -2.7 3
      vertex 90.4935 3.3732 3
    endloop
  endfacet
  facet normal -0 0 1
    outer loop
      vertex 90.1666 3.30819 3
      vertex 94.7 -2.7 3
      vertex 90.3316 3.33266 3
    endloop
  endfacet
  facet normal -0 0 1
    outer loop
      vertex 90 3.3 3
      vertex 94.7 -2.7 3
      vertex 90.1666 3.30819 3
    endloop
  endfacet
  facet normal 0 0 1
    outer loop
      vertex 89.8334 3.30819 3
      vertex 94.7 -2.7 3
      vertex 90 3.3 3
    endloop
  endfacet
  facet normal 0 0 1
    outer loop
      vertex 89.6684 3.33266 3
      vertex 94.7 -2.7 3
      vertex 89.8334 3.30819 3
    endloop
  endfacet
  facet normal 0 0 1
    outer loop
      vertex 89.5065 3.3732 3
      vertex 94.7 -2.7 3
      vertex 89.6684 3.33266 3
    endloop
  endfacet
  facet normal 0 0 1
    outer loop
      vertex 89.3494 3.4294 3
      vertex 94.7 -2.7 3
      vertex 89.5065 3.3732 3
    endloop
  endfacet
  facet normal 0 0 1
    outer loop
      vertex 89.1986 3.50073 3
      vertex 94.7 -2.7 3
      vertex 89.3494 3.4294 3
    endloop
  endfacet
  facet normal 0 0 1
    outer loop
      vertex 89.0555 3.5865 3
      vertex 94.7 -2.7 3
      vertex 89.1986 3.50073 3
    endloop
  endfacet
  facet normal 0 0 1
    outer loop
      vertex 88.9215 3.68588 3
      vertex 94.7 -2.7 3
      vertex 89.0555 3.5865 3
    endloop
  endfacet
  facet normal 0 0 1
    outer loop
      vertex 48.5785 3.68588 3
      vertex 88.9215 3.68588 3
      vertex 88.7979 3.79792 3
    endloop
  endfacet
  facet normal 0 0 1
    outer loop
      vertex 88.3732 47.4935 3
      vertex 82.56 47.87 3
      vertex 88.3327 47.3317 3
    endloop
  endfacet
  facet normal 0 0 1
    outer loop
      vertex 88.3327 47.3317 3
      vertex 82.56 47.87 3
      vertex 88.3082 47.1666 3
    endloop
  endfacet
  facet normal 0 0 1
    outer loop
      vertex 88.3082 47.1666 3
      vertex 82.56 47.87 3
      vertex 88.3 47 3
    endloop
  endfacet
  facet normal 0 0 1
    outer loop
      vertex 88.7979 45.7979 3
      vertex 82.56 47.87 3
      vertex 82.56 33.87 3
    endloop
  endfacet
  facet normal 0 0 1
    outer loop
      vertex 90.8014 45.5007 3
      vertex 82.56 33.87 3
      vertex 82.56 28.82 3
    endloop
  endfacet
  facet normal 0 0 1
    outer loop
      vertex 88.3327 5.33165 3
      vertex 82.56 14.82 3
      vertex 88.3082 5.16663 3
    endloop
  endfacet
  facet normal 0 0 1
    outer loop
      vertex 88.3082 5.16663 3
      vertex 82.56 14.82 3
      vertex 88.3 5 3
    endloop
  endfacet
  facet normal 0 0 1
    outer loop
      vertex 88.3 5 3
      vertex 82.56 14.82 3
      vertex 88.3082 4.83337 3
    endloop
  endfacet
  facet normal -0 0 1
    outer loop
      vertex 68.56 14.82 3
      vertex 88.3082 4.83337 3
      vertex 82.56 14.82 3
    endloop
  endfacet
  facet normal 0 0 1
    outer loop
      vertex 88.3082 4.83337 3
      vertex 68.56 14.82 3
      vertex 88.3327 4.66835 3
    endloop
  endfacet
  facet normal 0 0 1
    outer loop
      vertex 88.3327 4.66835 3
      vertex 68.56 14.82 3
      vertex 88.3732 4.50652 3
    endloop
  endfacet
  facet normal 0 0 1
    outer loop
      vertex 88.3732 4.50652 3
      vertex 68.56 14.82 3
      vertex 88.4294 4.34944 3
    endloop
  endfacet
  facet normal 0 0 1
    outer loop
      vertex 88.4294 4.34944 3
      vertex 68.56 14.82 3
      vertex 88.5007 4.19862 3
    endloop
  endfacet
  facet normal 0 0 1
    outer loop
      vertex 68.56 14.82 3
      vertex 88.5865 4.05553 3
      vertex 88.5007 4.19862 3
    endloop
  endfacet
  facet normal 0 0 1
    outer loop
      vertex 48.9135 4.05553 3
      vertex 88.5865 4.05553 3
      vertex 68.56 14.82 3
    endloop
  endfacet
  facet normal 0 0 1
    outer loop
      vertex 88.5865 4.05553 3
      vertex 48.9135 4.05553 3
      vertex 88.6859 3.92153 3
    endloop
  endfacet
  facet normal 0 0 1
    outer loop
      vertex 48.8141 3.92153 3
      vertex 88.6859 3.92153 3
      vertex 48.9135 4.05553 3
    endloop
  endfacet
  facet normal 0 0 1
    outer loop
      vertex 68.56 47.87 3
      vertex 63.51 52.92 3
      vertex 63.51 47.87 3
    endloop
  endfacet
  facet normal 0 0 1
    outer loop
      vertex 68.56 33.87 3
      vertex 63.51 33.87 3
      vertex 68.56 28.82 3
    endloop
  endfacet
  facet normal 0 0 1
    outer loop
      vertex 63.51 28.82 3
      vertex 68.56 28.82 3
      vertex 63.51 33.87 3
    endloop
  endfacet
  facet normal 0 0 1
    outer loop
      vertex 68.56 28.82 3
      vertex 63.51 28.82 3
      vertex 68.56 14.82 3
    endloop
  endfacet
  facet normal 0 0 1
    outer loop
      vertex 63.51 14.82 3
      vertex 68.56 14.82 3
      vertex 63.51 28.82 3
    endloop
  endfacet
  facet normal 0 0 1
    outer loop
      vertex 48.9993 4.19862 3
      vertex 68.56 14.82 3
      vertex 63.51 14.82 3
    endloop
  endfacet
  facet normal 0 0 1
    outer loop
      vertex 49.2 5 3
      vertex 63.51 14.82 3
      vertex 49.51 14.82 3
    endloop
  endfacet
  facet normal 0 0 1
    outer loop
      vertex 49.1918 4.83337 3
      vertex 63.51 14.82 3
      vertex 49.2 5 3
    endloop
  endfacet
  facet normal 0 0 1
    outer loop
      vertex 49.1673 4.66835 3
      vertex 63.51 14.82 3
      vertex 49.1918 4.83337 3
    endloop
  endfacet
  facet normal 0 0 1
    outer loop
      vertex 49.1268 4.50652 3
      vertex 63.51 14.82 3
      vertex 49.1673 4.66835 3
    endloop
  endfacet
  facet normal 0 0 1
    outer loop
      vertex 49.0706 4.34944 3
      vertex 63.51 14.82 3
      vertex 49.1268 4.50652 3
    endloop
  endfacet
  facet normal 0 0 1
    outer loop
      vertex 48.9993 4.19862 3
      vertex 63.51 14.82 3
      vertex 49.0706 4.34944 3
    endloop
  endfacet
  facet normal 0 0 1
    outer loop
      vertex 68.56 14.82 3
      vertex 48.9993 4.19862 3
      vertex 48.9135 4.05553 3
    endloop
  endfacet
  facet normal 0 0 1
    outer loop
      vertex 88.6859 3.92153 3
      vertex 48.8141 3.92153 3
      vertex 88.7979 3.79792 3
    endloop
  endfacet
  facet normal 0 0 1
    outer loop
      vertex 48.7021 3.79792 3
      vertex 88.7979 3.79792 3
      vertex 48.8141 3.92153 3
    endloop
  endfacet
  facet normal 0 0 1
    outer loop
      vertex 48.5785 3.68588 3
      vertex 88.7979 3.79792 3
      vertex 48.7021 3.79792 3
    endloop
  endfacet
  facet normal 0 0 1
    outer loop
      vertex 88.9215 3.68588 3
      vertex 48.5785 3.68588 3
      vertex 94.7 -2.7 3
    endloop
  endfacet
  facet normal -0 0 1
    outer loop
      vertex 48.4445 3.5865 3
      vertex 94.7 -2.7 3
      vertex 48.5785 3.68588 3
    endloop
  endfacet
  facet normal -0 0 1
    outer loop
      vertex 48.3014 3.50073 3
      vertex 94.7 -2.7 3
      vertex 48.4445 3.5865 3
    endloop
  endfacet
  facet normal -0 0 1
    outer loop
      vertex 48.1506 3.4294 3
      vertex 94.7 -2.7 3
      vertex 48.3014 3.50073 3
    endloop
  endfacet
  facet normal -0 0 1
    outer loop
      vertex 47.9935 3.3732 3
      vertex 94.7 -2.7 3
      vertex 48.1506 3.4294 3
    endloop
  endfacet
  facet normal -0 0 1
    outer loop
      vertex 47.8317 3.33266 3
      vertex 94.7 -2.7 3
      vertex 47.9935 3.3732 3
    endloop
  endfacet
  facet normal -0 0 1
    outer loop
      vertex 47.6666 3.30819 3
      vertex 94.7 -2.7 3
      vertex 47.8317 3.33266 3
    endloop
  endfacet
  facet normal -0 0 1
    outer loop
      vertex 47.5 3.3 3
      vertex 94.7 -2.7 3
      vertex 47.6666 3.30819 3
    endloop
  endfacet
  facet normal 0 0 1
    outer loop
      vertex 0.299999 -2.7 3
      vertex 47.5 3.3 3
      vertex 47.3334 3.30819 3
    endloop
  endfacet
  facet normal 0 0 1
    outer loop
      vertex 49.51 47.87 3
      vertex 44.46 52.92 3
      vertex 44.46 47.87 3
    endloop
  endfacet
  facet normal -0 0 1
    outer loop
      vertex 30.46 14.82 3
      vertex 45.9294 5.65056 3
      vertex 44.46 14.82 3
    endloop
  endfacet
  facet normal 0 0 1
    outer loop
      vertex 45.9294 5.65056 3
      vertex 30.46 14.82 3
      vertex 45.8732 5.49348 3
    endloop
  endfacet
  facet normal 0 0 1
    outer loop
      vertex 45.8732 5.49348 3
      vertex 30.46 14.82 3
      vertex 45.8327 5.33165 3
    endloop
  endfacet
  facet normal 0 0 1
    outer loop
      vertex 45.8327 5.33165 3
      vertex 30.46 14.82 3
      vertex 45.8082 5.16663 3
    endloop
  endfacet
  facet normal 0 0 1
    outer loop
      vertex 45.8082 5.16663 3
      vertex 30.46 14.82 3
      vertex 45.8 5 3
    endloop
  endfacet
  facet normal 0 0 1
    outer loop
      vertex 45.8 5 3
      vertex 30.46 14.82 3
      vertex 45.8082 4.83337 3
    endloop
  endfacet
  facet normal 0 0 1
    outer loop
      vertex 30.46 14.82 3
      vertex 45.8327 4.66835 3
      vertex 45.8082 4.83337 3
    endloop
  endfacet
  facet normal 0 0 1
    outer loop
      vertex 30.46 14.82 3
      vertex 45.8732 4.50652 3
      vertex 45.8327 4.66835 3
    endloop
  endfacet
  facet normal 0 0 1
    outer loop
      vertex 30.46 14.82 3
      vertex 45.9294 4.34944 3
      vertex 45.8732 4.50652 3
    endloop
  endfacet
  facet normal 0 0 1
    outer loop
      vertex 30.46 14.82 3
      vertex 46.0007 4.19862 3
      vertex 45.9294 4.34944 3
    endloop
  endfacet
  facet normal 0 0 1
    outer loop
      vertex 30.46 14.82 3
      vertex 46.0865 4.05553 3
      vertex 46.0007 4.19862 3
    endloop
  endfacet
  facet normal 0 0 1
    outer loop
      vertex 6.4135 4.05553 3
      vertex 46.0865 4.05553 3
      vertex 30.46 14.82 3
    endloop
  endfacet
  facet normal 0 0 1
    outer loop
      vertex 46.0865 4.05553 3
      vertex 6.4135 4.05553 3
      vertex 46.1859 3.92153 3
    endloop
  endfacet
  facet normal 0 0 1
    outer loop
      vertex 6.31412 3.92153 3
      vertex 46.1859 3.92153 3
      vertex 6.4135 4.05553 3
    endloop
  endfacet
  facet normal 0 0 1
    outer loop
      vertex 46.1859 3.92153 3
      vertex 6.31412 3.92153 3
      vertex 46.2979 3.79792 3
    endloop
  endfacet
  facet normal 0 0 1
    outer loop
      vertex 30.46 28.82 3
      vertex 6.7 5 3
      vertex 30.46 14.82 3
    endloop
  endfacet
  facet normal 0 0 1
    outer loop
      vertex 6.69181 4.83337 3
      vertex 30.46 14.82 3
      vertex 6.7 5 3
    endloop
  endfacet
  facet normal 0 0 1
    outer loop
      vertex 6.66733 4.66835 3
      vertex 30.46 14.82 3
      vertex 6.69181 4.83337 3
    endloop
  endfacet
  facet normal 0 0 1
    outer loop
      vertex 6.6268 4.50652 3
      vertex 30.46 14.82 3
      vertex 6.66733 4.66835 3
    endloop
  endfacet
  facet normal 0 0 1
    outer loop
      vertex 6.57059 4.34944 3
      vertex 30.46 14.82 3
      vertex 6.6268 4.50652 3
    endloop
  endfacet
  facet normal 0 0 1
    outer loop
      vertex 6.49927 4.19862 3
      vertex 30.46 14.82 3
      vertex 6.57059 4.34944 3
    endloop
  endfacet
  facet normal 0 0 1
    outer loop
      vertex 6.4135 4.05553 3
      vertex 30.46 14.82 3
      vertex 6.49927 4.19862 3
    endloop
  endfacet
  facet normal 0 0 1
    outer loop
      vertex 6.20208 3.79792 3
      vertex 46.2979 3.79792 3
      vertex 6.31412 3.92153 3
    endloop
  endfacet
  facet normal 0 0 1
    outer loop
      vertex 46.2979 3.79792 3
      vertex 6.20208 3.79792 3
      vertex 46.4215 3.68588 3
    endloop
  endfacet
  facet normal 0 0 1
    outer loop
      vertex 6.07847 3.68588 3
      vertex 46.4215 3.68588 3
      vertex 6.20208 3.79792 3
    endloop
  endfacet
  facet normal 0 0 1
    outer loop
      vertex 0.299999 -2.7 3
      vertex 46.4215 3.68588 3
      vertex 6.07847 3.68588 3
    endloop
  endfacet
  facet normal 0 0 1
    outer loop
      vertex 46.4215 3.68588 3
      vertex 0.299999 -2.7 3
      vertex 46.5555 3.5865 3
    endloop
  endfacet
  facet normal 0 0 1
    outer loop
      vertex 46.5555 3.5865 3
      vertex 0.299999 -2.7 3
      vertex 46.6986 3.50073 3
    endloop
  endfacet
  facet normal 0 0 1
    outer loop
      vertex 46.6986 3.50073 3
      vertex 0.299999 -2.7 3
      vertex 46.8494 3.4294 3
    endloop
  endfacet
  facet normal 0 0 1
    outer loop
      vertex 46.8494 3.4294 3
      vertex 0.299999 -2.7 3
      vertex 47.0065 3.3732 3
    endloop
  endfacet
  facet normal 0 0 1
    outer loop
      vertex 47.0065 3.3732 3
      vertex 0.299999 -2.7 3
      vertex 47.1683 3.33266 3
    endloop
  endfacet
  facet normal 0 0 1
    outer loop
      vertex 47.1683 3.33266 3
      vertex 0.299999 -2.7 3
      vertex 47.3334 3.30819 3
    endloop
  endfacet
  facet normal 0 0 1
    outer loop
      vertex 0.299999 -2.7 3
      vertex 6.07847 3.68588 3
      vertex 5.94447 3.5865 3
    endloop
  endfacet
  facet normal 0 0 1
    outer loop
      vertex 0.299999 -2.7 3
      vertex 5.94447 3.5865 3
      vertex 5.80137 3.50073 3
    endloop
  endfacet
  facet normal 0 0 1
    outer loop
      vertex 0.299999 -2.7 3
      vertex 5.80137 3.50073 3
      vertex 5.65056 3.4294 3
    endloop
  endfacet
  facet normal 0 0 1
    outer loop
      vertex 0.299999 -2.7 3
      vertex 5.65056 3.4294 3
      vertex 5.49348 3.3732 3
    endloop
  endfacet
  facet normal 0 0 1
    outer loop
      vertex 0.299999 -2.7 3
      vertex 5.49348 3.3732 3
      vertex 5.33165 3.33266 3
    endloop
  endfacet
  facet normal 0 0 1
    outer loop
      vertex 0.299999 -2.7 3
      vertex 5.33165 3.33266 3
      vertex 5.16663 3.30819 3
    endloop
  endfacet
  facet normal 0 0 1
    outer loop
      vertex 0.299999 -2.7 3
      vertex 5.16663 3.30819 3
      vertex 5 3.3 3
    endloop
  endfacet
  facet normal 0 0 1
    outer loop
      vertex 0.299999 -2.7 3
      vertex 5 3.3 3
      vertex 4.83337 3.30819 3
    endloop
  endfacet
  facet normal 0 0 1
    outer loop
      vertex 47.5 3.3 3
      vertex 0.299999 -2.7 3
      vertex 94.7 -2.7 3
    endloop
  endfacet
  facet normal 0 0 1
    outer loop
      vertex 4.66835 3.33266 3
      vertex 0.299999 -2.7 3
      vertex 4.83337 3.30819 3
    endloop
  endfacet
  facet normal 0 0 1
    outer loop
      vertex 4.50652 3.3732 3
      vertex 0.299999 -2.7 3
      vertex 4.66835 3.33266 3
    endloop
  endfacet
  facet normal 0 0 1
    outer loop
      vertex 4.34944 3.4294 3
      vertex 0.299999 -2.7 3
      vertex 4.50652 3.3732 3
    endloop
  endfacet
  facet normal 0 0 1
    outer loop
      vertex 4.19862 3.50073 3
      vertex 0.299999 -2.7 3
      vertex 4.34944 3.4294 3
    endloop
  endfacet
  facet normal 0 0 1
    outer loop
      vertex 4.05553 3.5865 3
      vertex 0.299999 -2.7 3
      vertex 4.19862 3.50073 3
    endloop
  endfacet
  facet normal 0 0 1
    outer loop
      vertex 3.92153 3.68588 3
      vertex 0.299999 -2.7 3
      vertex 4.05553 3.5865 3
    endloop
  endfacet
  facet normal 0 0 1
    outer loop
      vertex 3.79792 3.79792 3
      vertex 0.299999 -2.7 3
      vertex 3.92153 3.68588 3
    endloop
  endfacet
  facet normal 0 0 1
    outer loop
      vertex -2.7 0.299999 3
      vertex 3.79792 3.79792 3
      vertex 3.68588 3.92153 3
    endloop
  endfacet
  facet normal 0 0 1
    outer loop
      vertex -2.7 0.299999 3
      vertex 3.68588 3.92153 3
      vertex 3.5865 4.05553 3
    endloop
  endfacet
  facet normal 0 0 1
    outer loop
      vertex -2.7 0.299999 3
      vertex 3.5865 4.05553 3
      vertex 3.50073 4.19862 3
    endloop
  endfacet
  facet normal 0 0 1
    outer loop
      vertex -2.7 0.299999 3
      vertex 3.50073 4.19862 3
      vertex 3.4294 4.34944 3
    endloop
  endfacet
  facet normal 0 0 1
    outer loop
      vertex -2.7 0.299999 3
      vertex 3.4294 4.34944 3
      vertex 3.3732 4.50652 3
    endloop
  endfacet
  facet normal 0 0 1
    outer loop
      vertex -2.7 0.299999 3
      vertex 3.3732 4.50652 3
      vertex 3.33266 4.66835 3
    endloop
  endfacet
  facet normal 0 0 1
    outer loop
      vertex -2.7 0.299999 3
      vertex 3.33266 4.66835 3
      vertex 3.30819 4.83337 3
    endloop
  endfacet
  facet normal 0 0 1
    outer loop
      vertex -2.7 0.299999 3
      vertex 3.30819 4.83337 3
      vertex 3.3 5 3
    endloop
  endfacet
  facet normal 0 0 1
    outer loop
      vertex 3.33266 5.33165 3
      vertex -2.7 0.299999 3
      vertex 3.30819 5.16663 3
    endloop
  endfacet
  facet normal 0 0 1
    outer loop
      vertex -2.7 94.7 3
      vertex 0.299999 97.7 3
      vertex 0.00594711 97.6855 3
    endloop
  endfacet
  facet normal 0 0 1
    outer loop
      vertex 3.30819 5.16663 3
      vertex -2.7 0.299999 3
      vertex 3.3 5 3
    endloop
  endfacet
  facet normal 0 0 1
    outer loop
      vertex -2.7 94.7 3
      vertex 0.00594711 97.6855 3
      vertex -0.285266 97.6423 3
    endloop
  endfacet
  facet normal 0 0 1
    outer loop
      vertex 3.79792 3.79792 3
      vertex -2.7 0.299999 3
      vertex 0.299999 -2.7 3
    endloop
  endfacet
  facet normal 0 0 1
    outer loop
      vertex -2.7 94.7 3
      vertex -0.285266 97.6423 3
      vertex -0.570849 97.5708 3
    endloop
  endfacet
  facet normal 0 0 1
    outer loop
      vertex 0.299999 -2.7 3
      vertex -2.7 0.299999 3
      vertex 0.00594711 -2.68555 3
    endloop
  endfacet
  facet normal 0 0 1
    outer loop
      vertex -2.7 94.7 3
      vertex -0.570849 97.5708 3
      vertex -0.848056 97.4716 3
    endloop
  endfacet
  facet normal 0 0 1
    outer loop
      vertex 0.00594711 -2.68555 3
      vertex -2.7 0.299999 3
      vertex -0.285266 -2.64235 3
    endloop
  endfacet
  facet normal 0 0 1
    outer loop
      vertex -2.7 94.7 3
      vertex -0.848056 97.4716 3
      vertex -1.11418 97.3458 3
    endloop
  endfacet
  facet normal 0 0 1
    outer loop
      vertex -0.285266 -2.64235 3
      vertex -2.7 0.299999 3
      vertex -0.570849 -2.57082 3
    endloop
  endfacet
  facet normal 0 0 1
    outer loop
      vertex -2.7 94.7 3
      vertex -1.11418 97.3458 3
      vertex -1.36672 97.1944 3
    endloop
  endfacet
  facet normal 0 0 1
    outer loop
      vertex -0.570849 -2.57082 3
      vertex -2.7 0.299999 3
      vertex -0.848056 -2.47164 3
    endloop
  endfacet
  facet normal 0 0 1
    outer loop
      vertex -2.7 94.7 3
      vertex -1.36672 97.1944 3
      vertex -1.60318 97.019 3
    endloop
  endfacet
  facet normal 0 0 1
    outer loop
      vertex -0.848056 -2.47164 3
      vertex -2.7 0.299999 3
      vertex -1.11418 -2.34577 3
    endloop
  endfacet
  facet normal 0 0 1
    outer loop
      vertex -2.7 94.7 3
      vertex -1.60318 97.019 3
      vertex -1.82132 96.8213 3
    endloop
  endfacet
  facet normal 0 0 1
    outer loop
      vertex -1.11418 -2.34577 3
      vertex -2.7 0.299999 3
      vertex -1.36672 -2.19442 3
    endloop
  endfacet
  facet normal 0 0 1
    outer loop
      vertex -2.7 94.7 3
      vertex -1.82132 96.8213 3
      vertex -2.01903 96.6032 3
    endloop
  endfacet
  facet normal 0 0 1
    outer loop
      vertex -1.36672 -2.19442 3
      vertex -2.7 0.299999 3
      vertex -1.60318 -2.01903 3
    endloop
  endfacet
  facet normal 0 0 1
    outer loop
      vertex -2.7 94.7 3
      vertex -2.01903 96.6032 3
      vertex -2.19442 96.3667 3
    endloop
  endfacet
  facet normal 0 0 1
    outer loop
      vertex -1.60318 -2.01903 3
      vertex -2.7 0.299999 3
      vertex -1.82132 -1.82132 3
    endloop
  endfacet
  facet normal 0 0 1
    outer loop
      vertex -2.7 94.7 3
      vertex -2.19442 96.3667 3
      vertex -2.34577 96.1142 3
    endloop
  endfacet
  facet normal 0 0 1
    outer loop
      vertex -1.82132 -1.82132 3
      vertex -2.7 0.299999 3
      vertex -2.01903 -1.60318 3
    endloop
  endfacet
  facet normal 0 0 1
    outer loop
      vertex -2.7 94.7 3
      vertex -2.34577 96.1142 3
      vertex -2.47164 95.8481 3
    endloop
  endfacet
  facet normal 0 0 1
    outer loop
      vertex -2.01903 -1.60318 3
      vertex -2.7 0.299999 3
      vertex -2.19442 -1.36672 3
    endloop
  endfacet
  facet normal 0 0 1
    outer loop
      vertex -2.7 94.7 3
      vertex -2.47164 95.8481 3
      vertex -2.57082 95.5708 3
    endloop
  endfacet
  facet normal 0 0 1
    outer loop
      vertex -2.19442 -1.36672 3
      vertex -2.7 0.299999 3
      vertex -2.34577 -1.11418 3
    endloop
  endfacet
  facet normal 0 0 1
    outer loop
      vertex -2.7 94.7 3
      vertex -2.57082 95.5708 3
      vertex -2.64235 95.2853 3
    endloop
  endfacet
  facet normal 0 0 1
    outer loop
      vertex -2.34577 -1.11418 3
      vertex -2.7 0.299999 3
      vertex -2.47164 -0.848056 3
    endloop
  endfacet
  facet normal 0 0 1
    outer loop
      vertex -2.7 94.7 3
      vertex -2.64235 95.2853 3
      vertex -2.68555 94.994 3
    endloop
  endfacet
  facet normal 0 0 1
    outer loop
      vertex -2.47164 -0.848056 3
      vertex -2.7 0.299999 3
      vertex -2.57082 -0.570849 3
    endloop
  endfacet
  facet normal 0 0 1
    outer loop
      vertex -2.57082 -0.570849 3
      vertex -2.7 0.299999 3
      vertex -2.64235 -0.285266 3
    endloop
  endfacet
  facet normal 0 0 1
    outer loop
      vertex -2.64235 -0.285266 3
      vertex -2.7 0.299999 3
      vertex -2.68555 0.00594711 3
    endloop
  endfacet
  facet normal 0 0 1
    outer loop
      vertex 46.32 74.52 3
      vertex 40.9807 79.1079 3
      vertex 40.9231 78.7196 3
    endloop
  endfacet
  facet normal -0 0 1
    outer loop
      vertex 40.8278 78.3389 3
      vertex 46.32 74.52 3
      vertex 40.9231 78.7196 3
    endloop
  endfacet
  facet normal -0 0 1
    outer loop
      vertex 40.6955 77.9693 3
      vertex 46.32 74.52 3
      vertex 40.8278 78.3389 3
    endloop
  endfacet
  facet normal -0 0 1
    outer loop
      vertex 40.5277 77.6144 3
      vertex 46.32 74.52 3
      vertex 40.6955 77.9693 3
    endloop
  endfacet
  facet normal -0 0 1
    outer loop
      vertex 40.3259 77.2777 3
      vertex 46.32 74.52 3
      vertex 40.5277 77.6144 3
    endloop
  endfacet
  facet normal -0 0 1
    outer loop
      vertex 40.092 76.9624 3
      vertex 46.32 74.52 3
      vertex 40.3259 77.2777 3
    endloop
  endfacet
  facet normal -0 0 1
    outer loop
      vertex 39.8284 76.6716 3
      vertex 46.32 74.52 3
      vertex 40.092 76.9624 3
    endloop
  endfacet
  facet normal -0 0 1
    outer loop
      vertex 39.5376 76.408 3
      vertex 46.32 74.52 3
      vertex 39.8284 76.6716 3
    endloop
  endfacet
  facet normal -0 0 1
    outer loop
      vertex 39.2223 76.1741 3
      vertex 46.32 74.52 3
      vertex 39.5376 76.408 3
    endloop
  endfacet
  facet normal 0 0 1
    outer loop
      vertex 46.32 74.52 3
      vertex 39.2223 76.1741 3
      vertex 44.46 66.92 3
    endloop
  endfacet
  facet normal -0 0 1
    outer loop
      vertex 38.8856 75.9723 3
      vertex 44.46 66.92 3
      vertex 39.2223 76.1741 3
    endloop
  endfacet
  facet normal -0 0 1
    outer loop
      vertex 38.5307 75.8045 3
      vertex 44.46 66.92 3
      vertex 38.8856 75.9723 3
    endloop
  endfacet
  facet normal -0 0 1
    outer loop
      vertex 38.1611 75.6722 3
      vertex 44.46 66.92 3
      vertex 38.5307 75.8045 3
    endloop
  endfacet
  facet normal -0 0 1
    outer loop
      vertex 37.7804 75.5769 3
      vertex 44.46 66.92 3
      vertex 38.1611 75.6722 3
    endloop
  endfacet
  facet normal -0 0 1
    outer loop
      vertex 37.3921 75.5193 3
      vertex 44.46 66.92 3
      vertex 37.7804 75.5769 3
    endloop
  endfacet
  facet normal -0 0 1
    outer loop
      vertex 37 75.5 3
      vertex 44.46 66.92 3
      vertex 37.3921 75.5193 3
    endloop
  endfacet
  facet normal 0 0 1
    outer loop
      vertex 30.46 66.92 3
      vertex 37 75.5 3
      vertex 36.6079 75.5193 3
    endloop
  endfacet
  facet normal 0 0 1
    outer loop
      vertex 30.46 66.92 3
      vertex 36.6079 75.5193 3
      vertex 36.2196 75.5769 3
    endloop
  endfacet
  facet normal 0 0 1
    outer loop
      vertex 30.46 66.92 3
      vertex 36.2196 75.5769 3
      vertex 35.8389 75.6722 3
    endloop
  endfacet
  facet normal 0 0 1
    outer loop
      vertex 30.46 66.92 3
      vertex 35.8389 75.6722 3
      vertex 35.4693 75.8045 3
    endloop
  endfacet
  facet normal 0 0 1
    outer loop
      vertex 30.46 66.92 3
      vertex 35.4693 75.8045 3
      vertex 35.1144 75.9723 3
    endloop
  endfacet
  facet normal 0 0 1
    outer loop
      vertex 30.46 66.92 3
      vertex 35.1144 75.9723 3
      vertex 34.7777 76.1741 3
    endloop
  endfacet
  facet normal 0 0 1
    outer loop
      vertex 30.46 66.92 3
      vertex 34.7777 76.1741 3
      vertex 34.4624 76.408 3
    endloop
  endfacet
  facet normal 0 0 1
    outer loop
      vertex 30.46 66.92 3
      vertex 34.4624 76.408 3
      vertex 34.1716 76.6716 3
    endloop
  endfacet
  facet normal 0 0 1
    outer loop
      vertex 37 75.5 3
      vertex 30.46 66.92 3
      vertex 44.46 66.92 3
    endloop
  endfacet
  facet normal 0 0 1
    outer loop
      vertex 33.908 76.9624 3
      vertex 30.46 66.92 3
      vertex 34.1716 76.6716 3
    endloop
  endfacet
  facet normal 0 0 1
    outer loop
      vertex 33.6741 77.2777 3
      vertex 30.46 66.92 3
      vertex 33.908 76.9624 3
    endloop
  endfacet
  facet normal 0 0 1
    outer loop
      vertex 33.4723 77.6144 3
      vertex 30.46 66.92 3
      vertex 33.6741 77.2777 3
    endloop
  endfacet
  facet normal 0 0 1
    outer loop
      vertex 33.3045 77.9693 3
      vertex 30.46 66.92 3
      vertex 33.4723 77.6144 3
    endloop
  endfacet
  facet normal 0 0 1
    outer loop
      vertex 33.1722 78.3389 3
      vertex 30.46 66.92 3
      vertex 33.3045 77.9693 3
    endloop
  endfacet
  facet normal 0 0 1
    outer loop
      vertex 33.0769 78.7196 3
      vertex 30.46 66.92 3
      vertex 33.1722 78.3389 3
    endloop
  endfacet
  facet normal -0 0 1
    outer loop
      vertex 6.49927 89.1986 3
      vertex 33.0769 80.2804 3
      vertex 6.57059 89.3494 3
    endloop
  endfacet
  facet normal 0 0 1
    outer loop
      vertex 33.1722 80.6611 3
      vertex 6.57059 89.3494 3
      vertex 33.0769 80.2804 3
    endloop
  endfacet
  facet normal 0.904063 0.4274 0
    outer loop
      vertex 97.4716 95.8481 3
      vertex 97.3458 96.1142 0
      vertex 97.3458 96.1142 3
    endloop
  endfacet
  facet normal 0.904063 0.4274 0
    outer loop
      vertex 97.3458 96.1142 0
      vertex 97.4716 95.8481 3
      vertex 97.4716 95.8481 0
    endloop
  endfacet
  facet normal -0.941587 0.336771 0
    outer loop
      vertex -2.57082 95.5708 0
      vertex -2.47164 95.8481 3
      vertex -2.47164 95.8481 0
    endloop
  endfacet
  facet normal -0.941587 0.336771 0
    outer loop
      vertex -2.47164 95.8481 3
      vertex -2.57082 95.5708 0
      vertex -2.57082 95.5708 3
    endloop
  endfacet
  facet normal -0.146739 0.989175 0
    outer loop
      vertex 0.00594711 97.6855 0
      vertex -0.285266 97.6423 3
      vertex 0.00594711 97.6855 3
    endloop
  endfacet
  facet normal -0.146739 0.989175 0
    outer loop
      vertex -0.285266 97.6423 3
      vertex 0.00594711 97.6855 0
      vertex -0.285266 97.6423 0
    endloop
  endfacet
  facet normal -0.0492512 0.998786 0
    outer loop
      vertex 0.299999 97.7 0
      vertex 0.00594711 97.6855 3
      vertex 0.299999 97.7 3
    endloop
  endfacet
  facet normal -0.0492512 0.998786 0
    outer loop
      vertex 0.00594711 97.6855 3
      vertex 0.299999 97.7 0
      vertex 0.00594711 97.6855 0
    endloop
  endfacet
  facet normal 0.671625 -0.740891 0
    outer loop
      vertex 96.6032 -2.01903 0
      vertex 96.8213 -1.82132 3
      vertex 96.6032 -2.01903 3
    endloop
  endfacet
  facet normal 0.671625 -0.740891 0
    outer loop
      vertex 96.8213 -1.82132 3
      vertex 96.6032 -2.01903 0
      vertex 96.8213 -1.82132 0
    endloop
  endfacet
  facet normal -0.903971 0.427594 0
    outer loop
      vertex -2.47164 95.8481 0
      vertex -2.34577 96.1142 3
      vertex -2.34577 96.1142 0
    endloop
  endfacet
  facet normal -0.903971 0.427594 0
    outer loop
      vertex -2.34577 96.1142 3
      vertex -2.47164 95.8481 0
      vertex -2.47164 95.8481 3
    endloop
  endfacet
  facet normal 0.989175 -0.146739 0
    outer loop
      vertex 97.6423 -0.285266 3
      vertex 97.6855 0.00594711 0
      vertex 97.6855 0.00594711 3
    endloop
  endfacet
  facet normal 0.989175 -0.146739 0
    outer loop
      vertex 97.6855 0.00594711 0
      vertex 97.6423 -0.285266 3
      vertex 97.6423 -0.285266 0
    endloop
  endfacet
  facet normal -0.803224 0.595677 0
    outer loop
      vertex -2.19442 96.3667 0
      vertex -2.01903 96.6032 3
      vertex -2.01903 96.6032 0
    endloop
  endfacet
  facet normal -0.803224 0.595677 0
    outer loop
      vertex -2.01903 96.6032 3
      vertex -2.19442 96.3667 0
      vertex -2.19442 96.3667 3
    endloop
  endfacet
  facet normal -0.740891 0.671625 0
    outer loop
      vertex -2.01903 96.6032 0
      vertex -1.82132 96.8213 3
      vertex -1.82132 96.8213 0
    endloop
  endfacet
  facet normal -0.740891 0.671625 0
    outer loop
      vertex -1.82132 96.8213 3
      vertex -2.01903 96.6032 0
      vertex -2.01903 96.6032 3
    endloop
  endfacet
  facet normal -0.998795 -0.0490818 0
    outer loop
      vertex -2.68555 0.00594711 0
      vertex -2.7 0.299999 3
      vertex -2.7 0.299999 0
    endloop
  endfacet
  facet normal -0.998795 -0.0490818 0
    outer loop
      vertex -2.7 0.299999 3
      vertex -2.68555 0.00594711 0
      vertex -2.68555 0.00594711 3
    endloop
  endfacet
  facet normal 0.970042 0.242935 0
    outer loop
      vertex 97.6423 95.2853 3
      vertex 97.5708 95.5708 0
      vertex 97.5708 95.5708 3
    endloop
  endfacet
  facet normal 0.970042 0.242935 0
    outer loop
      vertex 97.5708 95.5708 0
      vertex 97.6423 95.2853 3
      vertex 97.6423 95.2853 0
    endloop
  endfacet
  facet normal 0.803208 0.595699 0
    outer loop
      vertex 97.1944 96.3667 3
      vertex 97.019 96.6032 0
      vertex 97.019 96.6032 3
    endloop
  endfacet
  facet normal 0.803208 0.595699 0
    outer loop
      vertex 97.019 96.6032 0
      vertex 97.1944 96.3667 3
      vertex 97.1944 96.3667 0
    endloop
  endfacet
  facet normal -0.989175 -0.146739 0
    outer loop
      vertex -2.64235 -0.285266 0
      vertex -2.68555 0.00594711 3
      vertex -2.68555 0.00594711 0
    endloop
  endfacet
  facet normal -0.989175 -0.146739 0
    outer loop
      vertex -2.68555 0.00594711 3
      vertex -2.64235 -0.285266 0
      vertex -2.64235 -0.285266 3
    endloop
  endfacet
  facet normal 0.857643 0.514246 0
    outer loop
      vertex 97.3458 96.1142 3
      vertex 97.1944 96.3667 0
      vertex 97.1944 96.3667 3
    endloop
  endfacet
  facet normal 0.857643 0.514246 0
    outer loop
      vertex 97.1944 96.3667 0
      vertex 97.3458 96.1142 3
      vertex 97.3458 96.1142 0
    endloop
  endfacet
  facet normal -0.803176 -0.595742 0
    outer loop
      vertex -2.01903 -1.60318 0
      vertex -2.19442 -1.36672 3
      vertex -2.19442 -1.36672 0
    endloop
  endfacet
  facet normal -0.803176 -0.595742 0
    outer loop
      vertex -2.19442 -1.36672 3
      vertex -2.01903 -1.60318 0
      vertex -2.01903 -1.60318 3
    endloop
  endfacet
  facet normal -0.998794 0.0490904 0
    outer loop
      vertex -2.7 94.7 0
      vertex -2.68555 94.994 3
      vertex -2.68555 94.994 0
    endloop
  endfacet
  facet normal -0.998794 0.0490904 0
    outer loop
      vertex -2.68555 94.994 3
      vertex -2.7 94.7 0
      vertex -2.7 94.7 3
    endloop
  endfacet
  facet normal 0.595794 0.803137 -0
    outer loop
      vertex 34.7777 76.1741 0
      vertex 34.4624 76.408 3
      vertex 34.7777 76.1741 3
    endloop
  endfacet
  facet normal 0.595794 0.803137 0
    outer loop
      vertex 34.4624 76.408 3
      vertex 34.7777 76.1741 0
      vertex 34.4624 76.408 0
    endloop
  endfacet
  facet normal -0.998791 -0.0491626 0
    outer loop
      vertex 41 79.5 0
      vertex 40.9807 79.8921 3
      vertex 40.9807 79.8921 0
    endloop
  endfacet
  facet normal -0.998791 -0.0491626 0
    outer loop
      vertex 40.9807 79.8921 3
      vertex 41 79.5 0
      vertex 41 79.5 3
    endloop
  endfacet
  facet normal 0.514084 0.85774 -0
    outer loop
      vertex 35.1144 75.9723 0
      vertex 34.7777 76.1741 3
      vertex 35.1144 75.9723 3
    endloop
  endfacet
  facet normal 0.514084 0.85774 0
    outer loop
      vertex 34.7777 76.1741 3
      vertex 35.1144 75.9723 0
      vertex 34.7777 76.1741 0
    endloop
  endfacet
  facet normal 0.803137 0.595794 0
    outer loop
      vertex 33.908 76.9624 3
      vertex 33.6741 77.2777 0
      vertex 33.6741 77.2777 3
    endloop
  endfacet
  facet normal 0.803137 0.595794 0
    outer loop
      vertex 33.6741 77.2777 0
      vertex 33.908 76.9624 3
      vertex 33.908 76.9624 0
    endloop
  endfacet
  facet normal -0.989176 -0.146733 0
    outer loop
      vertex 40.9807 79.8921 0
      vertex 40.9231 80.2804 3
      vertex 40.9231 80.2804 0
    endloop
  endfacet
  facet normal -0.989176 -0.146733 0
    outer loop
      vertex 40.9231 80.2804 3
      vertex 40.9807 79.8921 0
      vertex 40.9807 79.8921 3
    endloop
  endfacet
  facet normal 0.970068 0.242835 0
    outer loop
      vertex 33.1722 78.3389 3
      vertex 33.0769 78.7196 0
      vertex 33.0769 78.7196 3
    endloop
  endfacet
  facet normal 0.970068 0.242835 0
    outer loop
      vertex 33.0769 78.7196 0
      vertex 33.1722 78.3389 3
      vertex 33.1722 78.3389 0
    endloop
  endfacet
  facet normal -0.42744 0.904044 0
    outer loop
      vertex 38.8856 75.9723 0
      vertex 38.5307 75.8045 3
      vertex 38.8856 75.9723 3
    endloop
  endfacet
  facet normal -0.42744 0.904044 0
    outer loop
      vertex 38.5307 75.8045 3
      vertex 38.8856 75.9723 0
      vertex 38.5307 75.8045 0
    endloop
  endfacet
  facet normal -0.514084 -0.85774 0
    outer loop
      vertex 38.8856 83.0277 0
      vertex 39.2223 82.8259 3
      vertex 38.8856 83.0277 3
    endloop
  endfacet
  facet normal -0.514084 -0.85774 -0
    outer loop
      vertex 39.2223 82.8259 3
      vertex 38.8856 83.0277 0
      vertex 39.2223 82.8259 0
    endloop
  endfacet
  facet normal 0.242835 -0.970068 0
    outer loop
      vertex 35.8389 83.3278 0
      vertex 36.2196 83.4231 3
      vertex 35.8389 83.3278 3
    endloop
  endfacet
  facet normal 0.242835 -0.970068 0
    outer loop
      vertex 36.2196 83.4231 3
      vertex 35.8389 83.3278 0
      vertex 36.2196 83.4231 0
    endloop
  endfacet
  facet normal 0.803137 -0.595794 0
    outer loop
      vertex 33.6741 81.7223 3
      vertex 33.908 82.0376 0
      vertex 33.908 82.0376 3
    endloop
  endfacet
  facet normal 0.803137 -0.595794 0
    outer loop
      vertex 33.908 82.0376 0
      vertex 33.6741 81.7223 3
      vertex 33.6741 81.7223 0
    endloop
  endfacet
  facet normal -0.904044 -0.42744 0
    outer loop
      vertex 40.6955 81.0307 0
      vertex 40.5277 81.3856 3
      vertex 40.5277 81.3856 0
    endloop
  endfacet
  facet normal -0.904044 -0.42744 0
    outer loop
      vertex 40.5277 81.3856 3
      vertex 40.6955 81.0307 0
      vertex 40.6955 81.0307 3
    endloop
  endfacet
  facet normal -0.970068 -0.242835 0
    outer loop
      vertex 40.9231 80.2804 0
      vertex 40.8278 80.6611 3
      vertex 40.8278 80.6611 0
    endloop
  endfacet
  facet normal -0.970068 -0.242835 0
    outer loop
      vertex 40.8278 80.6611 3
      vertex 40.9231 80.2804 0
      vertex 40.9231 80.2804 3
    endloop
  endfacet
  facet normal 0.146733 -0.989176 0
    outer loop
      vertex 36.2196 83.4231 0
      vertex 36.6079 83.4807 3
      vertex 36.2196 83.4231 3
    endloop
  endfacet
  facet normal 0.146733 -0.989176 0
    outer loop
      vertex 36.6079 83.4807 3
      vertex 36.2196 83.4231 0
      vertex 36.6079 83.4807 0
    endloop
  endfacet
  facet normal 0.998791 -0.0491626 0
    outer loop
      vertex 33 79.5 3
      vertex 33.0193 79.8921 0
      vertex 33.0193 79.8921 3
    endloop
  endfacet
  facet normal 0.998791 -0.0491626 0
    outer loop
      vertex 33.0193 79.8921 0
      vertex 33 79.5 3
      vertex 33 79.5 0
    endloop
  endfacet
  facet normal -0.595794 -0.803137 0
    outer loop
      vertex 39.2223 82.8259 0
      vertex 39.5376 82.592 3
      vertex 39.2223 82.8259 3
    endloop
  endfacet
  facet normal -0.595794 -0.803137 -0
    outer loop
      vertex 39.5376 82.592 3
      vertex 39.2223 82.8259 0
      vertex 39.5376 82.592 0
    endloop
  endfacet
  facet normal 0.9415 0.337014 0
    outer loop
      vertex 33.3045 77.9693 3
      vertex 33.1722 78.3389 0
      vertex 33.1722 78.3389 3
    endloop
  endfacet
  facet normal 0.9415 0.337014 0
    outer loop
      vertex 33.1722 78.3389 0
      vertex 33.3045 77.9693 3
      vertex 33.3045 77.9693 0
    endloop
  endfacet
  facet normal -0.42744 -0.904044 0
    outer loop
      vertex 38.5307 83.1955 0
      vertex 38.8856 83.0277 3
      vertex 38.5307 83.1955 3
    endloop
  endfacet
  facet normal -0.42744 -0.904044 -0
    outer loop
      vertex 38.8856 83.0277 3
      vertex 38.5307 83.1955 0
      vertex 38.8856 83.0277 0
    endloop
  endfacet
  facet normal -0.970068 0.242835 0
    outer loop
      vertex 40.8278 78.3389 0
      vertex 40.9231 78.7196 3
      vertex 40.9231 78.7196 0
    endloop
  endfacet
  facet normal -0.970068 0.242835 0
    outer loop
      vertex 40.9231 78.7196 3
      vertex 40.8278 78.3389 0
      vertex 40.8278 78.3389 3
    endloop
  endfacet
  facet normal -0.337014 -0.9415 0
    outer loop
      vertex 38.1611 83.3278 0
      vertex 38.5307 83.1955 3
      vertex 38.1611 83.3278 3
    endloop
  endfacet
  facet normal -0.337014 -0.9415 -0
    outer loop
      vertex 38.5307 83.1955 3
      vertex 38.1611 83.3278 0
      vertex 38.5307 83.1955 0
    endloop
  endfacet
  facet normal -0.595794 0.803137 0
    outer loop
      vertex 39.5376 76.408 0
      vertex 39.2223 76.1741 3
      vertex 39.5376 76.408 3
    endloop
  endfacet
  facet normal -0.595794 0.803137 0
    outer loop
      vertex 39.2223 76.1741 3
      vertex 39.5376 76.408 0
      vertex 39.2223 76.1741 0
    endloop
  endfacet
  facet normal -0.671607 0.740908 0
    outer loop
      vertex 39.8284 76.6716 0
      vertex 39.5376 76.408 3
      vertex 39.8284 76.6716 3
    endloop
  endfacet
  facet normal -0.671607 0.740908 0
    outer loop
      vertex 39.5376 76.408 3
      vertex 39.8284 76.6716 0
      vertex 39.5376 76.408 0
    endloop
  endfacet
  facet normal 0.337014 0.9415 -0
    outer loop
      vertex 35.8389 75.6722 0
      vertex 35.4693 75.8045 3
      vertex 35.8389 75.6722 3
    endloop
  endfacet
  facet normal 0.337014 0.9415 0
    outer loop
      vertex 35.4693 75.8045 3
      vertex 35.8389 75.6722 0
      vertex 35.4693 75.8045 0
    endloop
  endfacet
  facet normal -0.242835 0.970068 0
    outer loop
      vertex 38.1611 75.6722 0
      vertex 37.7804 75.5769 3
      vertex 38.1611 75.6722 3
    endloop
  endfacet
  facet normal -0.242835 0.970068 0
    outer loop
      vertex 37.7804 75.5769 3
      vertex 38.1611 75.6722 0
      vertex 37.7804 75.5769 0
    endloop
  endfacet
  facet normal -0.9415 -0.337014 0
    outer loop
      vertex 40.8278 80.6611 0
      vertex 40.6955 81.0307 3
      vertex 40.6955 81.0307 0
    endloop
  endfacet
  facet normal -0.9415 -0.337014 0
    outer loop
      vertex 40.6955 81.0307 3
      vertex 40.8278 80.6611 0
      vertex 40.8278 80.6611 3
    endloop
  endfacet
  facet normal -0.242835 -0.970068 0
    outer loop
      vertex 37.7804 83.4231 0
      vertex 38.1611 83.3278 3
      vertex 37.7804 83.4231 3
    endloop
  endfacet
  facet normal -0.242835 -0.970068 -0
    outer loop
      vertex 38.1611 83.3278 3
      vertex 37.7804 83.4231 0
      vertex 38.1611 83.3278 0
    endloop
  endfacet
  facet normal 0.337014 -0.9415 0
    outer loop
      vertex 35.4693 83.1955 0
      vertex 35.8389 83.3278 3
      vertex 35.4693 83.1955 3
    endloop
  endfacet
  facet normal 0.337014 -0.9415 0
    outer loop
      vertex 35.8389 83.3278 3
      vertex 35.4693 83.1955 0
      vertex 35.8389 83.3278 0
    endloop
  endfacet
  facet normal 0.85774 0.514084 0
    outer loop
      vertex 33.6741 77.2777 3
      vertex 33.4723 77.6144 0
      vertex 33.4723 77.6144 3
    endloop
  endfacet
  facet normal 0.85774 0.514084 0
    outer loop
      vertex 33.4723 77.6144 0
      vertex 33.6741 77.2777 3
      vertex 33.6741 77.2777 0
    endloop
  endfacet
  facet normal 0.671607 -0.740908 0
    outer loop
      vertex 34.1716 82.3284 0
      vertex 34.4624 82.592 3
      vertex 34.1716 82.3284 3
    endloop
  endfacet
  facet normal 0.671607 -0.740908 0
    outer loop
      vertex 34.4624 82.592 3
      vertex 34.1716 82.3284 0
      vertex 34.4624 82.592 0
    endloop
  endfacet
  facet normal -0.998791 0.0491626 0
    outer loop
      vertex 40.9807 79.1079 0
      vertex 41 79.5 3
      vertex 41 79.5 0
    endloop
  endfacet
  facet normal -0.998791 0.0491626 0
    outer loop
      vertex 41 79.5 3
      vertex 40.9807 79.1079 0
      vertex 40.9807 79.1079 3
    endloop
  endfacet
  facet normal -0.989176 0.146733 0
    outer loop
      vertex 40.9231 78.7196 0
      vertex 40.9807 79.1079 3
      vertex 40.9807 79.1079 0
    endloop
  endfacet
  facet normal -0.989176 0.146733 0
    outer loop
      vertex 40.9807 79.1079 3
      vertex 40.9231 78.7196 0
      vertex 40.9231 78.7196 3
    endloop
  endfacet
  facet normal -0.85774 0.514084 0
    outer loop
      vertex 40.3259 77.2777 0
      vertex 40.5277 77.6144 3
      vertex 40.5277 77.6144 0
    endloop
  endfacet
  facet normal -0.85774 0.514084 0
    outer loop
      vertex 40.5277 77.6144 3
      vertex 40.3259 77.2777 0
      vertex 40.3259 77.2777 3
    endloop
  endfacet
  facet normal -0.740908 -0.671607 0
    outer loop
      vertex 40.092 82.0376 0
      vertex 39.8284 82.3284 3
      vertex 39.8284 82.3284 0
    endloop
  endfacet
  facet normal -0.740908 -0.671607 0
    outer loop
      vertex 39.8284 82.3284 3
      vertex 40.092 82.0376 0
      vertex 40.092 82.0376 3
    endloop
  endfacet
  facet normal -0.514084 0.85774 0
    outer loop
      vertex 39.2223 76.1741 0
      vertex 38.8856 75.9723 3
      vertex 39.2223 76.1741 3
    endloop
  endfacet
  facet normal -0.514084 0.85774 0
    outer loop
      vertex 38.8856 75.9723 3
      vertex 39.2223 76.1741 0
      vertex 38.8856 75.9723 0
    endloop
  endfacet
  facet normal -0.803137 -0.595794 0
    outer loop
      vertex 40.3259 81.7223 0
      vertex 40.092 82.0376 3
      vertex 40.092 82.0376 0
    endloop
  endfacet
  facet normal -0.803137 -0.595794 0
    outer loop
      vertex 40.092 82.0376 3
      vertex 40.3259 81.7223 0
      vertex 40.3259 81.7223 3
    endloop
  endfacet
  facet normal 0.970068 -0.242835 0
    outer loop
      vertex 33.0769 80.2804 3
      vertex 33.1722 80.6611 0
      vertex 33.1722 80.6611 3
    endloop
  endfacet
  facet normal 0.970068 -0.242835 0
    outer loop
      vertex 33.1722 80.6611 0
      vertex 33.0769 80.2804 3
      vertex 33.0769 80.2804 0
    endloop
  endfacet
  facet normal 0.42744 -0.904044 0
    outer loop
      vertex 35.1144 83.0277 0
      vertex 35.4693 83.1955 3
      vertex 35.1144 83.0277 3
    endloop
  endfacet
  facet normal 0.42744 -0.904044 0
    outer loop
      vertex 35.4693 83.1955 3
      vertex 35.1144 83.0277 0
      vertex 35.4693 83.1955 0
    endloop
  endfacet
  facet normal -0.803137 0.595794 0
    outer loop
      vertex 40.092 76.9624 0
      vertex 40.3259 77.2777 3
      vertex 40.3259 77.2777 0
    endloop
  endfacet
  facet normal -0.803137 0.595794 0
    outer loop
      vertex 40.3259 77.2777 3
      vertex 40.092 76.9624 0
      vertex 40.092 76.9624 3
    endloop
  endfacet
  facet normal -0.146733 -0.989176 0
    outer loop
      vertex 37.3921 83.4807 0
      vertex 37.7804 83.4231 3
      vertex 37.3921 83.4807 3
    endloop
  endfacet
  facet normal -0.146733 -0.989176 -0
    outer loop
      vertex 37.7804 83.4231 3
      vertex 37.3921 83.4807 0
      vertex 37.7804 83.4231 0
    endloop
  endfacet
  facet normal -0.85774 -0.514084 0
    outer loop
      vertex 40.5277 81.3856 0
      vertex 40.3259 81.7223 3
      vertex 40.3259 81.7223 0
    endloop
  endfacet
  facet normal -0.85774 -0.514084 0
    outer loop
      vertex 40.3259 81.7223 3
      vertex 40.5277 81.3856 0
      vertex 40.5277 81.3856 3
    endloop
  endfacet
  facet normal 0.595794 -0.803137 0
    outer loop
      vertex 34.4624 82.592 0
      vertex 34.7777 82.8259 3
      vertex 34.4624 82.592 3
    endloop
  endfacet
  facet normal 0.595794 -0.803137 0
    outer loop
      vertex 34.7777 82.8259 3
      vertex 34.4624 82.592 0
      vertex 34.7777 82.8259 0
    endloop
  endfacet
  facet normal 0.0491626 0.998791 -0
    outer loop
      vertex 37 75.5 0
      vertex 36.6079 75.5193 3
      vertex 37 75.5 3
    endloop
  endfacet
  facet normal 0.0491626 0.998791 0
    outer loop
      vertex 36.6079 75.5193 3
      vertex 37 75.5 0
      vertex 36.6079 75.5193 0
    endloop
  endfacet
  facet normal -0.740908 0.671607 0
    outer loop
      vertex 39.8284 76.6716 0
      vertex 40.092 76.9624 3
      vertex 40.092 76.9624 0
    endloop
  endfacet
  facet normal -0.740908 0.671607 0
    outer loop
      vertex 40.092 76.9624 3
      vertex 39.8284 76.6716 0
      vertex 39.8284 76.6716 3
    endloop
  endfacet
  facet normal 0.0491626 -0.998791 0
    outer loop
      vertex 36.6079 83.4807 0
      vertex 37 83.5 3
      vertex 36.6079 83.4807 3
    endloop
  endfacet
  facet normal 0.0491626 -0.998791 0
    outer loop
      vertex 37 83.5 3
      vertex 36.6079 83.4807 0
      vertex 37 83.5 0
    endloop
  endfacet
  facet normal -0.146733 0.989176 0
    outer loop
      vertex 37.7804 75.5769 0
      vertex 37.3921 75.5193 3
      vertex 37.7804 75.5769 3
    endloop
  endfacet
  facet normal -0.146733 0.989176 0
    outer loop
      vertex 37.3921 75.5193 3
      vertex 37.7804 75.5769 0
      vertex 37.3921 75.5193 0
    endloop
  endfacet
  facet normal 0.242835 0.970068 -0
    outer loop
      vertex 36.2196 75.5769 0
      vertex 35.8389 75.6722 3
      vertex 36.2196 75.5769 3
    endloop
  endfacet
  facet normal 0.242835 0.970068 0
    outer loop
      vertex 35.8389 75.6722 3
      vertex 36.2196 75.5769 0
      vertex 35.8389 75.6722 0
    endloop
  endfacet
  facet normal -0.671607 -0.740908 0
    outer loop
      vertex 39.5376 82.592 0
      vertex 39.8284 82.3284 3
      vertex 39.5376 82.592 3
    endloop
  endfacet
  facet normal -0.671607 -0.740908 -0
    outer loop
      vertex 39.8284 82.3284 3
      vertex 39.5376 82.592 0
      vertex 39.8284 82.3284 0
    endloop
  endfacet
  facet normal -0.0491626 -0.998791 0
    outer loop
      vertex 37 83.5 0
      vertex 37.3921 83.4807 3
      vertex 37 83.5 3
    endloop
  endfacet
  facet normal -0.0491626 -0.998791 -0
    outer loop
      vertex 37.3921 83.4807 3
      vertex 37 83.5 0
      vertex 37.3921 83.4807 0
    endloop
  endfacet
  facet normal 0.904044 0.42744 0
    outer loop
      vertex 33.4723 77.6144 3
      vertex 33.3045 77.9693 0
      vertex 33.3045 77.9693 3
    endloop
  endfacet
  facet normal 0.904044 0.42744 0
    outer loop
      vertex 33.3045 77.9693 0
      vertex 33.4723 77.6144 3
      vertex 33.4723 77.6144 0
    endloop
  endfacet
  facet normal 0.740908 -0.671607 0
    outer loop
      vertex 33.908 82.0376 3
      vertex 34.1716 82.3284 0
      vertex 34.1716 82.3284 3
    endloop
  endfacet
  facet normal 0.740908 -0.671607 0
    outer loop
      vertex 34.1716 82.3284 0
      vertex 33.908 82.0376 3
      vertex 33.908 82.0376 0
    endloop
  endfacet
  facet normal -0.0491626 0.998791 0
    outer loop
      vertex 37.3921 75.5193 0
      vertex 37 75.5 3
      vertex 37.3921 75.5193 3
    endloop
  endfacet
  facet normal -0.0491626 0.998791 0
    outer loop
      vertex 37 75.5 3
      vertex 37.3921 75.5193 0
      vertex 37 75.5 0
    endloop
  endfacet
  facet normal 0.146733 0.989176 -0
    outer loop
      vertex 36.6079 75.5193 0
      vertex 36.2196 75.5769 3
      vertex 36.6079 75.5193 3
    endloop
  endfacet
  facet normal 0.146733 0.989176 0
    outer loop
      vertex 36.2196 75.5769 3
      vertex 36.6079 75.5193 0
      vertex 36.2196 75.5769 0
    endloop
  endfacet
  facet normal 0.998791 0.0491626 0
    outer loop
      vertex 33.0193 79.1079 3
      vertex 33 79.5 0
      vertex 33 79.5 3
    endloop
  endfacet
  facet normal 0.998791 0.0491626 0
    outer loop
      vertex 33 79.5 0
      vertex 33.0193 79.1079 3
      vertex 33.0193 79.1079 0
    endloop
  endfacet
  facet normal 0.740908 0.671607 0
    outer loop
      vertex 34.1716 76.6716 3
      vertex 33.908 76.9624 0
      vertex 33.908 76.9624 3
    endloop
  endfacet
  facet normal 0.740908 0.671607 0
    outer loop
      vertex 33.908 76.9624 0
      vertex 34.1716 76.6716 3
      vertex 34.1716 76.6716 0
    endloop
  endfacet
  facet normal 0.671607 0.740908 -0
    outer loop
      vertex 34.4624 76.408 0
      vertex 34.1716 76.6716 3
      vertex 34.4624 76.408 3
    endloop
  endfacet
  facet normal 0.671607 0.740908 0
    outer loop
      vertex 34.1716 76.6716 3
      vertex 34.4624 76.408 0
      vertex 34.1716 76.6716 0
    endloop
  endfacet
  facet normal 0.42744 0.904044 -0
    outer loop
      vertex 35.4693 75.8045 0
      vertex 35.1144 75.9723 3
      vertex 35.4693 75.8045 3
    endloop
  endfacet
  facet normal 0.42744 0.904044 0
    outer loop
      vertex 35.1144 75.9723 3
      vertex 35.4693 75.8045 0
      vertex 35.1144 75.9723 0
    endloop
  endfacet
  facet normal 0.989176 0.146733 0
    outer loop
      vertex 33.0769 78.7196 3
      vertex 33.0193 79.1079 0
      vertex 33.0193 79.1079 3
    endloop
  endfacet
  facet normal 0.989176 0.146733 0
    outer loop
      vertex 33.0193 79.1079 0
      vertex 33.0769 78.7196 3
      vertex 33.0769 78.7196 0
    endloop
  endfacet
  facet normal -0.337014 0.9415 0
    outer loop
      vertex 38.5307 75.8045 0
      vertex 38.1611 75.6722 3
      vertex 38.5307 75.8045 3
    endloop
  endfacet
  facet normal -0.337014 0.9415 0
    outer loop
      vertex 38.1611 75.6722 3
      vertex 38.5307 75.8045 0
      vertex 38.1611 75.6722 0
    endloop
  endfacet
  facet normal -0.904044 0.42744 0
    outer loop
      vertex 40.5277 77.6144 0
      vertex 40.6955 77.9693 3
      vertex 40.6955 77.9693 0
    endloop
  endfacet
  facet normal -0.904044 0.42744 0
    outer loop
      vertex 40.6955 77.9693 3
      vertex 40.5277 77.6144 0
      vertex 40.5277 77.6144 3
    endloop
  endfacet
  facet normal -0.9415 0.337014 0
    outer loop
      vertex 40.6955 77.9693 0
      vertex 40.8278 78.3389 3
      vertex 40.8278 78.3389 0
    endloop
  endfacet
  facet normal -0.9415 0.337014 0
    outer loop
      vertex 40.8278 78.3389 3
      vertex 40.6955 77.9693 0
      vertex 40.6955 77.9693 3
    endloop
  endfacet
  facet normal 0.514084 -0.85774 0
    outer loop
      vertex 34.7777 82.8259 0
      vertex 35.1144 83.0277 3
      vertex 34.7777 82.8259 3
    endloop
  endfacet
  facet normal 0.514084 -0.85774 0
    outer loop
      vertex 35.1144 83.0277 3
      vertex 34.7777 82.8259 0
      vertex 35.1144 83.0277 0
    endloop
  endfacet
  facet normal 0.989176 -0.146733 0
    outer loop
      vertex 33.0193 79.8921 3
      vertex 33.0769 80.2804 0
      vertex 33.0769 80.2804 3
    endloop
  endfacet
  facet normal 0.989176 -0.146733 0
    outer loop
      vertex 33.0769 80.2804 0
      vertex 33.0193 79.8921 3
      vertex 33.0193 79.8921 0
    endloop
  endfacet
  facet normal 0.904044 -0.42744 0
    outer loop
      vertex 33.3045 81.0307 3
      vertex 33.4723 81.3856 0
      vertex 33.4723 81.3856 3
    endloop
  endfacet
  facet normal 0.904044 -0.42744 0
    outer loop
      vertex 33.4723 81.3856 0
      vertex 33.3045 81.0307 3
      vertex 33.3045 81.0307 0
    endloop
  endfacet
  facet normal 0.85774 -0.514084 0
    outer loop
      vertex 33.4723 81.3856 3
      vertex 33.6741 81.7223 0
      vertex 33.6741 81.7223 3
    endloop
  endfacet
  facet normal 0.85774 -0.514084 0
    outer loop
      vertex 33.6741 81.7223 0
      vertex 33.4723 81.3856 3
      vertex 33.4723 81.3856 0
    endloop
  endfacet
  facet normal 0.9415 -0.337014 0
    outer loop
      vertex 33.1722 80.6611 3
      vertex 33.3045 81.0307 0
      vertex 33.3045 81.0307 3
    endloop
  endfacet
  facet normal 0.9415 -0.337014 0
    outer loop
      vertex 33.3045 81.0307 0
      vertex 33.1722 80.6611 3
      vertex 33.1722 80.6611 0
    endloop
  endfacet
  facet normal -1 0 0
    outer loop
      vertex 86.32 74.52 0
      vertex 86.32 87.52 3
      vertex 86.32 87.52 0
    endloop
  endfacet
  facet normal -1 -0 0
    outer loop
      vertex 86.32 87.52 3
      vertex 86.32 74.52 0
      vertex 86.32 74.52 3
    endloop
  endfacet
  facet normal 1 -0 0
    outer loop
      vertex 46.32 74.52 3
      vertex 46.32 87.52 0
      vertex 46.32 87.52 3
    endloop
  endfacet
  facet normal 1 0 0
    outer loop
      vertex 46.32 87.52 0
      vertex 46.32 74.52 3
      vertex 46.32 74.52 0
    endloop
  endfacet
  facet normal 0 -1 0
    outer loop
      vertex 46.32 87.52 0
      vertex 86.32 87.52 3
      vertex 46.32 87.52 3
    endloop
  endfacet
  facet normal 0 -1 -0
    outer loop
      vertex 86.32 87.52 3
      vertex 46.32 87.52 0
      vertex 86.32 87.52 0
    endloop
  endfacet
  facet normal 0 1 -0
    outer loop
      vertex 86.32 74.52 0
      vertex 46.32 74.52 3
      vertex 86.32 74.52 3
    endloop
  endfacet
  facet normal 0 1 0
    outer loop
      vertex 46.32 74.52 3
      vertex 86.32 74.52 0
      vertex 46.32 74.52 0
    endloop
  endfacet
endsolid OpenSCAD_Model
