ISO-10303-21;
HEADER;
FILE_DESCRIPTION(('KiCad electronic assembly'),'2;1');
FILE_NAME('agentpad-board.step','2026-08-10T10:17:21',('Pcbnew'),(
    'Kicad'),'Open CASCADE STEP processor 7.9','KiCad to STEP converter'
  ,'Unknown');
FILE_SCHEMA(('AUTOMOTIVE_DESIGN { 1 0 10303 214 1 1 1 1 }'));
ENDSEC;
DATA;
#1 = APPLICATION_PROTOCOL_DEFINITION('international standard',
  'automotive_design',2000,#2);
#2 = APPLICATION_CONTEXT(
  'core data for automotive mechanical design processes');
#3 = SHAPE_DEFINITION_REPRESENTATION(#4,#10);
#4 = PRODUCT_DEFINITION_SHAPE('','',#5);
#5 = PRODUCT_DEFINITION('design','',#6,#9);
#6 = PRODUCT_DEFINITION_FORMATION('','',#7);
#7 = PRODUCT('agentpad-board 1','agentpad-board 1','',(#8));
#8 = PRODUCT_CONTEXT('',#2,'mechanical');
#9 = PRODUCT_DEFINITION_CONTEXT('part definition',#2,'design');
#10 = SHAPE_REPRESENTATION('',(#11,#15,#19,#23,#27,#31,#35,#39,#43,#47,
    #51,#55),#59);
#11 = AXIS2_PLACEMENT_3D('',#12,#13,#14);
#12 = CARTESIAN_POINT('',(0.,0.,0.));
#13 = DIRECTION('',(0.,0.,1.));
#14 = DIRECTION('',(1.,0.,-0.));
#15 = AXIS2_PLACEMENT_3D('',#16,#17,#18);
#16 = CARTESIAN_POINT('',(127.38,-133.,1.595));
#17 = DIRECTION('',(0.,0.,1.));
#18 = DIRECTION('',(1.,0.,0.));
#19 = AXIS2_PLACEMENT_3D('',#20,#21,#22);
#20 = CARTESIAN_POINT('',(127.38,-152.,1.595));
#21 = DIRECTION('',(0.,0.,1.));
#22 = DIRECTION('',(1.,0.,0.));
#23 = AXIS2_PLACEMENT_3D('',#24,#25,#26);
#24 = CARTESIAN_POINT('',(89.19,-133.,1.595));
#25 = DIRECTION('',(0.,0.,1.));
#26 = DIRECTION('',(1.,0.,0.));
#27 = AXIS2_PLACEMENT_3D('',#28,#29,#30);
#28 = CARTESIAN_POINT('',(89.19,-152.,1.595));
#29 = DIRECTION('',(0.,0.,1.));
#30 = DIRECTION('',(1.,0.,0.));
#31 = AXIS2_PLACEMENT_3D('',#32,#33,#34);
#32 = CARTESIAN_POINT('',(89.19,-114.,1.595));
#33 = DIRECTION('',(0.,0.,1.));
#34 = DIRECTION('',(1.,0.,0.));
#35 = AXIS2_PLACEMENT_3D('',#36,#37,#38);
#36 = CARTESIAN_POINT('',(108.38,-133.,1.595));
#37 = DIRECTION('',(0.,0.,1.));
#38 = DIRECTION('',(1.,0.,0.));
#39 = AXIS2_PLACEMENT_3D('',#40,#41,#42);
#40 = CARTESIAN_POINT('',(108.32,-80.17,1.595));
#41 = DIRECTION('',(0.,0.,1.));
#42 = DIRECTION('',(1.,0.,0.));
#43 = AXIS2_PLACEMENT_3D('',#44,#45,#46);
#44 = CARTESIAN_POINT('',(108.38,-152.,1.595));
#45 = DIRECTION('',(0.,0.,1.));
#46 = DIRECTION('',(1.,0.,0.));
#47 = AXIS2_PLACEMENT_3D('',#48,#49,#50);
#48 = CARTESIAN_POINT('',(127.38,-114.,1.595));
#49 = DIRECTION('',(0.,0.,1.));
#50 = DIRECTION('',(1.,0.,0.));
#51 = AXIS2_PLACEMENT_3D('',#52,#53,#54);
#52 = CARTESIAN_POINT('',(108.38,-114.,1.595));
#53 = DIRECTION('',(0.,0.,1.));
#54 = DIRECTION('',(1.,0.,0.));
#55 = AXIS2_PLACEMENT_3D('',#56,#57,#58);
#56 = CARTESIAN_POINT('',(0.,0.,0.));
#57 = DIRECTION('',(0.,0.,1.));
#58 = DIRECTION('',(1.,0.,-0.));
#59 = ( GEOMETRIC_REPRESENTATION_CONTEXT(3) 
GLOBAL_UNCERTAINTY_ASSIGNED_CONTEXT((#63)) GLOBAL_UNIT_ASSIGNED_CONTEXT(
(#60,#61,#62)) REPRESENTATION_CONTEXT('Context #1',
  '3D Context with UNIT and UNCERTAINTY') );
#60 = ( LENGTH_UNIT() NAMED_UNIT(*) SI_UNIT(.MILLI.,.METRE.) );
#61 = ( NAMED_UNIT(*) PLANE_ANGLE_UNIT() SI_UNIT($,.RADIAN.) );
#62 = ( NAMED_UNIT(*) SI_UNIT($,.STERADIAN.) SOLID_ANGLE_UNIT() );
#63 = UNCERTAINTY_MEASURE_WITH_UNIT(LENGTH_MEASURE(1.E-07),#60,
  'distance_accuracy_value','confusion accuracy');
#64 = PRODUCT_RELATED_PRODUCT_CATEGORY('part',$,(#7));
#65 = SHAPE_DEFINITION_REPRESENTATION(#66,#72);
#66 = PRODUCT_DEFINITION_SHAPE('','',#67);
#67 = PRODUCT_DEFINITION('design','',#68,#71);
#68 = PRODUCT_DEFINITION_FORMATION('','',#69);
#69 = PRODUCT('D_DO-35_SOD27_P7.62mm_Horizontal',
  'D_DO-35_SOD27_P7.62mm_Horizontal','',(#70));
#70 = PRODUCT_CONTEXT('',#2,'mechanical');
#71 = PRODUCT_DEFINITION_CONTEXT('part definition',#2,'design');
#72 = SHAPE_REPRESENTATION('',(#11,#73),#77);
#73 = AXIS2_PLACEMENT_3D('',#74,#75,#76);
#74 = CARTESIAN_POINT('',(0.,0.,0.));
#75 = DIRECTION('',(0.,0.,1.));
#76 = DIRECTION('',(1.,0.,-0.));
#77 = ( GEOMETRIC_REPRESENTATION_CONTEXT(3) 
GLOBAL_UNCERTAINTY_ASSIGNED_CONTEXT((#81)) GLOBAL_UNIT_ASSIGNED_CONTEXT(
(#78,#79,#80)) REPRESENTATION_CONTEXT('Context #1',
  '3D Context with UNIT and UNCERTAINTY') );
#78 = ( LENGTH_UNIT() NAMED_UNIT(*) SI_UNIT(.MILLI.,.METRE.) );
#79 = ( NAMED_UNIT(*) PLANE_ANGLE_UNIT() SI_UNIT($,.RADIAN.) );
#80 = ( NAMED_UNIT(*) SI_UNIT($,.STERADIAN.) SOLID_ANGLE_UNIT() );
#81 = UNCERTAINTY_MEASURE_WITH_UNIT(LENGTH_MEASURE(1.E-07),#78,
  'distance_accuracy_value','confusion accuracy');
#82 = CONTEXT_DEPENDENT_SHAPE_REPRESENTATION(#83,#85);
#83 = ( REPRESENTATION_RELATIONSHIP('','',#72,#10) 
REPRESENTATION_RELATIONSHIP_WITH_TRANSFORMATION(#84) 
SHAPE_REPRESENTATION_RELATIONSHIP() );
#84 = ITEM_DEFINED_TRANSFORMATION('','',#11,#15);
#85 = PRODUCT_DEFINITION_SHAPE('Placement','Placement of an item',#86);
#86 = NEXT_ASSEMBLY_USAGE_OCCURRENCE('2','D8','',#5,#67,$);
#87 = PRODUCT_RELATED_PRODUCT_CATEGORY('part',$,(#69));
#88 = SHAPE_DEFINITION_REPRESENTATION(#89,#95);
#89 = PRODUCT_DEFINITION_SHAPE('','',#90);
#90 = PRODUCT_DEFINITION('design','',#91,#94);
#91 = PRODUCT_DEFINITION_FORMATION('','',#92);
#92 = PRODUCT('D_DO-35_SOD27_P7.62mm_Horizontal',
  'D_DO-35_SOD27_P7.62mm_Horizontal','',(#93));
#93 = PRODUCT_CONTEXT('',#2,'mechanical');
#94 = PRODUCT_DEFINITION_CONTEXT('part definition',#2,'design');
#95 = SHAPE_REPRESENTATION('',(#11,#96,#251),#446);
#96 = MANIFOLD_SOLID_BREP('',#97);
#97 = CLOSED_SHELL('',(#98,#131,#157,#182,#208,#233,#242));
#98 = ADVANCED_FACE('',(#99),#126,.T.);
#99 = FACE_BOUND('',#100,.T.);
#100 = EDGE_LOOP('',(#101,#111,#118,#119));
#101 = ORIENTED_EDGE('',*,*,#102,.T.);
#102 = EDGE_CURVE('',#103,#105,#107,.T.);
#103 = VERTEX_POINT('',#104);
#104 = CARTESIAN_POINT('',(0.25,0.,-2.5));
#105 = VERTEX_POINT('',#106);
#106 = CARTESIAN_POINT('',(0.25,1.E-15,1.));
#107 = LINE('',#108,#109);
#108 = CARTESIAN_POINT('',(0.25,6.7E-16,1.));
#109 = VECTOR('',#110,1.);
#110 = DIRECTION('',(0.,2.2E-16,1.));
#111 = ORIENTED_EDGE('',*,*,#112,.F.);
#112 = EDGE_CURVE('',#105,#105,#113,.T.);
#113 = CIRCLE('',#114,0.25);
#114 = AXIS2_PLACEMENT_3D('',#115,#116,#117);
#115 = CARTESIAN_POINT('',(0.,6.7E-16,1.));
#116 = DIRECTION('',(-0.,2.2E-16,1.));
#117 = DIRECTION('',(1.,0.,0.));
#118 = ORIENTED_EDGE('',*,*,#102,.F.);
#119 = ORIENTED_EDGE('',*,*,#120,.T.);
#120 = EDGE_CURVE('',#103,#103,#121,.T.);
#121 = CIRCLE('',#122,0.25);
#122 = AXIS2_PLACEMENT_3D('',#123,#124,#125);
#123 = CARTESIAN_POINT('',(0.,-1.1E-16,-2.5));
#124 = DIRECTION('',(-0.,2.2E-16,1.));
#125 = DIRECTION('',(1.,0.,0.));
#126 = CYLINDRICAL_SURFACE('',#127,0.25);
#127 = AXIS2_PLACEMENT_3D('',#128,#129,#130);
#128 = CARTESIAN_POINT('',(0.,6.7E-16,1.));
#129 = DIRECTION('',(0.,2.2E-16,1.));
#130 = DIRECTION('',(1.,0.,-0.));
#131 = ADVANCED_FACE('',(#132),#152,.T.);
#132 = FACE_BOUND('',#133,.T.);
#133 = EDGE_LOOP('',(#134,#143,#150,#151));
#134 = ORIENTED_EDGE('',*,*,#135,.T.);
#135 = EDGE_CURVE('',#105,#136,#138,.T.);
#136 = VERTEX_POINT('',#137);
#137 = CARTESIAN_POINT('',(0.5,1.E-15,1.25));
#138 = CIRCLE('',#139,0.25);
#139 = AXIS2_PLACEMENT_3D('',#140,#141,#142);
#140 = CARTESIAN_POINT('',(0.5,7.6E-16,1.));
#141 = DIRECTION('',(0.,1.,-2.2E-16));
#142 = DIRECTION('',(1.,0.,0.));
#143 = ORIENTED_EDGE('',*,*,#144,.T.);
#144 = EDGE_CURVE('',#136,#136,#145,.T.);
#145 = CIRCLE('',#146,0.25);
#146 = AXIS2_PLACEMENT_3D('',#147,#148,#149);
#147 = CARTESIAN_POINT('',(0.5,7.8E-16,1.5));
#148 = DIRECTION('',(-1.,0.,-1.8E-16));
#149 = DIRECTION('',(-1.8E-16,2.2E-16,1.));
#150 = ORIENTED_EDGE('',*,*,#135,.F.);
#151 = ORIENTED_EDGE('',*,*,#112,.T.);
#152 = TOROIDAL_SURFACE('',#153,0.5,0.25);
#153 = AXIS2_PLACEMENT_3D('',#154,#155,#156);
#154 = CARTESIAN_POINT('',(0.5,6.7E-16,1.));
#155 = DIRECTION('',(0.,1.,-2.2E-16));
#156 = DIRECTION('',(1.,0.,0.));
#157 = ADVANCED_FACE('',(#158),#177,.T.);
#158 = FACE_BOUND('',#159,.T.);
#159 = EDGE_LOOP('',(#160,#168,#175,#176));
#160 = ORIENTED_EDGE('',*,*,#161,.T.);
#161 = EDGE_CURVE('',#136,#162,#164,.T.);
#162 = VERTEX_POINT('',#163);
#163 = CARTESIAN_POINT('',(7.12,1.E-15,1.25));
#164 = LINE('',#165,#166);
#165 = CARTESIAN_POINT('',(0.5,7.2E-16,1.25));
#166 = VECTOR('',#167,1.);
#167 = DIRECTION('',(1.,0.,0.));
#168 = ORIENTED_EDGE('',*,*,#169,.F.);
#169 = EDGE_CURVE('',#162,#162,#170,.T.);
#170 = CIRCLE('',#171,0.25);
#171 = AXIS2_PLACEMENT_3D('',#172,#173,#174);
#172 = CARTESIAN_POINT('',(7.12,7.8E-16,1.5));
#173 = DIRECTION('',(1.,0.,0.));
#174 = DIRECTION('',(0.,-2.2E-16,-1.));
#175 = ORIENTED_EDGE('',*,*,#161,.F.);
#176 = ORIENTED_EDGE('',*,*,#144,.F.);
#177 = CYLINDRICAL_SURFACE('',#178,0.25);
#178 = AXIS2_PLACEMENT_3D('',#179,#180,#181);
#179 = CARTESIAN_POINT('',(0.5,7.8E-16,1.5));
#180 = DIRECTION('',(1.,0.,0.));
#181 = DIRECTION('',(0.,-2.2E-16,-1.));
#182 = ADVANCED_FACE('',(#183),#203,.T.);
#183 = FACE_BOUND('',#184,.T.);
#184 = EDGE_LOOP('',(#185,#194,#201,#202));
#185 = ORIENTED_EDGE('',*,*,#186,.T.);
#186 = EDGE_CURVE('',#162,#187,#189,.T.);
#187 = VERTEX_POINT('',#188);
#188 = CARTESIAN_POINT('',(7.37,1.E-15,1.));
#189 = CIRCLE('',#190,0.25);
#190 = AXIS2_PLACEMENT_3D('',#191,#192,#193);
#191 = CARTESIAN_POINT('',(7.12,7.6E-16,1.));
#192 = DIRECTION('',(0.,1.,-2.2E-16));
#193 = DIRECTION('',(1.,0.,0.));
#194 = ORIENTED_EDGE('',*,*,#195,.T.);
#195 = EDGE_CURVE('',#187,#187,#196,.T.);
#196 = CIRCLE('',#197,0.25);
#197 = AXIS2_PLACEMENT_3D('',#198,#199,#200);
#198 = CARTESIAN_POINT('',(7.62,6.7E-16,1.));
#199 = DIRECTION('',(-2.4E-16,2.2E-16,1.));
#200 = DIRECTION('',(1.,0.,2.4E-16));
#201 = ORIENTED_EDGE('',*,*,#186,.F.);
#202 = ORIENTED_EDGE('',*,*,#169,.T.);
#203 = TOROIDAL_SURFACE('',#204,0.5,0.25);
#204 = AXIS2_PLACEMENT_3D('',#205,#206,#207);
#205 = CARTESIAN_POINT('',(7.12,6.7E-16,1.));
#206 = DIRECTION('',(0.,1.,-2.2E-16));
#207 = DIRECTION('',(1.,0.,0.));
#208 = ADVANCED_FACE('',(#209),#228,.T.);
#209 = FACE_BOUND('',#210,.T.);
#210 = EDGE_LOOP('',(#211,#219,#226,#227));
#211 = ORIENTED_EDGE('',*,*,#212,.T.);
#212 = EDGE_CURVE('',#187,#213,#215,.T.);
#213 = VERTEX_POINT('',#214);
#214 = CARTESIAN_POINT('',(7.37,0.,-2.5));
#215 = LINE('',#216,#217);
#216 = CARTESIAN_POINT('',(7.37,6.7E-16,1.));
#217 = VECTOR('',#218,1.);
#218 = DIRECTION('',(0.,-2.2E-16,-1.));
#219 = ORIENTED_EDGE('',*,*,#220,.F.);
#220 = EDGE_CURVE('',#213,#213,#221,.T.);
#221 = CIRCLE('',#222,0.25);
#222 = AXIS2_PLACEMENT_3D('',#223,#224,#225);
#223 = CARTESIAN_POINT('',(7.62,-1.1E-16,-2.5));
#224 = DIRECTION('',(-0.,-2.2E-16,-1.));
#225 = DIRECTION('',(-1.,0.,0.));
#226 = ORIENTED_EDGE('',*,*,#212,.F.);
#227 = ORIENTED_EDGE('',*,*,#195,.F.);
#228 = CYLINDRICAL_SURFACE('',#229,0.25);
#229 = AXIS2_PLACEMENT_3D('',#230,#231,#232);
#230 = CARTESIAN_POINT('',(7.62,6.7E-16,1.));
#231 = DIRECTION('',(0.,-2.2E-16,-1.));
#232 = DIRECTION('',(-1.,-0.,0.));
#233 = ADVANCED_FACE('',(#234),#237,.T.);
#234 = FACE_BOUND('',#235,.F.);
#235 = EDGE_LOOP('',(#236));
#236 = ORIENTED_EDGE('',*,*,#120,.T.);
#237 = PLANE('',#238);
#238 = AXIS2_PLACEMENT_3D('',#239,#240,#241);
#239 = CARTESIAN_POINT('',(0.25,-1.1E-16,-2.5));
#240 = DIRECTION('',(0.,0.,-1.));
#241 = DIRECTION('',(-1.,0.,0.));
#242 = ADVANCED_FACE('',(#243),#246,.F.);
#243 = FACE_BOUND('',#244,.T.);
#244 = EDGE_LOOP('',(#245));
#245 = ORIENTED_EDGE('',*,*,#220,.T.);
#246 = PLANE('',#247);
#247 = AXIS2_PLACEMENT_3D('',#248,#249,#250);
#248 = CARTESIAN_POINT('',(7.37,-1.1E-16,-2.5));
#249 = DIRECTION('',(0.,0.,1.));
#250 = DIRECTION('',(1.,0.,-0.));
#251 = MANIFOLD_SOLID_BREP('',#252);
#252 = CLOSED_SHELL('',(#253,#286,#306,#326,#351,#376,#402,#428,#437));
#253 = ADVANCED_FACE('',(#254),#281,.T.);
#254 = FACE_BOUND('',#255,.T.);
#255 = EDGE_LOOP('',(#256,#265,#273,#280));
#256 = ORIENTED_EDGE('',*,*,#257,.T.);
#257 = EDGE_CURVE('',#258,#258,#260,.T.);
#258 = VERTEX_POINT('',#259);
#259 = CARTESIAN_POINT('',(2.41,3.557331958362E-15,2.51));
#260 = CIRCLE('',#261,1.01);
#261 = AXIS2_PLACEMENT_3D('',#262,#263,#264);
#262 = CARTESIAN_POINT('',(2.41,6.630669073875E-16,1.5));
#263 = DIRECTION('',(1.,0.,-0.));
#264 = DIRECTION('',(0.,9.92044604925E-16,1.));
#265 = ORIENTED_EDGE('',*,*,#266,.T.);
#266 = EDGE_CURVE('',#258,#267,#269,.T.);
#267 = VERTEX_POINT('',#268);
#268 = CARTESIAN_POINT('',(3.41,3.557331958362E-15,2.51));
#269 = LINE('',#270,#271);
#270 = CARTESIAN_POINT('',(2.41,5.573319583618E-16,2.51));
#271 = VECTOR('',#272,1.);
#272 = DIRECTION('',(1.,0.,0.));
#273 = ORIENTED_EDGE('',*,*,#274,.F.);
#274 = EDGE_CURVE('',#267,#267,#275,.T.);
#275 = CIRCLE('',#276,1.01);
#276 = AXIS2_PLACEMENT_3D('',#277,#278,#279);
#277 = CARTESIAN_POINT('',(3.41,6.630669073875E-16,1.5));
#278 = DIRECTION('',(1.,0.,-0.));
#279 = DIRECTION('',(0.,9.92044604925E-16,1.));
#280 = ORIENTED_EDGE('',*,*,#266,.F.);
#281 = CYLINDRICAL_SURFACE('',#282,1.01);
#282 = AXIS2_PLACEMENT_3D('',#283,#284,#285);
#283 = CARTESIAN_POINT('',(2.41,6.630669073875E-16,1.5));
#284 = DIRECTION('',(1.,0.,0.));
#285 = DIRECTION('',(-0.,9.92044604925E-16,1.));
#286 = ADVANCED_FACE('',(#287,#290),#301,.F.);
#287 = FACE_BOUND('',#288,.T.);
#288 = EDGE_LOOP('',(#289));
#289 = ORIENTED_EDGE('',*,*,#257,.F.);
#290 = FACE_BOUND('',#291,.T.);
#291 = EDGE_LOOP('',(#292));
#292 = ORIENTED_EDGE('',*,*,#293,.T.);
#293 = EDGE_CURVE('',#294,#294,#296,.T.);
#294 = VERTEX_POINT('',#295);
#295 = CARTESIAN_POINT('',(2.41,5.551115123126E-16,2.5));
#296 = CIRCLE('',#297,1.);
#297 = AXIS2_PLACEMENT_3D('',#298,#299,#300);
#298 = CARTESIAN_POINT('',(2.41,6.630669073875E-16,1.5));
#299 = DIRECTION('',(1.,0.,-0.));
#300 = DIRECTION('',(0.,1.002044604925E-15,1.));
#301 = PLANE('',#302);
#302 = AXIS2_PLACEMENT_3D('',#303,#304,#305);
#303 = CARTESIAN_POINT('',(2.41,6.630669073875E-16,1.5));
#304 = DIRECTION('',(1.,0.,0.));
#305 = DIRECTION('',(-0.,1.002044604925E-15,1.));
#306 = ADVANCED_FACE('',(#307,#310),#321,.T.);
#307 = FACE_BOUND('',#308,.T.);
#308 = EDGE_LOOP('',(#309));
#309 = ORIENTED_EDGE('',*,*,#274,.T.);
#310 = FACE_BOUND('',#311,.T.);
#311 = EDGE_LOOP('',(#312));
#312 = ORIENTED_EDGE('',*,*,#313,.F.);
#313 = EDGE_CURVE('',#314,#314,#316,.T.);
#314 = VERTEX_POINT('',#315);
#315 = CARTESIAN_POINT('',(3.41,5.551115123126E-16,2.5));
#316 = CIRCLE('',#317,1.);
#317 = AXIS2_PLACEMENT_3D('',#318,#319,#320);
#318 = CARTESIAN_POINT('',(3.41,6.630669073875E-16,1.5));
#319 = DIRECTION('',(1.,0.,-0.));
#320 = DIRECTION('',(0.,1.002044604925E-15,1.));
#321 = PLANE('',#322);
#322 = AXIS2_PLACEMENT_3D('',#323,#324,#325);
#323 = CARTESIAN_POINT('',(3.41,6.630669073875E-16,1.5));
#324 = DIRECTION('',(1.,0.,0.));
#325 = DIRECTION('',(-0.,9.92044604925E-16,1.));
#326 = ADVANCED_FACE('',(#327),#346,.T.);
#327 = FACE_BOUND('',#328,.T.);
#328 = EDGE_LOOP('',(#329,#338,#344,#345));
#329 = ORIENTED_EDGE('',*,*,#330,.T.);
#330 = EDGE_CURVE('',#331,#331,#333,.T.);
#331 = VERTEX_POINT('',#332);
#332 = CARTESIAN_POINT('',(2.21,3.555111512313E-15,2.5));
#333 = CIRCLE('',#334,1.);
#334 = AXIS2_PLACEMENT_3D('',#335,#336,#337);
#335 = CARTESIAN_POINT('',(2.21,6.630669073875E-16,1.5));
#336 = DIRECTION('',(1.,0.,-0.));
#337 = DIRECTION('',(0.,1.002044604925E-15,1.));
#338 = ORIENTED_EDGE('',*,*,#339,.T.);
#339 = EDGE_CURVE('',#331,#294,#340,.T.);
#340 = LINE('',#341,#342);
#341 = CARTESIAN_POINT('',(1.81,5.551115123126E-16,2.5));
#342 = VECTOR('',#343,1.);
#343 = DIRECTION('',(1.,0.,0.));
#344 = ORIENTED_EDGE('',*,*,#293,.F.);
#345 = ORIENTED_EDGE('',*,*,#339,.F.);
#346 = CYLINDRICAL_SURFACE('',#347,1.);
#347 = AXIS2_PLACEMENT_3D('',#348,#349,#350);
#348 = CARTESIAN_POINT('',(1.81,6.630669073875E-16,1.5));
#349 = DIRECTION('',(1.,0.,0.));
#350 = DIRECTION('',(-0.,1.002044604925E-15,1.));
#351 = ADVANCED_FACE('',(#352),#371,.T.);
#352 = FACE_BOUND('',#353,.T.);
#353 = EDGE_LOOP('',(#354,#355,#363,#370));
#354 = ORIENTED_EDGE('',*,*,#313,.T.);
#355 = ORIENTED_EDGE('',*,*,#356,.T.);
#356 = EDGE_CURVE('',#314,#357,#359,.T.);
#357 = VERTEX_POINT('',#358);
#358 = CARTESIAN_POINT('',(5.41,3.555111512313E-15,2.5));
#359 = LINE('',#360,#361);
#360 = CARTESIAN_POINT('',(1.81,5.551115123126E-16,2.5));
#361 = VECTOR('',#362,1.);
#362 = DIRECTION('',(1.,0.,0.));
#363 = ORIENTED_EDGE('',*,*,#364,.F.);
#364 = EDGE_CURVE('',#357,#357,#365,.T.);
#365 = CIRCLE('',#366,1.);
#366 = AXIS2_PLACEMENT_3D('',#367,#368,#369);
#367 = CARTESIAN_POINT('',(5.41,6.630669073875E-16,1.5));
#368 = DIRECTION('',(1.,0.,-0.));
#369 = DIRECTION('',(0.,1.002044604925E-15,1.));
#370 = ORIENTED_EDGE('',*,*,#356,.F.);
#371 = CYLINDRICAL_SURFACE('',#372,1.);
#372 = AXIS2_PLACEMENT_3D('',#373,#374,#375);
#373 = CARTESIAN_POINT('',(1.81,6.630669073875E-16,1.5));
#374 = DIRECTION('',(1.,0.,0.));
#375 = DIRECTION('',(-0.,1.002044604925E-15,1.));
#376 = ADVANCED_FACE('',(#377),#397,.T.);
#377 = FACE_BOUND('',#378,.T.);
#378 = EDGE_LOOP('',(#379,#388,#395,#396));
#379 = ORIENTED_EDGE('',*,*,#380,.T.);
#380 = EDGE_CURVE('',#381,#381,#383,.T.);
#381 = VERTEX_POINT('',#382);
#382 = CARTESIAN_POINT('',(1.81,1.466293670343E-15,2.1));
#383 = CIRCLE('',#384,0.6);
#384 = AXIS2_PLACEMENT_3D('',#385,#386,#387);
#385 = CARTESIAN_POINT('',(1.81,6.630669073875E-16,1.5));
#386 = DIRECTION('',(1.,0.,-0.));
#387 = DIRECTION('',(0.,1.002044604925E-15,1.));
#388 = ORIENTED_EDGE('',*,*,#389,.F.);
#389 = EDGE_CURVE('',#331,#381,#390,.T.);
#390 = CIRCLE('',#391,0.4);
#391 = AXIS2_PLACEMENT_3D('',#392,#393,#394);
#392 = CARTESIAN_POINT('',(2.21,1.266293670343E-15,2.1));
#393 = DIRECTION('',(0.,-1.,1.002044604925E-15));
#394 = DIRECTION('',(0.,1.002044604925E-15,1.));
#395 = ORIENTED_EDGE('',*,*,#330,.F.);
#396 = ORIENTED_EDGE('',*,*,#389,.T.);
#397 = TOROIDAL_SURFACE('',#398,0.6,0.4);
#398 = AXIS2_PLACEMENT_3D('',#399,#400,#401);
#399 = CARTESIAN_POINT('',(2.21,6.630669073875E-16,1.5));
#400 = DIRECTION('',(-1.,0.,0.));
#401 = DIRECTION('',(0.,1.002044604925E-15,1.));
#402 = ADVANCED_FACE('',(#403),#423,.T.);
#403 = FACE_BOUND('',#404,.T.);
#404 = EDGE_LOOP('',(#405,#406,#415,#422));
#405 = ORIENTED_EDGE('',*,*,#364,.T.);
#406 = ORIENTED_EDGE('',*,*,#407,.F.);
#407 = EDGE_CURVE('',#408,#357,#410,.T.);
#408 = VERTEX_POINT('',#409);
#409 = CARTESIAN_POINT('',(5.81,1.466293670343E-15,2.1));
#410 = CIRCLE('',#411,0.4);
#411 = AXIS2_PLACEMENT_3D('',#412,#413,#414);
#412 = CARTESIAN_POINT('',(5.41,1.266293670343E-15,2.1));
#413 = DIRECTION('',(0.,-1.,1.002044604925E-15));
#414 = DIRECTION('',(0.,1.002044604925E-15,1.));
#415 = ORIENTED_EDGE('',*,*,#416,.F.);
#416 = EDGE_CURVE('',#408,#408,#417,.T.);
#417 = CIRCLE('',#418,0.6);
#418 = AXIS2_PLACEMENT_3D('',#419,#420,#421);
#419 = CARTESIAN_POINT('',(5.81,6.630669073875E-16,1.5));
#420 = DIRECTION('',(1.,0.,-0.));
#421 = DIRECTION('',(0.,1.002044604925E-15,1.));
#422 = ORIENTED_EDGE('',*,*,#407,.T.);
#423 = TOROIDAL_SURFACE('',#424,0.6,0.4);
#424 = AXIS2_PLACEMENT_3D('',#425,#426,#427);
#425 = CARTESIAN_POINT('',(5.41,6.630669073875E-16,1.5));
#426 = DIRECTION('',(-1.,0.,0.));
#427 = DIRECTION('',(0.,1.002044604925E-15,1.));
#428 = ADVANCED_FACE('',(#429),#432,.F.);
#429 = FACE_BOUND('',#430,.T.);
#430 = EDGE_LOOP('',(#431));
#431 = ORIENTED_EDGE('',*,*,#380,.F.);
#432 = PLANE('',#433);
#433 = AXIS2_PLACEMENT_3D('',#434,#435,#436);
#434 = CARTESIAN_POINT('',(1.81,6.630669073875E-16,1.5));
#435 = DIRECTION('',(1.,0.,0.));
#436 = DIRECTION('',(-0.,1.002044604925E-15,1.));
#437 = ADVANCED_FACE('',(#438),#441,.T.);
#438 = FACE_BOUND('',#439,.F.);
#439 = EDGE_LOOP('',(#440));
#440 = ORIENTED_EDGE('',*,*,#416,.F.);
#441 = PLANE('',#442);
#442 = AXIS2_PLACEMENT_3D('',#443,#444,#445);
#443 = CARTESIAN_POINT('',(5.81,6.630669073875E-16,1.5));
#444 = DIRECTION('',(1.,0.,0.));
#445 = DIRECTION('',(-0.,1.002044604925E-15,1.));
#446 = ( GEOMETRIC_REPRESENTATION_CONTEXT(3) 
GLOBAL_UNCERTAINTY_ASSIGNED_CONTEXT((#450)) GLOBAL_UNIT_ASSIGNED_CONTEXT
((#447,#448,#449)) REPRESENTATION_CONTEXT('Context #1',
  '3D Context with UNIT and UNCERTAINTY') );
#447 = ( LENGTH_UNIT() NAMED_UNIT(*) SI_UNIT(.MILLI.,.METRE.) );
#448 = ( NAMED_UNIT(*) PLANE_ANGLE_UNIT() SI_UNIT($,.RADIAN.) );
#449 = ( NAMED_UNIT(*) SI_UNIT($,.STERADIAN.) SOLID_ANGLE_UNIT() );
#450 = UNCERTAINTY_MEASURE_WITH_UNIT(LENGTH_MEASURE(1.E-07),#447,
  'distance_accuracy_value','confusion accuracy');
#451 = CONTEXT_DEPENDENT_SHAPE_REPRESENTATION(#452,#454);
#452 = ( REPRESENTATION_RELATIONSHIP('','',#95,#72) 
REPRESENTATION_RELATIONSHIP_WITH_TRANSFORMATION(#453) 
SHAPE_REPRESENTATION_RELATIONSHIP() );
#453 = ITEM_DEFINED_TRANSFORMATION('','',#11,#73);
#454 = PRODUCT_DEFINITION_SHAPE('Placement','Placement of an item',#455
  );
#455 = NEXT_ASSEMBLY_USAGE_OCCURRENCE('1','=>[0:1:1:3]','',#67,#90,$);
#456 = PRODUCT_RELATED_PRODUCT_CATEGORY('part',$,(#92));
#457 = CONTEXT_DEPENDENT_SHAPE_REPRESENTATION(#458,#460);
#458 = ( REPRESENTATION_RELATIONSHIP('','',#72,#10) 
REPRESENTATION_RELATIONSHIP_WITH_TRANSFORMATION(#459) 
SHAPE_REPRESENTATION_RELATIONSHIP() );
#459 = ITEM_DEFINED_TRANSFORMATION('','',#11,#19);
#460 = PRODUCT_DEFINITION_SHAPE('Placement','Placement of an item',#461
  );
#461 = NEXT_ASSEMBLY_USAGE_OCCURRENCE('3','D9','',#5,#67,$);
#462 = CONTEXT_DEPENDENT_SHAPE_REPRESENTATION(#463,#465);
#463 = ( REPRESENTATION_RELATIONSHIP('','',#72,#10) 
REPRESENTATION_RELATIONSHIP_WITH_TRANSFORMATION(#464) 
SHAPE_REPRESENTATION_RELATIONSHIP() );
#464 = ITEM_DEFINED_TRANSFORMATION('','',#11,#23);
#465 = PRODUCT_DEFINITION_SHAPE('Placement','Placement of an item',#466
  );
#466 = NEXT_ASSEMBLY_USAGE_OCCURRENCE('4','D2','',#5,#67,$);
#467 = CONTEXT_DEPENDENT_SHAPE_REPRESENTATION(#468,#470);
#468 = ( REPRESENTATION_RELATIONSHIP('','',#72,#10) 
REPRESENTATION_RELATIONSHIP_WITH_TRANSFORMATION(#469) 
SHAPE_REPRESENTATION_RELATIONSHIP() );
#469 = ITEM_DEFINED_TRANSFORMATION('','',#11,#27);
#470 = PRODUCT_DEFINITION_SHAPE('Placement','Placement of an item',#471
  );
#471 = NEXT_ASSEMBLY_USAGE_OCCURRENCE('5','D3','',#5,#67,$);
#472 = CONTEXT_DEPENDENT_SHAPE_REPRESENTATION(#473,#475);
#473 = ( REPRESENTATION_RELATIONSHIP('','',#72,#10) 
REPRESENTATION_RELATIONSHIP_WITH_TRANSFORMATION(#474) 
SHAPE_REPRESENTATION_RELATIONSHIP() );
#474 = ITEM_DEFINED_TRANSFORMATION('','',#11,#31);
#475 = PRODUCT_DEFINITION_SHAPE('Placement','Placement of an item',#476
  );
#476 = NEXT_ASSEMBLY_USAGE_OCCURRENCE('6','D1','',#5,#67,$);
#477 = CONTEXT_DEPENDENT_SHAPE_REPRESENTATION(#478,#480);
#478 = ( REPRESENTATION_RELATIONSHIP('','',#72,#10) 
REPRESENTATION_RELATIONSHIP_WITH_TRANSFORMATION(#479) 
SHAPE_REPRESENTATION_RELATIONSHIP() );
#479 = ITEM_DEFINED_TRANSFORMATION('','',#11,#35);
#480 = PRODUCT_DEFINITION_SHAPE('Placement','Placement of an item',#481
  );
#481 = NEXT_ASSEMBLY_USAGE_OCCURRENCE('7','D5','',#5,#67,$);
#482 = SHAPE_DEFINITION_REPRESENTATION(#483,#489);
#483 = PRODUCT_DEFINITION_SHAPE('','',#484);
#484 = PRODUCT_DEFINITION('design','',#485,#488);
#485 = PRODUCT_DEFINITION_FORMATION('','',#486);
#486 = PRODUCT('PinHeader_1x04_P2.54mm_Vertical',
  'PinHeader_1x04_P2.54mm_Vertical','',(#487));
#487 = PRODUCT_CONTEXT('',#2,'mechanical');
#488 = PRODUCT_DEFINITION_CONTEXT('part definition',#2,'design');
#489 = SHAPE_REPRESENTATION('',(#11,#490),#494);
#490 = AXIS2_PLACEMENT_3D('',#491,#492,#493);
#491 = CARTESIAN_POINT('',(0.,0.,0.));
#492 = DIRECTION('',(0.,0.,1.));
#493 = DIRECTION('',(1.,0.,-0.));
#494 = ( GEOMETRIC_REPRESENTATION_CONTEXT(3) 
GLOBAL_UNCERTAINTY_ASSIGNED_CONTEXT((#498)) GLOBAL_UNIT_ASSIGNED_CONTEXT
((#495,#496,#497)) REPRESENTATION_CONTEXT('Context #1',
  '3D Context with UNIT and UNCERTAINTY') );
#495 = ( LENGTH_UNIT() NAMED_UNIT(*) SI_UNIT(.MILLI.,.METRE.) );
#496 = ( NAMED_UNIT(*) PLANE_ANGLE_UNIT() SI_UNIT($,.RADIAN.) );
#497 = ( NAMED_UNIT(*) SI_UNIT($,.STERADIAN.) SOLID_ANGLE_UNIT() );
#498 = UNCERTAINTY_MEASURE_WITH_UNIT(LENGTH_MEASURE(1.E-07),#495,
  'distance_accuracy_value','confusion accuracy');
#499 = CONTEXT_DEPENDENT_SHAPE_REPRESENTATION(#500,#502);
#500 = ( REPRESENTATION_RELATIONSHIP('','',#489,#10) 
REPRESENTATION_RELATIONSHIP_WITH_TRANSFORMATION(#501) 
SHAPE_REPRESENTATION_RELATIONSHIP() );
#501 = ITEM_DEFINED_TRANSFORMATION('','',#11,#39);
#502 = PRODUCT_DEFINITION_SHAPE('Placement','Placement of an item',#503
  );
#503 = NEXT_ASSEMBLY_USAGE_OCCURRENCE('9','J1','',#5,#484,$);
#504 = PRODUCT_RELATED_PRODUCT_CATEGORY('part',$,(#486));
#505 = SHAPE_DEFINITION_REPRESENTATION(#506,#512);
#506 = PRODUCT_DEFINITION_SHAPE('','',#507);
#507 = PRODUCT_DEFINITION('design','',#508,#511);
#508 = PRODUCT_DEFINITION_FORMATION('','',#509);
#509 = PRODUCT('PinHeader_1x04_P254mm_Vertical',
  'PinHeader_1x04_P254mm_Vertical','',(#510));
#510 = PRODUCT_CONTEXT('',#2,'mechanical');
#511 = PRODUCT_DEFINITION_CONTEXT('part definition',#2,'design');
#512 = ADVANCED_BREP_SHAPE_REPRESENTATION('',(#11,#513),#3293);
#513 = MANIFOLD_SOLID_BREP('',#514);
#514 = CLOSED_SHELL('',(#515,#555,#586,#617,#946,#1275,#1292,#1309,#1326
    ,#1343,#1360,#1377,#1394,#1411,#1428,#1445,#1462,#1479,#1496,#1513,
    #1530,#1547,#1564,#1581,#1598,#1615,#1632,#1649,#1661,#1692,#1716,
    #1740,#1757,#1788,#1812,#1836,#1853,#1884,#1908,#1932,#1949,#1980,
    #2004,#2028,#2045,#2076,#2100,#2124,#2141,#2172,#2196,#2220,#2237,
    #2268,#2292,#2316,#2333,#2364,#2388,#2412,#2429,#2460,#2484,#2508,
    #2525,#2556,#2580,#2604,#2621,#2652,#2676,#2700,#2717,#2748,#2772,
    #2796,#2813,#2844,#2868,#2892,#2909,#2940,#2964,#2988,#3005,#3036,
    #3060,#3084,#3101,#3132,#3156,#3180,#3197,#3209,#3221,#3233,#3245,
    #3257,#3269,#3281));
#515 = ADVANCED_FACE('',(#516),#550,.F.);
#516 = FACE_BOUND('',#517,.F.);
#517 = EDGE_LOOP('',(#518,#528,#536,#544));
#518 = ORIENTED_EDGE('',*,*,#519,.T.);
#519 = EDGE_CURVE('',#520,#522,#524,.T.);
#520 = VERTEX_POINT('',#521);
#521 = CARTESIAN_POINT('',(-1.016,1.27,0.));
#522 = VERTEX_POINT('',#523);
#523 = CARTESIAN_POINT('',(-1.016,1.27,2.54));
#524 = LINE('',#525,#526);
#525 = CARTESIAN_POINT('',(-1.016,1.27,0.));
#526 = VECTOR('',#527,1.);
#527 = DIRECTION('',(0.,0.,1.));
#528 = ORIENTED_EDGE('',*,*,#529,.T.);
#529 = EDGE_CURVE('',#522,#530,#532,.T.);
#530 = VERTEX_POINT('',#531);
#531 = CARTESIAN_POINT('',(-1.27,1.016,2.54));
#532 = LINE('',#533,#534);
#533 = CARTESIAN_POINT('',(-1.016,1.27,2.54));
#534 = VECTOR('',#535,1.);
#535 = DIRECTION('',(-0.707106781187,-0.707106781187,0.));
#536 = ORIENTED_EDGE('',*,*,#537,.F.);
#537 = EDGE_CURVE('',#538,#530,#540,.T.);
#538 = VERTEX_POINT('',#539);
#539 = CARTESIAN_POINT('',(-1.27,1.016,0.));
#540 = LINE('',#541,#542);
#541 = CARTESIAN_POINT('',(-1.27,1.016,0.));
#542 = VECTOR('',#543,1.);
#543 = DIRECTION('',(0.,0.,1.));
#544 = ORIENTED_EDGE('',*,*,#545,.F.);
#545 = EDGE_CURVE('',#520,#538,#546,.T.);
#546 = LINE('',#547,#548);
#547 = CARTESIAN_POINT('',(-1.016,1.27,0.));
#548 = VECTOR('',#549,1.);
#549 = DIRECTION('',(-0.707106781187,-0.707106781187,0.));
#550 = PLANE('',#551);
#551 = AXIS2_PLACEMENT_3D('',#552,#553,#554);
#552 = CARTESIAN_POINT('',(-1.016,1.27,0.));
#553 = DIRECTION('',(0.707106781187,-0.707106781187,0.));
#554 = DIRECTION('',(-0.707106781187,-0.707106781187,0.));
#555 = ADVANCED_FACE('',(#556),#581,.F.);
#556 = FACE_BOUND('',#557,.F.);
#557 = EDGE_LOOP('',(#558,#568,#574,#575));
#558 = ORIENTED_EDGE('',*,*,#559,.T.);
#559 = EDGE_CURVE('',#560,#562,#564,.T.);
#560 = VERTEX_POINT('',#561);
#561 = CARTESIAN_POINT('',(1.016,1.27,0.));
#562 = VERTEX_POINT('',#563);
#563 = CARTESIAN_POINT('',(1.016,1.27,2.54));
#564 = LINE('',#565,#566);
#565 = CARTESIAN_POINT('',(1.016,1.27,0.));
#566 = VECTOR('',#567,1.);
#567 = DIRECTION('',(0.,0.,1.));
#568 = ORIENTED_EDGE('',*,*,#569,.T.);
#569 = EDGE_CURVE('',#562,#522,#570,.T.);
#570 = LINE('',#571,#572);
#571 = CARTESIAN_POINT('',(1.016,1.27,2.54));
#572 = VECTOR('',#573,1.);
#573 = DIRECTION('',(-1.,0.,0.));
#574 = ORIENTED_EDGE('',*,*,#519,.F.);
#575 = ORIENTED_EDGE('',*,*,#576,.F.);
#576 = EDGE_CURVE('',#560,#520,#577,.T.);
#577 = LINE('',#578,#579);
#578 = CARTESIAN_POINT('',(1.016,1.27,0.));
#579 = VECTOR('',#580,1.);
#580 = DIRECTION('',(-1.,0.,0.));
#581 = PLANE('',#582);
#582 = AXIS2_PLACEMENT_3D('',#583,#584,#585);
#583 = CARTESIAN_POINT('',(1.016,1.27,0.));
#584 = DIRECTION('',(0.,-1.,0.));
#585 = DIRECTION('',(-1.,0.,0.));
#586 = ADVANCED_FACE('',(#587),#612,.F.);
#587 = FACE_BOUND('',#588,.F.);
#588 = EDGE_LOOP('',(#589,#590,#598,#606));
#589 = ORIENTED_EDGE('',*,*,#537,.T.);
#590 = ORIENTED_EDGE('',*,*,#591,.T.);
#591 = EDGE_CURVE('',#530,#592,#594,.T.);
#592 = VERTEX_POINT('',#593);
#593 = CARTESIAN_POINT('',(-1.27,-1.016,2.54));
#594 = LINE('',#595,#596);
#595 = CARTESIAN_POINT('',(-1.27,1.016,2.54));
#596 = VECTOR('',#597,1.);
#597 = DIRECTION('',(0.,-1.,0.));
#598 = ORIENTED_EDGE('',*,*,#599,.F.);
#599 = EDGE_CURVE('',#600,#592,#602,.T.);
#600 = VERTEX_POINT('',#601);
#601 = CARTESIAN_POINT('',(-1.27,-1.016,0.));
#602 = LINE('',#603,#604);
#603 = CARTESIAN_POINT('',(-1.27,-1.016,0.));
#604 = VECTOR('',#605,1.);
#605 = DIRECTION('',(0.,0.,1.));
#606 = ORIENTED_EDGE('',*,*,#607,.F.);
#607 = EDGE_CURVE('',#538,#600,#608,.T.);
#608 = LINE('',#609,#610);
#609 = CARTESIAN_POINT('',(-1.27,1.016,0.));
#610 = VECTOR('',#611,1.);
#611 = DIRECTION('',(0.,-1.,0.));
#612 = PLANE('',#613);
#613 = AXIS2_PLACEMENT_3D('',#614,#615,#616);
#614 = CARTESIAN_POINT('',(-1.27,1.016,0.));
#615 = DIRECTION('',(1.,0.,0.));
#616 = DIRECTION('',(0.,-1.,0.));
#617 = ADVANCED_FACE('',(#618,#805,#839,#873,#907),#941,.F.);
#618 = FACE_BOUND('',#619,.F.);
#619 = EDGE_LOOP('',(#620,#621,#622,#630,#638,#646,#654,#662,#670,#678,
    #686,#694,#702,#710,#718,#726,#734,#742,#750,#758,#766,#774,#782,
    #790,#798,#804));
#620 = ORIENTED_EDGE('',*,*,#545,.T.);
#621 = ORIENTED_EDGE('',*,*,#607,.T.);
#622 = ORIENTED_EDGE('',*,*,#623,.T.);
#623 = EDGE_CURVE('',#600,#624,#626,.T.);
#624 = VERTEX_POINT('',#625);
#625 = CARTESIAN_POINT('',(-1.016,-1.27,0.));
#626 = LINE('',#627,#628);
#627 = CARTESIAN_POINT('',(-1.27,-1.016,0.));
#628 = VECTOR('',#629,1.);
#629 = DIRECTION('',(0.707106781187,-0.707106781187,0.));
#630 = ORIENTED_EDGE('',*,*,#631,.T.);
#631 = EDGE_CURVE('',#624,#632,#634,.T.);
#632 = VERTEX_POINT('',#633);
#633 = CARTESIAN_POINT('',(-1.27,-1.524,0.));
#634 = LINE('',#635,#636);
#635 = CARTESIAN_POINT('',(-1.016,-1.27,0.));
#636 = VECTOR('',#637,1.);
#637 = DIRECTION('',(-0.707106781187,-0.707106781187,0.));
#638 = ORIENTED_EDGE('',*,*,#639,.T.);
#639 = EDGE_CURVE('',#632,#640,#642,.T.);
#640 = VERTEX_POINT('',#641);
#641 = CARTESIAN_POINT('',(-1.27,-3.556,0.));
#642 = LINE('',#643,#644);
#643 = CARTESIAN_POINT('',(-1.27,-1.524,0.));
#644 = VECTOR('',#645,1.);
#645 = DIRECTION('',(0.,-1.,0.));
#646 = ORIENTED_EDGE('',*,*,#647,.T.);
#647 = EDGE_CURVE('',#640,#648,#650,.T.);
#648 = VERTEX_POINT('',#649);
#649 = CARTESIAN_POINT('',(-1.016,-3.81,0.));
#650 = LINE('',#651,#652);
#651 = CARTESIAN_POINT('',(-1.27,-3.556,0.));
#652 = VECTOR('',#653,1.);
#653 = DIRECTION('',(0.707106781187,-0.707106781187,0.));
#654 = ORIENTED_EDGE('',*,*,#655,.T.);
#655 = EDGE_CURVE('',#648,#656,#658,.T.);
#656 = VERTEX_POINT('',#657);
#657 = CARTESIAN_POINT('',(-1.27,-4.064,0.));
#658 = LINE('',#659,#660);
#659 = CARTESIAN_POINT('',(-1.016,-3.81,0.));
#660 = VECTOR('',#661,1.);
#661 = DIRECTION('',(-0.707106781187,-0.707106781187,0.));
#662 = ORIENTED_EDGE('',*,*,#663,.T.);
#663 = EDGE_CURVE('',#656,#664,#666,.T.);
#664 = VERTEX_POINT('',#665);
#665 = CARTESIAN_POINT('',(-1.27,-6.096,0.));
#666 = LINE('',#667,#668);
#667 = CARTESIAN_POINT('',(-1.27,-4.064,0.));
#668 = VECTOR('',#669,1.);
#669 = DIRECTION('',(0.,-1.,0.));
#670 = ORIENTED_EDGE('',*,*,#671,.T.);
#671 = EDGE_CURVE('',#664,#672,#674,.T.);
#672 = VERTEX_POINT('',#673);
#673 = CARTESIAN_POINT('',(-1.016,-6.35,0.));
#674 = LINE('',#675,#676);
#675 = CARTESIAN_POINT('',(-1.27,-6.096,0.));
#676 = VECTOR('',#677,1.);
#677 = DIRECTION('',(0.707106781187,-0.707106781187,0.));
#678 = ORIENTED_EDGE('',*,*,#679,.T.);
#679 = EDGE_CURVE('',#672,#680,#682,.T.);
#680 = VERTEX_POINT('',#681);
#681 = CARTESIAN_POINT('',(-1.27,-6.604,0.));
#682 = LINE('',#683,#684);
#683 = CARTESIAN_POINT('',(-1.016,-6.35,0.));
#684 = VECTOR('',#685,1.);
#685 = DIRECTION('',(-0.707106781187,-0.707106781187,0.));
#686 = ORIENTED_EDGE('',*,*,#687,.T.);
#687 = EDGE_CURVE('',#680,#688,#690,.T.);
#688 = VERTEX_POINT('',#689);
#689 = CARTESIAN_POINT('',(-1.27,-8.636,0.));
#690 = LINE('',#691,#692);
#691 = CARTESIAN_POINT('',(-1.27,-6.604,0.));
#692 = VECTOR('',#693,1.);
#693 = DIRECTION('',(0.,-1.,0.));
#694 = ORIENTED_EDGE('',*,*,#695,.T.);
#695 = EDGE_CURVE('',#688,#696,#698,.T.);
#696 = VERTEX_POINT('',#697);
#697 = CARTESIAN_POINT('',(-1.016,-8.89,0.));
#698 = LINE('',#699,#700);
#699 = CARTESIAN_POINT('',(-1.27,-8.636,0.));
#700 = VECTOR('',#701,1.);
#701 = DIRECTION('',(0.707106781187,-0.707106781187,0.));
#702 = ORIENTED_EDGE('',*,*,#703,.T.);
#703 = EDGE_CURVE('',#696,#704,#706,.T.);
#704 = VERTEX_POINT('',#705);
#705 = CARTESIAN_POINT('',(1.016,-8.89,0.));
#706 = LINE('',#707,#708);
#707 = CARTESIAN_POINT('',(-1.016,-8.89,0.));
#708 = VECTOR('',#709,1.);
#709 = DIRECTION('',(1.,0.,0.));
#710 = ORIENTED_EDGE('',*,*,#711,.T.);
#711 = EDGE_CURVE('',#704,#712,#714,.T.);
#712 = VERTEX_POINT('',#713);
#713 = CARTESIAN_POINT('',(1.27,-8.636,0.));
#714 = LINE('',#715,#716);
#715 = CARTESIAN_POINT('',(1.016,-8.89,0.));
#716 = VECTOR('',#717,1.);
#717 = DIRECTION('',(0.707106781187,0.707106781187,0.));
#718 = ORIENTED_EDGE('',*,*,#719,.T.);
#719 = EDGE_CURVE('',#712,#720,#722,.T.);
#720 = VERTEX_POINT('',#721);
#721 = CARTESIAN_POINT('',(1.27,-6.604,0.));
#722 = LINE('',#723,#724);
#723 = CARTESIAN_POINT('',(1.27,-8.636,0.));
#724 = VECTOR('',#725,1.);
#725 = DIRECTION('',(0.,1.,0.));
#726 = ORIENTED_EDGE('',*,*,#727,.T.);
#727 = EDGE_CURVE('',#720,#728,#730,.T.);
#728 = VERTEX_POINT('',#729);
#729 = CARTESIAN_POINT('',(1.016,-6.35,0.));
#730 = LINE('',#731,#732);
#731 = CARTESIAN_POINT('',(1.27,-6.604,0.));
#732 = VECTOR('',#733,1.);
#733 = DIRECTION('',(-0.707106781187,0.707106781187,0.));
#734 = ORIENTED_EDGE('',*,*,#735,.T.);
#735 = EDGE_CURVE('',#728,#736,#738,.T.);
#736 = VERTEX_POINT('',#737);
#737 = CARTESIAN_POINT('',(1.27,-6.096,0.));
#738 = LINE('',#739,#740);
#739 = CARTESIAN_POINT('',(1.016,-6.35,0.));
#740 = VECTOR('',#741,1.);
#741 = DIRECTION('',(0.707106781187,0.707106781187,0.));
#742 = ORIENTED_EDGE('',*,*,#743,.T.);
#743 = EDGE_CURVE('',#736,#744,#746,.T.);
#744 = VERTEX_POINT('',#745);
#745 = CARTESIAN_POINT('',(1.27,-4.064,0.));
#746 = LINE('',#747,#748);
#747 = CARTESIAN_POINT('',(1.27,-6.096,0.));
#748 = VECTOR('',#749,1.);
#749 = DIRECTION('',(0.,1.,0.));
#750 = ORIENTED_EDGE('',*,*,#751,.T.);
#751 = EDGE_CURVE('',#744,#752,#754,.T.);
#752 = VERTEX_POINT('',#753);
#753 = CARTESIAN_POINT('',(1.016,-3.81,0.));
#754 = LINE('',#755,#756);
#755 = CARTESIAN_POINT('',(1.27,-4.064,0.));
#756 = VECTOR('',#757,1.);
#757 = DIRECTION('',(-0.707106781187,0.707106781187,0.));
#758 = ORIENTED_EDGE('',*,*,#759,.T.);
#759 = EDGE_CURVE('',#752,#760,#762,.T.);
#760 = VERTEX_POINT('',#761);
#761 = CARTESIAN_POINT('',(1.27,-3.556,0.));
#762 = LINE('',#763,#764);
#763 = CARTESIAN_POINT('',(1.016,-3.81,0.));
#764 = VECTOR('',#765,1.);
#765 = DIRECTION('',(0.707106781187,0.707106781187,0.));
#766 = ORIENTED_EDGE('',*,*,#767,.T.);
#767 = EDGE_CURVE('',#760,#768,#770,.T.);
#768 = VERTEX_POINT('',#769);
#769 = CARTESIAN_POINT('',(1.27,-1.524,0.));
#770 = LINE('',#771,#772);
#771 = CARTESIAN_POINT('',(1.27,-3.556,0.));
#772 = VECTOR('',#773,1.);
#773 = DIRECTION('',(0.,1.,0.));
#774 = ORIENTED_EDGE('',*,*,#775,.T.);
#775 = EDGE_CURVE('',#768,#776,#778,.T.);
#776 = VERTEX_POINT('',#777);
#777 = CARTESIAN_POINT('',(1.016,-1.27,0.));
#778 = LINE('',#779,#780);
#779 = CARTESIAN_POINT('',(1.27,-1.524,0.));
#780 = VECTOR('',#781,1.);
#781 = DIRECTION('',(-0.707106781187,0.707106781187,0.));
#782 = ORIENTED_EDGE('',*,*,#783,.T.);
#783 = EDGE_CURVE('',#776,#784,#786,.T.);
#784 = VERTEX_POINT('',#785);
#785 = CARTESIAN_POINT('',(1.27,-1.016,0.));
#786 = LINE('',#787,#788);
#787 = CARTESIAN_POINT('',(1.016,-1.27,0.));
#788 = VECTOR('',#789,1.);
#789 = DIRECTION('',(0.707106781187,0.707106781187,0.));
#790 = ORIENTED_EDGE('',*,*,#791,.T.);
#791 = EDGE_CURVE('',#784,#792,#794,.T.);
#792 = VERTEX_POINT('',#793);
#793 = CARTESIAN_POINT('',(1.27,1.016,0.));
#794 = LINE('',#795,#796);
#795 = CARTESIAN_POINT('',(1.27,-1.016,0.));
#796 = VECTOR('',#797,1.);
#797 = DIRECTION('',(0.,1.,0.));
#798 = ORIENTED_EDGE('',*,*,#799,.T.);
#799 = EDGE_CURVE('',#792,#560,#800,.T.);
#800 = LINE('',#801,#802);
#801 = CARTESIAN_POINT('',(1.27,1.016,0.));
#802 = VECTOR('',#803,1.);
#803 = DIRECTION('',(-0.707106781187,0.707106781187,0.));
#804 = ORIENTED_EDGE('',*,*,#576,.T.);
#805 = FACE_BOUND('',#806,.F.);
#806 = EDGE_LOOP('',(#807,#817,#825,#833));
#807 = ORIENTED_EDGE('',*,*,#808,.F.);
#808 = EDGE_CURVE('',#809,#811,#813,.T.);
#809 = VERTEX_POINT('',#810);
#810 = CARTESIAN_POINT('',(0.32,-4.76,0.));
#811 = VERTEX_POINT('',#812);
#812 = CARTESIAN_POINT('',(-0.32,-4.76,0.));
#813 = LINE('',#814,#815);
#814 = CARTESIAN_POINT('',(-0.16,-4.76,0.));
#815 = VECTOR('',#816,1.);
#816 = DIRECTION('',(-1.,0.,0.));
#817 = ORIENTED_EDGE('',*,*,#818,.F.);
#818 = EDGE_CURVE('',#819,#809,#821,.T.);
#819 = VERTEX_POINT('',#820);
#820 = CARTESIAN_POINT('',(0.32,-5.4,0.));
#821 = LINE('',#822,#823);
#822 = CARTESIAN_POINT('',(0.32,-4.605,0.));
#823 = VECTOR('',#824,1.);
#824 = DIRECTION('',(0.,1.,0.));
#825 = ORIENTED_EDGE('',*,*,#826,.T.);
#826 = EDGE_CURVE('',#819,#827,#829,.T.);
#827 = VERTEX_POINT('',#828);
#828 = CARTESIAN_POINT('',(-0.32,-5.4,0.));
#829 = LINE('',#830,#831);
#830 = CARTESIAN_POINT('',(-0.16,-5.4,0.));
#831 = VECTOR('',#832,1.);
#832 = DIRECTION('',(-1.,0.,0.));
#833 = ORIENTED_EDGE('',*,*,#834,.T.);
#834 = EDGE_CURVE('',#827,#811,#835,.T.);
#835 = LINE('',#836,#837);
#836 = CARTESIAN_POINT('',(-0.32,-4.605,0.));
#837 = VECTOR('',#838,1.);
#838 = DIRECTION('',(0.,1.,0.));
#839 = FACE_BOUND('',#840,.F.);
#840 = EDGE_LOOP('',(#841,#851,#859,#867));
#841 = ORIENTED_EDGE('',*,*,#842,.F.);
#842 = EDGE_CURVE('',#843,#845,#847,.T.);
#843 = VERTEX_POINT('',#844);
#844 = CARTESIAN_POINT('',(0.32,-7.94,0.));
#845 = VERTEX_POINT('',#846);
#846 = CARTESIAN_POINT('',(0.32,-7.3,0.));
#847 = LINE('',#848,#849);
#848 = CARTESIAN_POINT('',(0.32,-5.875,0.));
#849 = VECTOR('',#850,1.);
#850 = DIRECTION('',(0.,1.,0.));
#851 = ORIENTED_EDGE('',*,*,#852,.T.);
#852 = EDGE_CURVE('',#843,#853,#855,.T.);
#853 = VERTEX_POINT('',#854);
#854 = CARTESIAN_POINT('',(-0.32,-7.94,0.));
#855 = LINE('',#856,#857);
#856 = CARTESIAN_POINT('',(-0.16,-7.94,0.));
#857 = VECTOR('',#858,1.);
#858 = DIRECTION('',(-1.,0.,0.));
#859 = ORIENTED_EDGE('',*,*,#860,.T.);
#860 = EDGE_CURVE('',#853,#861,#863,.T.);
#861 = VERTEX_POINT('',#862);
#862 = CARTESIAN_POINT('',(-0.32,-7.3,0.));
#863 = LINE('',#864,#865);
#864 = CARTESIAN_POINT('',(-0.32,-5.875,0.));
#865 = VECTOR('',#866,1.);
#866 = DIRECTION('',(0.,1.,0.));
#867 = ORIENTED_EDGE('',*,*,#868,.F.);
#868 = EDGE_CURVE('',#845,#861,#869,.T.);
#869 = LINE('',#870,#871);
#870 = CARTESIAN_POINT('',(-0.16,-7.3,0.));
#871 = VECTOR('',#872,1.);
#872 = DIRECTION('',(-1.,0.,0.));
#873 = FACE_BOUND('',#874,.F.);
#874 = EDGE_LOOP('',(#875,#885,#893,#901));
#875 = ORIENTED_EDGE('',*,*,#876,.F.);
#876 = EDGE_CURVE('',#877,#879,#881,.T.);
#877 = VERTEX_POINT('',#878);
#878 = CARTESIAN_POINT('',(0.32,-0.32,0.));
#879 = VERTEX_POINT('',#880);
#880 = CARTESIAN_POINT('',(0.32,0.32,0.));
#881 = LINE('',#882,#883);
#882 = CARTESIAN_POINT('',(0.32,-2.065,0.));
#883 = VECTOR('',#884,1.);
#884 = DIRECTION('',(0.,1.,0.));
#885 = ORIENTED_EDGE('',*,*,#886,.T.);
#886 = EDGE_CURVE('',#877,#887,#889,.T.);
#887 = VERTEX_POINT('',#888);
#888 = CARTESIAN_POINT('',(-0.32,-0.32,0.));
#889 = LINE('',#890,#891);
#890 = CARTESIAN_POINT('',(-0.16,-0.32,0.));
#891 = VECTOR('',#892,1.);
#892 = DIRECTION('',(-1.,0.,0.));
#893 = ORIENTED_EDGE('',*,*,#894,.T.);
#894 = EDGE_CURVE('',#887,#895,#897,.T.);
#895 = VERTEX_POINT('',#896);
#896 = CARTESIAN_POINT('',(-0.32,0.32,0.));
#897 = LINE('',#898,#899);
#898 = CARTESIAN_POINT('',(-0.32,-2.065,0.));
#899 = VECTOR('',#900,1.);
#900 = DIRECTION('',(0.,1.,0.));
#901 = ORIENTED_EDGE('',*,*,#902,.F.);
#902 = EDGE_CURVE('',#879,#895,#903,.T.);
#903 = LINE('',#904,#905);
#904 = CARTESIAN_POINT('',(-0.16,0.32,0.));
#905 = VECTOR('',#906,1.);
#906 = DIRECTION('',(-1.,0.,0.));
#907 = FACE_BOUND('',#908,.F.);
#908 = EDGE_LOOP('',(#909,#919,#927,#935));
#909 = ORIENTED_EDGE('',*,*,#910,.F.);
#910 = EDGE_CURVE('',#911,#913,#915,.T.);
#911 = VERTEX_POINT('',#912);
#912 = CARTESIAN_POINT('',(0.32,-2.22,0.));
#913 = VERTEX_POINT('',#914);
#914 = CARTESIAN_POINT('',(-0.32,-2.22,0.));
#915 = LINE('',#916,#917);
#916 = CARTESIAN_POINT('',(-0.16,-2.22,0.));
#917 = VECTOR('',#918,1.);
#918 = DIRECTION('',(-1.,0.,0.));
#919 = ORIENTED_EDGE('',*,*,#920,.F.);
#920 = EDGE_CURVE('',#921,#911,#923,.T.);
#921 = VERTEX_POINT('',#922);
#922 = CARTESIAN_POINT('',(0.32,-2.86,0.));
#923 = LINE('',#924,#925);
#924 = CARTESIAN_POINT('',(0.32,-3.335,0.));
#925 = VECTOR('',#926,1.);
#926 = DIRECTION('',(0.,1.,0.));
#927 = ORIENTED_EDGE('',*,*,#928,.T.);
#928 = EDGE_CURVE('',#921,#929,#931,.T.);
#929 = VERTEX_POINT('',#930);
#930 = CARTESIAN_POINT('',(-0.32,-2.86,0.));
#931 = LINE('',#932,#933);
#932 = CARTESIAN_POINT('',(-0.16,-2.86,0.));
#933 = VECTOR('',#934,1.);
#934 = DIRECTION('',(-1.,0.,0.));
#935 = ORIENTED_EDGE('',*,*,#936,.T.);
#936 = EDGE_CURVE('',#929,#913,#937,.T.);
#937 = LINE('',#938,#939);
#938 = CARTESIAN_POINT('',(-0.32,-3.335,0.));
#939 = VECTOR('',#940,1.);
#940 = DIRECTION('',(0.,1.,0.));
#941 = PLANE('',#942);
#942 = AXIS2_PLACEMENT_3D('',#943,#944,#945);
#943 = CARTESIAN_POINT('',(4.259053689278E-17,-3.81,0.));
#944 = DIRECTION('',(0.,0.,1.));
#945 = DIRECTION('',(1.,0.,-0.));
#946 = ADVANCED_FACE('',(#947,#1134,#1168,#1202,#1236),#1270,.T.);
#947 = FACE_BOUND('',#948,.T.);
#948 = EDGE_LOOP('',(#949,#950,#951,#959,#967,#975,#983,#991,#999,#1007,
    #1015,#1023,#1031,#1039,#1047,#1055,#1063,#1071,#1079,#1087,#1095,
    #1103,#1111,#1119,#1127,#1133));
#949 = ORIENTED_EDGE('',*,*,#529,.T.);
#950 = ORIENTED_EDGE('',*,*,#591,.T.);
#951 = ORIENTED_EDGE('',*,*,#952,.T.);
#952 = EDGE_CURVE('',#592,#953,#955,.T.);
#953 = VERTEX_POINT('',#954);
#954 = CARTESIAN_POINT('',(-1.016,-1.27,2.54));
#955 = LINE('',#956,#957);
#956 = CARTESIAN_POINT('',(-1.27,-1.016,2.54));
#957 = VECTOR('',#958,1.);
#958 = DIRECTION('',(0.707106781187,-0.707106781187,0.));
#959 = ORIENTED_EDGE('',*,*,#960,.T.);
#960 = EDGE_CURVE('',#953,#961,#963,.T.);
#961 = VERTEX_POINT('',#962);
#962 = CARTESIAN_POINT('',(-1.27,-1.524,2.54));
#963 = LINE('',#964,#965);
#964 = CARTESIAN_POINT('',(-1.016,-1.27,2.54));
#965 = VECTOR('',#966,1.);
#966 = DIRECTION('',(-0.707106781187,-0.707106781187,0.));
#967 = ORIENTED_EDGE('',*,*,#968,.T.);
#968 = EDGE_CURVE('',#961,#969,#971,.T.);
#969 = VERTEX_POINT('',#970);
#970 = CARTESIAN_POINT('',(-1.27,-3.556,2.54));
#971 = LINE('',#972,#973);
#972 = CARTESIAN_POINT('',(-1.27,-1.524,2.54));
#973 = VECTOR('',#974,1.);
#974 = DIRECTION('',(0.,-1.,0.));
#975 = ORIENTED_EDGE('',*,*,#976,.T.);
#976 = EDGE_CURVE('',#969,#977,#979,.T.);
#977 = VERTEX_POINT('',#978);
#978 = CARTESIAN_POINT('',(-1.016,-3.81,2.54));
#979 = LINE('',#980,#981);
#980 = CARTESIAN_POINT('',(-1.27,-3.556,2.54));
#981 = VECTOR('',#982,1.);
#982 = DIRECTION('',(0.707106781187,-0.707106781187,0.));
#983 = ORIENTED_EDGE('',*,*,#984,.T.);
#984 = EDGE_CURVE('',#977,#985,#987,.T.);
#985 = VERTEX_POINT('',#986);
#986 = CARTESIAN_POINT('',(-1.27,-4.064,2.54));
#987 = LINE('',#988,#989);
#988 = CARTESIAN_POINT('',(-1.016,-3.81,2.54));
#989 = VECTOR('',#990,1.);
#990 = DIRECTION('',(-0.707106781187,-0.707106781187,0.));
#991 = ORIENTED_EDGE('',*,*,#992,.T.);
#992 = EDGE_CURVE('',#985,#993,#995,.T.);
#993 = VERTEX_POINT('',#994);
#994 = CARTESIAN_POINT('',(-1.27,-6.096,2.54));
#995 = LINE('',#996,#997);
#996 = CARTESIAN_POINT('',(-1.27,-4.064,2.54));
#997 = VECTOR('',#998,1.);
#998 = DIRECTION('',(0.,-1.,0.));
#999 = ORIENTED_EDGE('',*,*,#1000,.T.);
#1000 = EDGE_CURVE('',#993,#1001,#1003,.T.);
#1001 = VERTEX_POINT('',#1002);
#1002 = CARTESIAN_POINT('',(-1.016,-6.35,2.54));
#1003 = LINE('',#1004,#1005);
#1004 = CARTESIAN_POINT('',(-1.27,-6.096,2.54));
#1005 = VECTOR('',#1006,1.);
#1006 = DIRECTION('',(0.707106781187,-0.707106781187,0.));
#1007 = ORIENTED_EDGE('',*,*,#1008,.T.);
#1008 = EDGE_CURVE('',#1001,#1009,#1011,.T.);
#1009 = VERTEX_POINT('',#1010);
#1010 = CARTESIAN_POINT('',(-1.27,-6.604,2.54));
#1011 = LINE('',#1012,#1013);
#1012 = CARTESIAN_POINT('',(-1.016,-6.35,2.54));
#1013 = VECTOR('',#1014,1.);
#1014 = DIRECTION('',(-0.707106781187,-0.707106781187,0.));
#1015 = ORIENTED_EDGE('',*,*,#1016,.T.);
#1016 = EDGE_CURVE('',#1009,#1017,#1019,.T.);
#1017 = VERTEX_POINT('',#1018);
#1018 = CARTESIAN_POINT('',(-1.27,-8.636,2.54));
#1019 = LINE('',#1020,#1021);
#1020 = CARTESIAN_POINT('',(-1.27,-6.604,2.54));
#1021 = VECTOR('',#1022,1.);
#1022 = DIRECTION('',(0.,-1.,0.));
#1023 = ORIENTED_EDGE('',*,*,#1024,.T.);
#1024 = EDGE_CURVE('',#1017,#1025,#1027,.T.);
#1025 = VERTEX_POINT('',#1026);
#1026 = CARTESIAN_POINT('',(-1.016,-8.89,2.54));
#1027 = LINE('',#1028,#1029);
#1028 = CARTESIAN_POINT('',(-1.27,-8.636,2.54));
#1029 = VECTOR('',#1030,1.);
#1030 = DIRECTION('',(0.707106781187,-0.707106781187,0.));
#1031 = ORIENTED_EDGE('',*,*,#1032,.T.);
#1032 = EDGE_CURVE('',#1025,#1033,#1035,.T.);
#1033 = VERTEX_POINT('',#1034);
#1034 = CARTESIAN_POINT('',(1.016,-8.89,2.54));
#1035 = LINE('',#1036,#1037);
#1036 = CARTESIAN_POINT('',(-1.016,-8.89,2.54));
#1037 = VECTOR('',#1038,1.);
#1038 = DIRECTION('',(1.,0.,0.));
#1039 = ORIENTED_EDGE('',*,*,#1040,.T.);
#1040 = EDGE_CURVE('',#1033,#1041,#1043,.T.);
#1041 = VERTEX_POINT('',#1042);
#1042 = CARTESIAN_POINT('',(1.27,-8.636,2.54));
#1043 = LINE('',#1044,#1045);
#1044 = CARTESIAN_POINT('',(1.016,-8.89,2.54));
#1045 = VECTOR('',#1046,1.);
#1046 = DIRECTION('',(0.707106781187,0.707106781187,0.));
#1047 = ORIENTED_EDGE('',*,*,#1048,.T.);
#1048 = EDGE_CURVE('',#1041,#1049,#1051,.T.);
#1049 = VERTEX_POINT('',#1050);
#1050 = CARTESIAN_POINT('',(1.27,-6.604,2.54));
#1051 = LINE('',#1052,#1053);
#1052 = CARTESIAN_POINT('',(1.27,-8.636,2.54));
#1053 = VECTOR('',#1054,1.);
#1054 = DIRECTION('',(0.,1.,0.));
#1055 = ORIENTED_EDGE('',*,*,#1056,.T.);
#1056 = EDGE_CURVE('',#1049,#1057,#1059,.T.);
#1057 = VERTEX_POINT('',#1058);
#1058 = CARTESIAN_POINT('',(1.016,-6.35,2.54));
#1059 = LINE('',#1060,#1061);
#1060 = CARTESIAN_POINT('',(1.27,-6.604,2.54));
#1061 = VECTOR('',#1062,1.);
#1062 = DIRECTION('',(-0.707106781187,0.707106781187,0.));
#1063 = ORIENTED_EDGE('',*,*,#1064,.T.);
#1064 = EDGE_CURVE('',#1057,#1065,#1067,.T.);
#1065 = VERTEX_POINT('',#1066);
#1066 = CARTESIAN_POINT('',(1.27,-6.096,2.54));
#1067 = LINE('',#1068,#1069);
#1068 = CARTESIAN_POINT('',(1.016,-6.35,2.54));
#1069 = VECTOR('',#1070,1.);
#1070 = DIRECTION('',(0.707106781187,0.707106781187,0.));
#1071 = ORIENTED_EDGE('',*,*,#1072,.T.);
#1072 = EDGE_CURVE('',#1065,#1073,#1075,.T.);
#1073 = VERTEX_POINT('',#1074);
#1074 = CARTESIAN_POINT('',(1.27,-4.064,2.54));
#1075 = LINE('',#1076,#1077);
#1076 = CARTESIAN_POINT('',(1.27,-6.096,2.54));
#1077 = VECTOR('',#1078,1.);
#1078 = DIRECTION('',(0.,1.,0.));
#1079 = ORIENTED_EDGE('',*,*,#1080,.T.);
#1080 = EDGE_CURVE('',#1073,#1081,#1083,.T.);
#1081 = VERTEX_POINT('',#1082);
#1082 = CARTESIAN_POINT('',(1.016,-3.81,2.54));
#1083 = LINE('',#1084,#1085);
#1084 = CARTESIAN_POINT('',(1.27,-4.064,2.54));
#1085 = VECTOR('',#1086,1.);
#1086 = DIRECTION('',(-0.707106781187,0.707106781187,0.));
#1087 = ORIENTED_EDGE('',*,*,#1088,.T.);
#1088 = EDGE_CURVE('',#1081,#1089,#1091,.T.);
#1089 = VERTEX_POINT('',#1090);
#1090 = CARTESIAN_POINT('',(1.27,-3.556,2.54));
#1091 = LINE('',#1092,#1093);
#1092 = CARTESIAN_POINT('',(1.016,-3.81,2.54));
#1093 = VECTOR('',#1094,1.);
#1094 = DIRECTION('',(0.707106781187,0.707106781187,0.));
#1095 = ORIENTED_EDGE('',*,*,#1096,.T.);
#1096 = EDGE_CURVE('',#1089,#1097,#1099,.T.);
#1097 = VERTEX_POINT('',#1098);
#1098 = CARTESIAN_POINT('',(1.27,-1.524,2.54));
#1099 = LINE('',#1100,#1101);
#1100 = CARTESIAN_POINT('',(1.27,-3.556,2.54));
#1101 = VECTOR('',#1102,1.);
#1102 = DIRECTION('',(0.,1.,0.));
#1103 = ORIENTED_EDGE('',*,*,#1104,.T.);
#1104 = EDGE_CURVE('',#1097,#1105,#1107,.T.);
#1105 = VERTEX_POINT('',#1106);
#1106 = CARTESIAN_POINT('',(1.016,-1.27,2.54));
#1107 = LINE('',#1108,#1109);
#1108 = CARTESIAN_POINT('',(1.27,-1.524,2.54));
#1109 = VECTOR('',#1110,1.);
#1110 = DIRECTION('',(-0.707106781187,0.707106781187,0.));
#1111 = ORIENTED_EDGE('',*,*,#1112,.T.);
#1112 = EDGE_CURVE('',#1105,#1113,#1115,.T.);
#1113 = VERTEX_POINT('',#1114);
#1114 = CARTESIAN_POINT('',(1.27,-1.016,2.54));
#1115 = LINE('',#1116,#1117);
#1116 = CARTESIAN_POINT('',(1.016,-1.27,2.54));
#1117 = VECTOR('',#1118,1.);
#1118 = DIRECTION('',(0.707106781187,0.707106781187,0.));
#1119 = ORIENTED_EDGE('',*,*,#1120,.T.);
#1120 = EDGE_CURVE('',#1113,#1121,#1123,.T.);
#1121 = VERTEX_POINT('',#1122);
#1122 = CARTESIAN_POINT('',(1.27,1.016,2.54));
#1123 = LINE('',#1124,#1125);
#1124 = CARTESIAN_POINT('',(1.27,-1.016,2.54));
#1125 = VECTOR('',#1126,1.);
#1126 = DIRECTION('',(0.,1.,0.));
#1127 = ORIENTED_EDGE('',*,*,#1128,.T.);
#1128 = EDGE_CURVE('',#1121,#562,#1129,.T.);
#1129 = LINE('',#1130,#1131);
#1130 = CARTESIAN_POINT('',(1.27,1.016,2.54));
#1131 = VECTOR('',#1132,1.);
#1132 = DIRECTION('',(-0.707106781187,0.707106781187,0.));
#1133 = ORIENTED_EDGE('',*,*,#569,.T.);
#1134 = FACE_BOUND('',#1135,.T.);
#1135 = EDGE_LOOP('',(#1136,#1146,#1154,#1162));
#1136 = ORIENTED_EDGE('',*,*,#1137,.F.);
#1137 = EDGE_CURVE('',#1138,#1140,#1142,.T.);
#1138 = VERTEX_POINT('',#1139);
#1139 = CARTESIAN_POINT('',(0.32,-4.76,2.54));
#1140 = VERTEX_POINT('',#1141);
#1141 = CARTESIAN_POINT('',(-0.32,-4.76,2.54));
#1142 = LINE('',#1143,#1144);
#1143 = CARTESIAN_POINT('',(-0.16,-4.76,2.54));
#1144 = VECTOR('',#1145,1.);
#1145 = DIRECTION('',(-1.,0.,0.));
#1146 = ORIENTED_EDGE('',*,*,#1147,.F.);
#1147 = EDGE_CURVE('',#1148,#1138,#1150,.T.);
#1148 = VERTEX_POINT('',#1149);
#1149 = CARTESIAN_POINT('',(0.32,-5.4,2.54));
#1150 = LINE('',#1151,#1152);
#1151 = CARTESIAN_POINT('',(0.32,-4.605,2.54));
#1152 = VECTOR('',#1153,1.);
#1153 = DIRECTION('',(0.,1.,0.));
#1154 = ORIENTED_EDGE('',*,*,#1155,.T.);
#1155 = EDGE_CURVE('',#1148,#1156,#1158,.T.);
#1156 = VERTEX_POINT('',#1157);
#1157 = CARTESIAN_POINT('',(-0.32,-5.4,2.54));
#1158 = LINE('',#1159,#1160);
#1159 = CARTESIAN_POINT('',(-0.16,-5.4,2.54));
#1160 = VECTOR('',#1161,1.);
#1161 = DIRECTION('',(-1.,0.,0.));
#1162 = ORIENTED_EDGE('',*,*,#1163,.T.);
#1163 = EDGE_CURVE('',#1156,#1140,#1164,.T.);
#1164 = LINE('',#1165,#1166);
#1165 = CARTESIAN_POINT('',(-0.32,-4.605,2.54));
#1166 = VECTOR('',#1167,1.);
#1167 = DIRECTION('',(0.,1.,0.));
#1168 = FACE_BOUND('',#1169,.T.);
#1169 = EDGE_LOOP('',(#1170,#1180,#1188,#1196));
#1170 = ORIENTED_EDGE('',*,*,#1171,.F.);
#1171 = EDGE_CURVE('',#1172,#1174,#1176,.T.);
#1172 = VERTEX_POINT('',#1173);
#1173 = CARTESIAN_POINT('',(0.32,-7.94,2.54));
#1174 = VERTEX_POINT('',#1175);
#1175 = CARTESIAN_POINT('',(0.32,-7.3,2.54));
#1176 = LINE('',#1177,#1178);
#1177 = CARTESIAN_POINT('',(0.32,-5.875,2.54));
#1178 = VECTOR('',#1179,1.);
#1179 = DIRECTION('',(0.,1.,0.));
#1180 = ORIENTED_EDGE('',*,*,#1181,.T.);
#1181 = EDGE_CURVE('',#1172,#1182,#1184,.T.);
#1182 = VERTEX_POINT('',#1183);
#1183 = CARTESIAN_POINT('',(-0.32,-7.94,2.54));
#1184 = LINE('',#1185,#1186);
#1185 = CARTESIAN_POINT('',(-0.16,-7.94,2.54));
#1186 = VECTOR('',#1187,1.);
#1187 = DIRECTION('',(-1.,0.,0.));
#1188 = ORIENTED_EDGE('',*,*,#1189,.T.);
#1189 = EDGE_CURVE('',#1182,#1190,#1192,.T.);
#1190 = VERTEX_POINT('',#1191);
#1191 = CARTESIAN_POINT('',(-0.32,-7.3,2.54));
#1192 = LINE('',#1193,#1194);
#1193 = CARTESIAN_POINT('',(-0.32,-5.875,2.54));
#1194 = VECTOR('',#1195,1.);
#1195 = DIRECTION('',(0.,1.,0.));
#1196 = ORIENTED_EDGE('',*,*,#1197,.F.);
#1197 = EDGE_CURVE('',#1174,#1190,#1198,.T.);
#1198 = LINE('',#1199,#1200);
#1199 = CARTESIAN_POINT('',(-0.16,-7.3,2.54));
#1200 = VECTOR('',#1201,1.);
#1201 = DIRECTION('',(-1.,0.,0.));
#1202 = FACE_BOUND('',#1203,.T.);
#1203 = EDGE_LOOP('',(#1204,#1214,#1222,#1230));
#1204 = ORIENTED_EDGE('',*,*,#1205,.F.);
#1205 = EDGE_CURVE('',#1206,#1208,#1210,.T.);
#1206 = VERTEX_POINT('',#1207);
#1207 = CARTESIAN_POINT('',(0.32,-0.32,2.54));
#1208 = VERTEX_POINT('',#1209);
#1209 = CARTESIAN_POINT('',(0.32,0.32,2.54));
#1210 = LINE('',#1211,#1212);
#1211 = CARTESIAN_POINT('',(0.32,-2.065,2.54));
#1212 = VECTOR('',#1213,1.);
#1213 = DIRECTION('',(0.,1.,0.));
#1214 = ORIENTED_EDGE('',*,*,#1215,.T.);
#1215 = EDGE_CURVE('',#1206,#1216,#1218,.T.);
#1216 = VERTEX_POINT('',#1217);
#1217 = CARTESIAN_POINT('',(-0.32,-0.32,2.54));
#1218 = LINE('',#1219,#1220);
#1219 = CARTESIAN_POINT('',(-0.16,-0.32,2.54));
#1220 = VECTOR('',#1221,1.);
#1221 = DIRECTION('',(-1.,0.,0.));
#1222 = ORIENTED_EDGE('',*,*,#1223,.T.);
#1223 = EDGE_CURVE('',#1216,#1224,#1226,.T.);
#1224 = VERTEX_POINT('',#1225);
#1225 = CARTESIAN_POINT('',(-0.32,0.32,2.54));
#1226 = LINE('',#1227,#1228);
#1227 = CARTESIAN_POINT('',(-0.32,-2.065,2.54));
#1228 = VECTOR('',#1229,1.);
#1229 = DIRECTION('',(0.,1.,0.));
#1230 = ORIENTED_EDGE('',*,*,#1231,.F.);
#1231 = EDGE_CURVE('',#1208,#1224,#1232,.T.);
#1232 = LINE('',#1233,#1234);
#1233 = CARTESIAN_POINT('',(-0.16,0.32,2.54));
#1234 = VECTOR('',#1235,1.);
#1235 = DIRECTION('',(-1.,0.,0.));
#1236 = FACE_BOUND('',#1237,.T.);
#1237 = EDGE_LOOP('',(#1238,#1248,#1256,#1264));
#1238 = ORIENTED_EDGE('',*,*,#1239,.F.);
#1239 = EDGE_CURVE('',#1240,#1242,#1244,.T.);
#1240 = VERTEX_POINT('',#1241);
#1241 = CARTESIAN_POINT('',(0.32,-2.22,2.54));
#1242 = VERTEX_POINT('',#1243);
#1243 = CARTESIAN_POINT('',(-0.32,-2.22,2.54));
#1244 = LINE('',#1245,#1246);
#1245 = CARTESIAN_POINT('',(-0.16,-2.22,2.54));
#1246 = VECTOR('',#1247,1.);
#1247 = DIRECTION('',(-1.,0.,0.));
#1248 = ORIENTED_EDGE('',*,*,#1249,.F.);
#1249 = EDGE_CURVE('',#1250,#1240,#1252,.T.);
#1250 = VERTEX_POINT('',#1251);
#1251 = CARTESIAN_POINT('',(0.32,-2.86,2.54));
#1252 = LINE('',#1253,#1254);
#1253 = CARTESIAN_POINT('',(0.32,-3.335,2.54));
#1254 = VECTOR('',#1255,1.);
#1255 = DIRECTION('',(0.,1.,0.));
#1256 = ORIENTED_EDGE('',*,*,#1257,.T.);
#1257 = EDGE_CURVE('',#1250,#1258,#1260,.T.);
#1258 = VERTEX_POINT('',#1259);
#1259 = CARTESIAN_POINT('',(-0.32,-2.86,2.54));
#1260 = LINE('',#1261,#1262);
#1261 = CARTESIAN_POINT('',(-0.16,-2.86,2.54));
#1262 = VECTOR('',#1263,1.);
#1263 = DIRECTION('',(-1.,0.,0.));
#1264 = ORIENTED_EDGE('',*,*,#1265,.T.);
#1265 = EDGE_CURVE('',#1258,#1242,#1266,.T.);
#1266 = LINE('',#1267,#1268);
#1267 = CARTESIAN_POINT('',(-0.32,-3.335,2.54));
#1268 = VECTOR('',#1269,1.);
#1269 = DIRECTION('',(0.,1.,0.));
#1270 = PLANE('',#1271);
#1271 = AXIS2_PLACEMENT_3D('',#1272,#1273,#1274);
#1272 = CARTESIAN_POINT('',(4.259053689278E-17,-3.81,2.54));
#1273 = DIRECTION('',(0.,0.,1.));
#1274 = DIRECTION('',(1.,0.,-0.));
#1275 = ADVANCED_FACE('',(#1276),#1287,.F.);
#1276 = FACE_BOUND('',#1277,.F.);
#1277 = EDGE_LOOP('',(#1278,#1284,#1285,#1286));
#1278 = ORIENTED_EDGE('',*,*,#1279,.T.);
#1279 = EDGE_CURVE('',#792,#1121,#1280,.T.);
#1280 = LINE('',#1281,#1282);
#1281 = CARTESIAN_POINT('',(1.27,1.016,0.));
#1282 = VECTOR('',#1283,1.);
#1283 = DIRECTION('',(0.,0.,1.));
#1284 = ORIENTED_EDGE('',*,*,#1128,.T.);
#1285 = ORIENTED_EDGE('',*,*,#559,.F.);
#1286 = ORIENTED_EDGE('',*,*,#799,.F.);
#1287 = PLANE('',#1288);
#1288 = AXIS2_PLACEMENT_3D('',#1289,#1290,#1291);
#1289 = CARTESIAN_POINT('',(1.27,1.016,0.));
#1290 = DIRECTION('',(-0.707106781187,-0.707106781187,0.));
#1291 = DIRECTION('',(-0.707106781187,0.707106781187,0.));
#1292 = ADVANCED_FACE('',(#1293),#1304,.F.);
#1293 = FACE_BOUND('',#1294,.F.);
#1294 = EDGE_LOOP('',(#1295,#1296,#1297,#1303));
#1295 = ORIENTED_EDGE('',*,*,#599,.T.);
#1296 = ORIENTED_EDGE('',*,*,#952,.T.);
#1297 = ORIENTED_EDGE('',*,*,#1298,.F.);
#1298 = EDGE_CURVE('',#624,#953,#1299,.T.);
#1299 = LINE('',#1300,#1301);
#1300 = CARTESIAN_POINT('',(-1.016,-1.27,0.));
#1301 = VECTOR('',#1302,1.);
#1302 = DIRECTION('',(0.,0.,1.));
#1303 = ORIENTED_EDGE('',*,*,#623,.F.);
#1304 = PLANE('',#1305);
#1305 = AXIS2_PLACEMENT_3D('',#1306,#1307,#1308);
#1306 = CARTESIAN_POINT('',(-1.27,-1.016,0.));
#1307 = DIRECTION('',(0.707106781187,0.707106781187,0.));
#1308 = DIRECTION('',(0.707106781187,-0.707106781187,0.));
#1309 = ADVANCED_FACE('',(#1310),#1321,.F.);
#1310 = FACE_BOUND('',#1311,.F.);
#1311 = EDGE_LOOP('',(#1312,#1318,#1319,#1320));
#1312 = ORIENTED_EDGE('',*,*,#1313,.T.);
#1313 = EDGE_CURVE('',#784,#1113,#1314,.T.);
#1314 = LINE('',#1315,#1316);
#1315 = CARTESIAN_POINT('',(1.27,-1.016,0.));
#1316 = VECTOR('',#1317,1.);
#1317 = DIRECTION('',(0.,0.,1.));
#1318 = ORIENTED_EDGE('',*,*,#1120,.T.);
#1319 = ORIENTED_EDGE('',*,*,#1279,.F.);
#1320 = ORIENTED_EDGE('',*,*,#791,.F.);
#1321 = PLANE('',#1322);
#1322 = AXIS2_PLACEMENT_3D('',#1323,#1324,#1325);
#1323 = CARTESIAN_POINT('',(1.27,-1.016,0.));
#1324 = DIRECTION('',(-1.,0.,0.));
#1325 = DIRECTION('',(0.,1.,0.));
#1326 = ADVANCED_FACE('',(#1327),#1338,.F.);
#1327 = FACE_BOUND('',#1328,.F.);
#1328 = EDGE_LOOP('',(#1329,#1330,#1331,#1337));
#1329 = ORIENTED_EDGE('',*,*,#1298,.T.);
#1330 = ORIENTED_EDGE('',*,*,#960,.T.);
#1331 = ORIENTED_EDGE('',*,*,#1332,.F.);
#1332 = EDGE_CURVE('',#632,#961,#1333,.T.);
#1333 = LINE('',#1334,#1335);
#1334 = CARTESIAN_POINT('',(-1.27,-1.524,0.));
#1335 = VECTOR('',#1336,1.);
#1336 = DIRECTION('',(0.,0.,1.));
#1337 = ORIENTED_EDGE('',*,*,#631,.F.);
#1338 = PLANE('',#1339);
#1339 = AXIS2_PLACEMENT_3D('',#1340,#1341,#1342);
#1340 = CARTESIAN_POINT('',(-1.016,-1.27,0.));
#1341 = DIRECTION('',(0.707106781187,-0.707106781187,0.));
#1342 = DIRECTION('',(-0.707106781187,-0.707106781187,0.));
#1343 = ADVANCED_FACE('',(#1344),#1355,.F.);
#1344 = FACE_BOUND('',#1345,.F.);
#1345 = EDGE_LOOP('',(#1346,#1352,#1353,#1354));
#1346 = ORIENTED_EDGE('',*,*,#1347,.T.);
#1347 = EDGE_CURVE('',#776,#1105,#1348,.T.);
#1348 = LINE('',#1349,#1350);
#1349 = CARTESIAN_POINT('',(1.016,-1.27,0.));
#1350 = VECTOR('',#1351,1.);
#1351 = DIRECTION('',(0.,0.,1.));
#1352 = ORIENTED_EDGE('',*,*,#1112,.T.);
#1353 = ORIENTED_EDGE('',*,*,#1313,.F.);
#1354 = ORIENTED_EDGE('',*,*,#783,.F.);
#1355 = PLANE('',#1356);
#1356 = AXIS2_PLACEMENT_3D('',#1357,#1358,#1359);
#1357 = CARTESIAN_POINT('',(1.016,-1.27,0.));
#1358 = DIRECTION('',(-0.707106781187,0.707106781187,0.));
#1359 = DIRECTION('',(0.707106781187,0.707106781187,0.));
#1360 = ADVANCED_FACE('',(#1361),#1372,.F.);
#1361 = FACE_BOUND('',#1362,.F.);
#1362 = EDGE_LOOP('',(#1363,#1364,#1365,#1371));
#1363 = ORIENTED_EDGE('',*,*,#1332,.T.);
#1364 = ORIENTED_EDGE('',*,*,#968,.T.);
#1365 = ORIENTED_EDGE('',*,*,#1366,.F.);
#1366 = EDGE_CURVE('',#640,#969,#1367,.T.);
#1367 = LINE('',#1368,#1369);
#1368 = CARTESIAN_POINT('',(-1.27,-3.556,0.));
#1369 = VECTOR('',#1370,1.);
#1370 = DIRECTION('',(0.,0.,1.));
#1371 = ORIENTED_EDGE('',*,*,#639,.F.);
#1372 = PLANE('',#1373);
#1373 = AXIS2_PLACEMENT_3D('',#1374,#1375,#1376);
#1374 = CARTESIAN_POINT('',(-1.27,-1.524,0.));
#1375 = DIRECTION('',(1.,0.,0.));
#1376 = DIRECTION('',(0.,-1.,0.));
#1377 = ADVANCED_FACE('',(#1378),#1389,.F.);
#1378 = FACE_BOUND('',#1379,.F.);
#1379 = EDGE_LOOP('',(#1380,#1386,#1387,#1388));
#1380 = ORIENTED_EDGE('',*,*,#1381,.T.);
#1381 = EDGE_CURVE('',#768,#1097,#1382,.T.);
#1382 = LINE('',#1383,#1384);
#1383 = CARTESIAN_POINT('',(1.27,-1.524,0.));
#1384 = VECTOR('',#1385,1.);
#1385 = DIRECTION('',(0.,0.,1.));
#1386 = ORIENTED_EDGE('',*,*,#1104,.T.);
#1387 = ORIENTED_EDGE('',*,*,#1347,.F.);
#1388 = ORIENTED_EDGE('',*,*,#775,.F.);
#1389 = PLANE('',#1390);
#1390 = AXIS2_PLACEMENT_3D('',#1391,#1392,#1393);
#1391 = CARTESIAN_POINT('',(1.27,-1.524,0.));
#1392 = DIRECTION('',(-0.707106781187,-0.707106781187,0.));
#1393 = DIRECTION('',(-0.707106781187,0.707106781187,0.));
#1394 = ADVANCED_FACE('',(#1395),#1406,.F.);
#1395 = FACE_BOUND('',#1396,.F.);
#1396 = EDGE_LOOP('',(#1397,#1398,#1399,#1405));
#1397 = ORIENTED_EDGE('',*,*,#1366,.T.);
#1398 = ORIENTED_EDGE('',*,*,#976,.T.);
#1399 = ORIENTED_EDGE('',*,*,#1400,.F.);
#1400 = EDGE_CURVE('',#648,#977,#1401,.T.);
#1401 = LINE('',#1402,#1403);
#1402 = CARTESIAN_POINT('',(-1.016,-3.81,0.));
#1403 = VECTOR('',#1404,1.);
#1404 = DIRECTION('',(0.,0.,1.));
#1405 = ORIENTED_EDGE('',*,*,#647,.F.);
#1406 = PLANE('',#1407);
#1407 = AXIS2_PLACEMENT_3D('',#1408,#1409,#1410);
#1408 = CARTESIAN_POINT('',(-1.27,-3.556,0.));
#1409 = DIRECTION('',(0.707106781187,0.707106781187,0.));
#1410 = DIRECTION('',(0.707106781187,-0.707106781187,0.));
#1411 = ADVANCED_FACE('',(#1412),#1423,.F.);
#1412 = FACE_BOUND('',#1413,.F.);
#1413 = EDGE_LOOP('',(#1414,#1420,#1421,#1422));
#1414 = ORIENTED_EDGE('',*,*,#1415,.T.);
#1415 = EDGE_CURVE('',#760,#1089,#1416,.T.);
#1416 = LINE('',#1417,#1418);
#1417 = CARTESIAN_POINT('',(1.27,-3.556,0.));
#1418 = VECTOR('',#1419,1.);
#1419 = DIRECTION('',(0.,0.,1.));
#1420 = ORIENTED_EDGE('',*,*,#1096,.T.);
#1421 = ORIENTED_EDGE('',*,*,#1381,.F.);
#1422 = ORIENTED_EDGE('',*,*,#767,.F.);
#1423 = PLANE('',#1424);
#1424 = AXIS2_PLACEMENT_3D('',#1425,#1426,#1427);
#1425 = CARTESIAN_POINT('',(1.27,-3.556,0.));
#1426 = DIRECTION('',(-1.,0.,0.));
#1427 = DIRECTION('',(0.,1.,0.));
#1428 = ADVANCED_FACE('',(#1429),#1440,.F.);
#1429 = FACE_BOUND('',#1430,.F.);
#1430 = EDGE_LOOP('',(#1431,#1432,#1433,#1439));
#1431 = ORIENTED_EDGE('',*,*,#1400,.T.);
#1432 = ORIENTED_EDGE('',*,*,#984,.T.);
#1433 = ORIENTED_EDGE('',*,*,#1434,.F.);
#1434 = EDGE_CURVE('',#656,#985,#1435,.T.);
#1435 = LINE('',#1436,#1437);
#1436 = CARTESIAN_POINT('',(-1.27,-4.064,0.));
#1437 = VECTOR('',#1438,1.);
#1438 = DIRECTION('',(0.,0.,1.));
#1439 = ORIENTED_EDGE('',*,*,#655,.F.);
#1440 = PLANE('',#1441);
#1441 = AXIS2_PLACEMENT_3D('',#1442,#1443,#1444);
#1442 = CARTESIAN_POINT('',(-1.016,-3.81,0.));
#1443 = DIRECTION('',(0.707106781187,-0.707106781187,0.));
#1444 = DIRECTION('',(-0.707106781187,-0.707106781187,0.));
#1445 = ADVANCED_FACE('',(#1446),#1457,.F.);
#1446 = FACE_BOUND('',#1447,.F.);
#1447 = EDGE_LOOP('',(#1448,#1454,#1455,#1456));
#1448 = ORIENTED_EDGE('',*,*,#1449,.T.);
#1449 = EDGE_CURVE('',#752,#1081,#1450,.T.);
#1450 = LINE('',#1451,#1452);
#1451 = CARTESIAN_POINT('',(1.016,-3.81,0.));
#1452 = VECTOR('',#1453,1.);
#1453 = DIRECTION('',(0.,0.,1.));
#1454 = ORIENTED_EDGE('',*,*,#1088,.T.);
#1455 = ORIENTED_EDGE('',*,*,#1415,.F.);
#1456 = ORIENTED_EDGE('',*,*,#759,.F.);
#1457 = PLANE('',#1458);
#1458 = AXIS2_PLACEMENT_3D('',#1459,#1460,#1461);
#1459 = CARTESIAN_POINT('',(1.016,-3.81,0.));
#1460 = DIRECTION('',(-0.707106781187,0.707106781187,0.));
#1461 = DIRECTION('',(0.707106781187,0.707106781187,0.));
#1462 = ADVANCED_FACE('',(#1463),#1474,.F.);
#1463 = FACE_BOUND('',#1464,.F.);
#1464 = EDGE_LOOP('',(#1465,#1466,#1467,#1473));
#1465 = ORIENTED_EDGE('',*,*,#1434,.T.);
#1466 = ORIENTED_EDGE('',*,*,#992,.T.);
#1467 = ORIENTED_EDGE('',*,*,#1468,.F.);
#1468 = EDGE_CURVE('',#664,#993,#1469,.T.);
#1469 = LINE('',#1470,#1471);
#1470 = CARTESIAN_POINT('',(-1.27,-6.096,0.));
#1471 = VECTOR('',#1472,1.);
#1472 = DIRECTION('',(0.,0.,1.));
#1473 = ORIENTED_EDGE('',*,*,#663,.F.);
#1474 = PLANE('',#1475);
#1475 = AXIS2_PLACEMENT_3D('',#1476,#1477,#1478);
#1476 = CARTESIAN_POINT('',(-1.27,-4.064,0.));
#1477 = DIRECTION('',(1.,0.,0.));
#1478 = DIRECTION('',(0.,-1.,0.));
#1479 = ADVANCED_FACE('',(#1480),#1491,.F.);
#1480 = FACE_BOUND('',#1481,.F.);
#1481 = EDGE_LOOP('',(#1482,#1488,#1489,#1490));
#1482 = ORIENTED_EDGE('',*,*,#1483,.T.);
#1483 = EDGE_CURVE('',#744,#1073,#1484,.T.);
#1484 = LINE('',#1485,#1486);
#1485 = CARTESIAN_POINT('',(1.27,-4.064,0.));
#1486 = VECTOR('',#1487,1.);
#1487 = DIRECTION('',(0.,0.,1.));
#1488 = ORIENTED_EDGE('',*,*,#1080,.T.);
#1489 = ORIENTED_EDGE('',*,*,#1449,.F.);
#1490 = ORIENTED_EDGE('',*,*,#751,.F.);
#1491 = PLANE('',#1492);
#1492 = AXIS2_PLACEMENT_3D('',#1493,#1494,#1495);
#1493 = CARTESIAN_POINT('',(1.27,-4.064,0.));
#1494 = DIRECTION('',(-0.707106781187,-0.707106781187,0.));
#1495 = DIRECTION('',(-0.707106781187,0.707106781187,0.));
#1496 = ADVANCED_FACE('',(#1497),#1508,.F.);
#1497 = FACE_BOUND('',#1498,.F.);
#1498 = EDGE_LOOP('',(#1499,#1500,#1501,#1507));
#1499 = ORIENTED_EDGE('',*,*,#1468,.T.);
#1500 = ORIENTED_EDGE('',*,*,#1000,.T.);
#1501 = ORIENTED_EDGE('',*,*,#1502,.F.);
#1502 = EDGE_CURVE('',#672,#1001,#1503,.T.);
#1503 = LINE('',#1504,#1505);
#1504 = CARTESIAN_POINT('',(-1.016,-6.35,0.));
#1505 = VECTOR('',#1506,1.);
#1506 = DIRECTION('',(0.,0.,1.));
#1507 = ORIENTED_EDGE('',*,*,#671,.F.);
#1508 = PLANE('',#1509);
#1509 = AXIS2_PLACEMENT_3D('',#1510,#1511,#1512);
#1510 = CARTESIAN_POINT('',(-1.27,-6.096,0.));
#1511 = DIRECTION('',(0.707106781187,0.707106781187,0.));
#1512 = DIRECTION('',(0.707106781187,-0.707106781187,0.));
#1513 = ADVANCED_FACE('',(#1514),#1525,.F.);
#1514 = FACE_BOUND('',#1515,.F.);
#1515 = EDGE_LOOP('',(#1516,#1522,#1523,#1524));
#1516 = ORIENTED_EDGE('',*,*,#1517,.T.);
#1517 = EDGE_CURVE('',#736,#1065,#1518,.T.);
#1518 = LINE('',#1519,#1520);
#1519 = CARTESIAN_POINT('',(1.27,-6.096,0.));
#1520 = VECTOR('',#1521,1.);
#1521 = DIRECTION('',(0.,0.,1.));
#1522 = ORIENTED_EDGE('',*,*,#1072,.T.);
#1523 = ORIENTED_EDGE('',*,*,#1483,.F.);
#1524 = ORIENTED_EDGE('',*,*,#743,.F.);
#1525 = PLANE('',#1526);
#1526 = AXIS2_PLACEMENT_3D('',#1527,#1528,#1529);
#1527 = CARTESIAN_POINT('',(1.27,-6.096,0.));
#1528 = DIRECTION('',(-1.,0.,0.));
#1529 = DIRECTION('',(0.,1.,0.));
#1530 = ADVANCED_FACE('',(#1531),#1542,.F.);
#1531 = FACE_BOUND('',#1532,.F.);
#1532 = EDGE_LOOP('',(#1533,#1534,#1535,#1541));
#1533 = ORIENTED_EDGE('',*,*,#1502,.T.);
#1534 = ORIENTED_EDGE('',*,*,#1008,.T.);
#1535 = ORIENTED_EDGE('',*,*,#1536,.F.);
#1536 = EDGE_CURVE('',#680,#1009,#1537,.T.);
#1537 = LINE('',#1538,#1539);
#1538 = CARTESIAN_POINT('',(-1.27,-6.604,0.));
#1539 = VECTOR('',#1540,1.);
#1540 = DIRECTION('',(0.,0.,1.));
#1541 = ORIENTED_EDGE('',*,*,#679,.F.);
#1542 = PLANE('',#1543);
#1543 = AXIS2_PLACEMENT_3D('',#1544,#1545,#1546);
#1544 = CARTESIAN_POINT('',(-1.016,-6.35,0.));
#1545 = DIRECTION('',(0.707106781187,-0.707106781187,0.));
#1546 = DIRECTION('',(-0.707106781187,-0.707106781187,0.));
#1547 = ADVANCED_FACE('',(#1548),#1559,.F.);
#1548 = FACE_BOUND('',#1549,.F.);
#1549 = EDGE_LOOP('',(#1550,#1556,#1557,#1558));
#1550 = ORIENTED_EDGE('',*,*,#1551,.T.);
#1551 = EDGE_CURVE('',#728,#1057,#1552,.T.);
#1552 = LINE('',#1553,#1554);
#1553 = CARTESIAN_POINT('',(1.016,-6.35,0.));
#1554 = VECTOR('',#1555,1.);
#1555 = DIRECTION('',(0.,0.,1.));
#1556 = ORIENTED_EDGE('',*,*,#1064,.T.);
#1557 = ORIENTED_EDGE('',*,*,#1517,.F.);
#1558 = ORIENTED_EDGE('',*,*,#735,.F.);
#1559 = PLANE('',#1560);
#1560 = AXIS2_PLACEMENT_3D('',#1561,#1562,#1563);
#1561 = CARTESIAN_POINT('',(1.016,-6.35,0.));
#1562 = DIRECTION('',(-0.707106781187,0.707106781187,0.));
#1563 = DIRECTION('',(0.707106781187,0.707106781187,0.));
#1564 = ADVANCED_FACE('',(#1565),#1576,.F.);
#1565 = FACE_BOUND('',#1566,.F.);
#1566 = EDGE_LOOP('',(#1567,#1568,#1569,#1575));
#1567 = ORIENTED_EDGE('',*,*,#1536,.T.);
#1568 = ORIENTED_EDGE('',*,*,#1016,.T.);
#1569 = ORIENTED_EDGE('',*,*,#1570,.F.);
#1570 = EDGE_CURVE('',#688,#1017,#1571,.T.);
#1571 = LINE('',#1572,#1573);
#1572 = CARTESIAN_POINT('',(-1.27,-8.636,0.));
#1573 = VECTOR('',#1574,1.);
#1574 = DIRECTION('',(0.,0.,1.));
#1575 = ORIENTED_EDGE('',*,*,#687,.F.);
#1576 = PLANE('',#1577);
#1577 = AXIS2_PLACEMENT_3D('',#1578,#1579,#1580);
#1578 = CARTESIAN_POINT('',(-1.27,-6.604,0.));
#1579 = DIRECTION('',(1.,0.,0.));
#1580 = DIRECTION('',(0.,-1.,0.));
#1581 = ADVANCED_FACE('',(#1582),#1593,.F.);
#1582 = FACE_BOUND('',#1583,.F.);
#1583 = EDGE_LOOP('',(#1584,#1590,#1591,#1592));
#1584 = ORIENTED_EDGE('',*,*,#1585,.T.);
#1585 = EDGE_CURVE('',#720,#1049,#1586,.T.);
#1586 = LINE('',#1587,#1588);
#1587 = CARTESIAN_POINT('',(1.27,-6.604,0.));
#1588 = VECTOR('',#1589,1.);
#1589 = DIRECTION('',(0.,0.,1.));
#1590 = ORIENTED_EDGE('',*,*,#1056,.T.);
#1591 = ORIENTED_EDGE('',*,*,#1551,.F.);
#1592 = ORIENTED_EDGE('',*,*,#727,.F.);
#1593 = PLANE('',#1594);
#1594 = AXIS2_PLACEMENT_3D('',#1595,#1596,#1597);
#1595 = CARTESIAN_POINT('',(1.27,-6.604,0.));
#1596 = DIRECTION('',(-0.707106781187,-0.707106781187,0.));
#1597 = DIRECTION('',(-0.707106781187,0.707106781187,0.));
#1598 = ADVANCED_FACE('',(#1599),#1610,.F.);
#1599 = FACE_BOUND('',#1600,.F.);
#1600 = EDGE_LOOP('',(#1601,#1602,#1603,#1609));
#1601 = ORIENTED_EDGE('',*,*,#1570,.T.);
#1602 = ORIENTED_EDGE('',*,*,#1024,.T.);
#1603 = ORIENTED_EDGE('',*,*,#1604,.F.);
#1604 = EDGE_CURVE('',#696,#1025,#1605,.T.);
#1605 = LINE('',#1606,#1607);
#1606 = CARTESIAN_POINT('',(-1.016,-8.89,0.));
#1607 = VECTOR('',#1608,1.);
#1608 = DIRECTION('',(0.,0.,1.));
#1609 = ORIENTED_EDGE('',*,*,#695,.F.);
#1610 = PLANE('',#1611);
#1611 = AXIS2_PLACEMENT_3D('',#1612,#1613,#1614);
#1612 = CARTESIAN_POINT('',(-1.27,-8.636,0.));
#1613 = DIRECTION('',(0.707106781187,0.707106781187,0.));
#1614 = DIRECTION('',(0.707106781187,-0.707106781187,0.));
#1615 = ADVANCED_FACE('',(#1616),#1627,.F.);
#1616 = FACE_BOUND('',#1617,.F.);
#1617 = EDGE_LOOP('',(#1618,#1624,#1625,#1626));
#1618 = ORIENTED_EDGE('',*,*,#1619,.T.);
#1619 = EDGE_CURVE('',#712,#1041,#1620,.T.);
#1620 = LINE('',#1621,#1622);
#1621 = CARTESIAN_POINT('',(1.27,-8.636,0.));
#1622 = VECTOR('',#1623,1.);
#1623 = DIRECTION('',(0.,0.,1.));
#1624 = ORIENTED_EDGE('',*,*,#1048,.T.);
#1625 = ORIENTED_EDGE('',*,*,#1585,.F.);
#1626 = ORIENTED_EDGE('',*,*,#719,.F.);
#1627 = PLANE('',#1628);
#1628 = AXIS2_PLACEMENT_3D('',#1629,#1630,#1631);
#1629 = CARTESIAN_POINT('',(1.27,-8.636,0.));
#1630 = DIRECTION('',(-1.,0.,0.));
#1631 = DIRECTION('',(0.,1.,0.));
#1632 = ADVANCED_FACE('',(#1633),#1644,.F.);
#1633 = FACE_BOUND('',#1634,.F.);
#1634 = EDGE_LOOP('',(#1635,#1636,#1637,#1643));
#1635 = ORIENTED_EDGE('',*,*,#1604,.T.);
#1636 = ORIENTED_EDGE('',*,*,#1032,.T.);
#1637 = ORIENTED_EDGE('',*,*,#1638,.F.);
#1638 = EDGE_CURVE('',#704,#1033,#1639,.T.);
#1639 = LINE('',#1640,#1641);
#1640 = CARTESIAN_POINT('',(1.016,-8.89,0.));
#1641 = VECTOR('',#1642,1.);
#1642 = DIRECTION('',(0.,0.,1.));
#1643 = ORIENTED_EDGE('',*,*,#703,.F.);
#1644 = PLANE('',#1645);
#1645 = AXIS2_PLACEMENT_3D('',#1646,#1647,#1648);
#1646 = CARTESIAN_POINT('',(-1.016,-8.89,0.));
#1647 = DIRECTION('',(0.,1.,0.));
#1648 = DIRECTION('',(1.,0.,0.));
#1649 = ADVANCED_FACE('',(#1650),#1656,.F.);
#1650 = FACE_BOUND('',#1651,.F.);
#1651 = EDGE_LOOP('',(#1652,#1653,#1654,#1655));
#1652 = ORIENTED_EDGE('',*,*,#1638,.T.);
#1653 = ORIENTED_EDGE('',*,*,#1040,.T.);
#1654 = ORIENTED_EDGE('',*,*,#1619,.F.);
#1655 = ORIENTED_EDGE('',*,*,#711,.F.);
#1656 = PLANE('',#1657);
#1657 = AXIS2_PLACEMENT_3D('',#1658,#1659,#1660);
#1658 = CARTESIAN_POINT('',(1.016,-8.89,0.));
#1659 = DIRECTION('',(-0.707106781187,0.707106781187,0.));
#1660 = DIRECTION('',(0.707106781187,0.707106781187,0.));
#1661 = ADVANCED_FACE('',(#1662),#1687,.T.);
#1662 = FACE_BOUND('',#1663,.T.);
#1663 = EDGE_LOOP('',(#1664,#1672,#1680,#1686));
#1664 = ORIENTED_EDGE('',*,*,#1665,.F.);
#1665 = EDGE_CURVE('',#1666,#809,#1668,.T.);
#1666 = VERTEX_POINT('',#1667);
#1667 = CARTESIAN_POINT('',(0.32,-4.76,-2.84));
#1668 = LINE('',#1669,#1670);
#1669 = CARTESIAN_POINT('',(0.32,-4.76,-3.));
#1670 = VECTOR('',#1671,1.);
#1671 = DIRECTION('',(0.,0.,1.));
#1672 = ORIENTED_EDGE('',*,*,#1673,.F.);
#1673 = EDGE_CURVE('',#1674,#1666,#1676,.T.);
#1674 = VERTEX_POINT('',#1675);
#1675 = CARTESIAN_POINT('',(-0.32,-4.76,-2.84));
#1676 = LINE('',#1677,#1678);
#1677 = CARTESIAN_POINT('',(-0.32,-4.76,-2.84));
#1678 = VECTOR('',#1679,1.);
#1679 = DIRECTION('',(1.,0.,0.));
#1680 = ORIENTED_EDGE('',*,*,#1681,.T.);
#1681 = EDGE_CURVE('',#1674,#811,#1682,.T.);
#1682 = LINE('',#1683,#1684);
#1683 = CARTESIAN_POINT('',(-0.32,-4.76,-3.));
#1684 = VECTOR('',#1685,1.);
#1685 = DIRECTION('',(0.,0.,1.));
#1686 = ORIENTED_EDGE('',*,*,#808,.F.);
#1687 = PLANE('',#1688);
#1688 = AXIS2_PLACEMENT_3D('',#1689,#1690,#1691);
#1689 = CARTESIAN_POINT('',(-0.32,-4.76,-3.));
#1690 = DIRECTION('',(0.,1.,0.));
#1691 = DIRECTION('',(0.,-0.,1.));
#1692 = ADVANCED_FACE('',(#1693),#1711,.F.);
#1693 = FACE_BOUND('',#1694,.F.);
#1694 = EDGE_LOOP('',(#1695,#1703,#1709,#1710));
#1695 = ORIENTED_EDGE('',*,*,#1696,.F.);
#1696 = EDGE_CURVE('',#1697,#827,#1699,.T.);
#1697 = VERTEX_POINT('',#1698);
#1698 = CARTESIAN_POINT('',(-0.32,-5.4,-2.84));
#1699 = LINE('',#1700,#1701);
#1700 = CARTESIAN_POINT('',(-0.32,-5.4,-3.));
#1701 = VECTOR('',#1702,1.);
#1702 = DIRECTION('',(0.,0.,1.));
#1703 = ORIENTED_EDGE('',*,*,#1704,.T.);
#1704 = EDGE_CURVE('',#1697,#1674,#1705,.T.);
#1705 = LINE('',#1706,#1707);
#1706 = CARTESIAN_POINT('',(-0.32,-5.4,-2.84));
#1707 = VECTOR('',#1708,1.);
#1708 = DIRECTION('',(0.,1.,0.));
#1709 = ORIENTED_EDGE('',*,*,#1681,.T.);
#1710 = ORIENTED_EDGE('',*,*,#834,.F.);
#1711 = PLANE('',#1712);
#1712 = AXIS2_PLACEMENT_3D('',#1713,#1714,#1715);
#1713 = CARTESIAN_POINT('',(-0.32,-5.4,-3.));
#1714 = DIRECTION('',(1.,0.,0.));
#1715 = DIRECTION('',(0.,0.,1.));
#1716 = ADVANCED_FACE('',(#1717),#1735,.F.);
#1717 = FACE_BOUND('',#1718,.F.);
#1718 = EDGE_LOOP('',(#1719,#1727,#1733,#1734));
#1719 = ORIENTED_EDGE('',*,*,#1720,.F.);
#1720 = EDGE_CURVE('',#1721,#819,#1723,.T.);
#1721 = VERTEX_POINT('',#1722);
#1722 = CARTESIAN_POINT('',(0.32,-5.4,-2.84));
#1723 = LINE('',#1724,#1725);
#1724 = CARTESIAN_POINT('',(0.32,-5.4,-3.));
#1725 = VECTOR('',#1726,1.);
#1726 = DIRECTION('',(0.,0.,1.));
#1727 = ORIENTED_EDGE('',*,*,#1728,.F.);
#1728 = EDGE_CURVE('',#1697,#1721,#1729,.T.);
#1729 = LINE('',#1730,#1731);
#1730 = CARTESIAN_POINT('',(-0.32,-5.4,-2.84));
#1731 = VECTOR('',#1732,1.);
#1732 = DIRECTION('',(1.,0.,0.));
#1733 = ORIENTED_EDGE('',*,*,#1696,.T.);
#1734 = ORIENTED_EDGE('',*,*,#826,.F.);
#1735 = PLANE('',#1736);
#1736 = AXIS2_PLACEMENT_3D('',#1737,#1738,#1739);
#1737 = CARTESIAN_POINT('',(-0.32,-5.4,-3.));
#1738 = DIRECTION('',(0.,1.,0.));
#1739 = DIRECTION('',(0.,-0.,1.));
#1740 = ADVANCED_FACE('',(#1741),#1752,.T.);
#1741 = FACE_BOUND('',#1742,.T.);
#1742 = EDGE_LOOP('',(#1743,#1744,#1750,#1751));
#1743 = ORIENTED_EDGE('',*,*,#1720,.F.);
#1744 = ORIENTED_EDGE('',*,*,#1745,.T.);
#1745 = EDGE_CURVE('',#1721,#1666,#1746,.T.);
#1746 = LINE('',#1747,#1748);
#1747 = CARTESIAN_POINT('',(0.32,-5.4,-2.84));
#1748 = VECTOR('',#1749,1.);
#1749 = DIRECTION('',(0.,1.,0.));
#1750 = ORIENTED_EDGE('',*,*,#1665,.T.);
#1751 = ORIENTED_EDGE('',*,*,#818,.F.);
#1752 = PLANE('',#1753);
#1753 = AXIS2_PLACEMENT_3D('',#1754,#1755,#1756);
#1754 = CARTESIAN_POINT('',(0.32,-5.4,-3.));
#1755 = DIRECTION('',(1.,0.,0.));
#1756 = DIRECTION('',(0.,0.,1.));
#1757 = ADVANCED_FACE('',(#1758),#1783,.T.);
#1758 = FACE_BOUND('',#1759,.T.);
#1759 = EDGE_LOOP('',(#1760,#1768,#1776,#1782));
#1760 = ORIENTED_EDGE('',*,*,#1761,.F.);
#1761 = EDGE_CURVE('',#1762,#843,#1764,.T.);
#1762 = VERTEX_POINT('',#1763);
#1763 = CARTESIAN_POINT('',(0.32,-7.94,-2.84));
#1764 = LINE('',#1765,#1766);
#1765 = CARTESIAN_POINT('',(0.32,-7.94,-3.));
#1766 = VECTOR('',#1767,1.);
#1767 = DIRECTION('',(0.,0.,1.));
#1768 = ORIENTED_EDGE('',*,*,#1769,.T.);
#1769 = EDGE_CURVE('',#1762,#1770,#1772,.T.);
#1770 = VERTEX_POINT('',#1771);
#1771 = CARTESIAN_POINT('',(0.32,-7.3,-2.84));
#1772 = LINE('',#1773,#1774);
#1773 = CARTESIAN_POINT('',(0.32,-7.94,-2.84));
#1774 = VECTOR('',#1775,1.);
#1775 = DIRECTION('',(0.,1.,0.));
#1776 = ORIENTED_EDGE('',*,*,#1777,.T.);
#1777 = EDGE_CURVE('',#1770,#845,#1778,.T.);
#1778 = LINE('',#1779,#1780);
#1779 = CARTESIAN_POINT('',(0.32,-7.3,-3.));
#1780 = VECTOR('',#1781,1.);
#1781 = DIRECTION('',(0.,0.,1.));
#1782 = ORIENTED_EDGE('',*,*,#842,.F.);
#1783 = PLANE('',#1784);
#1784 = AXIS2_PLACEMENT_3D('',#1785,#1786,#1787);
#1785 = CARTESIAN_POINT('',(0.32,-7.94,-3.));
#1786 = DIRECTION('',(1.,0.,0.));
#1787 = DIRECTION('',(0.,0.,1.));
#1788 = ADVANCED_FACE('',(#1789),#1807,.T.);
#1789 = FACE_BOUND('',#1790,.T.);
#1790 = EDGE_LOOP('',(#1791,#1792,#1800,#1806));
#1791 = ORIENTED_EDGE('',*,*,#1777,.F.);
#1792 = ORIENTED_EDGE('',*,*,#1793,.F.);
#1793 = EDGE_CURVE('',#1794,#1770,#1796,.T.);
#1794 = VERTEX_POINT('',#1795);
#1795 = CARTESIAN_POINT('',(-0.32,-7.3,-2.84));
#1796 = LINE('',#1797,#1798);
#1797 = CARTESIAN_POINT('',(-0.32,-7.3,-2.84));
#1798 = VECTOR('',#1799,1.);
#1799 = DIRECTION('',(1.,0.,0.));
#1800 = ORIENTED_EDGE('',*,*,#1801,.T.);
#1801 = EDGE_CURVE('',#1794,#861,#1802,.T.);
#1802 = LINE('',#1803,#1804);
#1803 = CARTESIAN_POINT('',(-0.32,-7.3,-3.));
#1804 = VECTOR('',#1805,1.);
#1805 = DIRECTION('',(0.,0.,1.));
#1806 = ORIENTED_EDGE('',*,*,#868,.F.);
#1807 = PLANE('',#1808);
#1808 = AXIS2_PLACEMENT_3D('',#1809,#1810,#1811);
#1809 = CARTESIAN_POINT('',(-0.32,-7.3,-3.));
#1810 = DIRECTION('',(0.,1.,0.));
#1811 = DIRECTION('',(0.,-0.,1.));
#1812 = ADVANCED_FACE('',(#1813),#1831,.F.);
#1813 = FACE_BOUND('',#1814,.F.);
#1814 = EDGE_LOOP('',(#1815,#1823,#1829,#1830));
#1815 = ORIENTED_EDGE('',*,*,#1816,.F.);
#1816 = EDGE_CURVE('',#1817,#853,#1819,.T.);
#1817 = VERTEX_POINT('',#1818);
#1818 = CARTESIAN_POINT('',(-0.32,-7.94,-2.84));
#1819 = LINE('',#1820,#1821);
#1820 = CARTESIAN_POINT('',(-0.32,-7.94,-3.));
#1821 = VECTOR('',#1822,1.);
#1822 = DIRECTION('',(0.,0.,1.));
#1823 = ORIENTED_EDGE('',*,*,#1824,.T.);
#1824 = EDGE_CURVE('',#1817,#1794,#1825,.T.);
#1825 = LINE('',#1826,#1827);
#1826 = CARTESIAN_POINT('',(-0.32,-7.94,-2.84));
#1827 = VECTOR('',#1828,1.);
#1828 = DIRECTION('',(0.,1.,0.));
#1829 = ORIENTED_EDGE('',*,*,#1801,.T.);
#1830 = ORIENTED_EDGE('',*,*,#860,.F.);
#1831 = PLANE('',#1832);
#1832 = AXIS2_PLACEMENT_3D('',#1833,#1834,#1835);
#1833 = CARTESIAN_POINT('',(-0.32,-7.94,-3.));
#1834 = DIRECTION('',(1.,0.,0.));
#1835 = DIRECTION('',(0.,0.,1.));
#1836 = ADVANCED_FACE('',(#1837),#1848,.F.);
#1837 = FACE_BOUND('',#1838,.F.);
#1838 = EDGE_LOOP('',(#1839,#1840,#1846,#1847));
#1839 = ORIENTED_EDGE('',*,*,#1761,.F.);
#1840 = ORIENTED_EDGE('',*,*,#1841,.F.);
#1841 = EDGE_CURVE('',#1817,#1762,#1842,.T.);
#1842 = LINE('',#1843,#1844);
#1843 = CARTESIAN_POINT('',(-0.32,-7.94,-2.84));
#1844 = VECTOR('',#1845,1.);
#1845 = DIRECTION('',(1.,0.,0.));
#1846 = ORIENTED_EDGE('',*,*,#1816,.T.);
#1847 = ORIENTED_EDGE('',*,*,#852,.F.);
#1848 = PLANE('',#1849);
#1849 = AXIS2_PLACEMENT_3D('',#1850,#1851,#1852);
#1850 = CARTESIAN_POINT('',(-0.32,-7.94,-3.));
#1851 = DIRECTION('',(0.,1.,0.));
#1852 = DIRECTION('',(0.,-0.,1.));
#1853 = ADVANCED_FACE('',(#1854),#1879,.T.);
#1854 = FACE_BOUND('',#1855,.T.);
#1855 = EDGE_LOOP('',(#1856,#1864,#1872,#1878));
#1856 = ORIENTED_EDGE('',*,*,#1857,.F.);
#1857 = EDGE_CURVE('',#1858,#877,#1860,.T.);
#1858 = VERTEX_POINT('',#1859);
#1859 = CARTESIAN_POINT('',(0.32,-0.32,-2.84));
#1860 = LINE('',#1861,#1862);
#1861 = CARTESIAN_POINT('',(0.32,-0.32,-3.));
#1862 = VECTOR('',#1863,1.);
#1863 = DIRECTION('',(0.,0.,1.));
#1864 = ORIENTED_EDGE('',*,*,#1865,.T.);
#1865 = EDGE_CURVE('',#1858,#1866,#1868,.T.);
#1866 = VERTEX_POINT('',#1867);
#1867 = CARTESIAN_POINT('',(0.32,0.32,-2.84));
#1868 = LINE('',#1869,#1870);
#1869 = CARTESIAN_POINT('',(0.32,-0.32,-2.84));
#1870 = VECTOR('',#1871,1.);
#1871 = DIRECTION('',(0.,1.,0.));
#1872 = ORIENTED_EDGE('',*,*,#1873,.T.);
#1873 = EDGE_CURVE('',#1866,#879,#1874,.T.);
#1874 = LINE('',#1875,#1876);
#1875 = CARTESIAN_POINT('',(0.32,0.32,-3.));
#1876 = VECTOR('',#1877,1.);
#1877 = DIRECTION('',(0.,0.,1.));
#1878 = ORIENTED_EDGE('',*,*,#876,.F.);
#1879 = PLANE('',#1880);
#1880 = AXIS2_PLACEMENT_3D('',#1881,#1882,#1883);
#1881 = CARTESIAN_POINT('',(0.32,-0.32,-3.));
#1882 = DIRECTION('',(1.,0.,0.));
#1883 = DIRECTION('',(0.,0.,1.));
#1884 = ADVANCED_FACE('',(#1885),#1903,.T.);
#1885 = FACE_BOUND('',#1886,.T.);
#1886 = EDGE_LOOP('',(#1887,#1888,#1896,#1902));
#1887 = ORIENTED_EDGE('',*,*,#1873,.F.);
#1888 = ORIENTED_EDGE('',*,*,#1889,.F.);
#1889 = EDGE_CURVE('',#1890,#1866,#1892,.T.);
#1890 = VERTEX_POINT('',#1891);
#1891 = CARTESIAN_POINT('',(-0.32,0.32,-2.84));
#1892 = LINE('',#1893,#1894);
#1893 = CARTESIAN_POINT('',(-0.32,0.32,-2.84));
#1894 = VECTOR('',#1895,1.);
#1895 = DIRECTION('',(1.,0.,0.));
#1896 = ORIENTED_EDGE('',*,*,#1897,.T.);
#1897 = EDGE_CURVE('',#1890,#895,#1898,.T.);
#1898 = LINE('',#1899,#1900);
#1899 = CARTESIAN_POINT('',(-0.32,0.32,-3.));
#1900 = VECTOR('',#1901,1.);
#1901 = DIRECTION('',(0.,0.,1.));
#1902 = ORIENTED_EDGE('',*,*,#902,.F.);
#1903 = PLANE('',#1904);
#1904 = AXIS2_PLACEMENT_3D('',#1905,#1906,#1907);
#1905 = CARTESIAN_POINT('',(-0.32,0.32,-3.));
#1906 = DIRECTION('',(0.,1.,0.));
#1907 = DIRECTION('',(0.,-0.,1.));
#1908 = ADVANCED_FACE('',(#1909),#1927,.F.);
#1909 = FACE_BOUND('',#1910,.F.);
#1910 = EDGE_LOOP('',(#1911,#1919,#1925,#1926));
#1911 = ORIENTED_EDGE('',*,*,#1912,.F.);
#1912 = EDGE_CURVE('',#1913,#887,#1915,.T.);
#1913 = VERTEX_POINT('',#1914);
#1914 = CARTESIAN_POINT('',(-0.32,-0.32,-2.84));
#1915 = LINE('',#1916,#1917);
#1916 = CARTESIAN_POINT('',(-0.32,-0.32,-3.));
#1917 = VECTOR('',#1918,1.);
#1918 = DIRECTION('',(0.,0.,1.));
#1919 = ORIENTED_EDGE('',*,*,#1920,.T.);
#1920 = EDGE_CURVE('',#1913,#1890,#1921,.T.);
#1921 = LINE('',#1922,#1923);
#1922 = CARTESIAN_POINT('',(-0.32,-0.32,-2.84));
#1923 = VECTOR('',#1924,1.);
#1924 = DIRECTION('',(0.,1.,0.));
#1925 = ORIENTED_EDGE('',*,*,#1897,.T.);
#1926 = ORIENTED_EDGE('',*,*,#894,.F.);
#1927 = PLANE('',#1928);
#1928 = AXIS2_PLACEMENT_3D('',#1929,#1930,#1931);
#1929 = CARTESIAN_POINT('',(-0.32,-0.32,-3.));
#1930 = DIRECTION('',(1.,0.,0.));
#1931 = DIRECTION('',(0.,0.,1.));
#1932 = ADVANCED_FACE('',(#1933),#1944,.F.);
#1933 = FACE_BOUND('',#1934,.F.);
#1934 = EDGE_LOOP('',(#1935,#1936,#1942,#1943));
#1935 = ORIENTED_EDGE('',*,*,#1857,.F.);
#1936 = ORIENTED_EDGE('',*,*,#1937,.F.);
#1937 = EDGE_CURVE('',#1913,#1858,#1938,.T.);
#1938 = LINE('',#1939,#1940);
#1939 = CARTESIAN_POINT('',(-0.32,-0.32,-2.84));
#1940 = VECTOR('',#1941,1.);
#1941 = DIRECTION('',(1.,0.,0.));
#1942 = ORIENTED_EDGE('',*,*,#1912,.T.);
#1943 = ORIENTED_EDGE('',*,*,#886,.F.);
#1944 = PLANE('',#1945);
#1945 = AXIS2_PLACEMENT_3D('',#1946,#1947,#1948);
#1946 = CARTESIAN_POINT('',(-0.32,-0.32,-3.));
#1947 = DIRECTION('',(0.,1.,0.));
#1948 = DIRECTION('',(0.,-0.,1.));
#1949 = ADVANCED_FACE('',(#1950),#1975,.T.);
#1950 = FACE_BOUND('',#1951,.T.);
#1951 = EDGE_LOOP('',(#1952,#1960,#1968,#1974));
#1952 = ORIENTED_EDGE('',*,*,#1953,.F.);
#1953 = EDGE_CURVE('',#1954,#911,#1956,.T.);
#1954 = VERTEX_POINT('',#1955);
#1955 = CARTESIAN_POINT('',(0.32,-2.22,-2.84));
#1956 = LINE('',#1957,#1958);
#1957 = CARTESIAN_POINT('',(0.32,-2.22,-3.));
#1958 = VECTOR('',#1959,1.);
#1959 = DIRECTION('',(0.,0.,1.));
#1960 = ORIENTED_EDGE('',*,*,#1961,.F.);
#1961 = EDGE_CURVE('',#1962,#1954,#1964,.T.);
#1962 = VERTEX_POINT('',#1963);
#1963 = CARTESIAN_POINT('',(-0.32,-2.22,-2.84));
#1964 = LINE('',#1965,#1966);
#1965 = CARTESIAN_POINT('',(-0.32,-2.22,-2.84));
#1966 = VECTOR('',#1967,1.);
#1967 = DIRECTION('',(1.,0.,0.));
#1968 = ORIENTED_EDGE('',*,*,#1969,.T.);
#1969 = EDGE_CURVE('',#1962,#913,#1970,.T.);
#1970 = LINE('',#1971,#1972);
#1971 = CARTESIAN_POINT('',(-0.32,-2.22,-3.));
#1972 = VECTOR('',#1973,1.);
#1973 = DIRECTION('',(0.,0.,1.));
#1974 = ORIENTED_EDGE('',*,*,#910,.F.);
#1975 = PLANE('',#1976);
#1976 = AXIS2_PLACEMENT_3D('',#1977,#1978,#1979);
#1977 = CARTESIAN_POINT('',(-0.32,-2.22,-3.));
#1978 = DIRECTION('',(0.,1.,0.));
#1979 = DIRECTION('',(0.,-0.,1.));
#1980 = ADVANCED_FACE('',(#1981),#1999,.F.);
#1981 = FACE_BOUND('',#1982,.F.);
#1982 = EDGE_LOOP('',(#1983,#1991,#1997,#1998));
#1983 = ORIENTED_EDGE('',*,*,#1984,.F.);
#1984 = EDGE_CURVE('',#1985,#929,#1987,.T.);
#1985 = VERTEX_POINT('',#1986);
#1986 = CARTESIAN_POINT('',(-0.32,-2.86,-2.84));
#1987 = LINE('',#1988,#1989);
#1988 = CARTESIAN_POINT('',(-0.32,-2.86,-3.));
#1989 = VECTOR('',#1990,1.);
#1990 = DIRECTION('',(0.,0.,1.));
#1991 = ORIENTED_EDGE('',*,*,#1992,.T.);
#1992 = EDGE_CURVE('',#1985,#1962,#1993,.T.);
#1993 = LINE('',#1994,#1995);
#1994 = CARTESIAN_POINT('',(-0.32,-2.86,-2.84));
#1995 = VECTOR('',#1996,1.);
#1996 = DIRECTION('',(0.,1.,0.));
#1997 = ORIENTED_EDGE('',*,*,#1969,.T.);
#1998 = ORIENTED_EDGE('',*,*,#936,.F.);
#1999 = PLANE('',#2000);
#2000 = AXIS2_PLACEMENT_3D('',#2001,#2002,#2003);
#2001 = CARTESIAN_POINT('',(-0.32,-2.86,-3.));
#2002 = DIRECTION('',(1.,0.,0.));
#2003 = DIRECTION('',(0.,0.,1.));
#2004 = ADVANCED_FACE('',(#2005),#2023,.F.);
#2005 = FACE_BOUND('',#2006,.F.);
#2006 = EDGE_LOOP('',(#2007,#2015,#2021,#2022));
#2007 = ORIENTED_EDGE('',*,*,#2008,.F.);
#2008 = EDGE_CURVE('',#2009,#921,#2011,.T.);
#2009 = VERTEX_POINT('',#2010);
#2010 = CARTESIAN_POINT('',(0.32,-2.86,-2.84));
#2011 = LINE('',#2012,#2013);
#2012 = CARTESIAN_POINT('',(0.32,-2.86,-3.));
#2013 = VECTOR('',#2014,1.);
#2014 = DIRECTION('',(0.,0.,1.));
#2015 = ORIENTED_EDGE('',*,*,#2016,.F.);
#2016 = EDGE_CURVE('',#1985,#2009,#2017,.T.);
#2017 = LINE('',#2018,#2019);
#2018 = CARTESIAN_POINT('',(-0.32,-2.86,-2.84));
#2019 = VECTOR('',#2020,1.);
#2020 = DIRECTION('',(1.,0.,0.));
#2021 = ORIENTED_EDGE('',*,*,#1984,.T.);
#2022 = ORIENTED_EDGE('',*,*,#928,.F.);
#2023 = PLANE('',#2024);
#2024 = AXIS2_PLACEMENT_3D('',#2025,#2026,#2027);
#2025 = CARTESIAN_POINT('',(-0.32,-2.86,-3.));
#2026 = DIRECTION('',(0.,1.,0.));
#2027 = DIRECTION('',(0.,-0.,1.));
#2028 = ADVANCED_FACE('',(#2029),#2040,.T.);
#2029 = FACE_BOUND('',#2030,.T.);
#2030 = EDGE_LOOP('',(#2031,#2032,#2038,#2039));
#2031 = ORIENTED_EDGE('',*,*,#2008,.F.);
#2032 = ORIENTED_EDGE('',*,*,#2033,.T.);
#2033 = EDGE_CURVE('',#2009,#1954,#2034,.T.);
#2034 = LINE('',#2035,#2036);
#2035 = CARTESIAN_POINT('',(0.32,-2.86,-2.84));
#2036 = VECTOR('',#2037,1.);
#2037 = DIRECTION('',(0.,1.,0.));
#2038 = ORIENTED_EDGE('',*,*,#1953,.T.);
#2039 = ORIENTED_EDGE('',*,*,#920,.F.);
#2040 = PLANE('',#2041);
#2041 = AXIS2_PLACEMENT_3D('',#2042,#2043,#2044);
#2042 = CARTESIAN_POINT('',(0.32,-2.86,-3.));
#2043 = DIRECTION('',(1.,0.,0.));
#2044 = DIRECTION('',(0.,0.,1.));
#2045 = ADVANCED_FACE('',(#2046),#2071,.T.);
#2046 = FACE_BOUND('',#2047,.T.);
#2047 = EDGE_LOOP('',(#2048,#2056,#2057,#2065));
#2048 = ORIENTED_EDGE('',*,*,#2049,.F.);
#2049 = EDGE_CURVE('',#1138,#2050,#2052,.T.);
#2050 = VERTEX_POINT('',#2051);
#2051 = CARTESIAN_POINT('',(0.32,-4.76,8.38));
#2052 = LINE('',#2053,#2054);
#2053 = CARTESIAN_POINT('',(0.32,-4.76,-3.));
#2054 = VECTOR('',#2055,1.);
#2055 = DIRECTION('',(0.,0.,1.));
#2056 = ORIENTED_EDGE('',*,*,#1137,.T.);
#2057 = ORIENTED_EDGE('',*,*,#2058,.T.);
#2058 = EDGE_CURVE('',#1140,#2059,#2061,.T.);
#2059 = VERTEX_POINT('',#2060);
#2060 = CARTESIAN_POINT('',(-0.32,-4.76,8.38));
#2061 = LINE('',#2062,#2063);
#2062 = CARTESIAN_POINT('',(-0.32,-4.76,-3.));
#2063 = VECTOR('',#2064,1.);
#2064 = DIRECTION('',(0.,0.,1.));
#2065 = ORIENTED_EDGE('',*,*,#2066,.T.);
#2066 = EDGE_CURVE('',#2059,#2050,#2067,.T.);
#2067 = LINE('',#2068,#2069);
#2068 = CARTESIAN_POINT('',(-0.32,-4.76,8.38));
#2069 = VECTOR('',#2070,1.);
#2070 = DIRECTION('',(1.,0.,0.));
#2071 = PLANE('',#2072);
#2072 = AXIS2_PLACEMENT_3D('',#2073,#2074,#2075);
#2073 = CARTESIAN_POINT('',(-0.32,-4.76,-3.));
#2074 = DIRECTION('',(0.,1.,0.));
#2075 = DIRECTION('',(0.,-0.,1.));
#2076 = ADVANCED_FACE('',(#2077),#2095,.F.);
#2077 = FACE_BOUND('',#2078,.F.);
#2078 = EDGE_LOOP('',(#2079,#2087,#2088,#2089));
#2079 = ORIENTED_EDGE('',*,*,#2080,.F.);
#2080 = EDGE_CURVE('',#1156,#2081,#2083,.T.);
#2081 = VERTEX_POINT('',#2082);
#2082 = CARTESIAN_POINT('',(-0.32,-5.4,8.38));
#2083 = LINE('',#2084,#2085);
#2084 = CARTESIAN_POINT('',(-0.32,-5.4,-3.));
#2085 = VECTOR('',#2086,1.);
#2086 = DIRECTION('',(0.,0.,1.));
#2087 = ORIENTED_EDGE('',*,*,#1163,.T.);
#2088 = ORIENTED_EDGE('',*,*,#2058,.T.);
#2089 = ORIENTED_EDGE('',*,*,#2090,.F.);
#2090 = EDGE_CURVE('',#2081,#2059,#2091,.T.);
#2091 = LINE('',#2092,#2093);
#2092 = CARTESIAN_POINT('',(-0.32,-5.4,8.38));
#2093 = VECTOR('',#2094,1.);
#2094 = DIRECTION('',(0.,1.,0.));
#2095 = PLANE('',#2096);
#2096 = AXIS2_PLACEMENT_3D('',#2097,#2098,#2099);
#2097 = CARTESIAN_POINT('',(-0.32,-5.4,-3.));
#2098 = DIRECTION('',(1.,0.,0.));
#2099 = DIRECTION('',(0.,0.,1.));
#2100 = ADVANCED_FACE('',(#2101),#2119,.F.);
#2101 = FACE_BOUND('',#2102,.F.);
#2102 = EDGE_LOOP('',(#2103,#2111,#2112,#2113));
#2103 = ORIENTED_EDGE('',*,*,#2104,.F.);
#2104 = EDGE_CURVE('',#1148,#2105,#2107,.T.);
#2105 = VERTEX_POINT('',#2106);
#2106 = CARTESIAN_POINT('',(0.32,-5.4,8.38));
#2107 = LINE('',#2108,#2109);
#2108 = CARTESIAN_POINT('',(0.32,-5.4,-3.));
#2109 = VECTOR('',#2110,1.);
#2110 = DIRECTION('',(0.,0.,1.));
#2111 = ORIENTED_EDGE('',*,*,#1155,.T.);
#2112 = ORIENTED_EDGE('',*,*,#2080,.T.);
#2113 = ORIENTED_EDGE('',*,*,#2114,.T.);
#2114 = EDGE_CURVE('',#2081,#2105,#2115,.T.);
#2115 = LINE('',#2116,#2117);
#2116 = CARTESIAN_POINT('',(-0.32,-5.4,8.38));
#2117 = VECTOR('',#2118,1.);
#2118 = DIRECTION('',(1.,0.,0.));
#2119 = PLANE('',#2120);
#2120 = AXIS2_PLACEMENT_3D('',#2121,#2122,#2123);
#2121 = CARTESIAN_POINT('',(-0.32,-5.4,-3.));
#2122 = DIRECTION('',(0.,1.,0.));
#2123 = DIRECTION('',(0.,-0.,1.));
#2124 = ADVANCED_FACE('',(#2125),#2136,.T.);
#2125 = FACE_BOUND('',#2126,.T.);
#2126 = EDGE_LOOP('',(#2127,#2128,#2129,#2130));
#2127 = ORIENTED_EDGE('',*,*,#2104,.F.);
#2128 = ORIENTED_EDGE('',*,*,#1147,.T.);
#2129 = ORIENTED_EDGE('',*,*,#2049,.T.);
#2130 = ORIENTED_EDGE('',*,*,#2131,.F.);
#2131 = EDGE_CURVE('',#2105,#2050,#2132,.T.);
#2132 = LINE('',#2133,#2134);
#2133 = CARTESIAN_POINT('',(0.32,-5.4,8.38));
#2134 = VECTOR('',#2135,1.);
#2135 = DIRECTION('',(0.,1.,0.));
#2136 = PLANE('',#2137);
#2137 = AXIS2_PLACEMENT_3D('',#2138,#2139,#2140);
#2138 = CARTESIAN_POINT('',(0.32,-5.4,-3.));
#2139 = DIRECTION('',(1.,0.,0.));
#2140 = DIRECTION('',(0.,0.,1.));
#2141 = ADVANCED_FACE('',(#2142),#2167,.T.);
#2142 = FACE_BOUND('',#2143,.T.);
#2143 = EDGE_LOOP('',(#2144,#2152,#2153,#2161));
#2144 = ORIENTED_EDGE('',*,*,#2145,.F.);
#2145 = EDGE_CURVE('',#1172,#2146,#2148,.T.);
#2146 = VERTEX_POINT('',#2147);
#2147 = CARTESIAN_POINT('',(0.32,-7.94,8.38));
#2148 = LINE('',#2149,#2150);
#2149 = CARTESIAN_POINT('',(0.32,-7.94,-3.));
#2150 = VECTOR('',#2151,1.);
#2151 = DIRECTION('',(0.,0.,1.));
#2152 = ORIENTED_EDGE('',*,*,#1171,.T.);
#2153 = ORIENTED_EDGE('',*,*,#2154,.T.);
#2154 = EDGE_CURVE('',#1174,#2155,#2157,.T.);
#2155 = VERTEX_POINT('',#2156);
#2156 = CARTESIAN_POINT('',(0.32,-7.3,8.38));
#2157 = LINE('',#2158,#2159);
#2158 = CARTESIAN_POINT('',(0.32,-7.3,-3.));
#2159 = VECTOR('',#2160,1.);
#2160 = DIRECTION('',(0.,0.,1.));
#2161 = ORIENTED_EDGE('',*,*,#2162,.F.);
#2162 = EDGE_CURVE('',#2146,#2155,#2163,.T.);
#2163 = LINE('',#2164,#2165);
#2164 = CARTESIAN_POINT('',(0.32,-7.94,8.38));
#2165 = VECTOR('',#2166,1.);
#2166 = DIRECTION('',(0.,1.,0.));
#2167 = PLANE('',#2168);
#2168 = AXIS2_PLACEMENT_3D('',#2169,#2170,#2171);
#2169 = CARTESIAN_POINT('',(0.32,-7.94,-3.));
#2170 = DIRECTION('',(1.,0.,0.));
#2171 = DIRECTION('',(0.,0.,1.));
#2172 = ADVANCED_FACE('',(#2173),#2191,.T.);
#2173 = FACE_BOUND('',#2174,.T.);
#2174 = EDGE_LOOP('',(#2175,#2176,#2177,#2185));
#2175 = ORIENTED_EDGE('',*,*,#2154,.F.);
#2176 = ORIENTED_EDGE('',*,*,#1197,.T.);
#2177 = ORIENTED_EDGE('',*,*,#2178,.T.);
#2178 = EDGE_CURVE('',#1190,#2179,#2181,.T.);
#2179 = VERTEX_POINT('',#2180);
#2180 = CARTESIAN_POINT('',(-0.32,-7.3,8.38));
#2181 = LINE('',#2182,#2183);
#2182 = CARTESIAN_POINT('',(-0.32,-7.3,-3.));
#2183 = VECTOR('',#2184,1.);
#2184 = DIRECTION('',(0.,0.,1.));
#2185 = ORIENTED_EDGE('',*,*,#2186,.T.);
#2186 = EDGE_CURVE('',#2179,#2155,#2187,.T.);
#2187 = LINE('',#2188,#2189);
#2188 = CARTESIAN_POINT('',(-0.32,-7.3,8.38));
#2189 = VECTOR('',#2190,1.);
#2190 = DIRECTION('',(1.,0.,0.));
#2191 = PLANE('',#2192);
#2192 = AXIS2_PLACEMENT_3D('',#2193,#2194,#2195);
#2193 = CARTESIAN_POINT('',(-0.32,-7.3,-3.));
#2194 = DIRECTION('',(0.,1.,0.));
#2195 = DIRECTION('',(0.,-0.,1.));
#2196 = ADVANCED_FACE('',(#2197),#2215,.F.);
#2197 = FACE_BOUND('',#2198,.F.);
#2198 = EDGE_LOOP('',(#2199,#2207,#2208,#2209));
#2199 = ORIENTED_EDGE('',*,*,#2200,.F.);
#2200 = EDGE_CURVE('',#1182,#2201,#2203,.T.);
#2201 = VERTEX_POINT('',#2202);
#2202 = CARTESIAN_POINT('',(-0.32,-7.94,8.38));
#2203 = LINE('',#2204,#2205);
#2204 = CARTESIAN_POINT('',(-0.32,-7.94,-3.));
#2205 = VECTOR('',#2206,1.);
#2206 = DIRECTION('',(0.,0.,1.));
#2207 = ORIENTED_EDGE('',*,*,#1189,.T.);
#2208 = ORIENTED_EDGE('',*,*,#2178,.T.);
#2209 = ORIENTED_EDGE('',*,*,#2210,.F.);
#2210 = EDGE_CURVE('',#2201,#2179,#2211,.T.);
#2211 = LINE('',#2212,#2213);
#2212 = CARTESIAN_POINT('',(-0.32,-7.94,8.38));
#2213 = VECTOR('',#2214,1.);
#2214 = DIRECTION('',(0.,1.,0.));
#2215 = PLANE('',#2216);
#2216 = AXIS2_PLACEMENT_3D('',#2217,#2218,#2219);
#2217 = CARTESIAN_POINT('',(-0.32,-7.94,-3.));
#2218 = DIRECTION('',(1.,0.,0.));
#2219 = DIRECTION('',(0.,0.,1.));
#2220 = ADVANCED_FACE('',(#2221),#2232,.F.);
#2221 = FACE_BOUND('',#2222,.F.);
#2222 = EDGE_LOOP('',(#2223,#2224,#2225,#2226));
#2223 = ORIENTED_EDGE('',*,*,#2145,.F.);
#2224 = ORIENTED_EDGE('',*,*,#1181,.T.);
#2225 = ORIENTED_EDGE('',*,*,#2200,.T.);
#2226 = ORIENTED_EDGE('',*,*,#2227,.T.);
#2227 = EDGE_CURVE('',#2201,#2146,#2228,.T.);
#2228 = LINE('',#2229,#2230);
#2229 = CARTESIAN_POINT('',(-0.32,-7.94,8.38));
#2230 = VECTOR('',#2231,1.);
#2231 = DIRECTION('',(1.,0.,0.));
#2232 = PLANE('',#2233);
#2233 = AXIS2_PLACEMENT_3D('',#2234,#2235,#2236);
#2234 = CARTESIAN_POINT('',(-0.32,-7.94,-3.));
#2235 = DIRECTION('',(0.,1.,0.));
#2236 = DIRECTION('',(0.,-0.,1.));
#2237 = ADVANCED_FACE('',(#2238),#2263,.T.);
#2238 = FACE_BOUND('',#2239,.T.);
#2239 = EDGE_LOOP('',(#2240,#2248,#2249,#2257));
#2240 = ORIENTED_EDGE('',*,*,#2241,.F.);
#2241 = EDGE_CURVE('',#1206,#2242,#2244,.T.);
#2242 = VERTEX_POINT('',#2243);
#2243 = CARTESIAN_POINT('',(0.32,-0.32,8.38));
#2244 = LINE('',#2245,#2246);
#2245 = CARTESIAN_POINT('',(0.32,-0.32,-3.));
#2246 = VECTOR('',#2247,1.);
#2247 = DIRECTION('',(0.,0.,1.));
#2248 = ORIENTED_EDGE('',*,*,#1205,.T.);
#2249 = ORIENTED_EDGE('',*,*,#2250,.T.);
#2250 = EDGE_CURVE('',#1208,#2251,#2253,.T.);
#2251 = VERTEX_POINT('',#2252);
#2252 = CARTESIAN_POINT('',(0.32,0.32,8.38));
#2253 = LINE('',#2254,#2255);
#2254 = CARTESIAN_POINT('',(0.32,0.32,-3.));
#2255 = VECTOR('',#2256,1.);
#2256 = DIRECTION('',(0.,0.,1.));
#2257 = ORIENTED_EDGE('',*,*,#2258,.F.);
#2258 = EDGE_CURVE('',#2242,#2251,#2259,.T.);
#2259 = LINE('',#2260,#2261);
#2260 = CARTESIAN_POINT('',(0.32,-0.32,8.38));
#2261 = VECTOR('',#2262,1.);
#2262 = DIRECTION('',(0.,1.,0.));
#2263 = PLANE('',#2264);
#2264 = AXIS2_PLACEMENT_3D('',#2265,#2266,#2267);
#2265 = CARTESIAN_POINT('',(0.32,-0.32,-3.));
#2266 = DIRECTION('',(1.,0.,0.));
#2267 = DIRECTION('',(0.,0.,1.));
#2268 = ADVANCED_FACE('',(#2269),#2287,.T.);
#2269 = FACE_BOUND('',#2270,.T.);
#2270 = EDGE_LOOP('',(#2271,#2272,#2273,#2281));
#2271 = ORIENTED_EDGE('',*,*,#2250,.F.);
#2272 = ORIENTED_EDGE('',*,*,#1231,.T.);
#2273 = ORIENTED_EDGE('',*,*,#2274,.T.);
#2274 = EDGE_CURVE('',#1224,#2275,#2277,.T.);
#2275 = VERTEX_POINT('',#2276);
#2276 = CARTESIAN_POINT('',(-0.32,0.32,8.38));
#2277 = LINE('',#2278,#2279);
#2278 = CARTESIAN_POINT('',(-0.32,0.32,-3.));
#2279 = VECTOR('',#2280,1.);
#2280 = DIRECTION('',(0.,0.,1.));
#2281 = ORIENTED_EDGE('',*,*,#2282,.T.);
#2282 = EDGE_CURVE('',#2275,#2251,#2283,.T.);
#2283 = LINE('',#2284,#2285);
#2284 = CARTESIAN_POINT('',(-0.32,0.32,8.38));
#2285 = VECTOR('',#2286,1.);
#2286 = DIRECTION('',(1.,0.,0.));
#2287 = PLANE('',#2288);
#2288 = AXIS2_PLACEMENT_3D('',#2289,#2290,#2291);
#2289 = CARTESIAN_POINT('',(-0.32,0.32,-3.));
#2290 = DIRECTION('',(0.,1.,0.));
#2291 = DIRECTION('',(0.,-0.,1.));
#2292 = ADVANCED_FACE('',(#2293),#2311,.F.);
#2293 = FACE_BOUND('',#2294,.F.);
#2294 = EDGE_LOOP('',(#2295,#2303,#2304,#2305));
#2295 = ORIENTED_EDGE('',*,*,#2296,.F.);
#2296 = EDGE_CURVE('',#1216,#2297,#2299,.T.);
#2297 = VERTEX_POINT('',#2298);
#2298 = CARTESIAN_POINT('',(-0.32,-0.32,8.38));
#2299 = LINE('',#2300,#2301);
#2300 = CARTESIAN_POINT('',(-0.32,-0.32,-3.));
#2301 = VECTOR('',#2302,1.);
#2302 = DIRECTION('',(0.,0.,1.));
#2303 = ORIENTED_EDGE('',*,*,#1223,.T.);
#2304 = ORIENTED_EDGE('',*,*,#2274,.T.);
#2305 = ORIENTED_EDGE('',*,*,#2306,.F.);
#2306 = EDGE_CURVE('',#2297,#2275,#2307,.T.);
#2307 = LINE('',#2308,#2309);
#2308 = CARTESIAN_POINT('',(-0.32,-0.32,8.38));
#2309 = VECTOR('',#2310,1.);
#2310 = DIRECTION('',(0.,1.,0.));
#2311 = PLANE('',#2312);
#2312 = AXIS2_PLACEMENT_3D('',#2313,#2314,#2315);
#2313 = CARTESIAN_POINT('',(-0.32,-0.32,-3.));
#2314 = DIRECTION('',(1.,0.,0.));
#2315 = DIRECTION('',(0.,0.,1.));
#2316 = ADVANCED_FACE('',(#2317),#2328,.F.);
#2317 = FACE_BOUND('',#2318,.F.);
#2318 = EDGE_LOOP('',(#2319,#2320,#2321,#2322));
#2319 = ORIENTED_EDGE('',*,*,#2241,.F.);
#2320 = ORIENTED_EDGE('',*,*,#1215,.T.);
#2321 = ORIENTED_EDGE('',*,*,#2296,.T.);
#2322 = ORIENTED_EDGE('',*,*,#2323,.T.);
#2323 = EDGE_CURVE('',#2297,#2242,#2324,.T.);
#2324 = LINE('',#2325,#2326);
#2325 = CARTESIAN_POINT('',(-0.32,-0.32,8.38));
#2326 = VECTOR('',#2327,1.);
#2327 = DIRECTION('',(1.,0.,0.));
#2328 = PLANE('',#2329);
#2329 = AXIS2_PLACEMENT_3D('',#2330,#2331,#2332);
#2330 = CARTESIAN_POINT('',(-0.32,-0.32,-3.));
#2331 = DIRECTION('',(0.,1.,0.));
#2332 = DIRECTION('',(0.,-0.,1.));
#2333 = ADVANCED_FACE('',(#2334),#2359,.T.);
#2334 = FACE_BOUND('',#2335,.T.);
#2335 = EDGE_LOOP('',(#2336,#2344,#2345,#2353));
#2336 = ORIENTED_EDGE('',*,*,#2337,.F.);
#2337 = EDGE_CURVE('',#1240,#2338,#2340,.T.);
#2338 = VERTEX_POINT('',#2339);
#2339 = CARTESIAN_POINT('',(0.32,-2.22,8.38));
#2340 = LINE('',#2341,#2342);
#2341 = CARTESIAN_POINT('',(0.32,-2.22,-3.));
#2342 = VECTOR('',#2343,1.);
#2343 = DIRECTION('',(0.,0.,1.));
#2344 = ORIENTED_EDGE('',*,*,#1239,.T.);
#2345 = ORIENTED_EDGE('',*,*,#2346,.T.);
#2346 = EDGE_CURVE('',#1242,#2347,#2349,.T.);
#2347 = VERTEX_POINT('',#2348);
#2348 = CARTESIAN_POINT('',(-0.32,-2.22,8.38));
#2349 = LINE('',#2350,#2351);
#2350 = CARTESIAN_POINT('',(-0.32,-2.22,-3.));
#2351 = VECTOR('',#2352,1.);
#2352 = DIRECTION('',(0.,0.,1.));
#2353 = ORIENTED_EDGE('',*,*,#2354,.T.);
#2354 = EDGE_CURVE('',#2347,#2338,#2355,.T.);
#2355 = LINE('',#2356,#2357);
#2356 = CARTESIAN_POINT('',(-0.32,-2.22,8.38));
#2357 = VECTOR('',#2358,1.);
#2358 = DIRECTION('',(1.,0.,0.));
#2359 = PLANE('',#2360);
#2360 = AXIS2_PLACEMENT_3D('',#2361,#2362,#2363);
#2361 = CARTESIAN_POINT('',(-0.32,-2.22,-3.));
#2362 = DIRECTION('',(0.,1.,0.));
#2363 = DIRECTION('',(0.,-0.,1.));
#2364 = ADVANCED_FACE('',(#2365),#2383,.F.);
#2365 = FACE_BOUND('',#2366,.F.);
#2366 = EDGE_LOOP('',(#2367,#2375,#2376,#2377));
#2367 = ORIENTED_EDGE('',*,*,#2368,.F.);
#2368 = EDGE_CURVE('',#1258,#2369,#2371,.T.);
#2369 = VERTEX_POINT('',#2370);
#2370 = CARTESIAN_POINT('',(-0.32,-2.86,8.38));
#2371 = LINE('',#2372,#2373);
#2372 = CARTESIAN_POINT('',(-0.32,-2.86,-3.));
#2373 = VECTOR('',#2374,1.);
#2374 = DIRECTION('',(0.,0.,1.));
#2375 = ORIENTED_EDGE('',*,*,#1265,.T.);
#2376 = ORIENTED_EDGE('',*,*,#2346,.T.);
#2377 = ORIENTED_EDGE('',*,*,#2378,.F.);
#2378 = EDGE_CURVE('',#2369,#2347,#2379,.T.);
#2379 = LINE('',#2380,#2381);
#2380 = CARTESIAN_POINT('',(-0.32,-2.86,8.38));
#2381 = VECTOR('',#2382,1.);
#2382 = DIRECTION('',(0.,1.,0.));
#2383 = PLANE('',#2384);
#2384 = AXIS2_PLACEMENT_3D('',#2385,#2386,#2387);
#2385 = CARTESIAN_POINT('',(-0.32,-2.86,-3.));
#2386 = DIRECTION('',(1.,0.,0.));
#2387 = DIRECTION('',(0.,0.,1.));
#2388 = ADVANCED_FACE('',(#2389),#2407,.F.);
#2389 = FACE_BOUND('',#2390,.F.);
#2390 = EDGE_LOOP('',(#2391,#2399,#2400,#2401));
#2391 = ORIENTED_EDGE('',*,*,#2392,.F.);
#2392 = EDGE_CURVE('',#1250,#2393,#2395,.T.);
#2393 = VERTEX_POINT('',#2394);
#2394 = CARTESIAN_POINT('',(0.32,-2.86,8.38));
#2395 = LINE('',#2396,#2397);
#2396 = CARTESIAN_POINT('',(0.32,-2.86,-3.));
#2397 = VECTOR('',#2398,1.);
#2398 = DIRECTION('',(0.,0.,1.));
#2399 = ORIENTED_EDGE('',*,*,#1257,.T.);
#2400 = ORIENTED_EDGE('',*,*,#2368,.T.);
#2401 = ORIENTED_EDGE('',*,*,#2402,.T.);
#2402 = EDGE_CURVE('',#2369,#2393,#2403,.T.);
#2403 = LINE('',#2404,#2405);
#2404 = CARTESIAN_POINT('',(-0.32,-2.86,8.38));
#2405 = VECTOR('',#2406,1.);
#2406 = DIRECTION('',(1.,0.,0.));
#2407 = PLANE('',#2408);
#2408 = AXIS2_PLACEMENT_3D('',#2409,#2410,#2411);
#2409 = CARTESIAN_POINT('',(-0.32,-2.86,-3.));
#2410 = DIRECTION('',(0.,1.,0.));
#2411 = DIRECTION('',(0.,-0.,1.));
#2412 = ADVANCED_FACE('',(#2413),#2424,.T.);
#2413 = FACE_BOUND('',#2414,.T.);
#2414 = EDGE_LOOP('',(#2415,#2416,#2417,#2418));
#2415 = ORIENTED_EDGE('',*,*,#2392,.F.);
#2416 = ORIENTED_EDGE('',*,*,#1249,.T.);
#2417 = ORIENTED_EDGE('',*,*,#2337,.T.);
#2418 = ORIENTED_EDGE('',*,*,#2419,.F.);
#2419 = EDGE_CURVE('',#2393,#2338,#2420,.T.);
#2420 = LINE('',#2421,#2422);
#2421 = CARTESIAN_POINT('',(0.32,-2.86,8.38));
#2422 = VECTOR('',#2423,1.);
#2423 = DIRECTION('',(0.,1.,0.));
#2424 = PLANE('',#2425);
#2425 = AXIS2_PLACEMENT_3D('',#2426,#2427,#2428);
#2426 = CARTESIAN_POINT('',(0.32,-2.86,-3.));
#2427 = DIRECTION('',(1.,0.,0.));
#2428 = DIRECTION('',(0.,0.,1.));
#2429 = ADVANCED_FACE('',(#2430),#2455,.F.);
#2430 = FACE_BOUND('',#2431,.T.);
#2431 = EDGE_LOOP('',(#2432,#2440,#2441,#2449));
#2432 = ORIENTED_EDGE('',*,*,#2433,.F.);
#2433 = EDGE_CURVE('',#1674,#2434,#2436,.T.);
#2434 = VERTEX_POINT('',#2435);
#2435 = CARTESIAN_POINT('',(-0.16,-4.92,-3.));
#2436 = LINE('',#2437,#2438);
#2437 = CARTESIAN_POINT('',(-0.16,-4.92,-3.));
#2438 = VECTOR('',#2439,1.);
#2439 = DIRECTION('',(0.57735026919,-0.57735026919,-0.57735026919));
#2440 = ORIENTED_EDGE('',*,*,#1673,.T.);
#2441 = ORIENTED_EDGE('',*,*,#2442,.T.);
#2442 = EDGE_CURVE('',#1666,#2443,#2445,.T.);
#2443 = VERTEX_POINT('',#2444);
#2444 = CARTESIAN_POINT('',(0.16,-4.92,-3.));
#2445 = LINE('',#2446,#2447);
#2446 = CARTESIAN_POINT('',(5.333333333333E-02,-5.026666666667,
    -3.106666666667));
#2447 = VECTOR('',#2448,1.);
#2448 = DIRECTION('',(-0.57735026919,-0.57735026919,-0.57735026919));
#2449 = ORIENTED_EDGE('',*,*,#2450,.F.);
#2450 = EDGE_CURVE('',#2434,#2443,#2451,.T.);
#2451 = LINE('',#2452,#2453);
#2452 = CARTESIAN_POINT('',(-0.32,-4.92,-3.));
#2453 = VECTOR('',#2454,1.);
#2454 = DIRECTION('',(1.,0.,0.));
#2455 = PLANE('',#2456);
#2456 = AXIS2_PLACEMENT_3D('',#2457,#2458,#2459);
#2457 = CARTESIAN_POINT('',(-0.32,-4.84,-2.92));
#2458 = DIRECTION('',(-1.735167508357E-18,-0.707106781187,0.707106781187
    ));
#2459 = DIRECTION('',(-1.,1.226948711654E-18,-1.226948711654E-18));
#2460 = ADVANCED_FACE('',(#2461),#2479,.T.);
#2461 = FACE_BOUND('',#2462,.T.);
#2462 = EDGE_LOOP('',(#2463,#2471,#2472,#2473));
#2463 = ORIENTED_EDGE('',*,*,#2464,.F.);
#2464 = EDGE_CURVE('',#1697,#2465,#2467,.T.);
#2465 = VERTEX_POINT('',#2466);
#2466 = CARTESIAN_POINT('',(-0.16,-5.24,-3.));
#2467 = LINE('',#2468,#2469);
#2468 = CARTESIAN_POINT('',(-0.266666666667,-5.346666666667,
    -2.893333333333));
#2469 = VECTOR('',#2470,1.);
#2470 = DIRECTION('',(0.57735026919,0.57735026919,-0.57735026919));
#2471 = ORIENTED_EDGE('',*,*,#1704,.T.);
#2472 = ORIENTED_EDGE('',*,*,#2433,.T.);
#2473 = ORIENTED_EDGE('',*,*,#2474,.F.);
#2474 = EDGE_CURVE('',#2465,#2434,#2475,.T.);
#2475 = LINE('',#2476,#2477);
#2476 = CARTESIAN_POINT('',(-0.16,-5.4,-3.));
#2477 = VECTOR('',#2478,1.);
#2478 = DIRECTION('',(0.,1.,0.));
#2479 = PLANE('',#2480);
#2480 = AXIS2_PLACEMENT_3D('',#2481,#2482,#2483);
#2481 = CARTESIAN_POINT('',(-0.24,-5.4,-2.92));
#2482 = DIRECTION('',(-0.707106781187,-1.735167508357E-18,
    -0.707106781187));
#2483 = DIRECTION('',(-1.226948711654E-18,1.,-1.226948711654E-18));
#2484 = ADVANCED_FACE('',(#2485),#2503,.T.);
#2485 = FACE_BOUND('',#2486,.F.);
#2486 = EDGE_LOOP('',(#2487,#2488,#2489,#2497));
#2487 = ORIENTED_EDGE('',*,*,#2464,.F.);
#2488 = ORIENTED_EDGE('',*,*,#1728,.T.);
#2489 = ORIENTED_EDGE('',*,*,#2490,.T.);
#2490 = EDGE_CURVE('',#1721,#2491,#2493,.T.);
#2491 = VERTEX_POINT('',#2492);
#2492 = CARTESIAN_POINT('',(0.16,-5.24,-3.));
#2493 = LINE('',#2494,#2495);
#2494 = CARTESIAN_POINT('',(0.16,-5.24,-3.));
#2495 = VECTOR('',#2496,1.);
#2496 = DIRECTION('',(-0.57735026919,0.57735026919,-0.57735026919));
#2497 = ORIENTED_EDGE('',*,*,#2498,.F.);
#2498 = EDGE_CURVE('',#2465,#2491,#2499,.T.);
#2499 = LINE('',#2500,#2501);
#2500 = CARTESIAN_POINT('',(-0.32,-5.24,-3.));
#2501 = VECTOR('',#2502,1.);
#2502 = DIRECTION('',(1.,0.,0.));
#2503 = PLANE('',#2504);
#2504 = AXIS2_PLACEMENT_3D('',#2505,#2506,#2507);
#2505 = CARTESIAN_POINT('',(-0.32,-5.32,-2.92));
#2506 = DIRECTION('',(1.735167508357E-18,-0.707106781187,-0.707106781187
    ));
#2507 = DIRECTION('',(-1.,-1.226948711654E-18,-1.226948711654E-18));
#2508 = ADVANCED_FACE('',(#2509),#2520,.F.);
#2509 = FACE_BOUND('',#2510,.F.);
#2510 = EDGE_LOOP('',(#2511,#2512,#2513,#2514));
#2511 = ORIENTED_EDGE('',*,*,#2490,.F.);
#2512 = ORIENTED_EDGE('',*,*,#1745,.T.);
#2513 = ORIENTED_EDGE('',*,*,#2442,.T.);
#2514 = ORIENTED_EDGE('',*,*,#2515,.F.);
#2515 = EDGE_CURVE('',#2491,#2443,#2516,.T.);
#2516 = LINE('',#2517,#2518);
#2517 = CARTESIAN_POINT('',(0.16,-5.4,-3.));
#2518 = VECTOR('',#2519,1.);
#2519 = DIRECTION('',(0.,1.,0.));
#2520 = PLANE('',#2521);
#2521 = AXIS2_PLACEMENT_3D('',#2522,#2523,#2524);
#2522 = CARTESIAN_POINT('',(0.24,-5.4,-2.92));
#2523 = DIRECTION('',(-0.707106781187,1.735167508357E-18,0.707106781187)
  );
#2524 = DIRECTION('',(1.226948711654E-18,1.,-1.226948711654E-18));
#2525 = ADVANCED_FACE('',(#2526),#2551,.F.);
#2526 = FACE_BOUND('',#2527,.F.);
#2527 = EDGE_LOOP('',(#2528,#2536,#2537,#2545));
#2528 = ORIENTED_EDGE('',*,*,#2529,.F.);
#2529 = EDGE_CURVE('',#1762,#2530,#2532,.T.);
#2530 = VERTEX_POINT('',#2531);
#2531 = CARTESIAN_POINT('',(0.16,-7.78,-3.));
#2532 = LINE('',#2533,#2534);
#2533 = CARTESIAN_POINT('',(0.16,-7.78,-3.));
#2534 = VECTOR('',#2535,1.);
#2535 = DIRECTION('',(-0.57735026919,0.57735026919,-0.57735026919));
#2536 = ORIENTED_EDGE('',*,*,#1769,.T.);
#2537 = ORIENTED_EDGE('',*,*,#2538,.T.);
#2538 = EDGE_CURVE('',#1770,#2539,#2541,.T.);
#2539 = VERTEX_POINT('',#2540);
#2540 = CARTESIAN_POINT('',(0.16,-7.46,-3.));
#2541 = LINE('',#2542,#2543);
#2542 = CARTESIAN_POINT('',(5.333333333333E-02,-7.566666666667,
    -3.106666666667));
#2543 = VECTOR('',#2544,1.);
#2544 = DIRECTION('',(-0.57735026919,-0.57735026919,-0.57735026919));
#2545 = ORIENTED_EDGE('',*,*,#2546,.F.);
#2546 = EDGE_CURVE('',#2530,#2539,#2547,.T.);
#2547 = LINE('',#2548,#2549);
#2548 = CARTESIAN_POINT('',(0.16,-7.94,-3.));
#2549 = VECTOR('',#2550,1.);
#2550 = DIRECTION('',(0.,1.,0.));
#2551 = PLANE('',#2552);
#2552 = AXIS2_PLACEMENT_3D('',#2553,#2554,#2555);
#2553 = CARTESIAN_POINT('',(0.24,-7.94,-2.92));
#2554 = DIRECTION('',(-0.707106781187,1.735167508357E-18,0.707106781187)
  );
#2555 = DIRECTION('',(1.226948711654E-18,1.,-1.226948711654E-18));
#2556 = ADVANCED_FACE('',(#2557),#2575,.F.);
#2557 = FACE_BOUND('',#2558,.T.);
#2558 = EDGE_LOOP('',(#2559,#2567,#2568,#2569));
#2559 = ORIENTED_EDGE('',*,*,#2560,.F.);
#2560 = EDGE_CURVE('',#1794,#2561,#2563,.T.);
#2561 = VERTEX_POINT('',#2562);
#2562 = CARTESIAN_POINT('',(-0.16,-7.46,-3.));
#2563 = LINE('',#2564,#2565);
#2564 = CARTESIAN_POINT('',(-0.16,-7.46,-3.));
#2565 = VECTOR('',#2566,1.);
#2566 = DIRECTION('',(0.57735026919,-0.57735026919,-0.57735026919));
#2567 = ORIENTED_EDGE('',*,*,#1793,.T.);
#2568 = ORIENTED_EDGE('',*,*,#2538,.T.);
#2569 = ORIENTED_EDGE('',*,*,#2570,.F.);
#2570 = EDGE_CURVE('',#2561,#2539,#2571,.T.);
#2571 = LINE('',#2572,#2573);
#2572 = CARTESIAN_POINT('',(-0.32,-7.46,-3.));
#2573 = VECTOR('',#2574,1.);
#2574 = DIRECTION('',(1.,0.,0.));
#2575 = PLANE('',#2576);
#2576 = AXIS2_PLACEMENT_3D('',#2577,#2578,#2579);
#2577 = CARTESIAN_POINT('',(-0.32,-7.38,-2.92));
#2578 = DIRECTION('',(-1.735167508357E-18,-0.707106781187,0.707106781187
    ));
#2579 = DIRECTION('',(-1.,1.226948711654E-18,-1.226948711654E-18));
#2580 = ADVANCED_FACE('',(#2581),#2599,.T.);
#2581 = FACE_BOUND('',#2582,.T.);
#2582 = EDGE_LOOP('',(#2583,#2591,#2592,#2593));
#2583 = ORIENTED_EDGE('',*,*,#2584,.F.);
#2584 = EDGE_CURVE('',#1817,#2585,#2587,.T.);
#2585 = VERTEX_POINT('',#2586);
#2586 = CARTESIAN_POINT('',(-0.16,-7.78,-3.));
#2587 = LINE('',#2588,#2589);
#2588 = CARTESIAN_POINT('',(-0.266666666667,-7.886666666667,
    -2.893333333333));
#2589 = VECTOR('',#2590,1.);
#2590 = DIRECTION('',(0.57735026919,0.57735026919,-0.57735026919));
#2591 = ORIENTED_EDGE('',*,*,#1824,.T.);
#2592 = ORIENTED_EDGE('',*,*,#2560,.T.);
#2593 = ORIENTED_EDGE('',*,*,#2594,.F.);
#2594 = EDGE_CURVE('',#2585,#2561,#2595,.T.);
#2595 = LINE('',#2596,#2597);
#2596 = CARTESIAN_POINT('',(-0.16,-7.94,-3.));
#2597 = VECTOR('',#2598,1.);
#2598 = DIRECTION('',(0.,1.,0.));
#2599 = PLANE('',#2600);
#2600 = AXIS2_PLACEMENT_3D('',#2601,#2602,#2603);
#2601 = CARTESIAN_POINT('',(-0.24,-7.94,-2.92));
#2602 = DIRECTION('',(-0.707106781187,-1.735167508357E-18,
    -0.707106781187));
#2603 = DIRECTION('',(-1.226948711654E-18,1.,-1.226948711654E-18));
#2604 = ADVANCED_FACE('',(#2605),#2616,.T.);
#2605 = FACE_BOUND('',#2606,.F.);
#2606 = EDGE_LOOP('',(#2607,#2608,#2609,#2610));
#2607 = ORIENTED_EDGE('',*,*,#2584,.F.);
#2608 = ORIENTED_EDGE('',*,*,#1841,.T.);
#2609 = ORIENTED_EDGE('',*,*,#2529,.T.);
#2610 = ORIENTED_EDGE('',*,*,#2611,.F.);
#2611 = EDGE_CURVE('',#2585,#2530,#2612,.T.);
#2612 = LINE('',#2613,#2614);
#2613 = CARTESIAN_POINT('',(-0.32,-7.78,-3.));
#2614 = VECTOR('',#2615,1.);
#2615 = DIRECTION('',(1.,0.,0.));
#2616 = PLANE('',#2617);
#2617 = AXIS2_PLACEMENT_3D('',#2618,#2619,#2620);
#2618 = CARTESIAN_POINT('',(-0.32,-7.86,-2.92));
#2619 = DIRECTION('',(1.735167508357E-18,-0.707106781187,-0.707106781187
    ));
#2620 = DIRECTION('',(-1.,-1.226948711654E-18,-1.226948711654E-18));
#2621 = ADVANCED_FACE('',(#2622),#2647,.F.);
#2622 = FACE_BOUND('',#2623,.F.);
#2623 = EDGE_LOOP('',(#2624,#2632,#2633,#2641));
#2624 = ORIENTED_EDGE('',*,*,#2625,.F.);
#2625 = EDGE_CURVE('',#1858,#2626,#2628,.T.);
#2626 = VERTEX_POINT('',#2627);
#2627 = CARTESIAN_POINT('',(0.16,-0.16,-3.));
#2628 = LINE('',#2629,#2630);
#2629 = CARTESIAN_POINT('',(0.16,-0.16,-3.));
#2630 = VECTOR('',#2631,1.);
#2631 = DIRECTION('',(-0.57735026919,0.57735026919,-0.57735026919));
#2632 = ORIENTED_EDGE('',*,*,#1865,.T.);
#2633 = ORIENTED_EDGE('',*,*,#2634,.T.);
#2634 = EDGE_CURVE('',#1866,#2635,#2637,.T.);
#2635 = VERTEX_POINT('',#2636);
#2636 = CARTESIAN_POINT('',(0.16,0.16,-3.));
#2637 = LINE('',#2638,#2639);
#2638 = CARTESIAN_POINT('',(5.333333333333E-02,5.333333333333E-02,
    -3.106666666667));
#2639 = VECTOR('',#2640,1.);
#2640 = DIRECTION('',(-0.57735026919,-0.57735026919,-0.57735026919));
#2641 = ORIENTED_EDGE('',*,*,#2642,.F.);
#2642 = EDGE_CURVE('',#2626,#2635,#2643,.T.);
#2643 = LINE('',#2644,#2645);
#2644 = CARTESIAN_POINT('',(0.16,-0.32,-3.));
#2645 = VECTOR('',#2646,1.);
#2646 = DIRECTION('',(0.,1.,0.));
#2647 = PLANE('',#2648);
#2648 = AXIS2_PLACEMENT_3D('',#2649,#2650,#2651);
#2649 = CARTESIAN_POINT('',(0.24,-0.32,-2.92));
#2650 = DIRECTION('',(-0.707106781187,1.735167508357E-18,0.707106781187)
  );
#2651 = DIRECTION('',(1.226948711654E-18,1.,-1.226948711654E-18));
#2652 = ADVANCED_FACE('',(#2653),#2671,.F.);
#2653 = FACE_BOUND('',#2654,.T.);
#2654 = EDGE_LOOP('',(#2655,#2663,#2664,#2665));
#2655 = ORIENTED_EDGE('',*,*,#2656,.F.);
#2656 = EDGE_CURVE('',#1890,#2657,#2659,.T.);
#2657 = VERTEX_POINT('',#2658);
#2658 = CARTESIAN_POINT('',(-0.16,0.16,-3.));
#2659 = LINE('',#2660,#2661);
#2660 = CARTESIAN_POINT('',(-0.16,0.16,-3.));
#2661 = VECTOR('',#2662,1.);
#2662 = DIRECTION('',(0.57735026919,-0.57735026919,-0.57735026919));
#2663 = ORIENTED_EDGE('',*,*,#1889,.T.);
#2664 = ORIENTED_EDGE('',*,*,#2634,.T.);
#2665 = ORIENTED_EDGE('',*,*,#2666,.F.);
#2666 = EDGE_CURVE('',#2657,#2635,#2667,.T.);
#2667 = LINE('',#2668,#2669);
#2668 = CARTESIAN_POINT('',(-0.32,0.16,-3.));
#2669 = VECTOR('',#2670,1.);
#2670 = DIRECTION('',(1.,0.,0.));
#2671 = PLANE('',#2672);
#2672 = AXIS2_PLACEMENT_3D('',#2673,#2674,#2675);
#2673 = CARTESIAN_POINT('',(-0.32,0.24,-2.92));
#2674 = DIRECTION('',(-1.735167508357E-18,-0.707106781187,0.707106781187
    ));
#2675 = DIRECTION('',(-1.,1.226948711654E-18,-1.226948711654E-18));
#2676 = ADVANCED_FACE('',(#2677),#2695,.T.);
#2677 = FACE_BOUND('',#2678,.T.);
#2678 = EDGE_LOOP('',(#2679,#2687,#2688,#2689));
#2679 = ORIENTED_EDGE('',*,*,#2680,.F.);
#2680 = EDGE_CURVE('',#1913,#2681,#2683,.T.);
#2681 = VERTEX_POINT('',#2682);
#2682 = CARTESIAN_POINT('',(-0.16,-0.16,-3.));
#2683 = LINE('',#2684,#2685);
#2684 = CARTESIAN_POINT('',(-0.266666666667,-0.266666666667,
    -2.893333333333));
#2685 = VECTOR('',#2686,1.);
#2686 = DIRECTION('',(0.57735026919,0.57735026919,-0.57735026919));
#2687 = ORIENTED_EDGE('',*,*,#1920,.T.);
#2688 = ORIENTED_EDGE('',*,*,#2656,.T.);
#2689 = ORIENTED_EDGE('',*,*,#2690,.F.);
#2690 = EDGE_CURVE('',#2681,#2657,#2691,.T.);
#2691 = LINE('',#2692,#2693);
#2692 = CARTESIAN_POINT('',(-0.16,-0.32,-3.));
#2693 = VECTOR('',#2694,1.);
#2694 = DIRECTION('',(0.,1.,0.));
#2695 = PLANE('',#2696);
#2696 = AXIS2_PLACEMENT_3D('',#2697,#2698,#2699);
#2697 = CARTESIAN_POINT('',(-0.24,-0.32,-2.92));
#2698 = DIRECTION('',(-0.707106781187,-1.735167508357E-18,
    -0.707106781187));
#2699 = DIRECTION('',(-1.226948711654E-18,1.,-1.226948711654E-18));
#2700 = ADVANCED_FACE('',(#2701),#2712,.T.);
#2701 = FACE_BOUND('',#2702,.F.);
#2702 = EDGE_LOOP('',(#2703,#2704,#2705,#2706));
#2703 = ORIENTED_EDGE('',*,*,#2680,.F.);
#2704 = ORIENTED_EDGE('',*,*,#1937,.T.);
#2705 = ORIENTED_EDGE('',*,*,#2625,.T.);
#2706 = ORIENTED_EDGE('',*,*,#2707,.F.);
#2707 = EDGE_CURVE('',#2681,#2626,#2708,.T.);
#2708 = LINE('',#2709,#2710);
#2709 = CARTESIAN_POINT('',(-0.32,-0.16,-3.));
#2710 = VECTOR('',#2711,1.);
#2711 = DIRECTION('',(1.,0.,0.));
#2712 = PLANE('',#2713);
#2713 = AXIS2_PLACEMENT_3D('',#2714,#2715,#2716);
#2714 = CARTESIAN_POINT('',(-0.32,-0.24,-2.92));
#2715 = DIRECTION('',(1.735167508357E-18,-0.707106781187,-0.707106781187
    ));
#2716 = DIRECTION('',(-1.,-1.226948711654E-18,-1.226948711654E-18));
#2717 = ADVANCED_FACE('',(#2718),#2743,.F.);
#2718 = FACE_BOUND('',#2719,.T.);
#2719 = EDGE_LOOP('',(#2720,#2728,#2729,#2737));
#2720 = ORIENTED_EDGE('',*,*,#2721,.F.);
#2721 = EDGE_CURVE('',#1962,#2722,#2724,.T.);
#2722 = VERTEX_POINT('',#2723);
#2723 = CARTESIAN_POINT('',(-0.16,-2.38,-3.));
#2724 = LINE('',#2725,#2726);
#2725 = CARTESIAN_POINT('',(-0.16,-2.38,-3.));
#2726 = VECTOR('',#2727,1.);
#2727 = DIRECTION('',(0.57735026919,-0.57735026919,-0.57735026919));
#2728 = ORIENTED_EDGE('',*,*,#1961,.T.);
#2729 = ORIENTED_EDGE('',*,*,#2730,.T.);
#2730 = EDGE_CURVE('',#1954,#2731,#2733,.T.);
#2731 = VERTEX_POINT('',#2732);
#2732 = CARTESIAN_POINT('',(0.16,-2.38,-3.));
#2733 = LINE('',#2734,#2735);
#2734 = CARTESIAN_POINT('',(5.333333333333E-02,-2.486666666667,
    -3.106666666667));
#2735 = VECTOR('',#2736,1.);
#2736 = DIRECTION('',(-0.57735026919,-0.57735026919,-0.57735026919));
#2737 = ORIENTED_EDGE('',*,*,#2738,.F.);
#2738 = EDGE_CURVE('',#2722,#2731,#2739,.T.);
#2739 = LINE('',#2740,#2741);
#2740 = CARTESIAN_POINT('',(-0.32,-2.38,-3.));
#2741 = VECTOR('',#2742,1.);
#2742 = DIRECTION('',(1.,0.,0.));
#2743 = PLANE('',#2744);
#2744 = AXIS2_PLACEMENT_3D('',#2745,#2746,#2747);
#2745 = CARTESIAN_POINT('',(-0.32,-2.3,-2.92));
#2746 = DIRECTION('',(-1.735167508357E-18,-0.707106781187,0.707106781187
    ));
#2747 = DIRECTION('',(-1.,1.226948711654E-18,-1.226948711654E-18));
#2748 = ADVANCED_FACE('',(#2749),#2767,.T.);
#2749 = FACE_BOUND('',#2750,.T.);
#2750 = EDGE_LOOP('',(#2751,#2759,#2760,#2761));
#2751 = ORIENTED_EDGE('',*,*,#2752,.F.);
#2752 = EDGE_CURVE('',#1985,#2753,#2755,.T.);
#2753 = VERTEX_POINT('',#2754);
#2754 = CARTESIAN_POINT('',(-0.16,-2.7,-3.));
#2755 = LINE('',#2756,#2757);
#2756 = CARTESIAN_POINT('',(-0.266666666667,-2.806666666667,
    -2.893333333333));
#2757 = VECTOR('',#2758,1.);
#2758 = DIRECTION('',(0.57735026919,0.57735026919,-0.57735026919));
#2759 = ORIENTED_EDGE('',*,*,#1992,.T.);
#2760 = ORIENTED_EDGE('',*,*,#2721,.T.);
#2761 = ORIENTED_EDGE('',*,*,#2762,.F.);
#2762 = EDGE_CURVE('',#2753,#2722,#2763,.T.);
#2763 = LINE('',#2764,#2765);
#2764 = CARTESIAN_POINT('',(-0.16,-2.86,-3.));
#2765 = VECTOR('',#2766,1.);
#2766 = DIRECTION('',(0.,1.,0.));
#2767 = PLANE('',#2768);
#2768 = AXIS2_PLACEMENT_3D('',#2769,#2770,#2771);
#2769 = CARTESIAN_POINT('',(-0.24,-2.86,-2.92));
#2770 = DIRECTION('',(-0.707106781187,-1.735167508357E-18,
    -0.707106781187));
#2771 = DIRECTION('',(-1.226948711654E-18,1.,-1.226948711654E-18));
#2772 = ADVANCED_FACE('',(#2773),#2791,.T.);
#2773 = FACE_BOUND('',#2774,.F.);
#2774 = EDGE_LOOP('',(#2775,#2776,#2777,#2785));
#2775 = ORIENTED_EDGE('',*,*,#2752,.F.);
#2776 = ORIENTED_EDGE('',*,*,#2016,.T.);
#2777 = ORIENTED_EDGE('',*,*,#2778,.T.);
#2778 = EDGE_CURVE('',#2009,#2779,#2781,.T.);
#2779 = VERTEX_POINT('',#2780);
#2780 = CARTESIAN_POINT('',(0.16,-2.7,-3.));
#2781 = LINE('',#2782,#2783);
#2782 = CARTESIAN_POINT('',(0.16,-2.7,-3.));
#2783 = VECTOR('',#2784,1.);
#2784 = DIRECTION('',(-0.57735026919,0.57735026919,-0.57735026919));
#2785 = ORIENTED_EDGE('',*,*,#2786,.F.);
#2786 = EDGE_CURVE('',#2753,#2779,#2787,.T.);
#2787 = LINE('',#2788,#2789);
#2788 = CARTESIAN_POINT('',(-0.32,-2.7,-3.));
#2789 = VECTOR('',#2790,1.);
#2790 = DIRECTION('',(1.,0.,0.));
#2791 = PLANE('',#2792);
#2792 = AXIS2_PLACEMENT_3D('',#2793,#2794,#2795);
#2793 = CARTESIAN_POINT('',(-0.32,-2.78,-2.92));
#2794 = DIRECTION('',(1.735167508357E-18,-0.707106781187,-0.707106781187
    ));
#2795 = DIRECTION('',(-1.,-1.226948711654E-18,-1.226948711654E-18));
#2796 = ADVANCED_FACE('',(#2797),#2808,.F.);
#2797 = FACE_BOUND('',#2798,.F.);
#2798 = EDGE_LOOP('',(#2799,#2800,#2801,#2802));
#2799 = ORIENTED_EDGE('',*,*,#2778,.F.);
#2800 = ORIENTED_EDGE('',*,*,#2033,.T.);
#2801 = ORIENTED_EDGE('',*,*,#2730,.T.);
#2802 = ORIENTED_EDGE('',*,*,#2803,.F.);
#2803 = EDGE_CURVE('',#2779,#2731,#2804,.T.);
#2804 = LINE('',#2805,#2806);
#2805 = CARTESIAN_POINT('',(0.16,-2.86,-3.));
#2806 = VECTOR('',#2807,1.);
#2807 = DIRECTION('',(0.,1.,0.));
#2808 = PLANE('',#2809);
#2809 = AXIS2_PLACEMENT_3D('',#2810,#2811,#2812);
#2810 = CARTESIAN_POINT('',(0.24,-2.86,-2.92));
#2811 = DIRECTION('',(-0.707106781187,1.735167508357E-18,0.707106781187)
  );
#2812 = DIRECTION('',(1.226948711654E-18,1.,-1.226948711654E-18));
#2813 = ADVANCED_FACE('',(#2814),#2839,.T.);
#2814 = FACE_BOUND('',#2815,.F.);
#2815 = EDGE_LOOP('',(#2816,#2824,#2825,#2833));
#2816 = ORIENTED_EDGE('',*,*,#2817,.F.);
#2817 = EDGE_CURVE('',#2059,#2818,#2820,.T.);
#2818 = VERTEX_POINT('',#2819);
#2819 = CARTESIAN_POINT('',(-0.16,-4.92,8.54));
#2820 = LINE('',#2821,#2822);
#2821 = CARTESIAN_POINT('',(-0.16,-4.92,8.54));
#2822 = VECTOR('',#2823,1.);
#2823 = DIRECTION('',(0.57735026919,-0.57735026919,0.57735026919));
#2824 = ORIENTED_EDGE('',*,*,#2066,.T.);
#2825 = ORIENTED_EDGE('',*,*,#2826,.T.);
#2826 = EDGE_CURVE('',#2050,#2827,#2829,.T.);
#2827 = VERTEX_POINT('',#2828);
#2828 = CARTESIAN_POINT('',(0.16,-4.92,8.54));
#2829 = LINE('',#2830,#2831);
#2830 = CARTESIAN_POINT('',(5.333333333333E-02,-5.026666666667,
    8.646666666667));
#2831 = VECTOR('',#2832,1.);
#2832 = DIRECTION('',(-0.57735026919,-0.57735026919,0.57735026919));
#2833 = ORIENTED_EDGE('',*,*,#2834,.F.);
#2834 = EDGE_CURVE('',#2818,#2827,#2835,.T.);
#2835 = LINE('',#2836,#2837);
#2836 = CARTESIAN_POINT('',(-0.32,-4.92,8.54));
#2837 = VECTOR('',#2838,1.);
#2838 = DIRECTION('',(1.,0.,0.));
#2839 = PLANE('',#2840);
#2840 = AXIS2_PLACEMENT_3D('',#2841,#2842,#2843);
#2841 = CARTESIAN_POINT('',(-0.32,-4.84,8.46));
#2842 = DIRECTION('',(1.735167508357E-18,0.707106781187,0.707106781187)
  );
#2843 = DIRECTION('',(-1.,1.226948711654E-18,1.226948711654E-18));
#2844 = ADVANCED_FACE('',(#2845),#2863,.F.);
#2845 = FACE_BOUND('',#2846,.F.);
#2846 = EDGE_LOOP('',(#2847,#2855,#2856,#2857));
#2847 = ORIENTED_EDGE('',*,*,#2848,.F.);
#2848 = EDGE_CURVE('',#2081,#2849,#2851,.T.);
#2849 = VERTEX_POINT('',#2850);
#2850 = CARTESIAN_POINT('',(-0.16,-5.24,8.54));
#2851 = LINE('',#2852,#2853);
#2852 = CARTESIAN_POINT('',(-0.266666666667,-5.346666666667,
    8.433333333333));
#2853 = VECTOR('',#2854,1.);
#2854 = DIRECTION('',(0.57735026919,0.57735026919,0.57735026919));
#2855 = ORIENTED_EDGE('',*,*,#2090,.T.);
#2856 = ORIENTED_EDGE('',*,*,#2817,.T.);
#2857 = ORIENTED_EDGE('',*,*,#2858,.F.);
#2858 = EDGE_CURVE('',#2849,#2818,#2859,.T.);
#2859 = LINE('',#2860,#2861);
#2860 = CARTESIAN_POINT('',(-0.16,-5.4,8.54));
#2861 = VECTOR('',#2862,1.);
#2862 = DIRECTION('',(0.,1.,0.));
#2863 = PLANE('',#2864);
#2864 = AXIS2_PLACEMENT_3D('',#2865,#2866,#2867);
#2865 = CARTESIAN_POINT('',(-0.24,-5.4,8.46));
#2866 = DIRECTION('',(0.707106781187,1.735167508357E-18,-0.707106781187)
  );
#2867 = DIRECTION('',(-1.226948711654E-18,1.,1.226948711654E-18));
#2868 = ADVANCED_FACE('',(#2869),#2887,.F.);
#2869 = FACE_BOUND('',#2870,.T.);
#2870 = EDGE_LOOP('',(#2871,#2872,#2873,#2881));
#2871 = ORIENTED_EDGE('',*,*,#2848,.F.);
#2872 = ORIENTED_EDGE('',*,*,#2114,.T.);
#2873 = ORIENTED_EDGE('',*,*,#2874,.T.);
#2874 = EDGE_CURVE('',#2105,#2875,#2877,.T.);
#2875 = VERTEX_POINT('',#2876);
#2876 = CARTESIAN_POINT('',(0.16,-5.24,8.54));
#2877 = LINE('',#2878,#2879);
#2878 = CARTESIAN_POINT('',(0.16,-5.24,8.54));
#2879 = VECTOR('',#2880,1.);
#2880 = DIRECTION('',(-0.57735026919,0.57735026919,0.57735026919));
#2881 = ORIENTED_EDGE('',*,*,#2882,.F.);
#2882 = EDGE_CURVE('',#2849,#2875,#2883,.T.);
#2883 = LINE('',#2884,#2885);
#2884 = CARTESIAN_POINT('',(-0.32,-5.24,8.54));
#2885 = VECTOR('',#2886,1.);
#2886 = DIRECTION('',(1.,0.,0.));
#2887 = PLANE('',#2888);
#2888 = AXIS2_PLACEMENT_3D('',#2889,#2890,#2891);
#2889 = CARTESIAN_POINT('',(-0.32,-5.32,8.46));
#2890 = DIRECTION('',(-1.735167508357E-18,0.707106781187,-0.707106781187
    ));
#2891 = DIRECTION('',(-1.,-1.226948711654E-18,1.226948711654E-18));
#2892 = ADVANCED_FACE('',(#2893),#2904,.T.);
#2893 = FACE_BOUND('',#2894,.T.);
#2894 = EDGE_LOOP('',(#2895,#2896,#2897,#2898));
#2895 = ORIENTED_EDGE('',*,*,#2874,.F.);
#2896 = ORIENTED_EDGE('',*,*,#2131,.T.);
#2897 = ORIENTED_EDGE('',*,*,#2826,.T.);
#2898 = ORIENTED_EDGE('',*,*,#2899,.F.);
#2899 = EDGE_CURVE('',#2875,#2827,#2900,.T.);
#2900 = LINE('',#2901,#2902);
#2901 = CARTESIAN_POINT('',(0.16,-5.4,8.54));
#2902 = VECTOR('',#2903,1.);
#2903 = DIRECTION('',(0.,1.,0.));
#2904 = PLANE('',#2905);
#2905 = AXIS2_PLACEMENT_3D('',#2906,#2907,#2908);
#2906 = CARTESIAN_POINT('',(0.24,-5.4,8.46));
#2907 = DIRECTION('',(0.707106781187,-1.735167508357E-18,0.707106781187)
  );
#2908 = DIRECTION('',(1.226948711654E-18,1.,1.226948711654E-18));
#2909 = ADVANCED_FACE('',(#2910),#2935,.T.);
#2910 = FACE_BOUND('',#2911,.T.);
#2911 = EDGE_LOOP('',(#2912,#2920,#2921,#2929));
#2912 = ORIENTED_EDGE('',*,*,#2913,.F.);
#2913 = EDGE_CURVE('',#2146,#2914,#2916,.T.);
#2914 = VERTEX_POINT('',#2915);
#2915 = CARTESIAN_POINT('',(0.16,-7.78,8.54));
#2916 = LINE('',#2917,#2918);
#2917 = CARTESIAN_POINT('',(0.16,-7.78,8.54));
#2918 = VECTOR('',#2919,1.);
#2919 = DIRECTION('',(-0.57735026919,0.57735026919,0.57735026919));
#2920 = ORIENTED_EDGE('',*,*,#2162,.T.);
#2921 = ORIENTED_EDGE('',*,*,#2922,.T.);
#2922 = EDGE_CURVE('',#2155,#2923,#2925,.T.);
#2923 = VERTEX_POINT('',#2924);
#2924 = CARTESIAN_POINT('',(0.16,-7.46,8.54));
#2925 = LINE('',#2926,#2927);
#2926 = CARTESIAN_POINT('',(5.333333333333E-02,-7.566666666667,
    8.646666666667));
#2927 = VECTOR('',#2928,1.);
#2928 = DIRECTION('',(-0.57735026919,-0.57735026919,0.57735026919));
#2929 = ORIENTED_EDGE('',*,*,#2930,.F.);
#2930 = EDGE_CURVE('',#2914,#2923,#2931,.T.);
#2931 = LINE('',#2932,#2933);
#2932 = CARTESIAN_POINT('',(0.16,-7.94,8.54));
#2933 = VECTOR('',#2934,1.);
#2934 = DIRECTION('',(0.,1.,0.));
#2935 = PLANE('',#2936);
#2936 = AXIS2_PLACEMENT_3D('',#2937,#2938,#2939);
#2937 = CARTESIAN_POINT('',(0.24,-7.94,8.46));
#2938 = DIRECTION('',(0.707106781187,-1.735167508357E-18,0.707106781187)
  );
#2939 = DIRECTION('',(1.226948711654E-18,1.,1.226948711654E-18));
#2940 = ADVANCED_FACE('',(#2941),#2959,.T.);
#2941 = FACE_BOUND('',#2942,.F.);
#2942 = EDGE_LOOP('',(#2943,#2951,#2952,#2953));
#2943 = ORIENTED_EDGE('',*,*,#2944,.F.);
#2944 = EDGE_CURVE('',#2179,#2945,#2947,.T.);
#2945 = VERTEX_POINT('',#2946);
#2946 = CARTESIAN_POINT('',(-0.16,-7.46,8.54));
#2947 = LINE('',#2948,#2949);
#2948 = CARTESIAN_POINT('',(-0.16,-7.46,8.54));
#2949 = VECTOR('',#2950,1.);
#2950 = DIRECTION('',(0.57735026919,-0.57735026919,0.57735026919));
#2951 = ORIENTED_EDGE('',*,*,#2186,.T.);
#2952 = ORIENTED_EDGE('',*,*,#2922,.T.);
#2953 = ORIENTED_EDGE('',*,*,#2954,.F.);
#2954 = EDGE_CURVE('',#2945,#2923,#2955,.T.);
#2955 = LINE('',#2956,#2957);
#2956 = CARTESIAN_POINT('',(-0.32,-7.46,8.54));
#2957 = VECTOR('',#2958,1.);
#2958 = DIRECTION('',(1.,0.,0.));
#2959 = PLANE('',#2960);
#2960 = AXIS2_PLACEMENT_3D('',#2961,#2962,#2963);
#2961 = CARTESIAN_POINT('',(-0.32,-7.38,8.46));
#2962 = DIRECTION('',(1.735167508357E-18,0.707106781187,0.707106781187)
  );
#2963 = DIRECTION('',(-1.,1.226948711654E-18,1.226948711654E-18));
#2964 = ADVANCED_FACE('',(#2965),#2983,.F.);
#2965 = FACE_BOUND('',#2966,.F.);
#2966 = EDGE_LOOP('',(#2967,#2975,#2976,#2977));
#2967 = ORIENTED_EDGE('',*,*,#2968,.F.);
#2968 = EDGE_CURVE('',#2201,#2969,#2971,.T.);
#2969 = VERTEX_POINT('',#2970);
#2970 = CARTESIAN_POINT('',(-0.16,-7.78,8.54));
#2971 = LINE('',#2972,#2973);
#2972 = CARTESIAN_POINT('',(-0.266666666667,-7.886666666667,
    8.433333333333));
#2973 = VECTOR('',#2974,1.);
#2974 = DIRECTION('',(0.57735026919,0.57735026919,0.57735026919));
#2975 = ORIENTED_EDGE('',*,*,#2210,.T.);
#2976 = ORIENTED_EDGE('',*,*,#2944,.T.);
#2977 = ORIENTED_EDGE('',*,*,#2978,.F.);
#2978 = EDGE_CURVE('',#2969,#2945,#2979,.T.);
#2979 = LINE('',#2980,#2981);
#2980 = CARTESIAN_POINT('',(-0.16,-7.94,8.54));
#2981 = VECTOR('',#2982,1.);
#2982 = DIRECTION('',(0.,1.,0.));
#2983 = PLANE('',#2984);
#2984 = AXIS2_PLACEMENT_3D('',#2985,#2986,#2987);
#2985 = CARTESIAN_POINT('',(-0.24,-7.94,8.46));
#2986 = DIRECTION('',(0.707106781187,1.735167508357E-18,-0.707106781187)
  );
#2987 = DIRECTION('',(-1.226948711654E-18,1.,1.226948711654E-18));
#2988 = ADVANCED_FACE('',(#2989),#3000,.F.);
#2989 = FACE_BOUND('',#2990,.T.);
#2990 = EDGE_LOOP('',(#2991,#2992,#2993,#2994));
#2991 = ORIENTED_EDGE('',*,*,#2968,.F.);
#2992 = ORIENTED_EDGE('',*,*,#2227,.T.);
#2993 = ORIENTED_EDGE('',*,*,#2913,.T.);
#2994 = ORIENTED_EDGE('',*,*,#2995,.F.);
#2995 = EDGE_CURVE('',#2969,#2914,#2996,.T.);
#2996 = LINE('',#2997,#2998);
#2997 = CARTESIAN_POINT('',(-0.32,-7.78,8.54));
#2998 = VECTOR('',#2999,1.);
#2999 = DIRECTION('',(1.,0.,0.));
#3000 = PLANE('',#3001);
#3001 = AXIS2_PLACEMENT_3D('',#3002,#3003,#3004);
#3002 = CARTESIAN_POINT('',(-0.32,-7.86,8.46));
#3003 = DIRECTION('',(-1.735167508357E-18,0.707106781187,-0.707106781187
    ));
#3004 = DIRECTION('',(-1.,-1.226948711654E-18,1.226948711654E-18));
#3005 = ADVANCED_FACE('',(#3006),#3031,.T.);
#3006 = FACE_BOUND('',#3007,.T.);
#3007 = EDGE_LOOP('',(#3008,#3016,#3017,#3025));
#3008 = ORIENTED_EDGE('',*,*,#3009,.F.);
#3009 = EDGE_CURVE('',#2242,#3010,#3012,.T.);
#3010 = VERTEX_POINT('',#3011);
#3011 = CARTESIAN_POINT('',(0.16,-0.16,8.54));
#3012 = LINE('',#3013,#3014);
#3013 = CARTESIAN_POINT('',(0.16,-0.16,8.54));
#3014 = VECTOR('',#3015,1.);
#3015 = DIRECTION('',(-0.57735026919,0.57735026919,0.57735026919));
#3016 = ORIENTED_EDGE('',*,*,#2258,.T.);
#3017 = ORIENTED_EDGE('',*,*,#3018,.T.);
#3018 = EDGE_CURVE('',#2251,#3019,#3021,.T.);
#3019 = VERTEX_POINT('',#3020);
#3020 = CARTESIAN_POINT('',(0.16,0.16,8.54));
#3021 = LINE('',#3022,#3023);
#3022 = CARTESIAN_POINT('',(5.333333333333E-02,5.333333333333E-02,
    8.646666666667));
#3023 = VECTOR('',#3024,1.);
#3024 = DIRECTION('',(-0.57735026919,-0.57735026919,0.57735026919));
#3025 = ORIENTED_EDGE('',*,*,#3026,.F.);
#3026 = EDGE_CURVE('',#3010,#3019,#3027,.T.);
#3027 = LINE('',#3028,#3029);
#3028 = CARTESIAN_POINT('',(0.16,-0.32,8.54));
#3029 = VECTOR('',#3030,1.);
#3030 = DIRECTION('',(0.,1.,0.));
#3031 = PLANE('',#3032);
#3032 = AXIS2_PLACEMENT_3D('',#3033,#3034,#3035);
#3033 = CARTESIAN_POINT('',(0.24,-0.32,8.46));
#3034 = DIRECTION('',(0.707106781187,-1.735167508357E-18,0.707106781187)
  );
#3035 = DIRECTION('',(1.226948711654E-18,1.,1.226948711654E-18));
#3036 = ADVANCED_FACE('',(#3037),#3055,.T.);
#3037 = FACE_BOUND('',#3038,.F.);
#3038 = EDGE_LOOP('',(#3039,#3047,#3048,#3049));
#3039 = ORIENTED_EDGE('',*,*,#3040,.F.);
#3040 = EDGE_CURVE('',#2275,#3041,#3043,.T.);
#3041 = VERTEX_POINT('',#3042);
#3042 = CARTESIAN_POINT('',(-0.16,0.16,8.54));
#3043 = LINE('',#3044,#3045);
#3044 = CARTESIAN_POINT('',(-0.16,0.16,8.54));
#3045 = VECTOR('',#3046,1.);
#3046 = DIRECTION('',(0.57735026919,-0.57735026919,0.57735026919));
#3047 = ORIENTED_EDGE('',*,*,#2282,.T.);
#3048 = ORIENTED_EDGE('',*,*,#3018,.T.);
#3049 = ORIENTED_EDGE('',*,*,#3050,.F.);
#3050 = EDGE_CURVE('',#3041,#3019,#3051,.T.);
#3051 = LINE('',#3052,#3053);
#3052 = CARTESIAN_POINT('',(-0.32,0.16,8.54));
#3053 = VECTOR('',#3054,1.);
#3054 = DIRECTION('',(1.,0.,0.));
#3055 = PLANE('',#3056);
#3056 = AXIS2_PLACEMENT_3D('',#3057,#3058,#3059);
#3057 = CARTESIAN_POINT('',(-0.32,0.24,8.46));
#3058 = DIRECTION('',(1.735167508357E-18,0.707106781187,0.707106781187)
  );
#3059 = DIRECTION('',(-1.,1.226948711654E-18,1.226948711654E-18));
#3060 = ADVANCED_FACE('',(#3061),#3079,.F.);
#3061 = FACE_BOUND('',#3062,.F.);
#3062 = EDGE_LOOP('',(#3063,#3071,#3072,#3073));
#3063 = ORIENTED_EDGE('',*,*,#3064,.F.);
#3064 = EDGE_CURVE('',#2297,#3065,#3067,.T.);
#3065 = VERTEX_POINT('',#3066);
#3066 = CARTESIAN_POINT('',(-0.16,-0.16,8.54));
#3067 = LINE('',#3068,#3069);
#3068 = CARTESIAN_POINT('',(-0.266666666667,-0.266666666667,
    8.433333333333));
#3069 = VECTOR('',#3070,1.);
#3070 = DIRECTION('',(0.57735026919,0.57735026919,0.57735026919));
#3071 = ORIENTED_EDGE('',*,*,#2306,.T.);
#3072 = ORIENTED_EDGE('',*,*,#3040,.T.);
#3073 = ORIENTED_EDGE('',*,*,#3074,.F.);
#3074 = EDGE_CURVE('',#3065,#3041,#3075,.T.);
#3075 = LINE('',#3076,#3077);
#3076 = CARTESIAN_POINT('',(-0.16,-0.32,8.54));
#3077 = VECTOR('',#3078,1.);
#3078 = DIRECTION('',(0.,1.,0.));
#3079 = PLANE('',#3080);
#3080 = AXIS2_PLACEMENT_3D('',#3081,#3082,#3083);
#3081 = CARTESIAN_POINT('',(-0.24,-0.32,8.46));
#3082 = DIRECTION('',(0.707106781187,1.735167508357E-18,-0.707106781187)
  );
#3083 = DIRECTION('',(-1.226948711654E-18,1.,1.226948711654E-18));
#3084 = ADVANCED_FACE('',(#3085),#3096,.F.);
#3085 = FACE_BOUND('',#3086,.T.);
#3086 = EDGE_LOOP('',(#3087,#3088,#3089,#3090));
#3087 = ORIENTED_EDGE('',*,*,#3064,.F.);
#3088 = ORIENTED_EDGE('',*,*,#2323,.T.);
#3089 = ORIENTED_EDGE('',*,*,#3009,.T.);
#3090 = ORIENTED_EDGE('',*,*,#3091,.F.);
#3091 = EDGE_CURVE('',#3065,#3010,#3092,.T.);
#3092 = LINE('',#3093,#3094);
#3093 = CARTESIAN_POINT('',(-0.32,-0.16,8.54));
#3094 = VECTOR('',#3095,1.);
#3095 = DIRECTION('',(1.,0.,0.));
#3096 = PLANE('',#3097);
#3097 = AXIS2_PLACEMENT_3D('',#3098,#3099,#3100);
#3098 = CARTESIAN_POINT('',(-0.32,-0.24,8.46));
#3099 = DIRECTION('',(-1.735167508357E-18,0.707106781187,-0.707106781187
    ));
#3100 = DIRECTION('',(-1.,-1.226948711654E-18,1.226948711654E-18));
#3101 = ADVANCED_FACE('',(#3102),#3127,.T.);
#3102 = FACE_BOUND('',#3103,.F.);
#3103 = EDGE_LOOP('',(#3104,#3112,#3113,#3121));
#3104 = ORIENTED_EDGE('',*,*,#3105,.F.);
#3105 = EDGE_CURVE('',#2347,#3106,#3108,.T.);
#3106 = VERTEX_POINT('',#3107);
#3107 = CARTESIAN_POINT('',(-0.16,-2.38,8.54));
#3108 = LINE('',#3109,#3110);
#3109 = CARTESIAN_POINT('',(-0.16,-2.38,8.54));
#3110 = VECTOR('',#3111,1.);
#3111 = DIRECTION('',(0.57735026919,-0.57735026919,0.57735026919));
#3112 = ORIENTED_EDGE('',*,*,#2354,.T.);
#3113 = ORIENTED_EDGE('',*,*,#3114,.T.);
#3114 = EDGE_CURVE('',#2338,#3115,#3117,.T.);
#3115 = VERTEX_POINT('',#3116);
#3116 = CARTESIAN_POINT('',(0.16,-2.38,8.54));
#3117 = LINE('',#3118,#3119);
#3118 = CARTESIAN_POINT('',(5.333333333333E-02,-2.486666666667,
    8.646666666667));
#3119 = VECTOR('',#3120,1.);
#3120 = DIRECTION('',(-0.57735026919,-0.57735026919,0.57735026919));
#3121 = ORIENTED_EDGE('',*,*,#3122,.F.);
#3122 = EDGE_CURVE('',#3106,#3115,#3123,.T.);
#3123 = LINE('',#3124,#3125);
#3124 = CARTESIAN_POINT('',(-0.32,-2.38,8.54));
#3125 = VECTOR('',#3126,1.);
#3126 = DIRECTION('',(1.,0.,0.));
#3127 = PLANE('',#3128);
#3128 = AXIS2_PLACEMENT_3D('',#3129,#3130,#3131);
#3129 = CARTESIAN_POINT('',(-0.32,-2.3,8.46));
#3130 = DIRECTION('',(1.735167508357E-18,0.707106781187,0.707106781187)
  );
#3131 = DIRECTION('',(-1.,1.226948711654E-18,1.226948711654E-18));
#3132 = ADVANCED_FACE('',(#3133),#3151,.F.);
#3133 = FACE_BOUND('',#3134,.F.);
#3134 = EDGE_LOOP('',(#3135,#3143,#3144,#3145));
#3135 = ORIENTED_EDGE('',*,*,#3136,.F.);
#3136 = EDGE_CURVE('',#2369,#3137,#3139,.T.);
#3137 = VERTEX_POINT('',#3138);
#3138 = CARTESIAN_POINT('',(-0.16,-2.7,8.54));
#3139 = LINE('',#3140,#3141);
#3140 = CARTESIAN_POINT('',(-0.266666666667,-2.806666666667,
    8.433333333333));
#3141 = VECTOR('',#3142,1.);
#3142 = DIRECTION('',(0.57735026919,0.57735026919,0.57735026919));
#3143 = ORIENTED_EDGE('',*,*,#2378,.T.);
#3144 = ORIENTED_EDGE('',*,*,#3105,.T.);
#3145 = ORIENTED_EDGE('',*,*,#3146,.F.);
#3146 = EDGE_CURVE('',#3137,#3106,#3147,.T.);
#3147 = LINE('',#3148,#3149);
#3148 = CARTESIAN_POINT('',(-0.16,-2.86,8.54));
#3149 = VECTOR('',#3150,1.);
#3150 = DIRECTION('',(0.,1.,0.));
#3151 = PLANE('',#3152);
#3152 = AXIS2_PLACEMENT_3D('',#3153,#3154,#3155);
#3153 = CARTESIAN_POINT('',(-0.24,-2.86,8.46));
#3154 = DIRECTION('',(0.707106781187,1.735167508357E-18,-0.707106781187)
  );
#3155 = DIRECTION('',(-1.226948711654E-18,1.,1.226948711654E-18));
#3156 = ADVANCED_FACE('',(#3157),#3175,.F.);
#3157 = FACE_BOUND('',#3158,.T.);
#3158 = EDGE_LOOP('',(#3159,#3160,#3161,#3169));
#3159 = ORIENTED_EDGE('',*,*,#3136,.F.);
#3160 = ORIENTED_EDGE('',*,*,#2402,.T.);
#3161 = ORIENTED_EDGE('',*,*,#3162,.T.);
#3162 = EDGE_CURVE('',#2393,#3163,#3165,.T.);
#3163 = VERTEX_POINT('',#3164);
#3164 = CARTESIAN_POINT('',(0.16,-2.7,8.54));
#3165 = LINE('',#3166,#3167);
#3166 = CARTESIAN_POINT('',(0.16,-2.7,8.54));
#3167 = VECTOR('',#3168,1.);
#3168 = DIRECTION('',(-0.57735026919,0.57735026919,0.57735026919));
#3169 = ORIENTED_EDGE('',*,*,#3170,.F.);
#3170 = EDGE_CURVE('',#3137,#3163,#3171,.T.);
#3171 = LINE('',#3172,#3173);
#3172 = CARTESIAN_POINT('',(-0.32,-2.7,8.54));
#3173 = VECTOR('',#3174,1.);
#3174 = DIRECTION('',(1.,0.,0.));
#3175 = PLANE('',#3176);
#3176 = AXIS2_PLACEMENT_3D('',#3177,#3178,#3179);
#3177 = CARTESIAN_POINT('',(-0.32,-2.78,8.46));
#3178 = DIRECTION('',(-1.735167508357E-18,0.707106781187,-0.707106781187
    ));
#3179 = DIRECTION('',(-1.,-1.226948711654E-18,1.226948711654E-18));
#3180 = ADVANCED_FACE('',(#3181),#3192,.T.);
#3181 = FACE_BOUND('',#3182,.T.);
#3182 = EDGE_LOOP('',(#3183,#3184,#3185,#3186));
#3183 = ORIENTED_EDGE('',*,*,#3162,.F.);
#3184 = ORIENTED_EDGE('',*,*,#2419,.T.);
#3185 = ORIENTED_EDGE('',*,*,#3114,.T.);
#3186 = ORIENTED_EDGE('',*,*,#3187,.F.);
#3187 = EDGE_CURVE('',#3163,#3115,#3188,.T.);
#3188 = LINE('',#3189,#3190);
#3189 = CARTESIAN_POINT('',(0.16,-2.86,8.54));
#3190 = VECTOR('',#3191,1.);
#3191 = DIRECTION('',(0.,1.,0.));
#3192 = PLANE('',#3193);
#3193 = AXIS2_PLACEMENT_3D('',#3194,#3195,#3196);
#3194 = CARTESIAN_POINT('',(0.24,-2.86,8.46));
#3195 = DIRECTION('',(0.707106781187,-1.735167508357E-18,0.707106781187)
  );
#3196 = DIRECTION('',(1.226948711654E-18,1.,1.226948711654E-18));
#3197 = ADVANCED_FACE('',(#3198),#3204,.F.);
#3198 = FACE_BOUND('',#3199,.F.);
#3199 = EDGE_LOOP('',(#3200,#3201,#3202,#3203));
#3200 = ORIENTED_EDGE('',*,*,#2515,.T.);
#3201 = ORIENTED_EDGE('',*,*,#2450,.F.);
#3202 = ORIENTED_EDGE('',*,*,#2474,.F.);
#3203 = ORIENTED_EDGE('',*,*,#2498,.T.);
#3204 = PLANE('',#3205);
#3205 = AXIS2_PLACEMENT_3D('',#3206,#3207,#3208);
#3206 = CARTESIAN_POINT('',(-0.32,-5.4,-3.));
#3207 = DIRECTION('',(0.,0.,1.));
#3208 = DIRECTION('',(1.,0.,-0.));
#3209 = ADVANCED_FACE('',(#3210),#3216,.F.);
#3210 = FACE_BOUND('',#3211,.F.);
#3211 = EDGE_LOOP('',(#3212,#3213,#3214,#3215));
#3212 = ORIENTED_EDGE('',*,*,#2546,.T.);
#3213 = ORIENTED_EDGE('',*,*,#2570,.F.);
#3214 = ORIENTED_EDGE('',*,*,#2594,.F.);
#3215 = ORIENTED_EDGE('',*,*,#2611,.T.);
#3216 = PLANE('',#3217);
#3217 = AXIS2_PLACEMENT_3D('',#3218,#3219,#3220);
#3218 = CARTESIAN_POINT('',(-0.32,-7.94,-3.));
#3219 = DIRECTION('',(0.,0.,1.));
#3220 = DIRECTION('',(1.,0.,-0.));
#3221 = ADVANCED_FACE('',(#3222),#3228,.F.);
#3222 = FACE_BOUND('',#3223,.F.);
#3223 = EDGE_LOOP('',(#3224,#3225,#3226,#3227));
#3224 = ORIENTED_EDGE('',*,*,#2642,.T.);
#3225 = ORIENTED_EDGE('',*,*,#2666,.F.);
#3226 = ORIENTED_EDGE('',*,*,#2690,.F.);
#3227 = ORIENTED_EDGE('',*,*,#2707,.T.);
#3228 = PLANE('',#3229);
#3229 = AXIS2_PLACEMENT_3D('',#3230,#3231,#3232);
#3230 = CARTESIAN_POINT('',(-0.32,-0.32,-3.));
#3231 = DIRECTION('',(0.,0.,1.));
#3232 = DIRECTION('',(1.,0.,-0.));
#3233 = ADVANCED_FACE('',(#3234),#3240,.F.);
#3234 = FACE_BOUND('',#3235,.F.);
#3235 = EDGE_LOOP('',(#3236,#3237,#3238,#3239));
#3236 = ORIENTED_EDGE('',*,*,#2803,.T.);
#3237 = ORIENTED_EDGE('',*,*,#2738,.F.);
#3238 = ORIENTED_EDGE('',*,*,#2762,.F.);
#3239 = ORIENTED_EDGE('',*,*,#2786,.T.);
#3240 = PLANE('',#3241);
#3241 = AXIS2_PLACEMENT_3D('',#3242,#3243,#3244);
#3242 = CARTESIAN_POINT('',(-0.32,-2.86,-3.));
#3243 = DIRECTION('',(0.,0.,1.));
#3244 = DIRECTION('',(1.,0.,-0.));
#3245 = ADVANCED_FACE('',(#3246),#3252,.T.);
#3246 = FACE_BOUND('',#3247,.T.);
#3247 = EDGE_LOOP('',(#3248,#3249,#3250,#3251));
#3248 = ORIENTED_EDGE('',*,*,#2899,.T.);
#3249 = ORIENTED_EDGE('',*,*,#2834,.F.);
#3250 = ORIENTED_EDGE('',*,*,#2858,.F.);
#3251 = ORIENTED_EDGE('',*,*,#2882,.T.);
#3252 = PLANE('',#3253);
#3253 = AXIS2_PLACEMENT_3D('',#3254,#3255,#3256);
#3254 = CARTESIAN_POINT('',(-0.32,-5.4,8.54));
#3255 = DIRECTION('',(0.,0.,1.));
#3256 = DIRECTION('',(1.,0.,-0.));
#3257 = ADVANCED_FACE('',(#3258),#3264,.T.);
#3258 = FACE_BOUND('',#3259,.T.);
#3259 = EDGE_LOOP('',(#3260,#3261,#3262,#3263));
#3260 = ORIENTED_EDGE('',*,*,#2930,.T.);
#3261 = ORIENTED_EDGE('',*,*,#2954,.F.);
#3262 = ORIENTED_EDGE('',*,*,#2978,.F.);
#3263 = ORIENTED_EDGE('',*,*,#2995,.T.);
#3264 = PLANE('',#3265);
#3265 = AXIS2_PLACEMENT_3D('',#3266,#3267,#3268);
#3266 = CARTESIAN_POINT('',(-0.32,-7.94,8.54));
#3267 = DIRECTION('',(0.,0.,1.));
#3268 = DIRECTION('',(1.,0.,-0.));
#3269 = ADVANCED_FACE('',(#3270),#3276,.T.);
#3270 = FACE_BOUND('',#3271,.T.);
#3271 = EDGE_LOOP('',(#3272,#3273,#3274,#3275));
#3272 = ORIENTED_EDGE('',*,*,#3026,.T.);
#3273 = ORIENTED_EDGE('',*,*,#3050,.F.);
#3274 = ORIENTED_EDGE('',*,*,#3074,.F.);
#3275 = ORIENTED_EDGE('',*,*,#3091,.T.);
#3276 = PLANE('',#3277);
#3277 = AXIS2_PLACEMENT_3D('',#3278,#3279,#3280);
#3278 = CARTESIAN_POINT('',(-0.32,-0.32,8.54));
#3279 = DIRECTION('',(0.,0.,1.));
#3280 = DIRECTION('',(1.,0.,-0.));
#3281 = ADVANCED_FACE('',(#3282),#3288,.T.);
#3282 = FACE_BOUND('',#3283,.T.);
#3283 = EDGE_LOOP('',(#3284,#3285,#3286,#3287));
#3284 = ORIENTED_EDGE('',*,*,#3187,.T.);
#3285 = ORIENTED_EDGE('',*,*,#3122,.F.);
#3286 = ORIENTED_EDGE('',*,*,#3146,.F.);
#3287 = ORIENTED_EDGE('',*,*,#3170,.T.);
#3288 = PLANE('',#3289);
#3289 = AXIS2_PLACEMENT_3D('',#3290,#3291,#3292);
#3290 = CARTESIAN_POINT('',(-0.32,-2.86,8.54));
#3291 = DIRECTION('',(0.,0.,1.));
#3292 = DIRECTION('',(1.,0.,-0.));
#3293 = ( GEOMETRIC_REPRESENTATION_CONTEXT(3) 
GLOBAL_UNCERTAINTY_ASSIGNED_CONTEXT((#3297)) 
GLOBAL_UNIT_ASSIGNED_CONTEXT((#3294,#3295,#3296)) REPRESENTATION_CONTEXT
('Context #1','3D Context with UNIT and UNCERTAINTY') );
#3294 = ( LENGTH_UNIT() NAMED_UNIT(*) SI_UNIT(.MILLI.,.METRE.) );
#3295 = ( NAMED_UNIT(*) PLANE_ANGLE_UNIT() SI_UNIT($,.RADIAN.) );
#3296 = ( NAMED_UNIT(*) SI_UNIT($,.STERADIAN.) SOLID_ANGLE_UNIT() );
#3297 = UNCERTAINTY_MEASURE_WITH_UNIT(LENGTH_MEASURE(1.E-07),#3294,
  'distance_accuracy_value','confusion accuracy');
#3298 = CONTEXT_DEPENDENT_SHAPE_REPRESENTATION(#3299,#3301);
#3299 = ( REPRESENTATION_RELATIONSHIP('','',#512,#489) 
REPRESENTATION_RELATIONSHIP_WITH_TRANSFORMATION(#3300) 
SHAPE_REPRESENTATION_RELATIONSHIP() );
#3300 = ITEM_DEFINED_TRANSFORMATION('','',#11,#490);
#3301 = PRODUCT_DEFINITION_SHAPE('Placement','Placement of an item',
  #3302);
#3302 = NEXT_ASSEMBLY_USAGE_OCCURRENCE('8','=>[0:1:1:5]','',#484,#507,$
  );
#3303 = PRODUCT_RELATED_PRODUCT_CATEGORY('part',$,(#509));
#3304 = CONTEXT_DEPENDENT_SHAPE_REPRESENTATION(#3305,#3307);
#3305 = ( REPRESENTATION_RELATIONSHIP('','',#72,#10) 
REPRESENTATION_RELATIONSHIP_WITH_TRANSFORMATION(#3306) 
SHAPE_REPRESENTATION_RELATIONSHIP() );
#3306 = ITEM_DEFINED_TRANSFORMATION('','',#11,#43);
#3307 = PRODUCT_DEFINITION_SHAPE('Placement','Placement of an item',
  #3308);
#3308 = NEXT_ASSEMBLY_USAGE_OCCURRENCE('10','D6','',#5,#67,$);
#3309 = CONTEXT_DEPENDENT_SHAPE_REPRESENTATION(#3310,#3312);
#3310 = ( REPRESENTATION_RELATIONSHIP('','',#72,#10) 
REPRESENTATION_RELATIONSHIP_WITH_TRANSFORMATION(#3311) 
SHAPE_REPRESENTATION_RELATIONSHIP() );
#3311 = ITEM_DEFINED_TRANSFORMATION('','',#11,#47);
#3312 = PRODUCT_DEFINITION_SHAPE('Placement','Placement of an item',
  #3313);
#3313 = NEXT_ASSEMBLY_USAGE_OCCURRENCE('11','D7','',#5,#67,$);
#3314 = CONTEXT_DEPENDENT_SHAPE_REPRESENTATION(#3315,#3317);
#3315 = ( REPRESENTATION_RELATIONSHIP('','',#72,#10) 
REPRESENTATION_RELATIONSHIP_WITH_TRANSFORMATION(#3316) 
SHAPE_REPRESENTATION_RELATIONSHIP() );
#3316 = ITEM_DEFINED_TRANSFORMATION('','',#11,#51);
#3317 = PRODUCT_DEFINITION_SHAPE('Placement','Placement of an item',
  #3318);
#3318 = NEXT_ASSEMBLY_USAGE_OCCURRENCE('12','D4','',#5,#67,$);
#3319 = SHAPE_DEFINITION_REPRESENTATION(#3320,#3326);
#3320 = PRODUCT_DEFINITION_SHAPE('','',#3321);
#3321 = PRODUCT_DEFINITION('design','',#3322,#3325);
#3322 = PRODUCT_DEFINITION_FORMATION('','',#3323);
#3323 = PRODUCT('agentpad_PCB','agentpad_PCB','',(#3324));
#3324 = PRODUCT_CONTEXT('',#2,'mechanical');
#3325 = PRODUCT_DEFINITION_CONTEXT('part definition',#2,'design');
#3326 = ADVANCED_BREP_SHAPE_REPRESENTATION('',(#11,#3327),#7345);
#3327 = MANIFOLD_SOLID_BREP('',#3328);
#3328 = CLOSED_SHELL('',(#3329,#3369,#3400,#3431,#4532,#5633,#5645,#5662
    ,#5679,#5696,#5713,#5730,#5747,#5764,#5781,#5798,#5815,#5832,#5849,
    #5866,#5883,#5900,#5917,#5934,#5951,#5968,#5985,#6002,#6019,#6036,
    #6053,#6070,#6087,#6104,#6121,#6138,#6155,#6172,#6189,#6206,#6223,
    #6240,#6257,#6274,#6291,#6308,#6325,#6342,#6359,#6376,#6393,#6410,
    #6427,#6444,#6461,#6478,#6495,#6512,#6529,#6546,#6563,#6580,#6597,
    #6614,#6631,#6648,#6665,#6682,#6699,#6716,#6733,#6750,#6767,#6784,
    #6801,#6818,#6835,#6857,#6874,#6891,#6903,#6920,#6937,#6959,#6976,
    #6993,#7005,#7022,#7039,#7056,#7073,#7090,#7107,#7124,#7141,#7158,
    #7175,#7192,#7209,#7226,#7243,#7260,#7277,#7294,#7311,#7328));
#3329 = ADVANCED_FACE('',(#3330),#3364,.T.);
#3330 = FACE_BOUND('',#3331,.T.);
#3331 = EDGE_LOOP('',(#3332,#3342,#3350,#3358));
#3332 = ORIENTED_EDGE('',*,*,#3333,.T.);
#3333 = EDGE_CURVE('',#3334,#3336,#3338,.T.);
#3334 = VERTEX_POINT('',#3335);
#3335 = CARTESIAN_POINT('',(155.,-165.,0.));
#3336 = VERTEX_POINT('',#3337);
#3337 = CARTESIAN_POINT('',(155.,-165.,1.51));
#3338 = LINE('',#3339,#3340);
#3339 = CARTESIAN_POINT('',(155.,-165.,0.));
#3340 = VECTOR('',#3341,1.);
#3341 = DIRECTION('',(0.,0.,1.));
#3342 = ORIENTED_EDGE('',*,*,#3343,.T.);
#3343 = EDGE_CURVE('',#3336,#3344,#3346,.T.);
#3344 = VERTEX_POINT('',#3345);
#3345 = CARTESIAN_POINT('',(60.,-165.,1.51));
#3346 = LINE('',#3347,#3348);
#3347 = CARTESIAN_POINT('',(155.,-165.,1.51));
#3348 = VECTOR('',#3349,1.);
#3349 = DIRECTION('',(-1.,0.,0.));
#3350 = ORIENTED_EDGE('',*,*,#3351,.F.);
#3351 = EDGE_CURVE('',#3352,#3344,#3354,.T.);
#3352 = VERTEX_POINT('',#3353);
#3353 = CARTESIAN_POINT('',(60.,-165.,0.));
#3354 = LINE('',#3355,#3356);
#3355 = CARTESIAN_POINT('',(60.,-165.,0.));
#3356 = VECTOR('',#3357,1.);
#3357 = DIRECTION('',(0.,0.,1.));
#3358 = ORIENTED_EDGE('',*,*,#3359,.F.);
#3359 = EDGE_CURVE('',#3334,#3352,#3360,.T.);
#3360 = LINE('',#3361,#3362);
#3361 = CARTESIAN_POINT('',(155.,-165.,0.));
#3362 = VECTOR('',#3363,1.);
#3363 = DIRECTION('',(-1.,0.,0.));
#3364 = PLANE('',#3365);
#3365 = AXIS2_PLACEMENT_3D('',#3366,#3367,#3368);
#3366 = CARTESIAN_POINT('',(155.,-165.,0.));
#3367 = DIRECTION('',(0.,-1.,0.));
#3368 = DIRECTION('',(-1.,0.,0.));
#3369 = ADVANCED_FACE('',(#3370),#3395,.T.);
#3370 = FACE_BOUND('',#3371,.T.);
#3371 = EDGE_LOOP('',(#3372,#3382,#3388,#3389));
#3372 = ORIENTED_EDGE('',*,*,#3373,.T.);
#3373 = EDGE_CURVE('',#3374,#3376,#3378,.T.);
#3374 = VERTEX_POINT('',#3375);
#3375 = CARTESIAN_POINT('',(155.,-70.,0.));
#3376 = VERTEX_POINT('',#3377);
#3377 = CARTESIAN_POINT('',(155.,-70.,1.51));
#3378 = LINE('',#3379,#3380);
#3379 = CARTESIAN_POINT('',(155.,-70.,0.));
#3380 = VECTOR('',#3381,1.);
#3381 = DIRECTION('',(0.,0.,1.));
#3382 = ORIENTED_EDGE('',*,*,#3383,.T.);
#3383 = EDGE_CURVE('',#3376,#3336,#3384,.T.);
#3384 = LINE('',#3385,#3386);
#3385 = CARTESIAN_POINT('',(155.,-70.,1.51));
#3386 = VECTOR('',#3387,1.);
#3387 = DIRECTION('',(0.,-1.,0.));
#3388 = ORIENTED_EDGE('',*,*,#3333,.F.);
#3389 = ORIENTED_EDGE('',*,*,#3390,.F.);
#3390 = EDGE_CURVE('',#3374,#3334,#3391,.T.);
#3391 = LINE('',#3392,#3393);
#3392 = CARTESIAN_POINT('',(155.,-70.,0.));
#3393 = VECTOR('',#3394,1.);
#3394 = DIRECTION('',(0.,-1.,0.));
#3395 = PLANE('',#3396);
#3396 = AXIS2_PLACEMENT_3D('',#3397,#3398,#3399);
#3397 = CARTESIAN_POINT('',(155.,-70.,0.));
#3398 = DIRECTION('',(1.,0.,-0.));
#3399 = DIRECTION('',(0.,-1.,0.));
#3400 = ADVANCED_FACE('',(#3401),#3426,.T.);
#3401 = FACE_BOUND('',#3402,.T.);
#3402 = EDGE_LOOP('',(#3403,#3404,#3412,#3420));
#3403 = ORIENTED_EDGE('',*,*,#3351,.T.);
#3404 = ORIENTED_EDGE('',*,*,#3405,.T.);
#3405 = EDGE_CURVE('',#3344,#3406,#3408,.T.);
#3406 = VERTEX_POINT('',#3407);
#3407 = CARTESIAN_POINT('',(60.,-70.,1.51));
#3408 = LINE('',#3409,#3410);
#3409 = CARTESIAN_POINT('',(60.,-165.,1.51));
#3410 = VECTOR('',#3411,1.);
#3411 = DIRECTION('',(0.,1.,0.));
#3412 = ORIENTED_EDGE('',*,*,#3413,.F.);
#3413 = EDGE_CURVE('',#3414,#3406,#3416,.T.);
#3414 = VERTEX_POINT('',#3415);
#3415 = CARTESIAN_POINT('',(60.,-70.,0.));
#3416 = LINE('',#3417,#3418);
#3417 = CARTESIAN_POINT('',(60.,-70.,0.));
#3418 = VECTOR('',#3419,1.);
#3419 = DIRECTION('',(0.,0.,1.));
#3420 = ORIENTED_EDGE('',*,*,#3421,.F.);
#3421 = EDGE_CURVE('',#3352,#3414,#3422,.T.);
#3422 = LINE('',#3423,#3424);
#3423 = CARTESIAN_POINT('',(60.,-165.,0.));
#3424 = VECTOR('',#3425,1.);
#3425 = DIRECTION('',(0.,1.,0.));
#3426 = PLANE('',#3427);
#3427 = AXIS2_PLACEMENT_3D('',#3428,#3429,#3430);
#3428 = CARTESIAN_POINT('',(60.,-165.,0.));
#3429 = DIRECTION('',(-1.,0.,0.));
#3430 = DIRECTION('',(0.,1.,0.));
#3431 = ADVANCED_FACE('',(#3432,#3443,#3454,#3465,#3476,#3487,#3498,
    #3509,#3520,#3531,#3542,#3553,#3564,#3575,#3586,#3597,#3608,#3619,
    #3630,#3641,#3652,#3663,#3674,#3685,#3696,#3707,#3718,#3729,#3740,
    #3751,#3762,#3773,#3784,#3795,#3806,#3817,#3828,#3839,#3850,#3861,
    #3872,#3883,#3894,#3905,#3916,#3927,#3938,#3949,#3960,#3971,#3982,
    #3993,#4004,#4015,#4026,#4037,#4048,#4059,#4070,#4081,#4092,#4103,
    #4114,#4125,#4136,#4147,#4158,#4169,#4180,#4191,#4202,#4213,#4249,
    #4260,#4271,#4307,#4318,#4329,#4340,#4351,#4362,#4373,#4384,#4395,
    #4406,#4417,#4428,#4439,#4450,#4461,#4472,#4483,#4494,#4505,#4516),
  #4527,.F.);
#3432 = FACE_BOUND('',#3433,.F.);
#3433 = EDGE_LOOP('',(#3434,#3435,#3436,#3442));
#3434 = ORIENTED_EDGE('',*,*,#3359,.F.);
#3435 = ORIENTED_EDGE('',*,*,#3390,.F.);
#3436 = ORIENTED_EDGE('',*,*,#3437,.F.);
#3437 = EDGE_CURVE('',#3414,#3374,#3438,.T.);
#3438 = LINE('',#3439,#3440);
#3439 = CARTESIAN_POINT('',(60.,-70.,0.));
#3440 = VECTOR('',#3441,1.);
#3441 = DIRECTION('',(1.,0.,0.));
#3442 = ORIENTED_EDGE('',*,*,#3421,.F.);
#3443 = FACE_BOUND('',#3444,.F.);
#3444 = EDGE_LOOP('',(#3445));
#3445 = ORIENTED_EDGE('',*,*,#3446,.T.);
#3446 = EDGE_CURVE('',#3447,#3447,#3449,.T.);
#3447 = VERTEX_POINT('',#3448);
#3448 = CARTESIAN_POINT('',(65.,-161.6,0.));
#3449 = CIRCLE('',#3450,1.6);
#3450 = AXIS2_PLACEMENT_3D('',#3451,#3452,#3453);
#3451 = CARTESIAN_POINT('',(65.,-160.,0.));
#3452 = DIRECTION('',(-0.,0.,-1.));
#3453 = DIRECTION('',(-0.,-1.,0.));
#3454 = FACE_BOUND('',#3455,.F.);
#3455 = EDGE_LOOP('',(#3456));
#3456 = ORIENTED_EDGE('',*,*,#3457,.T.);
#3457 = EDGE_CURVE('',#3458,#3458,#3460,.T.);
#3458 = VERTEX_POINT('',#3459);
#3459 = CARTESIAN_POINT('',(89.19,-152.4,0.));
#3460 = CIRCLE('',#3461,0.4);
#3461 = AXIS2_PLACEMENT_3D('',#3462,#3463,#3464);
#3462 = CARTESIAN_POINT('',(89.19,-152.,0.));
#3463 = DIRECTION('',(-0.,0.,-1.));
#3464 = DIRECTION('',(-0.,-1.,0.));
#3465 = FACE_BOUND('',#3466,.F.);
#3466 = EDGE_LOOP('',(#3467));
#3467 = ORIENTED_EDGE('',*,*,#3468,.T.);
#3468 = EDGE_CURVE('',#3469,#3469,#3471,.T.);
#3469 = VERTEX_POINT('',#3470);
#3470 = CARTESIAN_POINT('',(96.81,-152.4,0.));
#3471 = CIRCLE('',#3472,0.4);
#3472 = AXIS2_PLACEMENT_3D('',#3473,#3474,#3475);
#3473 = CARTESIAN_POINT('',(96.81,-152.,0.));
#3474 = DIRECTION('',(-0.,0.,-1.));
#3475 = DIRECTION('',(-0.,-1.,0.));
#3476 = FACE_BOUND('',#3477,.F.);
#3477 = EDGE_LOOP('',(#3478));
#3478 = ORIENTED_EDGE('',*,*,#3479,.T.);
#3479 = EDGE_CURVE('',#3480,#3480,#3482,.T.);
#3480 = VERTEX_POINT('',#3481);
#3481 = CARTESIAN_POINT('',(92.38,-144.03,0.));
#3482 = CIRCLE('',#3483,0.85);
#3483 = AXIS2_PLACEMENT_3D('',#3484,#3485,#3486);
#3484 = CARTESIAN_POINT('',(92.38,-143.18,0.));
#3485 = DIRECTION('',(-0.,0.,-1.));
#3486 = DIRECTION('',(-0.,-1.,0.));
#3487 = FACE_BOUND('',#3488,.F.);
#3488 = EDGE_LOOP('',(#3489));
#3489 = ORIENTED_EDGE('',*,*,#3490,.T.);
#3490 = EDGE_CURVE('',#3491,#3491,#3493,.T.);
#3491 = VERTEX_POINT('',#3492);
#3492 = CARTESIAN_POINT('',(93.65,-141.39,0.));
#3493 = CIRCLE('',#3494,0.75);
#3494 = AXIS2_PLACEMENT_3D('',#3495,#3496,#3497);
#3495 = CARTESIAN_POINT('',(93.65,-140.64,0.));
#3496 = DIRECTION('',(-0.,0.,-1.));
#3497 = DIRECTION('',(-0.,-1.,0.));
#3498 = FACE_BOUND('',#3499,.F.);
#3499 = EDGE_LOOP('',(#3500));
#3500 = ORIENTED_EDGE('',*,*,#3501,.T.);
#3501 = EDGE_CURVE('',#3502,#3502,#3504,.T.);
#3502 = VERTEX_POINT('',#3503);
#3503 = CARTESIAN_POINT('',(97.46,-145.18,0.));
#3504 = CIRCLE('',#3505,2.);
#3505 = AXIS2_PLACEMENT_3D('',#3506,#3507,#3508);
#3506 = CARTESIAN_POINT('',(97.46,-143.18,0.));
#3507 = DIRECTION('',(-0.,0.,-1.));
#3508 = DIRECTION('',(-0.,-1.,0.));
#3509 = FACE_BOUND('',#3510,.F.);
#3510 = EDGE_LOOP('',(#3511));
#3511 = ORIENTED_EDGE('',*,*,#3512,.T.);
#3512 = EDGE_CURVE('',#3513,#3513,#3515,.T.);
#3513 = VERTEX_POINT('',#3514);
#3514 = CARTESIAN_POINT('',(102.54,-144.03,0.));
#3515 = CIRCLE('',#3516,0.85);
#3516 = AXIS2_PLACEMENT_3D('',#3517,#3518,#3519);
#3517 = CARTESIAN_POINT('',(102.54,-143.18,0.));
#3518 = DIRECTION('',(-0.,0.,-1.));
#3519 = DIRECTION('',(1.671865260612E-14,-1.,-0.));
#3520 = FACE_BOUND('',#3521,.F.);
#3521 = EDGE_LOOP('',(#3522));
#3522 = ORIENTED_EDGE('',*,*,#3523,.T.);
#3523 = EDGE_CURVE('',#3524,#3524,#3526,.T.);
#3524 = VERTEX_POINT('',#3525);
#3525 = CARTESIAN_POINT('',(89.19,-133.4,0.));
#3526 = CIRCLE('',#3527,0.4);
#3527 = AXIS2_PLACEMENT_3D('',#3528,#3529,#3530);
#3528 = CARTESIAN_POINT('',(89.19,-133.,0.));
#3529 = DIRECTION('',(-0.,0.,-1.));
#3530 = DIRECTION('',(-0.,-1.,0.));
#3531 = FACE_BOUND('',#3532,.F.);
#3532 = EDGE_LOOP('',(#3533));
#3533 = ORIENTED_EDGE('',*,*,#3534,.T.);
#3534 = EDGE_CURVE('',#3535,#3535,#3537,.T.);
#3535 = VERTEX_POINT('',#3536);
#3536 = CARTESIAN_POINT('',(100.,-138.85,0.));
#3537 = CIRCLE('',#3538,0.75);
#3538 = AXIS2_PLACEMENT_3D('',#3539,#3540,#3541);
#3539 = CARTESIAN_POINT('',(100.,-138.1,0.));
#3540 = DIRECTION('',(-0.,0.,-1.));
#3541 = DIRECTION('',(-0.,-1.,0.));
#3542 = FACE_BOUND('',#3543,.F.);
#3543 = EDGE_LOOP('',(#3544));
#3544 = ORIENTED_EDGE('',*,*,#3545,.T.);
#3545 = EDGE_CURVE('',#3546,#3546,#3548,.T.);
#3546 = VERTEX_POINT('',#3547);
#3547 = CARTESIAN_POINT('',(96.81,-133.4,0.));
#3548 = CIRCLE('',#3549,0.4);
#3549 = AXIS2_PLACEMENT_3D('',#3550,#3551,#3552);
#3550 = CARTESIAN_POINT('',(96.81,-133.,0.));
#3551 = DIRECTION('',(-0.,0.,-1.));
#3552 = DIRECTION('',(-0.,-1.,0.));
#3553 = FACE_BOUND('',#3554,.F.);
#3554 = EDGE_LOOP('',(#3555));
#3555 = ORIENTED_EDGE('',*,*,#3556,.T.);
#3556 = EDGE_CURVE('',#3557,#3557,#3559,.T.);
#3557 = VERTEX_POINT('',#3558);
#3558 = CARTESIAN_POINT('',(92.38,-124.98,0.));
#3559 = CIRCLE('',#3560,0.85);
#3560 = AXIS2_PLACEMENT_3D('',#3561,#3562,#3563);
#3561 = CARTESIAN_POINT('',(92.38,-124.13,0.));
#3562 = DIRECTION('',(-0.,0.,-1.));
#3563 = DIRECTION('',(-0.,-1.,0.));
#3564 = FACE_BOUND('',#3565,.F.);
#3565 = EDGE_LOOP('',(#3566));
#3566 = ORIENTED_EDGE('',*,*,#3567,.T.);
#3567 = EDGE_CURVE('',#3568,#3568,#3570,.T.);
#3568 = VERTEX_POINT('',#3569);
#3569 = CARTESIAN_POINT('',(93.65,-122.34,0.));
#3570 = CIRCLE('',#3571,0.75);
#3571 = AXIS2_PLACEMENT_3D('',#3572,#3573,#3574);
#3572 = CARTESIAN_POINT('',(93.65,-121.59,0.));
#3573 = DIRECTION('',(-0.,0.,-1.));
#3574 = DIRECTION('',(-0.,-1.,0.));
#3575 = FACE_BOUND('',#3576,.F.);
#3576 = EDGE_LOOP('',(#3577));
#3577 = ORIENTED_EDGE('',*,*,#3578,.T.);
#3578 = EDGE_CURVE('',#3579,#3579,#3581,.T.);
#3579 = VERTEX_POINT('',#3580);
#3580 = CARTESIAN_POINT('',(97.46,-126.13,0.));
#3581 = CIRCLE('',#3582,2.);
#3582 = AXIS2_PLACEMENT_3D('',#3583,#3584,#3585);
#3583 = CARTESIAN_POINT('',(97.46,-124.13,0.));
#3584 = DIRECTION('',(-0.,0.,-1.));
#3585 = DIRECTION('',(-0.,-1.,0.));
#3586 = FACE_BOUND('',#3587,.F.);
#3587 = EDGE_LOOP('',(#3588));
#3588 = ORIENTED_EDGE('',*,*,#3589,.T.);
#3589 = EDGE_CURVE('',#3590,#3590,#3592,.T.);
#3590 = VERTEX_POINT('',#3591);
#3591 = CARTESIAN_POINT('',(102.54,-124.98,0.));
#3592 = CIRCLE('',#3593,0.85);
#3593 = AXIS2_PLACEMENT_3D('',#3594,#3595,#3596);
#3594 = CARTESIAN_POINT('',(102.54,-124.13,0.));
#3595 = DIRECTION('',(-0.,0.,-1.));
#3596 = DIRECTION('',(1.671865260612E-14,-1.,-0.));
#3597 = FACE_BOUND('',#3598,.F.);
#3598 = EDGE_LOOP('',(#3599));
#3599 = ORIENTED_EDGE('',*,*,#3600,.T.);
#3600 = EDGE_CURVE('',#3601,#3601,#3603,.T.);
#3601 = VERTEX_POINT('',#3602);
#3602 = CARTESIAN_POINT('',(100.,-119.8,0.));
#3603 = CIRCLE('',#3604,0.75);
#3604 = AXIS2_PLACEMENT_3D('',#3605,#3606,#3607);
#3605 = CARTESIAN_POINT('',(100.,-119.05,0.));
#3606 = DIRECTION('',(-0.,0.,-1.));
#3607 = DIRECTION('',(-0.,-1.,0.));
#3608 = FACE_BOUND('',#3609,.F.);
#3609 = EDGE_LOOP('',(#3610));
#3610 = ORIENTED_EDGE('',*,*,#3611,.T.);
#3611 = EDGE_CURVE('',#3612,#3612,#3614,.T.);
#3612 = VERTEX_POINT('',#3613);
#3613 = CARTESIAN_POINT('',(107.5,-161.6,0.));
#3614 = CIRCLE('',#3615,1.6);
#3615 = AXIS2_PLACEMENT_3D('',#3616,#3617,#3618);
#3616 = CARTESIAN_POINT('',(107.5,-160.,0.));
#3617 = DIRECTION('',(-0.,0.,-1.));
#3618 = DIRECTION('',(-0.,-1.,0.));
#3619 = FACE_BOUND('',#3620,.F.);
#3620 = EDGE_LOOP('',(#3621));
#3621 = ORIENTED_EDGE('',*,*,#3622,.T.);
#3622 = EDGE_CURVE('',#3623,#3623,#3625,.T.);
#3623 = VERTEX_POINT('',#3624);
#3624 = CARTESIAN_POINT('',(108.38,-152.4,0.));
#3625 = CIRCLE('',#3626,0.4);
#3626 = AXIS2_PLACEMENT_3D('',#3627,#3628,#3629);
#3627 = CARTESIAN_POINT('',(108.38,-152.,0.));
#3628 = DIRECTION('',(-0.,0.,-1.));
#3629 = DIRECTION('',(-0.,-1.,0.));
#3630 = FACE_BOUND('',#3631,.F.);
#3631 = EDGE_LOOP('',(#3632));
#3632 = ORIENTED_EDGE('',*,*,#3633,.T.);
#3633 = EDGE_CURVE('',#3634,#3634,#3636,.T.);
#3634 = VERTEX_POINT('',#3635);
#3635 = CARTESIAN_POINT('',(116.,-152.4,0.));
#3636 = CIRCLE('',#3637,0.4);
#3637 = AXIS2_PLACEMENT_3D('',#3638,#3639,#3640);
#3638 = CARTESIAN_POINT('',(116.,-152.,0.));
#3639 = DIRECTION('',(-0.,0.,-1.));
#3640 = DIRECTION('',(-0.,-1.,0.));
#3641 = FACE_BOUND('',#3642,.F.);
#3642 = EDGE_LOOP('',(#3643));
#3643 = ORIENTED_EDGE('',*,*,#3644,.T.);
#3644 = EDGE_CURVE('',#3645,#3645,#3647,.T.);
#3645 = VERTEX_POINT('',#3646);
#3646 = CARTESIAN_POINT('',(127.38,-152.4,0.));
#3647 = CIRCLE('',#3648,0.4);
#3648 = AXIS2_PLACEMENT_3D('',#3649,#3650,#3651);
#3649 = CARTESIAN_POINT('',(127.38,-152.,0.));
#3650 = DIRECTION('',(-0.,0.,-1.));
#3651 = DIRECTION('',(-0.,-1.,0.));
#3652 = FACE_BOUND('',#3653,.F.);
#3653 = EDGE_LOOP('',(#3654));
#3654 = ORIENTED_EDGE('',*,*,#3655,.T.);
#3655 = EDGE_CURVE('',#3656,#3656,#3658,.T.);
#3656 = VERTEX_POINT('',#3657);
#3657 = CARTESIAN_POINT('',(111.43,-144.03,0.));
#3658 = CIRCLE('',#3659,0.85);
#3659 = AXIS2_PLACEMENT_3D('',#3660,#3661,#3662);
#3660 = CARTESIAN_POINT('',(111.43,-143.18,0.));
#3661 = DIRECTION('',(-0.,0.,-1.));
#3662 = DIRECTION('',(-0.,-1.,0.));
#3663 = FACE_BOUND('',#3664,.F.);
#3664 = EDGE_LOOP('',(#3665));
#3665 = ORIENTED_EDGE('',*,*,#3666,.T.);
#3666 = EDGE_CURVE('',#3667,#3667,#3669,.T.);
#3667 = VERTEX_POINT('',#3668);
#3668 = CARTESIAN_POINT('',(112.7,-141.39,0.));
#3669 = CIRCLE('',#3670,0.75);
#3670 = AXIS2_PLACEMENT_3D('',#3671,#3672,#3673);
#3671 = CARTESIAN_POINT('',(112.7,-140.64,0.));
#3672 = DIRECTION('',(-0.,0.,-1.));
#3673 = DIRECTION('',(-0.,-1.,0.));
#3674 = FACE_BOUND('',#3675,.F.);
#3675 = EDGE_LOOP('',(#3676));
#3676 = ORIENTED_EDGE('',*,*,#3677,.T.);
#3677 = EDGE_CURVE('',#3678,#3678,#3680,.T.);
#3678 = VERTEX_POINT('',#3679);
#3679 = CARTESIAN_POINT('',(116.51,-145.18,0.));
#3680 = CIRCLE('',#3681,2.);
#3681 = AXIS2_PLACEMENT_3D('',#3682,#3683,#3684);
#3682 = CARTESIAN_POINT('',(116.51,-143.18,0.));
#3683 = DIRECTION('',(-0.,0.,-1.));
#3684 = DIRECTION('',(-0.,-1.,0.));
#3685 = FACE_BOUND('',#3686,.F.);
#3686 = EDGE_LOOP('',(#3687));
#3687 = ORIENTED_EDGE('',*,*,#3688,.T.);
#3688 = EDGE_CURVE('',#3689,#3689,#3691,.T.);
#3689 = VERTEX_POINT('',#3690);
#3690 = CARTESIAN_POINT('',(121.59,-144.03,0.));
#3691 = CIRCLE('',#3692,0.85);
#3692 = AXIS2_PLACEMENT_3D('',#3693,#3694,#3695);
#3693 = CARTESIAN_POINT('',(121.59,-143.18,0.));
#3694 = DIRECTION('',(-0.,0.,-1.));
#3695 = DIRECTION('',(-0.,-1.,0.));
#3696 = FACE_BOUND('',#3697,.F.);
#3697 = EDGE_LOOP('',(#3698));
#3698 = ORIENTED_EDGE('',*,*,#3699,.T.);
#3699 = EDGE_CURVE('',#3700,#3700,#3702,.T.);
#3700 = VERTEX_POINT('',#3701);
#3701 = CARTESIAN_POINT('',(135.,-152.4,0.));
#3702 = CIRCLE('',#3703,0.4);
#3703 = AXIS2_PLACEMENT_3D('',#3704,#3705,#3706);
#3704 = CARTESIAN_POINT('',(135.,-152.,0.));
#3705 = DIRECTION('',(-0.,0.,-1.));
#3706 = DIRECTION('',(-0.,-1.,0.));
#3707 = FACE_BOUND('',#3708,.F.);
#3708 = EDGE_LOOP('',(#3709));
#3709 = ORIENTED_EDGE('',*,*,#3710,.T.);
#3710 = EDGE_CURVE('',#3711,#3711,#3713,.T.);
#3711 = VERTEX_POINT('',#3712);
#3712 = CARTESIAN_POINT('',(150.,-161.6,0.));
#3713 = CIRCLE('',#3714,1.6);
#3714 = AXIS2_PLACEMENT_3D('',#3715,#3716,#3717);
#3715 = CARTESIAN_POINT('',(150.,-160.,0.));
#3716 = DIRECTION('',(-0.,0.,-1.));
#3717 = DIRECTION('',(-0.,-1.,0.));
#3718 = FACE_BOUND('',#3719,.F.);
#3719 = EDGE_LOOP('',(#3720));
#3720 = ORIENTED_EDGE('',*,*,#3721,.T.);
#3721 = EDGE_CURVE('',#3722,#3722,#3724,.T.);
#3722 = VERTEX_POINT('',#3723);
#3723 = CARTESIAN_POINT('',(130.48,-144.03,0.));
#3724 = CIRCLE('',#3725,0.85);
#3725 = AXIS2_PLACEMENT_3D('',#3726,#3727,#3728);
#3726 = CARTESIAN_POINT('',(130.48,-143.18,0.));
#3727 = DIRECTION('',(-0.,0.,-1.));
#3728 = DIRECTION('',(-3.343730521224E-14,-1.,0.));
#3729 = FACE_BOUND('',#3730,.F.);
#3730 = EDGE_LOOP('',(#3731));
#3731 = ORIENTED_EDGE('',*,*,#3732,.T.);
#3732 = EDGE_CURVE('',#3733,#3733,#3735,.T.);
#3733 = VERTEX_POINT('',#3734);
#3734 = CARTESIAN_POINT('',(131.75,-141.39,0.));
#3735 = CIRCLE('',#3736,0.75);
#3736 = AXIS2_PLACEMENT_3D('',#3737,#3738,#3739);
#3737 = CARTESIAN_POINT('',(131.75,-140.64,0.));
#3738 = DIRECTION('',(-0.,0.,-1.));
#3739 = DIRECTION('',(-0.,-1.,0.));
#3740 = FACE_BOUND('',#3741,.F.);
#3741 = EDGE_LOOP('',(#3742));
#3742 = ORIENTED_EDGE('',*,*,#3743,.T.);
#3743 = EDGE_CURVE('',#3744,#3744,#3746,.T.);
#3744 = VERTEX_POINT('',#3745);
#3745 = CARTESIAN_POINT('',(135.56,-145.18,0.));
#3746 = CIRCLE('',#3747,2.);
#3747 = AXIS2_PLACEMENT_3D('',#3748,#3749,#3750);
#3748 = CARTESIAN_POINT('',(135.56,-143.18,0.));
#3749 = DIRECTION('',(-0.,0.,-1.));
#3750 = DIRECTION('',(-0.,-1.,0.));
#3751 = FACE_BOUND('',#3752,.F.);
#3752 = EDGE_LOOP('',(#3753));
#3753 = ORIENTED_EDGE('',*,*,#3754,.T.);
#3754 = EDGE_CURVE('',#3755,#3755,#3757,.T.);
#3755 = VERTEX_POINT('',#3756);
#3756 = CARTESIAN_POINT('',(140.64,-144.03,0.));
#3757 = CIRCLE('',#3758,0.85);
#3758 = AXIS2_PLACEMENT_3D('',#3759,#3760,#3761);
#3759 = CARTESIAN_POINT('',(140.64,-143.18,0.));
#3760 = DIRECTION('',(-0.,0.,-1.));
#3761 = DIRECTION('',(-0.,-1.,0.));
#3762 = FACE_BOUND('',#3763,.F.);
#3763 = EDGE_LOOP('',(#3764));
#3764 = ORIENTED_EDGE('',*,*,#3765,.T.);
#3765 = EDGE_CURVE('',#3766,#3766,#3768,.T.);
#3766 = VERTEX_POINT('',#3767);
#3767 = CARTESIAN_POINT('',(108.38,-133.4,0.));
#3768 = CIRCLE('',#3769,0.4);
#3769 = AXIS2_PLACEMENT_3D('',#3770,#3771,#3772);
#3770 = CARTESIAN_POINT('',(108.38,-133.,0.));
#3771 = DIRECTION('',(-0.,0.,-1.));
#3772 = DIRECTION('',(-0.,-1.,0.));
#3773 = FACE_BOUND('',#3774,.F.);
#3774 = EDGE_LOOP('',(#3775));
#3775 = ORIENTED_EDGE('',*,*,#3776,.T.);
#3776 = EDGE_CURVE('',#3777,#3777,#3779,.T.);
#3777 = VERTEX_POINT('',#3778);
#3778 = CARTESIAN_POINT('',(116.,-133.4,0.));
#3779 = CIRCLE('',#3780,0.4);
#3780 = AXIS2_PLACEMENT_3D('',#3781,#3782,#3783);
#3781 = CARTESIAN_POINT('',(116.,-133.,0.));
#3782 = DIRECTION('',(-0.,0.,-1.));
#3783 = DIRECTION('',(-0.,-1.,0.));
#3784 = FACE_BOUND('',#3785,.F.);
#3785 = EDGE_LOOP('',(#3786));
#3786 = ORIENTED_EDGE('',*,*,#3787,.T.);
#3787 = EDGE_CURVE('',#3788,#3788,#3790,.T.);
#3788 = VERTEX_POINT('',#3789);
#3789 = CARTESIAN_POINT('',(119.05,-138.85,0.));
#3790 = CIRCLE('',#3791,0.75);
#3791 = AXIS2_PLACEMENT_3D('',#3792,#3793,#3794);
#3792 = CARTESIAN_POINT('',(119.05,-138.1,0.));
#3793 = DIRECTION('',(-0.,0.,-1.));
#3794 = DIRECTION('',(-0.,-1.,0.));
#3795 = FACE_BOUND('',#3796,.F.);
#3796 = EDGE_LOOP('',(#3797));
#3797 = ORIENTED_EDGE('',*,*,#3798,.T.);
#3798 = EDGE_CURVE('',#3799,#3799,#3801,.T.);
#3799 = VERTEX_POINT('',#3800);
#3800 = CARTESIAN_POINT('',(127.38,-133.4,0.));
#3801 = CIRCLE('',#3802,0.4);
#3802 = AXIS2_PLACEMENT_3D('',#3803,#3804,#3805);
#3803 = CARTESIAN_POINT('',(127.38,-133.,0.));
#3804 = DIRECTION('',(-0.,0.,-1.));
#3805 = DIRECTION('',(-0.,-1.,0.));
#3806 = FACE_BOUND('',#3807,.F.);
#3807 = EDGE_LOOP('',(#3808));
#3808 = ORIENTED_EDGE('',*,*,#3809,.T.);
#3809 = EDGE_CURVE('',#3810,#3810,#3812,.T.);
#3810 = VERTEX_POINT('',#3811);
#3811 = CARTESIAN_POINT('',(111.43,-124.98,0.));
#3812 = CIRCLE('',#3813,0.85);
#3813 = AXIS2_PLACEMENT_3D('',#3814,#3815,#3816);
#3814 = CARTESIAN_POINT('',(111.43,-124.13,0.));
#3815 = DIRECTION('',(-0.,0.,-1.));
#3816 = DIRECTION('',(-0.,-1.,0.));
#3817 = FACE_BOUND('',#3818,.F.);
#3818 = EDGE_LOOP('',(#3819));
#3819 = ORIENTED_EDGE('',*,*,#3820,.T.);
#3820 = EDGE_CURVE('',#3821,#3821,#3823,.T.);
#3821 = VERTEX_POINT('',#3822);
#3822 = CARTESIAN_POINT('',(116.51,-126.13,0.));
#3823 = CIRCLE('',#3824,2.);
#3824 = AXIS2_PLACEMENT_3D('',#3825,#3826,#3827);
#3825 = CARTESIAN_POINT('',(116.51,-124.13,0.));
#3826 = DIRECTION('',(-0.,0.,-1.));
#3827 = DIRECTION('',(-0.,-1.,0.));
#3828 = FACE_BOUND('',#3829,.F.);
#3829 = EDGE_LOOP('',(#3830));
#3830 = ORIENTED_EDGE('',*,*,#3831,.T.);
#3831 = EDGE_CURVE('',#3832,#3832,#3834,.T.);
#3832 = VERTEX_POINT('',#3833);
#3833 = CARTESIAN_POINT('',(112.7,-122.34,0.));
#3834 = CIRCLE('',#3835,0.75);
#3835 = AXIS2_PLACEMENT_3D('',#3836,#3837,#3838);
#3836 = CARTESIAN_POINT('',(112.7,-121.59,0.));
#3837 = DIRECTION('',(-0.,0.,-1.));
#3838 = DIRECTION('',(-0.,-1.,0.));
#3839 = FACE_BOUND('',#3840,.F.);
#3840 = EDGE_LOOP('',(#3841));
#3841 = ORIENTED_EDGE('',*,*,#3842,.T.);
#3842 = EDGE_CURVE('',#3843,#3843,#3845,.T.);
#3843 = VERTEX_POINT('',#3844);
#3844 = CARTESIAN_POINT('',(121.59,-124.98,0.));
#3845 = CIRCLE('',#3846,0.85);
#3846 = AXIS2_PLACEMENT_3D('',#3847,#3848,#3849);
#3847 = CARTESIAN_POINT('',(121.59,-124.13,0.));
#3848 = DIRECTION('',(-0.,0.,-1.));
#3849 = DIRECTION('',(-0.,-1.,0.));
#3850 = FACE_BOUND('',#3851,.F.);
#3851 = EDGE_LOOP('',(#3852));
#3852 = ORIENTED_EDGE('',*,*,#3853,.T.);
#3853 = EDGE_CURVE('',#3854,#3854,#3856,.T.);
#3854 = VERTEX_POINT('',#3855);
#3855 = CARTESIAN_POINT('',(119.05,-119.8,0.));
#3856 = CIRCLE('',#3857,0.75);
#3857 = AXIS2_PLACEMENT_3D('',#3858,#3859,#3860);
#3858 = CARTESIAN_POINT('',(119.05,-119.05,0.));
#3859 = DIRECTION('',(-0.,0.,-1.));
#3860 = DIRECTION('',(-0.,-1.,0.));
#3861 = FACE_BOUND('',#3862,.F.);
#3862 = EDGE_LOOP('',(#3863));
#3863 = ORIENTED_EDGE('',*,*,#3864,.T.);
#3864 = EDGE_CURVE('',#3865,#3865,#3867,.T.);
#3865 = VERTEX_POINT('',#3866);
#3866 = CARTESIAN_POINT('',(138.1,-138.85,0.));
#3867 = CIRCLE('',#3868,0.75);
#3868 = AXIS2_PLACEMENT_3D('',#3869,#3870,#3871);
#3869 = CARTESIAN_POINT('',(138.1,-138.1,0.));
#3870 = DIRECTION('',(-0.,0.,-1.));
#3871 = DIRECTION('',(-0.,-1.,0.));
#3872 = FACE_BOUND('',#3873,.F.);
#3873 = EDGE_LOOP('',(#3874));
#3874 = ORIENTED_EDGE('',*,*,#3875,.T.);
#3875 = EDGE_CURVE('',#3876,#3876,#3878,.T.);
#3876 = VERTEX_POINT('',#3877);
#3877 = CARTESIAN_POINT('',(135.,-133.4,0.));
#3878 = CIRCLE('',#3879,0.4);
#3879 = AXIS2_PLACEMENT_3D('',#3880,#3881,#3882);
#3880 = CARTESIAN_POINT('',(135.,-133.,0.));
#3881 = DIRECTION('',(-0.,0.,-1.));
#3882 = DIRECTION('',(-0.,-1.,0.));
#3883 = FACE_BOUND('',#3884,.F.);
#3884 = EDGE_LOOP('',(#3885));
#3885 = ORIENTED_EDGE('',*,*,#3886,.T.);
#3886 = EDGE_CURVE('',#3887,#3887,#3889,.T.);
#3887 = VERTEX_POINT('',#3888);
#3888 = CARTESIAN_POINT('',(130.48,-124.98,0.));
#3889 = CIRCLE('',#3890,0.85);
#3890 = AXIS2_PLACEMENT_3D('',#3891,#3892,#3893);
#3891 = CARTESIAN_POINT('',(130.48,-124.13,0.));
#3892 = DIRECTION('',(-0.,0.,-1.));
#3893 = DIRECTION('',(-3.343730521224E-14,-1.,0.));
#3894 = FACE_BOUND('',#3895,.F.);
#3895 = EDGE_LOOP('',(#3896));
#3896 = ORIENTED_EDGE('',*,*,#3897,.T.);
#3897 = EDGE_CURVE('',#3898,#3898,#3900,.T.);
#3898 = VERTEX_POINT('',#3899);
#3899 = CARTESIAN_POINT('',(135.56,-126.13,0.));
#3900 = CIRCLE('',#3901,2.);
#3901 = AXIS2_PLACEMENT_3D('',#3902,#3903,#3904);
#3902 = CARTESIAN_POINT('',(135.56,-124.13,0.));
#3903 = DIRECTION('',(-0.,0.,-1.));
#3904 = DIRECTION('',(-0.,-1.,0.));
#3905 = FACE_BOUND('',#3906,.F.);
#3906 = EDGE_LOOP('',(#3907));
#3907 = ORIENTED_EDGE('',*,*,#3908,.T.);
#3908 = EDGE_CURVE('',#3909,#3909,#3911,.T.);
#3909 = VERTEX_POINT('',#3910);
#3910 = CARTESIAN_POINT('',(131.75,-122.34,0.));
#3911 = CIRCLE('',#3912,0.75);
#3912 = AXIS2_PLACEMENT_3D('',#3913,#3914,#3915);
#3913 = CARTESIAN_POINT('',(131.75,-121.59,0.));
#3914 = DIRECTION('',(-0.,0.,-1.));
#3915 = DIRECTION('',(-0.,-1.,0.));
#3916 = FACE_BOUND('',#3917,.F.);
#3917 = EDGE_LOOP('',(#3918));
#3918 = ORIENTED_EDGE('',*,*,#3919,.T.);
#3919 = EDGE_CURVE('',#3920,#3920,#3922,.T.);
#3920 = VERTEX_POINT('',#3921);
#3921 = CARTESIAN_POINT('',(138.1,-119.8,0.));
#3922 = CIRCLE('',#3923,0.75);
#3923 = AXIS2_PLACEMENT_3D('',#3924,#3925,#3926);
#3924 = CARTESIAN_POINT('',(138.1,-119.05,0.));
#3925 = DIRECTION('',(-0.,0.,-1.));
#3926 = DIRECTION('',(-0.,-1.,0.));
#3927 = FACE_BOUND('',#3928,.F.);
#3928 = EDGE_LOOP('',(#3929));
#3929 = ORIENTED_EDGE('',*,*,#3930,.T.);
#3930 = EDGE_CURVE('',#3931,#3931,#3933,.T.);
#3931 = VERTEX_POINT('',#3932);
#3932 = CARTESIAN_POINT('',(140.64,-124.98,0.));
#3933 = CIRCLE('',#3934,0.85);
#3934 = AXIS2_PLACEMENT_3D('',#3935,#3936,#3937);
#3935 = CARTESIAN_POINT('',(140.64,-124.13,0.));
#3936 = DIRECTION('',(-0.,0.,-1.));
#3937 = DIRECTION('',(-0.,-1.,0.));
#3938 = FACE_BOUND('',#3939,.F.);
#3939 = EDGE_LOOP('',(#3940));
#3940 = ORIENTED_EDGE('',*,*,#3941,.T.);
#3941 = EDGE_CURVE('',#3942,#3942,#3944,.T.);
#3942 = VERTEX_POINT('',#3943);
#3943 = CARTESIAN_POINT('',(150.,-119.6,0.));
#3944 = CIRCLE('',#3945,1.6);
#3945 = AXIS2_PLACEMENT_3D('',#3946,#3947,#3948);
#3946 = CARTESIAN_POINT('',(150.,-118.,0.));
#3947 = DIRECTION('',(-0.,0.,-1.));
#3948 = DIRECTION('',(-0.,-1.,0.));
#3949 = FACE_BOUND('',#3950,.F.);
#3950 = EDGE_LOOP('',(#3951));
#3951 = ORIENTED_EDGE('',*,*,#3952,.T.);
#3952 = EDGE_CURVE('',#3953,#3953,#3955,.T.);
#3953 = VERTEX_POINT('',#3954);
#3954 = CARTESIAN_POINT('',(68.375,-98.12,0.));
#3955 = CIRCLE('',#3956,0.5);
#3956 = AXIS2_PLACEMENT_3D('',#3957,#3958,#3959);
#3957 = CARTESIAN_POINT('',(68.375,-97.62,0.));
#3958 = DIRECTION('',(-0.,0.,-1.));
#3959 = DIRECTION('',(-0.,-1.,0.));
#3960 = FACE_BOUND('',#3961,.F.);
#3961 = EDGE_LOOP('',(#3962));
#3962 = ORIENTED_EDGE('',*,*,#3963,.T.);
#3963 = EDGE_CURVE('',#3964,#3964,#3966,.T.);
#3964 = VERTEX_POINT('',#3965);
#3965 = CARTESIAN_POINT('',(83.625,-98.12,0.));
#3966 = CIRCLE('',#3967,0.5);
#3967 = AXIS2_PLACEMENT_3D('',#3968,#3969,#3970);
#3968 = CARTESIAN_POINT('',(83.625,-97.62,0.));
#3969 = DIRECTION('',(-0.,0.,-1.));
#3970 = DIRECTION('',(-0.,-1.,0.));
#3971 = FACE_BOUND('',#3972,.F.);
#3972 = EDGE_LOOP('',(#3973));
#3973 = ORIENTED_EDGE('',*,*,#3974,.T.);
#3974 = EDGE_CURVE('',#3975,#3975,#3977,.T.);
#3975 = VERTEX_POINT('',#3976);
#3976 = CARTESIAN_POINT('',(89.19,-114.4,0.));
#3977 = CIRCLE('',#3978,0.4);
#3978 = AXIS2_PLACEMENT_3D('',#3979,#3980,#3981);
#3979 = CARTESIAN_POINT('',(89.19,-114.,0.));
#3980 = DIRECTION('',(-0.,0.,-1.));
#3981 = DIRECTION('',(-0.,-1.,0.));
#3982 = FACE_BOUND('',#3983,.F.);
#3983 = EDGE_LOOP('',(#3984));
#3984 = ORIENTED_EDGE('',*,*,#3985,.T.);
#3985 = EDGE_CURVE('',#3986,#3986,#3988,.T.);
#3986 = VERTEX_POINT('',#3987);
#3987 = CARTESIAN_POINT('',(96.81,-114.4,0.));
#3988 = CIRCLE('',#3989,0.4);
#3989 = AXIS2_PLACEMENT_3D('',#3990,#3991,#3992);
#3990 = CARTESIAN_POINT('',(96.81,-114.,0.));
#3991 = DIRECTION('',(-0.,0.,-1.));
#3992 = DIRECTION('',(-0.,-1.,0.));
#3993 = FACE_BOUND('',#3994,.F.);
#3994 = EDGE_LOOP('',(#3995));
#3995 = ORIENTED_EDGE('',*,*,#3996,.T.);
#3996 = EDGE_CURVE('',#3997,#3997,#3999,.T.);
#3997 = VERTEX_POINT('',#3998);
#3998 = CARTESIAN_POINT('',(92.38,-105.93,0.));
#3999 = CIRCLE('',#4000,0.85);
#4000 = AXIS2_PLACEMENT_3D('',#4001,#4002,#4003);
#4001 = CARTESIAN_POINT('',(92.38,-105.08,0.));
#4002 = DIRECTION('',(-0.,0.,-1.));
#4003 = DIRECTION('',(-0.,-1.,0.));
#4004 = FACE_BOUND('',#4005,.F.);
#4005 = EDGE_LOOP('',(#4006));
#4006 = ORIENTED_EDGE('',*,*,#4007,.T.);
#4007 = EDGE_CURVE('',#4008,#4008,#4010,.T.);
#4008 = VERTEX_POINT('',#4009);
#4009 = CARTESIAN_POINT('',(93.65,-103.29,0.));
#4010 = CIRCLE('',#4011,0.75);
#4011 = AXIS2_PLACEMENT_3D('',#4012,#4013,#4014);
#4012 = CARTESIAN_POINT('',(93.65,-102.54,0.));
#4013 = DIRECTION('',(-0.,0.,-1.));
#4014 = DIRECTION('',(-0.,-1.,0.));
#4015 = FACE_BOUND('',#4016,.F.);
#4016 = EDGE_LOOP('',(#4017));
#4017 = ORIENTED_EDGE('',*,*,#4018,.T.);
#4018 = EDGE_CURVE('',#4019,#4019,#4021,.T.);
#4019 = VERTEX_POINT('',#4020);
#4020 = CARTESIAN_POINT('',(97.46,-107.08,0.));
#4021 = CIRCLE('',#4022,2.);
#4022 = AXIS2_PLACEMENT_3D('',#4023,#4024,#4025);
#4023 = CARTESIAN_POINT('',(97.46,-105.08,0.));
#4024 = DIRECTION('',(-0.,0.,-1.));
#4025 = DIRECTION('',(-0.,-1.,0.));
#4026 = FACE_BOUND('',#4027,.F.);
#4027 = EDGE_LOOP('',(#4028));
#4028 = ORIENTED_EDGE('',*,*,#4029,.T.);
#4029 = EDGE_CURVE('',#4030,#4030,#4032,.T.);
#4030 = VERTEX_POINT('',#4031);
#4031 = CARTESIAN_POINT('',(102.54,-105.93,0.));
#4032 = CIRCLE('',#4033,0.85);
#4033 = AXIS2_PLACEMENT_3D('',#4034,#4035,#4036);
#4034 = CARTESIAN_POINT('',(102.54,-105.08,0.));
#4035 = DIRECTION('',(-0.,0.,-1.));
#4036 = DIRECTION('',(1.671865260612E-14,-1.,-0.));
#4037 = FACE_BOUND('',#4038,.F.);
#4038 = EDGE_LOOP('',(#4039));
#4039 = ORIENTED_EDGE('',*,*,#4040,.T.);
#4040 = EDGE_CURVE('',#4041,#4041,#4043,.T.);
#4041 = VERTEX_POINT('',#4042);
#4042 = CARTESIAN_POINT('',(100.,-100.75,0.));
#4043 = CIRCLE('',#4044,0.75);
#4044 = AXIS2_PLACEMENT_3D('',#4045,#4046,#4047);
#4045 = CARTESIAN_POINT('',(100.,-100.,0.));
#4046 = DIRECTION('',(-0.,0.,-1.));
#4047 = DIRECTION('',(-0.,-1.,0.));
#4048 = FACE_BOUND('',#4049,.F.);
#4049 = EDGE_LOOP('',(#4050));
#4050 = ORIENTED_EDGE('',*,*,#4051,.T.);
#4051 = EDGE_CURVE('',#4052,#4052,#4054,.T.);
#4052 = VERTEX_POINT('',#4053);
#4053 = CARTESIAN_POINT('',(68.375,-95.58,0.));
#4054 = CIRCLE('',#4055,0.5);
#4055 = AXIS2_PLACEMENT_3D('',#4056,#4057,#4058);
#4056 = CARTESIAN_POINT('',(68.375,-95.08,0.));
#4057 = DIRECTION('',(-0.,0.,-1.));
#4058 = DIRECTION('',(-0.,-1.,0.));
#4059 = FACE_BOUND('',#4060,.F.);
#4060 = EDGE_LOOP('',(#4061));
#4061 = ORIENTED_EDGE('',*,*,#4062,.T.);
#4062 = EDGE_CURVE('',#4063,#4063,#4065,.T.);
#4063 = VERTEX_POINT('',#4064);
#4064 = CARTESIAN_POINT('',(68.375,-93.04,0.));
#4065 = CIRCLE('',#4066,0.5);
#4066 = AXIS2_PLACEMENT_3D('',#4067,#4068,#4069);
#4067 = CARTESIAN_POINT('',(68.375,-92.54,0.));
#4068 = DIRECTION('',(-0.,0.,-1.));
#4069 = DIRECTION('',(-0.,-1.,0.));
#4070 = FACE_BOUND('',#4071,.F.);
#4071 = EDGE_LOOP('',(#4072));
#4072 = ORIENTED_EDGE('',*,*,#4073,.T.);
#4073 = EDGE_CURVE('',#4074,#4074,#4076,.T.);
#4074 = VERTEX_POINT('',#4075);
#4075 = CARTESIAN_POINT('',(68.375,-90.5,0.));
#4076 = CIRCLE('',#4077,0.5);
#4077 = AXIS2_PLACEMENT_3D('',#4078,#4079,#4080);
#4078 = CARTESIAN_POINT('',(68.375,-90.,0.));
#4079 = DIRECTION('',(-0.,0.,-1.));
#4080 = DIRECTION('',(-0.,-1.,0.));
#4081 = FACE_BOUND('',#4082,.F.);
#4082 = EDGE_LOOP('',(#4083));
#4083 = ORIENTED_EDGE('',*,*,#4084,.T.);
#4084 = EDGE_CURVE('',#4085,#4085,#4087,.T.);
#4085 = VERTEX_POINT('',#4086);
#4086 = CARTESIAN_POINT('',(68.375,-87.96,0.));
#4087 = CIRCLE('',#4088,0.5);
#4088 = AXIS2_PLACEMENT_3D('',#4089,#4090,#4091);
#4089 = CARTESIAN_POINT('',(68.375,-87.46,0.));
#4090 = DIRECTION('',(-0.,0.,-1.));
#4091 = DIRECTION('',(-0.,-1.,0.));
#4092 = FACE_BOUND('',#4093,.F.);
#4093 = EDGE_LOOP('',(#4094));
#4094 = ORIENTED_EDGE('',*,*,#4095,.T.);
#4095 = EDGE_CURVE('',#4096,#4096,#4098,.T.);
#4096 = VERTEX_POINT('',#4097);
#4097 = CARTESIAN_POINT('',(68.375,-85.42,0.));
#4098 = CIRCLE('',#4099,0.5);
#4099 = AXIS2_PLACEMENT_3D('',#4100,#4101,#4102);
#4100 = CARTESIAN_POINT('',(68.375,-84.92,0.));
#4101 = DIRECTION('',(-0.,0.,-1.));
#4102 = DIRECTION('',(-0.,-1.,0.));
#4103 = FACE_BOUND('',#4104,.F.);
#4104 = EDGE_LOOP('',(#4105));
#4105 = ORIENTED_EDGE('',*,*,#4106,.T.);
#4106 = EDGE_CURVE('',#4107,#4107,#4109,.T.);
#4107 = VERTEX_POINT('',#4108);
#4108 = CARTESIAN_POINT('',(83.625,-95.58,0.));
#4109 = CIRCLE('',#4110,0.5);
#4110 = AXIS2_PLACEMENT_3D('',#4111,#4112,#4113);
#4111 = CARTESIAN_POINT('',(83.625,-95.08,0.));
#4112 = DIRECTION('',(-0.,0.,-1.));
#4113 = DIRECTION('',(-0.,-1.,0.));
#4114 = FACE_BOUND('',#4115,.F.);
#4115 = EDGE_LOOP('',(#4116));
#4116 = ORIENTED_EDGE('',*,*,#4117,.T.);
#4117 = EDGE_CURVE('',#4118,#4118,#4120,.T.);
#4118 = VERTEX_POINT('',#4119);
#4119 = CARTESIAN_POINT('',(83.625,-93.04,0.));
#4120 = CIRCLE('',#4121,0.5);
#4121 = AXIS2_PLACEMENT_3D('',#4122,#4123,#4124);
#4122 = CARTESIAN_POINT('',(83.625,-92.54,0.));
#4123 = DIRECTION('',(-0.,0.,-1.));
#4124 = DIRECTION('',(-0.,-1.,0.));
#4125 = FACE_BOUND('',#4126,.F.);
#4126 = EDGE_LOOP('',(#4127));
#4127 = ORIENTED_EDGE('',*,*,#4128,.T.);
#4128 = EDGE_CURVE('',#4129,#4129,#4131,.T.);
#4129 = VERTEX_POINT('',#4130);
#4130 = CARTESIAN_POINT('',(83.625,-90.5,0.));
#4131 = CIRCLE('',#4132,0.5);
#4132 = AXIS2_PLACEMENT_3D('',#4133,#4134,#4135);
#4133 = CARTESIAN_POINT('',(83.625,-90.,0.));
#4134 = DIRECTION('',(-0.,0.,-1.));
#4135 = DIRECTION('',(-0.,-1.,0.));
#4136 = FACE_BOUND('',#4137,.F.);
#4137 = EDGE_LOOP('',(#4138));
#4138 = ORIENTED_EDGE('',*,*,#4139,.T.);
#4139 = EDGE_CURVE('',#4140,#4140,#4142,.T.);
#4140 = VERTEX_POINT('',#4141);
#4141 = CARTESIAN_POINT('',(83.625,-87.96,0.));
#4142 = CIRCLE('',#4143,0.5);
#4143 = AXIS2_PLACEMENT_3D('',#4144,#4145,#4146);
#4144 = CARTESIAN_POINT('',(83.625,-87.46,0.));
#4145 = DIRECTION('',(-0.,0.,-1.));
#4146 = DIRECTION('',(-0.,-1.,0.));
#4147 = FACE_BOUND('',#4148,.F.);
#4148 = EDGE_LOOP('',(#4149));
#4149 = ORIENTED_EDGE('',*,*,#4150,.T.);
#4150 = EDGE_CURVE('',#4151,#4151,#4153,.T.);
#4151 = VERTEX_POINT('',#4152);
#4152 = CARTESIAN_POINT('',(83.625,-85.42,0.));
#4153 = CIRCLE('',#4154,0.5);
#4154 = AXIS2_PLACEMENT_3D('',#4155,#4156,#4157);
#4155 = CARTESIAN_POINT('',(83.625,-84.92,0.));
#4156 = DIRECTION('',(-0.,0.,-1.));
#4157 = DIRECTION('',(-0.,-1.,0.));
#4158 = FACE_BOUND('',#4159,.F.);
#4159 = EDGE_LOOP('',(#4160));
#4160 = ORIENTED_EDGE('',*,*,#4161,.T.);
#4161 = EDGE_CURVE('',#4162,#4162,#4164,.T.);
#4162 = VERTEX_POINT('',#4163);
#4163 = CARTESIAN_POINT('',(68.375,-82.88,0.));
#4164 = CIRCLE('',#4165,0.5);
#4165 = AXIS2_PLACEMENT_3D('',#4166,#4167,#4168);
#4166 = CARTESIAN_POINT('',(68.375,-82.38,0.));
#4167 = DIRECTION('',(-0.,0.,-1.));
#4168 = DIRECTION('',(-0.,-1.,0.));
#4169 = FACE_BOUND('',#4170,.F.);
#4170 = EDGE_LOOP('',(#4171));
#4171 = ORIENTED_EDGE('',*,*,#4172,.T.);
#4172 = EDGE_CURVE('',#4173,#4173,#4175,.T.);
#4173 = VERTEX_POINT('',#4174);
#4174 = CARTESIAN_POINT('',(65.,-76.6,0.));
#4175 = CIRCLE('',#4176,1.6);
#4176 = AXIS2_PLACEMENT_3D('',#4177,#4178,#4179);
#4177 = CARTESIAN_POINT('',(65.,-75.,0.));
#4178 = DIRECTION('',(-0.,0.,-1.));
#4179 = DIRECTION('',(-0.,-1.,0.));
#4180 = FACE_BOUND('',#4181,.F.);
#4181 = EDGE_LOOP('',(#4182));
#4182 = ORIENTED_EDGE('',*,*,#4183,.T.);
#4183 = EDGE_CURVE('',#4184,#4184,#4186,.T.);
#4184 = VERTEX_POINT('',#4185);
#4185 = CARTESIAN_POINT('',(83.625,-82.88,0.));
#4186 = CIRCLE('',#4187,0.5);
#4187 = AXIS2_PLACEMENT_3D('',#4188,#4189,#4190);
#4188 = CARTESIAN_POINT('',(83.625,-82.38,0.));
#4189 = DIRECTION('',(-0.,0.,-1.));
#4190 = DIRECTION('',(-0.,-1.,0.));
#4191 = FACE_BOUND('',#4192,.F.);
#4192 = EDGE_LOOP('',(#4193));
#4193 = ORIENTED_EDGE('',*,*,#4194,.T.);
#4194 = EDGE_CURVE('',#4195,#4195,#4197,.T.);
#4195 = VERTEX_POINT('',#4196);
#4196 = CARTESIAN_POINT('',(89.5,-88.5,0.));
#4197 = CIRCLE('',#4198,0.5);
#4198 = AXIS2_PLACEMENT_3D('',#4199,#4200,#4201);
#4199 = CARTESIAN_POINT('',(89.5,-88.,0.));
#4200 = DIRECTION('',(-0.,0.,-1.));
#4201 = DIRECTION('',(-0.,-1.,0.));
#4202 = FACE_BOUND('',#4203,.F.);
#4203 = EDGE_LOOP('',(#4204));
#4204 = ORIENTED_EDGE('',*,*,#4205,.T.);
#4205 = EDGE_CURVE('',#4206,#4206,#4208,.T.);
#4206 = VERTEX_POINT('',#4207);
#4207 = CARTESIAN_POINT('',(89.5,-86.,0.));
#4208 = CIRCLE('',#4209,0.5);
#4209 = AXIS2_PLACEMENT_3D('',#4210,#4211,#4212);
#4210 = CARTESIAN_POINT('',(89.5,-85.5,0.));
#4211 = DIRECTION('',(-0.,0.,-1.));
#4212 = DIRECTION('',(-0.,-1.,0.));
#4213 = FACE_BOUND('',#4214,.F.);
#4214 = EDGE_LOOP('',(#4215,#4226,#4234,#4243));
#4215 = ORIENTED_EDGE('',*,*,#4216,.T.);
#4216 = EDGE_CURVE('',#4217,#4219,#4221,.T.);
#4217 = VERTEX_POINT('',#4218);
#4218 = CARTESIAN_POINT('',(97.65,-90.35,0.));
#4219 = VERTEX_POINT('',#4220);
#4220 = CARTESIAN_POINT('',(97.65,-91.85,0.));
#4221 = CIRCLE('',#4222,0.75);
#4222 = AXIS2_PLACEMENT_3D('',#4223,#4224,#4225);
#4223 = CARTESIAN_POINT('',(97.65,-91.1,0.));
#4224 = DIRECTION('',(-0.,0.,-1.));
#4225 = DIRECTION('',(-0.,-1.,0.));
#4226 = ORIENTED_EDGE('',*,*,#4227,.T.);
#4227 = EDGE_CURVE('',#4219,#4228,#4230,.T.);
#4228 = VERTEX_POINT('',#4229);
#4229 = CARTESIAN_POINT('',(96.35,-91.85,0.));
#4230 = LINE('',#4231,#4232);
#4231 = CARTESIAN_POINT('',(48.175,-91.85,0.));
#4232 = VECTOR('',#4233,1.);
#4233 = DIRECTION('',(-1.,0.,0.));
#4234 = ORIENTED_EDGE('',*,*,#4235,.T.);
#4235 = EDGE_CURVE('',#4228,#4236,#4238,.T.);
#4236 = VERTEX_POINT('',#4237);
#4237 = CARTESIAN_POINT('',(96.35,-90.35,0.));
#4238 = CIRCLE('',#4239,0.75);
#4239 = AXIS2_PLACEMENT_3D('',#4240,#4241,#4242);
#4240 = CARTESIAN_POINT('',(96.35,-91.1,0.));
#4241 = DIRECTION('',(-0.,0.,-1.));
#4242 = DIRECTION('',(0.,1.,0.));
#4243 = ORIENTED_EDGE('',*,*,#4244,.T.);
#4244 = EDGE_CURVE('',#4236,#4217,#4245,.T.);
#4245 = LINE('',#4246,#4247);
#4246 = CARTESIAN_POINT('',(48.825,-90.35,0.));
#4247 = VECTOR('',#4248,1.);
#4248 = DIRECTION('',(1.,0.,-0.));
#4249 = FACE_BOUND('',#4250,.F.);
#4250 = EDGE_LOOP('',(#4251));
#4251 = ORIENTED_EDGE('',*,*,#4252,.T.);
#4252 = EDGE_CURVE('',#4253,#4253,#4255,.T.);
#4253 = VERTEX_POINT('',#4254);
#4254 = CARTESIAN_POINT('',(104.,-88.5,0.));
#4255 = CIRCLE('',#4256,0.5);
#4256 = AXIS2_PLACEMENT_3D('',#4257,#4258,#4259);
#4257 = CARTESIAN_POINT('',(104.,-88.,0.));
#4258 = DIRECTION('',(-0.,0.,-1.));
#4259 = DIRECTION('',(-0.,-1.,0.));
#4260 = FACE_BOUND('',#4261,.F.);
#4261 = EDGE_LOOP('',(#4262));
#4262 = ORIENTED_EDGE('',*,*,#4263,.T.);
#4263 = EDGE_CURVE('',#4264,#4264,#4266,.T.);
#4264 = VERTEX_POINT('',#4265);
#4265 = CARTESIAN_POINT('',(89.5,-83.5,0.));
#4266 = CIRCLE('',#4267,0.5);
#4267 = AXIS2_PLACEMENT_3D('',#4268,#4269,#4270);
#4268 = CARTESIAN_POINT('',(89.5,-83.,0.));
#4269 = DIRECTION('',(-0.,0.,-1.));
#4270 = DIRECTION('',(-0.,-1.,0.));
#4271 = FACE_BOUND('',#4272,.F.);
#4272 = EDGE_LOOP('',(#4273,#4284,#4292,#4301));
#4273 = ORIENTED_EDGE('',*,*,#4274,.T.);
#4274 = EDGE_CURVE('',#4275,#4277,#4279,.T.);
#4275 = VERTEX_POINT('',#4276);
#4276 = CARTESIAN_POINT('',(97.65,-79.15,0.));
#4277 = VERTEX_POINT('',#4278);
#4278 = CARTESIAN_POINT('',(97.65,-80.65,0.));
#4279 = CIRCLE('',#4280,0.75);
#4280 = AXIS2_PLACEMENT_3D('',#4281,#4282,#4283);
#4281 = CARTESIAN_POINT('',(97.65,-79.9,0.));
#4282 = DIRECTION('',(-0.,0.,-1.));
#4283 = DIRECTION('',(-0.,-1.,0.));
#4284 = ORIENTED_EDGE('',*,*,#4285,.T.);
#4285 = EDGE_CURVE('',#4277,#4286,#4288,.T.);
#4286 = VERTEX_POINT('',#4287);
#4287 = CARTESIAN_POINT('',(96.35,-80.65,0.));
#4288 = LINE('',#4289,#4290);
#4289 = CARTESIAN_POINT('',(48.175,-80.65,0.));
#4290 = VECTOR('',#4291,1.);
#4291 = DIRECTION('',(-1.,0.,0.));
#4292 = ORIENTED_EDGE('',*,*,#4293,.T.);
#4293 = EDGE_CURVE('',#4286,#4294,#4296,.T.);
#4294 = VERTEX_POINT('',#4295);
#4295 = CARTESIAN_POINT('',(96.35,-79.15,0.));
#4296 = CIRCLE('',#4297,0.75);
#4297 = AXIS2_PLACEMENT_3D('',#4298,#4299,#4300);
#4298 = CARTESIAN_POINT('',(96.35,-79.9,0.));
#4299 = DIRECTION('',(-0.,0.,-1.));
#4300 = DIRECTION('',(0.,1.,0.));
#4301 = ORIENTED_EDGE('',*,*,#4302,.T.);
#4302 = EDGE_CURVE('',#4294,#4275,#4303,.T.);
#4303 = LINE('',#4304,#4305);
#4304 = CARTESIAN_POINT('',(48.825,-79.15,0.));
#4305 = VECTOR('',#4306,1.);
#4306 = DIRECTION('',(1.,0.,-0.));
#4307 = FACE_BOUND('',#4308,.F.);
#4308 = EDGE_LOOP('',(#4309));
#4309 = ORIENTED_EDGE('',*,*,#4310,.T.);
#4310 = EDGE_CURVE('',#4311,#4311,#4313,.T.);
#4311 = VERTEX_POINT('',#4312);
#4312 = CARTESIAN_POINT('',(104.,-83.5,0.));
#4313 = CIRCLE('',#4314,0.5);
#4314 = AXIS2_PLACEMENT_3D('',#4315,#4316,#4317);
#4315 = CARTESIAN_POINT('',(104.,-83.,0.));
#4316 = DIRECTION('',(-0.,0.,-1.));
#4317 = DIRECTION('',(-0.,-1.,0.));
#4318 = FACE_BOUND('',#4319,.F.);
#4319 = EDGE_LOOP('',(#4320));
#4320 = ORIENTED_EDGE('',*,*,#4321,.T.);
#4321 = EDGE_CURVE('',#4322,#4322,#4324,.T.);
#4322 = VERTEX_POINT('',#4323);
#4323 = CARTESIAN_POINT('',(108.38,-114.4,0.));
#4324 = CIRCLE('',#4325,0.4);
#4325 = AXIS2_PLACEMENT_3D('',#4326,#4327,#4328);
#4326 = CARTESIAN_POINT('',(108.38,-114.,0.));
#4327 = DIRECTION('',(-0.,0.,-1.));
#4328 = DIRECTION('',(-0.,-1.,0.));
#4329 = FACE_BOUND('',#4330,.F.);
#4330 = EDGE_LOOP('',(#4331));
#4331 = ORIENTED_EDGE('',*,*,#4332,.T.);
#4332 = EDGE_CURVE('',#4333,#4333,#4335,.T.);
#4333 = VERTEX_POINT('',#4334);
#4334 = CARTESIAN_POINT('',(116.,-114.4,0.));
#4335 = CIRCLE('',#4336,0.4);
#4336 = AXIS2_PLACEMENT_3D('',#4337,#4338,#4339);
#4337 = CARTESIAN_POINT('',(116.,-114.,0.));
#4338 = DIRECTION('',(-0.,0.,-1.));
#4339 = DIRECTION('',(-0.,-1.,0.));
#4340 = FACE_BOUND('',#4341,.F.);
#4341 = EDGE_LOOP('',(#4342));
#4342 = ORIENTED_EDGE('',*,*,#4343,.T.);
#4343 = EDGE_CURVE('',#4344,#4344,#4346,.T.);
#4344 = VERTEX_POINT('',#4345);
#4345 = CARTESIAN_POINT('',(127.38,-114.4,0.));
#4346 = CIRCLE('',#4347,0.4);
#4347 = AXIS2_PLACEMENT_3D('',#4348,#4349,#4350);
#4348 = CARTESIAN_POINT('',(127.38,-114.,0.));
#4349 = DIRECTION('',(-0.,0.,-1.));
#4350 = DIRECTION('',(-0.,-1.,0.));
#4351 = FACE_BOUND('',#4352,.F.);
#4352 = EDGE_LOOP('',(#4353));
#4353 = ORIENTED_EDGE('',*,*,#4354,.T.);
#4354 = EDGE_CURVE('',#4355,#4355,#4357,.T.);
#4355 = VERTEX_POINT('',#4356);
#4356 = CARTESIAN_POINT('',(111.43,-105.93,0.));
#4357 = CIRCLE('',#4358,0.85);
#4358 = AXIS2_PLACEMENT_3D('',#4359,#4360,#4361);
#4359 = CARTESIAN_POINT('',(111.43,-105.08,0.));
#4360 = DIRECTION('',(-0.,0.,-1.));
#4361 = DIRECTION('',(-0.,-1.,0.));
#4362 = FACE_BOUND('',#4363,.F.);
#4363 = EDGE_LOOP('',(#4364));
#4364 = ORIENTED_EDGE('',*,*,#4365,.T.);
#4365 = EDGE_CURVE('',#4366,#4366,#4368,.T.);
#4366 = VERTEX_POINT('',#4367);
#4367 = CARTESIAN_POINT('',(112.7,-103.29,0.));
#4368 = CIRCLE('',#4369,0.75);
#4369 = AXIS2_PLACEMENT_3D('',#4370,#4371,#4372);
#4370 = CARTESIAN_POINT('',(112.7,-102.54,0.));
#4371 = DIRECTION('',(-0.,0.,-1.));
#4372 = DIRECTION('',(-0.,-1.,0.));
#4373 = FACE_BOUND('',#4374,.F.);
#4374 = EDGE_LOOP('',(#4375));
#4375 = ORIENTED_EDGE('',*,*,#4376,.T.);
#4376 = EDGE_CURVE('',#4377,#4377,#4379,.T.);
#4377 = VERTEX_POINT('',#4378);
#4378 = CARTESIAN_POINT('',(116.51,-107.08,0.));
#4379 = CIRCLE('',#4380,2.);
#4380 = AXIS2_PLACEMENT_3D('',#4381,#4382,#4383);
#4381 = CARTESIAN_POINT('',(116.51,-105.08,0.));
#4382 = DIRECTION('',(-0.,0.,-1.));
#4383 = DIRECTION('',(-0.,-1.,0.));
#4384 = FACE_BOUND('',#4385,.F.);
#4385 = EDGE_LOOP('',(#4386));
#4386 = ORIENTED_EDGE('',*,*,#4387,.T.);
#4387 = EDGE_CURVE('',#4388,#4388,#4390,.T.);
#4388 = VERTEX_POINT('',#4389);
#4389 = CARTESIAN_POINT('',(121.59,-105.93,0.));
#4390 = CIRCLE('',#4391,0.85);
#4391 = AXIS2_PLACEMENT_3D('',#4392,#4393,#4394);
#4392 = CARTESIAN_POINT('',(121.59,-105.08,0.));
#4393 = DIRECTION('',(-0.,0.,-1.));
#4394 = DIRECTION('',(-0.,-1.,0.));
#4395 = FACE_BOUND('',#4396,.F.);
#4396 = EDGE_LOOP('',(#4397));
#4397 = ORIENTED_EDGE('',*,*,#4398,.T.);
#4398 = EDGE_CURVE('',#4399,#4399,#4401,.T.);
#4399 = VERTEX_POINT('',#4400);
#4400 = CARTESIAN_POINT('',(119.05,-100.75,0.));
#4401 = CIRCLE('',#4402,0.75);
#4402 = AXIS2_PLACEMENT_3D('',#4403,#4404,#4405);
#4403 = CARTESIAN_POINT('',(119.05,-100.,0.));
#4404 = DIRECTION('',(-0.,0.,-1.));
#4405 = DIRECTION('',(-0.,-1.,0.));
#4406 = FACE_BOUND('',#4407,.F.);
#4407 = EDGE_LOOP('',(#4408));
#4408 = ORIENTED_EDGE('',*,*,#4409,.T.);
#4409 = EDGE_CURVE('',#4410,#4410,#4412,.T.);
#4410 = VERTEX_POINT('',#4411);
#4411 = CARTESIAN_POINT('',(135.,-114.4,0.));
#4412 = CIRCLE('',#4413,0.4);
#4413 = AXIS2_PLACEMENT_3D('',#4414,#4415,#4416);
#4414 = CARTESIAN_POINT('',(135.,-114.,0.));
#4415 = DIRECTION('',(-0.,0.,-1.));
#4416 = DIRECTION('',(-0.,-1.,0.));
#4417 = FACE_BOUND('',#4418,.F.);
#4418 = EDGE_LOOP('',(#4419));
#4419 = ORIENTED_EDGE('',*,*,#4420,.T.);
#4420 = EDGE_CURVE('',#4421,#4421,#4423,.T.);
#4421 = VERTEX_POINT('',#4422);
#4422 = CARTESIAN_POINT('',(130.48,-105.93,0.));
#4423 = CIRCLE('',#4424,0.85);
#4424 = AXIS2_PLACEMENT_3D('',#4425,#4426,#4427);
#4425 = CARTESIAN_POINT('',(130.48,-105.08,0.));
#4426 = DIRECTION('',(-0.,0.,-1.));
#4427 = DIRECTION('',(-3.343730521224E-14,-1.,0.));
#4428 = FACE_BOUND('',#4429,.F.);
#4429 = EDGE_LOOP('',(#4430));
#4430 = ORIENTED_EDGE('',*,*,#4431,.T.);
#4431 = EDGE_CURVE('',#4432,#4432,#4434,.T.);
#4432 = VERTEX_POINT('',#4433);
#4433 = CARTESIAN_POINT('',(131.75,-103.29,0.));
#4434 = CIRCLE('',#4435,0.75);
#4435 = AXIS2_PLACEMENT_3D('',#4436,#4437,#4438);
#4436 = CARTESIAN_POINT('',(131.75,-102.54,0.));
#4437 = DIRECTION('',(-0.,0.,-1.));
#4438 = DIRECTION('',(-0.,-1.,0.));
#4439 = FACE_BOUND('',#4440,.F.);
#4440 = EDGE_LOOP('',(#4441));
#4441 = ORIENTED_EDGE('',*,*,#4442,.T.);
#4442 = EDGE_CURVE('',#4443,#4443,#4445,.T.);
#4443 = VERTEX_POINT('',#4444);
#4444 = CARTESIAN_POINT('',(135.56,-107.08,0.));
#4445 = CIRCLE('',#4446,2.);
#4446 = AXIS2_PLACEMENT_3D('',#4447,#4448,#4449);
#4447 = CARTESIAN_POINT('',(135.56,-105.08,0.));
#4448 = DIRECTION('',(-0.,0.,-1.));
#4449 = DIRECTION('',(-0.,-1.,0.));
#4450 = FACE_BOUND('',#4451,.F.);
#4451 = EDGE_LOOP('',(#4452));
#4452 = ORIENTED_EDGE('',*,*,#4453,.T.);
#4453 = EDGE_CURVE('',#4454,#4454,#4456,.T.);
#4454 = VERTEX_POINT('',#4455);
#4455 = CARTESIAN_POINT('',(138.1,-100.75,0.));
#4456 = CIRCLE('',#4457,0.75);
#4457 = AXIS2_PLACEMENT_3D('',#4458,#4459,#4460);
#4458 = CARTESIAN_POINT('',(138.1,-100.,0.));
#4459 = DIRECTION('',(-0.,0.,-1.));
#4460 = DIRECTION('',(-0.,-1.,0.));
#4461 = FACE_BOUND('',#4462,.F.);
#4462 = EDGE_LOOP('',(#4463));
#4463 = ORIENTED_EDGE('',*,*,#4464,.T.);
#4464 = EDGE_CURVE('',#4465,#4465,#4467,.T.);
#4465 = VERTEX_POINT('',#4466);
#4466 = CARTESIAN_POINT('',(140.64,-105.93,0.));
#4467 = CIRCLE('',#4468,0.85);
#4468 = AXIS2_PLACEMENT_3D('',#4469,#4470,#4471);
#4469 = CARTESIAN_POINT('',(140.64,-105.08,0.));
#4470 = DIRECTION('',(-0.,0.,-1.));
#4471 = DIRECTION('',(-0.,-1.,0.));
#4472 = FACE_BOUND('',#4473,.F.);
#4473 = EDGE_LOOP('',(#4474));
#4474 = ORIENTED_EDGE('',*,*,#4475,.T.);
#4475 = EDGE_CURVE('',#4476,#4476,#4478,.T.);
#4476 = VERTEX_POINT('',#4477);
#4477 = CARTESIAN_POINT('',(108.32,-88.29,0.));
#4478 = CIRCLE('',#4479,0.5);
#4479 = AXIS2_PLACEMENT_3D('',#4480,#4481,#4482);
#4480 = CARTESIAN_POINT('',(108.32,-87.79,0.));
#4481 = DIRECTION('',(-0.,0.,-1.));
#4482 = DIRECTION('',(-0.,-1.,0.));
#4483 = FACE_BOUND('',#4484,.F.);
#4484 = EDGE_LOOP('',(#4485));
#4485 = ORIENTED_EDGE('',*,*,#4486,.T.);
#4486 = EDGE_CURVE('',#4487,#4487,#4489,.T.);
#4487 = VERTEX_POINT('',#4488);
#4488 = CARTESIAN_POINT('',(108.32,-85.75,0.));
#4489 = CIRCLE('',#4490,0.5);
#4490 = AXIS2_PLACEMENT_3D('',#4491,#4492,#4493);
#4491 = CARTESIAN_POINT('',(108.32,-85.25,0.));
#4492 = DIRECTION('',(-0.,0.,-1.));
#4493 = DIRECTION('',(-0.,-1.,0.));
#4494 = FACE_BOUND('',#4495,.F.);
#4495 = EDGE_LOOP('',(#4496));
#4496 = ORIENTED_EDGE('',*,*,#4497,.T.);
#4497 = EDGE_CURVE('',#4498,#4498,#4500,.T.);
#4498 = VERTEX_POINT('',#4499);
#4499 = CARTESIAN_POINT('',(108.32,-83.21,0.));
#4500 = CIRCLE('',#4501,0.5);
#4501 = AXIS2_PLACEMENT_3D('',#4502,#4503,#4504);
#4502 = CARTESIAN_POINT('',(108.32,-82.71,0.));
#4503 = DIRECTION('',(-0.,0.,-1.));
#4504 = DIRECTION('',(-0.,-1.,0.));
#4505 = FACE_BOUND('',#4506,.F.);
#4506 = EDGE_LOOP('',(#4507));
#4507 = ORIENTED_EDGE('',*,*,#4508,.T.);
#4508 = EDGE_CURVE('',#4509,#4509,#4511,.T.);
#4509 = VERTEX_POINT('',#4510);
#4510 = CARTESIAN_POINT('',(108.32,-80.67,0.));
#4511 = CIRCLE('',#4512,0.5);
#4512 = AXIS2_PLACEMENT_3D('',#4513,#4514,#4515);
#4513 = CARTESIAN_POINT('',(108.32,-80.17,0.));
#4514 = DIRECTION('',(-0.,0.,-1.));
#4515 = DIRECTION('',(-0.,-1.,0.));
#4516 = FACE_BOUND('',#4517,.F.);
#4517 = EDGE_LOOP('',(#4518));
#4518 = ORIENTED_EDGE('',*,*,#4519,.T.);
#4519 = EDGE_CURVE('',#4520,#4520,#4522,.T.);
#4520 = VERTEX_POINT('',#4521);
#4521 = CARTESIAN_POINT('',(150.,-76.6,0.));
#4522 = CIRCLE('',#4523,1.6);
#4523 = AXIS2_PLACEMENT_3D('',#4524,#4525,#4526);
#4524 = CARTESIAN_POINT('',(150.,-75.,0.));
#4525 = DIRECTION('',(-0.,0.,-1.));
#4526 = DIRECTION('',(-0.,-1.,0.));
#4527 = PLANE('',#4528);
#4528 = AXIS2_PLACEMENT_3D('',#4529,#4530,#4531);
#4529 = CARTESIAN_POINT('',(0.,0.,0.));
#4530 = DIRECTION('',(0.,0.,1.));
#4531 = DIRECTION('',(1.,0.,-0.));
#4532 = ADVANCED_FACE('',(#4533,#4544,#4555,#4566,#4577,#4588,#4599,
    #4610,#4621,#4632,#4643,#4654,#4665,#4676,#4687,#4698,#4709,#4720,
    #4731,#4742,#4753,#4764,#4775,#4786,#4797,#4808,#4819,#4830,#4841,
    #4852,#4863,#4874,#4885,#4896,#4907,#4918,#4929,#4940,#4951,#4962,
    #4973,#4984,#4995,#5006,#5017,#5028,#5039,#5050,#5061,#5072,#5083,
    #5094,#5105,#5116,#5127,#5138,#5149,#5160,#5171,#5182,#5193,#5204,
    #5215,#5226,#5237,#5248,#5259,#5270,#5281,#5292,#5303,#5314,#5350,
    #5361,#5372,#5408,#5419,#5430,#5441,#5452,#5463,#5474,#5485,#5496,
    #5507,#5518,#5529,#5540,#5551,#5562,#5573,#5584,#5595,#5606,#5617),
  #5628,.T.);
#4533 = FACE_BOUND('',#4534,.T.);
#4534 = EDGE_LOOP('',(#4535,#4536,#4537,#4543));
#4535 = ORIENTED_EDGE('',*,*,#3343,.F.);
#4536 = ORIENTED_EDGE('',*,*,#3383,.F.);
#4537 = ORIENTED_EDGE('',*,*,#4538,.F.);
#4538 = EDGE_CURVE('',#3406,#3376,#4539,.T.);
#4539 = LINE('',#4540,#4541);
#4540 = CARTESIAN_POINT('',(60.,-70.,1.51));
#4541 = VECTOR('',#4542,1.);
#4542 = DIRECTION('',(1.,0.,0.));
#4543 = ORIENTED_EDGE('',*,*,#3405,.F.);
#4544 = FACE_BOUND('',#4545,.T.);
#4545 = EDGE_LOOP('',(#4546));
#4546 = ORIENTED_EDGE('',*,*,#4547,.T.);
#4547 = EDGE_CURVE('',#4548,#4548,#4550,.T.);
#4548 = VERTEX_POINT('',#4549);
#4549 = CARTESIAN_POINT('',(65.,-161.6,1.51));
#4550 = CIRCLE('',#4551,1.6);
#4551 = AXIS2_PLACEMENT_3D('',#4552,#4553,#4554);
#4552 = CARTESIAN_POINT('',(65.,-160.,1.51));
#4553 = DIRECTION('',(-0.,0.,-1.));
#4554 = DIRECTION('',(-0.,-1.,0.));
#4555 = FACE_BOUND('',#4556,.T.);
#4556 = EDGE_LOOP('',(#4557));
#4557 = ORIENTED_EDGE('',*,*,#4558,.T.);
#4558 = EDGE_CURVE('',#4559,#4559,#4561,.T.);
#4559 = VERTEX_POINT('',#4560);
#4560 = CARTESIAN_POINT('',(89.19,-152.4,1.51));
#4561 = CIRCLE('',#4562,0.4);
#4562 = AXIS2_PLACEMENT_3D('',#4563,#4564,#4565);
#4563 = CARTESIAN_POINT('',(89.19,-152.,1.51));
#4564 = DIRECTION('',(-0.,0.,-1.));
#4565 = DIRECTION('',(-0.,-1.,0.));
#4566 = FACE_BOUND('',#4567,.T.);
#4567 = EDGE_LOOP('',(#4568));
#4568 = ORIENTED_EDGE('',*,*,#4569,.T.);
#4569 = EDGE_CURVE('',#4570,#4570,#4572,.T.);
#4570 = VERTEX_POINT('',#4571);
#4571 = CARTESIAN_POINT('',(96.81,-152.4,1.51));
#4572 = CIRCLE('',#4573,0.4);
#4573 = AXIS2_PLACEMENT_3D('',#4574,#4575,#4576);
#4574 = CARTESIAN_POINT('',(96.81,-152.,1.51));
#4575 = DIRECTION('',(-0.,0.,-1.));
#4576 = DIRECTION('',(-0.,-1.,0.));
#4577 = FACE_BOUND('',#4578,.T.);
#4578 = EDGE_LOOP('',(#4579));
#4579 = ORIENTED_EDGE('',*,*,#4580,.T.);
#4580 = EDGE_CURVE('',#4581,#4581,#4583,.T.);
#4581 = VERTEX_POINT('',#4582);
#4582 = CARTESIAN_POINT('',(92.38,-144.03,1.51));
#4583 = CIRCLE('',#4584,0.85);
#4584 = AXIS2_PLACEMENT_3D('',#4585,#4586,#4587);
#4585 = CARTESIAN_POINT('',(92.38,-143.18,1.51));
#4586 = DIRECTION('',(-0.,0.,-1.));
#4587 = DIRECTION('',(-0.,-1.,0.));
#4588 = FACE_BOUND('',#4589,.T.);
#4589 = EDGE_LOOP('',(#4590));
#4590 = ORIENTED_EDGE('',*,*,#4591,.T.);
#4591 = EDGE_CURVE('',#4592,#4592,#4594,.T.);
#4592 = VERTEX_POINT('',#4593);
#4593 = CARTESIAN_POINT('',(93.65,-141.39,1.51));
#4594 = CIRCLE('',#4595,0.75);
#4595 = AXIS2_PLACEMENT_3D('',#4596,#4597,#4598);
#4596 = CARTESIAN_POINT('',(93.65,-140.64,1.51));
#4597 = DIRECTION('',(-0.,0.,-1.));
#4598 = DIRECTION('',(-0.,-1.,0.));
#4599 = FACE_BOUND('',#4600,.T.);
#4600 = EDGE_LOOP('',(#4601));
#4601 = ORIENTED_EDGE('',*,*,#4602,.T.);
#4602 = EDGE_CURVE('',#4603,#4603,#4605,.T.);
#4603 = VERTEX_POINT('',#4604);
#4604 = CARTESIAN_POINT('',(97.46,-145.18,1.51));
#4605 = CIRCLE('',#4606,2.);
#4606 = AXIS2_PLACEMENT_3D('',#4607,#4608,#4609);
#4607 = CARTESIAN_POINT('',(97.46,-143.18,1.51));
#4608 = DIRECTION('',(-0.,0.,-1.));
#4609 = DIRECTION('',(-0.,-1.,0.));
#4610 = FACE_BOUND('',#4611,.T.);
#4611 = EDGE_LOOP('',(#4612));
#4612 = ORIENTED_EDGE('',*,*,#4613,.T.);
#4613 = EDGE_CURVE('',#4614,#4614,#4616,.T.);
#4614 = VERTEX_POINT('',#4615);
#4615 = CARTESIAN_POINT('',(102.54,-144.03,1.51));
#4616 = CIRCLE('',#4617,0.85);
#4617 = AXIS2_PLACEMENT_3D('',#4618,#4619,#4620);
#4618 = CARTESIAN_POINT('',(102.54,-143.18,1.51));
#4619 = DIRECTION('',(-0.,0.,-1.));
#4620 = DIRECTION('',(1.671865260612E-14,-1.,-0.));
#4621 = FACE_BOUND('',#4622,.T.);
#4622 = EDGE_LOOP('',(#4623));
#4623 = ORIENTED_EDGE('',*,*,#4624,.T.);
#4624 = EDGE_CURVE('',#4625,#4625,#4627,.T.);
#4625 = VERTEX_POINT('',#4626);
#4626 = CARTESIAN_POINT('',(89.19,-133.4,1.51));
#4627 = CIRCLE('',#4628,0.4);
#4628 = AXIS2_PLACEMENT_3D('',#4629,#4630,#4631);
#4629 = CARTESIAN_POINT('',(89.19,-133.,1.51));
#4630 = DIRECTION('',(-0.,0.,-1.));
#4631 = DIRECTION('',(-0.,-1.,0.));
#4632 = FACE_BOUND('',#4633,.T.);
#4633 = EDGE_LOOP('',(#4634));
#4634 = ORIENTED_EDGE('',*,*,#4635,.T.);
#4635 = EDGE_CURVE('',#4636,#4636,#4638,.T.);
#4636 = VERTEX_POINT('',#4637);
#4637 = CARTESIAN_POINT('',(100.,-138.85,1.51));
#4638 = CIRCLE('',#4639,0.75);
#4639 = AXIS2_PLACEMENT_3D('',#4640,#4641,#4642);
#4640 = CARTESIAN_POINT('',(100.,-138.1,1.51));
#4641 = DIRECTION('',(-0.,0.,-1.));
#4642 = DIRECTION('',(-0.,-1.,0.));
#4643 = FACE_BOUND('',#4644,.T.);
#4644 = EDGE_LOOP('',(#4645));
#4645 = ORIENTED_EDGE('',*,*,#4646,.T.);
#4646 = EDGE_CURVE('',#4647,#4647,#4649,.T.);
#4647 = VERTEX_POINT('',#4648);
#4648 = CARTESIAN_POINT('',(96.81,-133.4,1.51));
#4649 = CIRCLE('',#4650,0.4);
#4650 = AXIS2_PLACEMENT_3D('',#4651,#4652,#4653);
#4651 = CARTESIAN_POINT('',(96.81,-133.,1.51));
#4652 = DIRECTION('',(-0.,0.,-1.));
#4653 = DIRECTION('',(-0.,-1.,0.));
#4654 = FACE_BOUND('',#4655,.T.);
#4655 = EDGE_LOOP('',(#4656));
#4656 = ORIENTED_EDGE('',*,*,#4657,.T.);
#4657 = EDGE_CURVE('',#4658,#4658,#4660,.T.);
#4658 = VERTEX_POINT('',#4659);
#4659 = CARTESIAN_POINT('',(92.38,-124.98,1.51));
#4660 = CIRCLE('',#4661,0.85);
#4661 = AXIS2_PLACEMENT_3D('',#4662,#4663,#4664);
#4662 = CARTESIAN_POINT('',(92.38,-124.13,1.51));
#4663 = DIRECTION('',(-0.,0.,-1.));
#4664 = DIRECTION('',(-0.,-1.,0.));
#4665 = FACE_BOUND('',#4666,.T.);
#4666 = EDGE_LOOP('',(#4667));
#4667 = ORIENTED_EDGE('',*,*,#4668,.T.);
#4668 = EDGE_CURVE('',#4669,#4669,#4671,.T.);
#4669 = VERTEX_POINT('',#4670);
#4670 = CARTESIAN_POINT('',(93.65,-122.34,1.51));
#4671 = CIRCLE('',#4672,0.75);
#4672 = AXIS2_PLACEMENT_3D('',#4673,#4674,#4675);
#4673 = CARTESIAN_POINT('',(93.65,-121.59,1.51));
#4674 = DIRECTION('',(-0.,0.,-1.));
#4675 = DIRECTION('',(-0.,-1.,0.));
#4676 = FACE_BOUND('',#4677,.T.);
#4677 = EDGE_LOOP('',(#4678));
#4678 = ORIENTED_EDGE('',*,*,#4679,.T.);
#4679 = EDGE_CURVE('',#4680,#4680,#4682,.T.);
#4680 = VERTEX_POINT('',#4681);
#4681 = CARTESIAN_POINT('',(97.46,-126.13,1.51));
#4682 = CIRCLE('',#4683,2.);
#4683 = AXIS2_PLACEMENT_3D('',#4684,#4685,#4686);
#4684 = CARTESIAN_POINT('',(97.46,-124.13,1.51));
#4685 = DIRECTION('',(-0.,0.,-1.));
#4686 = DIRECTION('',(-0.,-1.,0.));
#4687 = FACE_BOUND('',#4688,.T.);
#4688 = EDGE_LOOP('',(#4689));
#4689 = ORIENTED_EDGE('',*,*,#4690,.T.);
#4690 = EDGE_CURVE('',#4691,#4691,#4693,.T.);
#4691 = VERTEX_POINT('',#4692);
#4692 = CARTESIAN_POINT('',(102.54,-124.98,1.51));
#4693 = CIRCLE('',#4694,0.85);
#4694 = AXIS2_PLACEMENT_3D('',#4695,#4696,#4697);
#4695 = CARTESIAN_POINT('',(102.54,-124.13,1.51));
#4696 = DIRECTION('',(-0.,0.,-1.));
#4697 = DIRECTION('',(1.671865260612E-14,-1.,-0.));
#4698 = FACE_BOUND('',#4699,.T.);
#4699 = EDGE_LOOP('',(#4700));
#4700 = ORIENTED_EDGE('',*,*,#4701,.T.);
#4701 = EDGE_CURVE('',#4702,#4702,#4704,.T.);
#4702 = VERTEX_POINT('',#4703);
#4703 = CARTESIAN_POINT('',(100.,-119.8,1.51));
#4704 = CIRCLE('',#4705,0.75);
#4705 = AXIS2_PLACEMENT_3D('',#4706,#4707,#4708);
#4706 = CARTESIAN_POINT('',(100.,-119.05,1.51));
#4707 = DIRECTION('',(-0.,0.,-1.));
#4708 = DIRECTION('',(-0.,-1.,0.));
#4709 = FACE_BOUND('',#4710,.T.);
#4710 = EDGE_LOOP('',(#4711));
#4711 = ORIENTED_EDGE('',*,*,#4712,.T.);
#4712 = EDGE_CURVE('',#4713,#4713,#4715,.T.);
#4713 = VERTEX_POINT('',#4714);
#4714 = CARTESIAN_POINT('',(107.5,-161.6,1.51));
#4715 = CIRCLE('',#4716,1.6);
#4716 = AXIS2_PLACEMENT_3D('',#4717,#4718,#4719);
#4717 = CARTESIAN_POINT('',(107.5,-160.,1.51));
#4718 = DIRECTION('',(-0.,0.,-1.));
#4719 = DIRECTION('',(-0.,-1.,0.));
#4720 = FACE_BOUND('',#4721,.T.);
#4721 = EDGE_LOOP('',(#4722));
#4722 = ORIENTED_EDGE('',*,*,#4723,.T.);
#4723 = EDGE_CURVE('',#4724,#4724,#4726,.T.);
#4724 = VERTEX_POINT('',#4725);
#4725 = CARTESIAN_POINT('',(108.38,-152.4,1.51));
#4726 = CIRCLE('',#4727,0.4);
#4727 = AXIS2_PLACEMENT_3D('',#4728,#4729,#4730);
#4728 = CARTESIAN_POINT('',(108.38,-152.,1.51));
#4729 = DIRECTION('',(-0.,0.,-1.));
#4730 = DIRECTION('',(-0.,-1.,0.));
#4731 = FACE_BOUND('',#4732,.T.);
#4732 = EDGE_LOOP('',(#4733));
#4733 = ORIENTED_EDGE('',*,*,#4734,.T.);
#4734 = EDGE_CURVE('',#4735,#4735,#4737,.T.);
#4735 = VERTEX_POINT('',#4736);
#4736 = CARTESIAN_POINT('',(116.,-152.4,1.51));
#4737 = CIRCLE('',#4738,0.4);
#4738 = AXIS2_PLACEMENT_3D('',#4739,#4740,#4741);
#4739 = CARTESIAN_POINT('',(116.,-152.,1.51));
#4740 = DIRECTION('',(-0.,0.,-1.));
#4741 = DIRECTION('',(-0.,-1.,0.));
#4742 = FACE_BOUND('',#4743,.T.);
#4743 = EDGE_LOOP('',(#4744));
#4744 = ORIENTED_EDGE('',*,*,#4745,.T.);
#4745 = EDGE_CURVE('',#4746,#4746,#4748,.T.);
#4746 = VERTEX_POINT('',#4747);
#4747 = CARTESIAN_POINT('',(127.38,-152.4,1.51));
#4748 = CIRCLE('',#4749,0.4);
#4749 = AXIS2_PLACEMENT_3D('',#4750,#4751,#4752);
#4750 = CARTESIAN_POINT('',(127.38,-152.,1.51));
#4751 = DIRECTION('',(-0.,0.,-1.));
#4752 = DIRECTION('',(-0.,-1.,0.));
#4753 = FACE_BOUND('',#4754,.T.);
#4754 = EDGE_LOOP('',(#4755));
#4755 = ORIENTED_EDGE('',*,*,#4756,.T.);
#4756 = EDGE_CURVE('',#4757,#4757,#4759,.T.);
#4757 = VERTEX_POINT('',#4758);
#4758 = CARTESIAN_POINT('',(111.43,-144.03,1.51));
#4759 = CIRCLE('',#4760,0.85);
#4760 = AXIS2_PLACEMENT_3D('',#4761,#4762,#4763);
#4761 = CARTESIAN_POINT('',(111.43,-143.18,1.51));
#4762 = DIRECTION('',(-0.,0.,-1.));
#4763 = DIRECTION('',(-0.,-1.,0.));
#4764 = FACE_BOUND('',#4765,.T.);
#4765 = EDGE_LOOP('',(#4766));
#4766 = ORIENTED_EDGE('',*,*,#4767,.T.);
#4767 = EDGE_CURVE('',#4768,#4768,#4770,.T.);
#4768 = VERTEX_POINT('',#4769);
#4769 = CARTESIAN_POINT('',(112.7,-141.39,1.51));
#4770 = CIRCLE('',#4771,0.75);
#4771 = AXIS2_PLACEMENT_3D('',#4772,#4773,#4774);
#4772 = CARTESIAN_POINT('',(112.7,-140.64,1.51));
#4773 = DIRECTION('',(-0.,0.,-1.));
#4774 = DIRECTION('',(-0.,-1.,0.));
#4775 = FACE_BOUND('',#4776,.T.);
#4776 = EDGE_LOOP('',(#4777));
#4777 = ORIENTED_EDGE('',*,*,#4778,.T.);
#4778 = EDGE_CURVE('',#4779,#4779,#4781,.T.);
#4779 = VERTEX_POINT('',#4780);
#4780 = CARTESIAN_POINT('',(116.51,-145.18,1.51));
#4781 = CIRCLE('',#4782,2.);
#4782 = AXIS2_PLACEMENT_3D('',#4783,#4784,#4785);
#4783 = CARTESIAN_POINT('',(116.51,-143.18,1.51));
#4784 = DIRECTION('',(-0.,0.,-1.));
#4785 = DIRECTION('',(-0.,-1.,0.));
#4786 = FACE_BOUND('',#4787,.T.);
#4787 = EDGE_LOOP('',(#4788));
#4788 = ORIENTED_EDGE('',*,*,#4789,.T.);
#4789 = EDGE_CURVE('',#4790,#4790,#4792,.T.);
#4790 = VERTEX_POINT('',#4791);
#4791 = CARTESIAN_POINT('',(121.59,-144.03,1.51));
#4792 = CIRCLE('',#4793,0.85);
#4793 = AXIS2_PLACEMENT_3D('',#4794,#4795,#4796);
#4794 = CARTESIAN_POINT('',(121.59,-143.18,1.51));
#4795 = DIRECTION('',(-0.,0.,-1.));
#4796 = DIRECTION('',(-0.,-1.,0.));
#4797 = FACE_BOUND('',#4798,.T.);
#4798 = EDGE_LOOP('',(#4799));
#4799 = ORIENTED_EDGE('',*,*,#4800,.T.);
#4800 = EDGE_CURVE('',#4801,#4801,#4803,.T.);
#4801 = VERTEX_POINT('',#4802);
#4802 = CARTESIAN_POINT('',(135.,-152.4,1.51));
#4803 = CIRCLE('',#4804,0.4);
#4804 = AXIS2_PLACEMENT_3D('',#4805,#4806,#4807);
#4805 = CARTESIAN_POINT('',(135.,-152.,1.51));
#4806 = DIRECTION('',(-0.,0.,-1.));
#4807 = DIRECTION('',(-0.,-1.,0.));
#4808 = FACE_BOUND('',#4809,.T.);
#4809 = EDGE_LOOP('',(#4810));
#4810 = ORIENTED_EDGE('',*,*,#4811,.T.);
#4811 = EDGE_CURVE('',#4812,#4812,#4814,.T.);
#4812 = VERTEX_POINT('',#4813);
#4813 = CARTESIAN_POINT('',(150.,-161.6,1.51));
#4814 = CIRCLE('',#4815,1.6);
#4815 = AXIS2_PLACEMENT_3D('',#4816,#4817,#4818);
#4816 = CARTESIAN_POINT('',(150.,-160.,1.51));
#4817 = DIRECTION('',(-0.,0.,-1.));
#4818 = DIRECTION('',(-0.,-1.,0.));
#4819 = FACE_BOUND('',#4820,.T.);
#4820 = EDGE_LOOP('',(#4821));
#4821 = ORIENTED_EDGE('',*,*,#4822,.T.);
#4822 = EDGE_CURVE('',#4823,#4823,#4825,.T.);
#4823 = VERTEX_POINT('',#4824);
#4824 = CARTESIAN_POINT('',(130.48,-144.03,1.51));
#4825 = CIRCLE('',#4826,0.85);
#4826 = AXIS2_PLACEMENT_3D('',#4827,#4828,#4829);
#4827 = CARTESIAN_POINT('',(130.48,-143.18,1.51));
#4828 = DIRECTION('',(-0.,0.,-1.));
#4829 = DIRECTION('',(-3.343730521224E-14,-1.,0.));
#4830 = FACE_BOUND('',#4831,.T.);
#4831 = EDGE_LOOP('',(#4832));
#4832 = ORIENTED_EDGE('',*,*,#4833,.T.);
#4833 = EDGE_CURVE('',#4834,#4834,#4836,.T.);
#4834 = VERTEX_POINT('',#4835);
#4835 = CARTESIAN_POINT('',(131.75,-141.39,1.51));
#4836 = CIRCLE('',#4837,0.75);
#4837 = AXIS2_PLACEMENT_3D('',#4838,#4839,#4840);
#4838 = CARTESIAN_POINT('',(131.75,-140.64,1.51));
#4839 = DIRECTION('',(-0.,0.,-1.));
#4840 = DIRECTION('',(-0.,-1.,0.));
#4841 = FACE_BOUND('',#4842,.T.);
#4842 = EDGE_LOOP('',(#4843));
#4843 = ORIENTED_EDGE('',*,*,#4844,.T.);
#4844 = EDGE_CURVE('',#4845,#4845,#4847,.T.);
#4845 = VERTEX_POINT('',#4846);
#4846 = CARTESIAN_POINT('',(135.56,-145.18,1.51));
#4847 = CIRCLE('',#4848,2.);
#4848 = AXIS2_PLACEMENT_3D('',#4849,#4850,#4851);
#4849 = CARTESIAN_POINT('',(135.56,-143.18,1.51));
#4850 = DIRECTION('',(-0.,0.,-1.));
#4851 = DIRECTION('',(-0.,-1.,0.));
#4852 = FACE_BOUND('',#4853,.T.);
#4853 = EDGE_LOOP('',(#4854));
#4854 = ORIENTED_EDGE('',*,*,#4855,.T.);
#4855 = EDGE_CURVE('',#4856,#4856,#4858,.T.);
#4856 = VERTEX_POINT('',#4857);
#4857 = CARTESIAN_POINT('',(140.64,-144.03,1.51));
#4858 = CIRCLE('',#4859,0.85);
#4859 = AXIS2_PLACEMENT_3D('',#4860,#4861,#4862);
#4860 = CARTESIAN_POINT('',(140.64,-143.18,1.51));
#4861 = DIRECTION('',(-0.,0.,-1.));
#4862 = DIRECTION('',(-0.,-1.,0.));
#4863 = FACE_BOUND('',#4864,.T.);
#4864 = EDGE_LOOP('',(#4865));
#4865 = ORIENTED_EDGE('',*,*,#4866,.T.);
#4866 = EDGE_CURVE('',#4867,#4867,#4869,.T.);
#4867 = VERTEX_POINT('',#4868);
#4868 = CARTESIAN_POINT('',(108.38,-133.4,1.51));
#4869 = CIRCLE('',#4870,0.4);
#4870 = AXIS2_PLACEMENT_3D('',#4871,#4872,#4873);
#4871 = CARTESIAN_POINT('',(108.38,-133.,1.51));
#4872 = DIRECTION('',(-0.,0.,-1.));
#4873 = DIRECTION('',(-0.,-1.,0.));
#4874 = FACE_BOUND('',#4875,.T.);
#4875 = EDGE_LOOP('',(#4876));
#4876 = ORIENTED_EDGE('',*,*,#4877,.T.);
#4877 = EDGE_CURVE('',#4878,#4878,#4880,.T.);
#4878 = VERTEX_POINT('',#4879);
#4879 = CARTESIAN_POINT('',(116.,-133.4,1.51));
#4880 = CIRCLE('',#4881,0.4);
#4881 = AXIS2_PLACEMENT_3D('',#4882,#4883,#4884);
#4882 = CARTESIAN_POINT('',(116.,-133.,1.51));
#4883 = DIRECTION('',(-0.,0.,-1.));
#4884 = DIRECTION('',(-0.,-1.,0.));
#4885 = FACE_BOUND('',#4886,.T.);
#4886 = EDGE_LOOP('',(#4887));
#4887 = ORIENTED_EDGE('',*,*,#4888,.T.);
#4888 = EDGE_CURVE('',#4889,#4889,#4891,.T.);
#4889 = VERTEX_POINT('',#4890);
#4890 = CARTESIAN_POINT('',(119.05,-138.85,1.51));
#4891 = CIRCLE('',#4892,0.75);
#4892 = AXIS2_PLACEMENT_3D('',#4893,#4894,#4895);
#4893 = CARTESIAN_POINT('',(119.05,-138.1,1.51));
#4894 = DIRECTION('',(-0.,0.,-1.));
#4895 = DIRECTION('',(-0.,-1.,0.));
#4896 = FACE_BOUND('',#4897,.T.);
#4897 = EDGE_LOOP('',(#4898));
#4898 = ORIENTED_EDGE('',*,*,#4899,.T.);
#4899 = EDGE_CURVE('',#4900,#4900,#4902,.T.);
#4900 = VERTEX_POINT('',#4901);
#4901 = CARTESIAN_POINT('',(127.38,-133.4,1.51));
#4902 = CIRCLE('',#4903,0.4);
#4903 = AXIS2_PLACEMENT_3D('',#4904,#4905,#4906);
#4904 = CARTESIAN_POINT('',(127.38,-133.,1.51));
#4905 = DIRECTION('',(-0.,0.,-1.));
#4906 = DIRECTION('',(-0.,-1.,0.));
#4907 = FACE_BOUND('',#4908,.T.);
#4908 = EDGE_LOOP('',(#4909));
#4909 = ORIENTED_EDGE('',*,*,#4910,.T.);
#4910 = EDGE_CURVE('',#4911,#4911,#4913,.T.);
#4911 = VERTEX_POINT('',#4912);
#4912 = CARTESIAN_POINT('',(111.43,-124.98,1.51));
#4913 = CIRCLE('',#4914,0.85);
#4914 = AXIS2_PLACEMENT_3D('',#4915,#4916,#4917);
#4915 = CARTESIAN_POINT('',(111.43,-124.13,1.51));
#4916 = DIRECTION('',(-0.,0.,-1.));
#4917 = DIRECTION('',(-0.,-1.,0.));
#4918 = FACE_BOUND('',#4919,.T.);
#4919 = EDGE_LOOP('',(#4920));
#4920 = ORIENTED_EDGE('',*,*,#4921,.T.);
#4921 = EDGE_CURVE('',#4922,#4922,#4924,.T.);
#4922 = VERTEX_POINT('',#4923);
#4923 = CARTESIAN_POINT('',(116.51,-126.13,1.51));
#4924 = CIRCLE('',#4925,2.);
#4925 = AXIS2_PLACEMENT_3D('',#4926,#4927,#4928);
#4926 = CARTESIAN_POINT('',(116.51,-124.13,1.51));
#4927 = DIRECTION('',(-0.,0.,-1.));
#4928 = DIRECTION('',(-0.,-1.,0.));
#4929 = FACE_BOUND('',#4930,.T.);
#4930 = EDGE_LOOP('',(#4931));
#4931 = ORIENTED_EDGE('',*,*,#4932,.T.);
#4932 = EDGE_CURVE('',#4933,#4933,#4935,.T.);
#4933 = VERTEX_POINT('',#4934);
#4934 = CARTESIAN_POINT('',(112.7,-122.34,1.51));
#4935 = CIRCLE('',#4936,0.75);
#4936 = AXIS2_PLACEMENT_3D('',#4937,#4938,#4939);
#4937 = CARTESIAN_POINT('',(112.7,-121.59,1.51));
#4938 = DIRECTION('',(-0.,0.,-1.));
#4939 = DIRECTION('',(-0.,-1.,0.));
#4940 = FACE_BOUND('',#4941,.T.);
#4941 = EDGE_LOOP('',(#4942));
#4942 = ORIENTED_EDGE('',*,*,#4943,.T.);
#4943 = EDGE_CURVE('',#4944,#4944,#4946,.T.);
#4944 = VERTEX_POINT('',#4945);
#4945 = CARTESIAN_POINT('',(121.59,-124.98,1.51));
#4946 = CIRCLE('',#4947,0.85);
#4947 = AXIS2_PLACEMENT_3D('',#4948,#4949,#4950);
#4948 = CARTESIAN_POINT('',(121.59,-124.13,1.51));
#4949 = DIRECTION('',(-0.,0.,-1.));
#4950 = DIRECTION('',(-0.,-1.,0.));
#4951 = FACE_BOUND('',#4952,.T.);
#4952 = EDGE_LOOP('',(#4953));
#4953 = ORIENTED_EDGE('',*,*,#4954,.T.);
#4954 = EDGE_CURVE('',#4955,#4955,#4957,.T.);
#4955 = VERTEX_POINT('',#4956);
#4956 = CARTESIAN_POINT('',(119.05,-119.8,1.51));
#4957 = CIRCLE('',#4958,0.75);
#4958 = AXIS2_PLACEMENT_3D('',#4959,#4960,#4961);
#4959 = CARTESIAN_POINT('',(119.05,-119.05,1.51));
#4960 = DIRECTION('',(-0.,0.,-1.));
#4961 = DIRECTION('',(-0.,-1.,0.));
#4962 = FACE_BOUND('',#4963,.T.);
#4963 = EDGE_LOOP('',(#4964));
#4964 = ORIENTED_EDGE('',*,*,#4965,.T.);
#4965 = EDGE_CURVE('',#4966,#4966,#4968,.T.);
#4966 = VERTEX_POINT('',#4967);
#4967 = CARTESIAN_POINT('',(138.1,-138.85,1.51));
#4968 = CIRCLE('',#4969,0.75);
#4969 = AXIS2_PLACEMENT_3D('',#4970,#4971,#4972);
#4970 = CARTESIAN_POINT('',(138.1,-138.1,1.51));
#4971 = DIRECTION('',(-0.,0.,-1.));
#4972 = DIRECTION('',(-0.,-1.,0.));
#4973 = FACE_BOUND('',#4974,.T.);
#4974 = EDGE_LOOP('',(#4975));
#4975 = ORIENTED_EDGE('',*,*,#4976,.T.);
#4976 = EDGE_CURVE('',#4977,#4977,#4979,.T.);
#4977 = VERTEX_POINT('',#4978);
#4978 = CARTESIAN_POINT('',(135.,-133.4,1.51));
#4979 = CIRCLE('',#4980,0.4);
#4980 = AXIS2_PLACEMENT_3D('',#4981,#4982,#4983);
#4981 = CARTESIAN_POINT('',(135.,-133.,1.51));
#4982 = DIRECTION('',(-0.,0.,-1.));
#4983 = DIRECTION('',(-0.,-1.,0.));
#4984 = FACE_BOUND('',#4985,.T.);
#4985 = EDGE_LOOP('',(#4986));
#4986 = ORIENTED_EDGE('',*,*,#4987,.T.);
#4987 = EDGE_CURVE('',#4988,#4988,#4990,.T.);
#4988 = VERTEX_POINT('',#4989);
#4989 = CARTESIAN_POINT('',(130.48,-124.98,1.51));
#4990 = CIRCLE('',#4991,0.85);
#4991 = AXIS2_PLACEMENT_3D('',#4992,#4993,#4994);
#4992 = CARTESIAN_POINT('',(130.48,-124.13,1.51));
#4993 = DIRECTION('',(-0.,0.,-1.));
#4994 = DIRECTION('',(-3.343730521224E-14,-1.,0.));
#4995 = FACE_BOUND('',#4996,.T.);
#4996 = EDGE_LOOP('',(#4997));
#4997 = ORIENTED_EDGE('',*,*,#4998,.T.);
#4998 = EDGE_CURVE('',#4999,#4999,#5001,.T.);
#4999 = VERTEX_POINT('',#5000);
#5000 = CARTESIAN_POINT('',(135.56,-126.13,1.51));
#5001 = CIRCLE('',#5002,2.);
#5002 = AXIS2_PLACEMENT_3D('',#5003,#5004,#5005);
#5003 = CARTESIAN_POINT('',(135.56,-124.13,1.51));
#5004 = DIRECTION('',(-0.,0.,-1.));
#5005 = DIRECTION('',(-0.,-1.,0.));
#5006 = FACE_BOUND('',#5007,.T.);
#5007 = EDGE_LOOP('',(#5008));
#5008 = ORIENTED_EDGE('',*,*,#5009,.T.);
#5009 = EDGE_CURVE('',#5010,#5010,#5012,.T.);
#5010 = VERTEX_POINT('',#5011);
#5011 = CARTESIAN_POINT('',(131.75,-122.34,1.51));
#5012 = CIRCLE('',#5013,0.75);
#5013 = AXIS2_PLACEMENT_3D('',#5014,#5015,#5016);
#5014 = CARTESIAN_POINT('',(131.75,-121.59,1.51));
#5015 = DIRECTION('',(-0.,0.,-1.));
#5016 = DIRECTION('',(-0.,-1.,0.));
#5017 = FACE_BOUND('',#5018,.T.);
#5018 = EDGE_LOOP('',(#5019));
#5019 = ORIENTED_EDGE('',*,*,#5020,.T.);
#5020 = EDGE_CURVE('',#5021,#5021,#5023,.T.);
#5021 = VERTEX_POINT('',#5022);
#5022 = CARTESIAN_POINT('',(138.1,-119.8,1.51));
#5023 = CIRCLE('',#5024,0.75);
#5024 = AXIS2_PLACEMENT_3D('',#5025,#5026,#5027);
#5025 = CARTESIAN_POINT('',(138.1,-119.05,1.51));
#5026 = DIRECTION('',(-0.,0.,-1.));
#5027 = DIRECTION('',(-0.,-1.,0.));
#5028 = FACE_BOUND('',#5029,.T.);
#5029 = EDGE_LOOP('',(#5030));
#5030 = ORIENTED_EDGE('',*,*,#5031,.T.);
#5031 = EDGE_CURVE('',#5032,#5032,#5034,.T.);
#5032 = VERTEX_POINT('',#5033);
#5033 = CARTESIAN_POINT('',(140.64,-124.98,1.51));
#5034 = CIRCLE('',#5035,0.85);
#5035 = AXIS2_PLACEMENT_3D('',#5036,#5037,#5038);
#5036 = CARTESIAN_POINT('',(140.64,-124.13,1.51));
#5037 = DIRECTION('',(-0.,0.,-1.));
#5038 = DIRECTION('',(-0.,-1.,0.));
#5039 = FACE_BOUND('',#5040,.T.);
#5040 = EDGE_LOOP('',(#5041));
#5041 = ORIENTED_EDGE('',*,*,#5042,.T.);
#5042 = EDGE_CURVE('',#5043,#5043,#5045,.T.);
#5043 = VERTEX_POINT('',#5044);
#5044 = CARTESIAN_POINT('',(150.,-119.6,1.51));
#5045 = CIRCLE('',#5046,1.6);
#5046 = AXIS2_PLACEMENT_3D('',#5047,#5048,#5049);
#5047 = CARTESIAN_POINT('',(150.,-118.,1.51));
#5048 = DIRECTION('',(-0.,0.,-1.));
#5049 = DIRECTION('',(-0.,-1.,0.));
#5050 = FACE_BOUND('',#5051,.T.);
#5051 = EDGE_LOOP('',(#5052));
#5052 = ORIENTED_EDGE('',*,*,#5053,.T.);
#5053 = EDGE_CURVE('',#5054,#5054,#5056,.T.);
#5054 = VERTEX_POINT('',#5055);
#5055 = CARTESIAN_POINT('',(68.375,-98.12,1.51));
#5056 = CIRCLE('',#5057,0.5);
#5057 = AXIS2_PLACEMENT_3D('',#5058,#5059,#5060);
#5058 = CARTESIAN_POINT('',(68.375,-97.62,1.51));
#5059 = DIRECTION('',(-0.,0.,-1.));
#5060 = DIRECTION('',(-0.,-1.,0.));
#5061 = FACE_BOUND('',#5062,.T.);
#5062 = EDGE_LOOP('',(#5063));
#5063 = ORIENTED_EDGE('',*,*,#5064,.T.);
#5064 = EDGE_CURVE('',#5065,#5065,#5067,.T.);
#5065 = VERTEX_POINT('',#5066);
#5066 = CARTESIAN_POINT('',(83.625,-98.12,1.51));
#5067 = CIRCLE('',#5068,0.5);
#5068 = AXIS2_PLACEMENT_3D('',#5069,#5070,#5071);
#5069 = CARTESIAN_POINT('',(83.625,-97.62,1.51));
#5070 = DIRECTION('',(-0.,0.,-1.));
#5071 = DIRECTION('',(-0.,-1.,0.));
#5072 = FACE_BOUND('',#5073,.T.);
#5073 = EDGE_LOOP('',(#5074));
#5074 = ORIENTED_EDGE('',*,*,#5075,.T.);
#5075 = EDGE_CURVE('',#5076,#5076,#5078,.T.);
#5076 = VERTEX_POINT('',#5077);
#5077 = CARTESIAN_POINT('',(89.19,-114.4,1.51));
#5078 = CIRCLE('',#5079,0.4);
#5079 = AXIS2_PLACEMENT_3D('',#5080,#5081,#5082);
#5080 = CARTESIAN_POINT('',(89.19,-114.,1.51));
#5081 = DIRECTION('',(-0.,0.,-1.));
#5082 = DIRECTION('',(-0.,-1.,0.));
#5083 = FACE_BOUND('',#5084,.T.);
#5084 = EDGE_LOOP('',(#5085));
#5085 = ORIENTED_EDGE('',*,*,#5086,.T.);
#5086 = EDGE_CURVE('',#5087,#5087,#5089,.T.);
#5087 = VERTEX_POINT('',#5088);
#5088 = CARTESIAN_POINT('',(96.81,-114.4,1.51));
#5089 = CIRCLE('',#5090,0.4);
#5090 = AXIS2_PLACEMENT_3D('',#5091,#5092,#5093);
#5091 = CARTESIAN_POINT('',(96.81,-114.,1.51));
#5092 = DIRECTION('',(-0.,0.,-1.));
#5093 = DIRECTION('',(-0.,-1.,0.));
#5094 = FACE_BOUND('',#5095,.T.);
#5095 = EDGE_LOOP('',(#5096));
#5096 = ORIENTED_EDGE('',*,*,#5097,.T.);
#5097 = EDGE_CURVE('',#5098,#5098,#5100,.T.);
#5098 = VERTEX_POINT('',#5099);
#5099 = CARTESIAN_POINT('',(92.38,-105.93,1.51));
#5100 = CIRCLE('',#5101,0.85);
#5101 = AXIS2_PLACEMENT_3D('',#5102,#5103,#5104);
#5102 = CARTESIAN_POINT('',(92.38,-105.08,1.51));
#5103 = DIRECTION('',(-0.,0.,-1.));
#5104 = DIRECTION('',(-0.,-1.,0.));
#5105 = FACE_BOUND('',#5106,.T.);
#5106 = EDGE_LOOP('',(#5107));
#5107 = ORIENTED_EDGE('',*,*,#5108,.T.);
#5108 = EDGE_CURVE('',#5109,#5109,#5111,.T.);
#5109 = VERTEX_POINT('',#5110);
#5110 = CARTESIAN_POINT('',(93.65,-103.29,1.51));
#5111 = CIRCLE('',#5112,0.75);
#5112 = AXIS2_PLACEMENT_3D('',#5113,#5114,#5115);
#5113 = CARTESIAN_POINT('',(93.65,-102.54,1.51));
#5114 = DIRECTION('',(-0.,0.,-1.));
#5115 = DIRECTION('',(-0.,-1.,0.));
#5116 = FACE_BOUND('',#5117,.T.);
#5117 = EDGE_LOOP('',(#5118));
#5118 = ORIENTED_EDGE('',*,*,#5119,.T.);
#5119 = EDGE_CURVE('',#5120,#5120,#5122,.T.);
#5120 = VERTEX_POINT('',#5121);
#5121 = CARTESIAN_POINT('',(97.46,-107.08,1.51));
#5122 = CIRCLE('',#5123,2.);
#5123 = AXIS2_PLACEMENT_3D('',#5124,#5125,#5126);
#5124 = CARTESIAN_POINT('',(97.46,-105.08,1.51));
#5125 = DIRECTION('',(-0.,0.,-1.));
#5126 = DIRECTION('',(-0.,-1.,0.));
#5127 = FACE_BOUND('',#5128,.T.);
#5128 = EDGE_LOOP('',(#5129));
#5129 = ORIENTED_EDGE('',*,*,#5130,.T.);
#5130 = EDGE_CURVE('',#5131,#5131,#5133,.T.);
#5131 = VERTEX_POINT('',#5132);
#5132 = CARTESIAN_POINT('',(102.54,-105.93,1.51));
#5133 = CIRCLE('',#5134,0.85);
#5134 = AXIS2_PLACEMENT_3D('',#5135,#5136,#5137);
#5135 = CARTESIAN_POINT('',(102.54,-105.08,1.51));
#5136 = DIRECTION('',(-0.,0.,-1.));
#5137 = DIRECTION('',(1.671865260612E-14,-1.,-0.));
#5138 = FACE_BOUND('',#5139,.T.);
#5139 = EDGE_LOOP('',(#5140));
#5140 = ORIENTED_EDGE('',*,*,#5141,.T.);
#5141 = EDGE_CURVE('',#5142,#5142,#5144,.T.);
#5142 = VERTEX_POINT('',#5143);
#5143 = CARTESIAN_POINT('',(100.,-100.75,1.51));
#5144 = CIRCLE('',#5145,0.75);
#5145 = AXIS2_PLACEMENT_3D('',#5146,#5147,#5148);
#5146 = CARTESIAN_POINT('',(100.,-100.,1.51));
#5147 = DIRECTION('',(-0.,0.,-1.));
#5148 = DIRECTION('',(-0.,-1.,0.));
#5149 = FACE_BOUND('',#5150,.T.);
#5150 = EDGE_LOOP('',(#5151));
#5151 = ORIENTED_EDGE('',*,*,#5152,.T.);
#5152 = EDGE_CURVE('',#5153,#5153,#5155,.T.);
#5153 = VERTEX_POINT('',#5154);
#5154 = CARTESIAN_POINT('',(68.375,-95.58,1.51));
#5155 = CIRCLE('',#5156,0.5);
#5156 = AXIS2_PLACEMENT_3D('',#5157,#5158,#5159);
#5157 = CARTESIAN_POINT('',(68.375,-95.08,1.51));
#5158 = DIRECTION('',(-0.,0.,-1.));
#5159 = DIRECTION('',(-0.,-1.,0.));
#5160 = FACE_BOUND('',#5161,.T.);
#5161 = EDGE_LOOP('',(#5162));
#5162 = ORIENTED_EDGE('',*,*,#5163,.T.);
#5163 = EDGE_CURVE('',#5164,#5164,#5166,.T.);
#5164 = VERTEX_POINT('',#5165);
#5165 = CARTESIAN_POINT('',(68.375,-93.04,1.51));
#5166 = CIRCLE('',#5167,0.5);
#5167 = AXIS2_PLACEMENT_3D('',#5168,#5169,#5170);
#5168 = CARTESIAN_POINT('',(68.375,-92.54,1.51));
#5169 = DIRECTION('',(-0.,0.,-1.));
#5170 = DIRECTION('',(-0.,-1.,0.));
#5171 = FACE_BOUND('',#5172,.T.);
#5172 = EDGE_LOOP('',(#5173));
#5173 = ORIENTED_EDGE('',*,*,#5174,.T.);
#5174 = EDGE_CURVE('',#5175,#5175,#5177,.T.);
#5175 = VERTEX_POINT('',#5176);
#5176 = CARTESIAN_POINT('',(68.375,-90.5,1.51));
#5177 = CIRCLE('',#5178,0.5);
#5178 = AXIS2_PLACEMENT_3D('',#5179,#5180,#5181);
#5179 = CARTESIAN_POINT('',(68.375,-90.,1.51));
#5180 = DIRECTION('',(-0.,0.,-1.));
#5181 = DIRECTION('',(-0.,-1.,0.));
#5182 = FACE_BOUND('',#5183,.T.);
#5183 = EDGE_LOOP('',(#5184));
#5184 = ORIENTED_EDGE('',*,*,#5185,.T.);
#5185 = EDGE_CURVE('',#5186,#5186,#5188,.T.);
#5186 = VERTEX_POINT('',#5187);
#5187 = CARTESIAN_POINT('',(68.375,-87.96,1.51));
#5188 = CIRCLE('',#5189,0.5);
#5189 = AXIS2_PLACEMENT_3D('',#5190,#5191,#5192);
#5190 = CARTESIAN_POINT('',(68.375,-87.46,1.51));
#5191 = DIRECTION('',(-0.,0.,-1.));
#5192 = DIRECTION('',(-0.,-1.,0.));
#5193 = FACE_BOUND('',#5194,.T.);
#5194 = EDGE_LOOP('',(#5195));
#5195 = ORIENTED_EDGE('',*,*,#5196,.T.);
#5196 = EDGE_CURVE('',#5197,#5197,#5199,.T.);
#5197 = VERTEX_POINT('',#5198);
#5198 = CARTESIAN_POINT('',(68.375,-85.42,1.51));
#5199 = CIRCLE('',#5200,0.5);
#5200 = AXIS2_PLACEMENT_3D('',#5201,#5202,#5203);
#5201 = CARTESIAN_POINT('',(68.375,-84.92,1.51));
#5202 = DIRECTION('',(-0.,0.,-1.));
#5203 = DIRECTION('',(-0.,-1.,0.));
#5204 = FACE_BOUND('',#5205,.T.);
#5205 = EDGE_LOOP('',(#5206));
#5206 = ORIENTED_EDGE('',*,*,#5207,.T.);
#5207 = EDGE_CURVE('',#5208,#5208,#5210,.T.);
#5208 = VERTEX_POINT('',#5209);
#5209 = CARTESIAN_POINT('',(83.625,-95.58,1.51));
#5210 = CIRCLE('',#5211,0.5);
#5211 = AXIS2_PLACEMENT_3D('',#5212,#5213,#5214);
#5212 = CARTESIAN_POINT('',(83.625,-95.08,1.51));
#5213 = DIRECTION('',(-0.,0.,-1.));
#5214 = DIRECTION('',(-0.,-1.,0.));
#5215 = FACE_BOUND('',#5216,.T.);
#5216 = EDGE_LOOP('',(#5217));
#5217 = ORIENTED_EDGE('',*,*,#5218,.T.);
#5218 = EDGE_CURVE('',#5219,#5219,#5221,.T.);
#5219 = VERTEX_POINT('',#5220);
#5220 = CARTESIAN_POINT('',(83.625,-93.04,1.51));
#5221 = CIRCLE('',#5222,0.5);
#5222 = AXIS2_PLACEMENT_3D('',#5223,#5224,#5225);
#5223 = CARTESIAN_POINT('',(83.625,-92.54,1.51));
#5224 = DIRECTION('',(-0.,0.,-1.));
#5225 = DIRECTION('',(-0.,-1.,0.));
#5226 = FACE_BOUND('',#5227,.T.);
#5227 = EDGE_LOOP('',(#5228));
#5228 = ORIENTED_EDGE('',*,*,#5229,.T.);
#5229 = EDGE_CURVE('',#5230,#5230,#5232,.T.);
#5230 = VERTEX_POINT('',#5231);
#5231 = CARTESIAN_POINT('',(83.625,-90.5,1.51));
#5232 = CIRCLE('',#5233,0.5);
#5233 = AXIS2_PLACEMENT_3D('',#5234,#5235,#5236);
#5234 = CARTESIAN_POINT('',(83.625,-90.,1.51));
#5235 = DIRECTION('',(-0.,0.,-1.));
#5236 = DIRECTION('',(-0.,-1.,0.));
#5237 = FACE_BOUND('',#5238,.T.);
#5238 = EDGE_LOOP('',(#5239));
#5239 = ORIENTED_EDGE('',*,*,#5240,.T.);
#5240 = EDGE_CURVE('',#5241,#5241,#5243,.T.);
#5241 = VERTEX_POINT('',#5242);
#5242 = CARTESIAN_POINT('',(83.625,-87.96,1.51));
#5243 = CIRCLE('',#5244,0.5);
#5244 = AXIS2_PLACEMENT_3D('',#5245,#5246,#5247);
#5245 = CARTESIAN_POINT('',(83.625,-87.46,1.51));
#5246 = DIRECTION('',(-0.,0.,-1.));
#5247 = DIRECTION('',(-0.,-1.,0.));
#5248 = FACE_BOUND('',#5249,.T.);
#5249 = EDGE_LOOP('',(#5250));
#5250 = ORIENTED_EDGE('',*,*,#5251,.T.);
#5251 = EDGE_CURVE('',#5252,#5252,#5254,.T.);
#5252 = VERTEX_POINT('',#5253);
#5253 = CARTESIAN_POINT('',(83.625,-85.42,1.51));
#5254 = CIRCLE('',#5255,0.5);
#5255 = AXIS2_PLACEMENT_3D('',#5256,#5257,#5258);
#5256 = CARTESIAN_POINT('',(83.625,-84.92,1.51));
#5257 = DIRECTION('',(-0.,0.,-1.));
#5258 = DIRECTION('',(-0.,-1.,0.));
#5259 = FACE_BOUND('',#5260,.T.);
#5260 = EDGE_LOOP('',(#5261));
#5261 = ORIENTED_EDGE('',*,*,#5262,.T.);
#5262 = EDGE_CURVE('',#5263,#5263,#5265,.T.);
#5263 = VERTEX_POINT('',#5264);
#5264 = CARTESIAN_POINT('',(68.375,-82.88,1.51));
#5265 = CIRCLE('',#5266,0.5);
#5266 = AXIS2_PLACEMENT_3D('',#5267,#5268,#5269);
#5267 = CARTESIAN_POINT('',(68.375,-82.38,1.51));
#5268 = DIRECTION('',(-0.,0.,-1.));
#5269 = DIRECTION('',(-0.,-1.,0.));
#5270 = FACE_BOUND('',#5271,.T.);
#5271 = EDGE_LOOP('',(#5272));
#5272 = ORIENTED_EDGE('',*,*,#5273,.T.);
#5273 = EDGE_CURVE('',#5274,#5274,#5276,.T.);
#5274 = VERTEX_POINT('',#5275);
#5275 = CARTESIAN_POINT('',(65.,-76.6,1.51));
#5276 = CIRCLE('',#5277,1.6);
#5277 = AXIS2_PLACEMENT_3D('',#5278,#5279,#5280);
#5278 = CARTESIAN_POINT('',(65.,-75.,1.51));
#5279 = DIRECTION('',(-0.,0.,-1.));
#5280 = DIRECTION('',(-0.,-1.,0.));
#5281 = FACE_BOUND('',#5282,.T.);
#5282 = EDGE_LOOP('',(#5283));
#5283 = ORIENTED_EDGE('',*,*,#5284,.T.);
#5284 = EDGE_CURVE('',#5285,#5285,#5287,.T.);
#5285 = VERTEX_POINT('',#5286);
#5286 = CARTESIAN_POINT('',(83.625,-82.88,1.51));
#5287 = CIRCLE('',#5288,0.5);
#5288 = AXIS2_PLACEMENT_3D('',#5289,#5290,#5291);
#5289 = CARTESIAN_POINT('',(83.625,-82.38,1.51));
#5290 = DIRECTION('',(-0.,0.,-1.));
#5291 = DIRECTION('',(-0.,-1.,0.));
#5292 = FACE_BOUND('',#5293,.T.);
#5293 = EDGE_LOOP('',(#5294));
#5294 = ORIENTED_EDGE('',*,*,#5295,.T.);
#5295 = EDGE_CURVE('',#5296,#5296,#5298,.T.);
#5296 = VERTEX_POINT('',#5297);
#5297 = CARTESIAN_POINT('',(89.5,-88.5,1.51));
#5298 = CIRCLE('',#5299,0.5);
#5299 = AXIS2_PLACEMENT_3D('',#5300,#5301,#5302);
#5300 = CARTESIAN_POINT('',(89.5,-88.,1.51));
#5301 = DIRECTION('',(-0.,0.,-1.));
#5302 = DIRECTION('',(-0.,-1.,0.));
#5303 = FACE_BOUND('',#5304,.T.);
#5304 = EDGE_LOOP('',(#5305));
#5305 = ORIENTED_EDGE('',*,*,#5306,.T.);
#5306 = EDGE_CURVE('',#5307,#5307,#5309,.T.);
#5307 = VERTEX_POINT('',#5308);
#5308 = CARTESIAN_POINT('',(89.5,-86.,1.51));
#5309 = CIRCLE('',#5310,0.5);
#5310 = AXIS2_PLACEMENT_3D('',#5311,#5312,#5313);
#5311 = CARTESIAN_POINT('',(89.5,-85.5,1.51));
#5312 = DIRECTION('',(-0.,0.,-1.));
#5313 = DIRECTION('',(-0.,-1.,0.));
#5314 = FACE_BOUND('',#5315,.T.);
#5315 = EDGE_LOOP('',(#5316,#5327,#5335,#5344));
#5316 = ORIENTED_EDGE('',*,*,#5317,.T.);
#5317 = EDGE_CURVE('',#5318,#5320,#5322,.T.);
#5318 = VERTEX_POINT('',#5319);
#5319 = CARTESIAN_POINT('',(97.65,-90.35,1.51));
#5320 = VERTEX_POINT('',#5321);
#5321 = CARTESIAN_POINT('',(97.65,-91.85,1.51));
#5322 = CIRCLE('',#5323,0.75);
#5323 = AXIS2_PLACEMENT_3D('',#5324,#5325,#5326);
#5324 = CARTESIAN_POINT('',(97.65,-91.1,1.51));
#5325 = DIRECTION('',(-0.,0.,-1.));
#5326 = DIRECTION('',(-0.,-1.,0.));
#5327 = ORIENTED_EDGE('',*,*,#5328,.T.);
#5328 = EDGE_CURVE('',#5320,#5329,#5331,.T.);
#5329 = VERTEX_POINT('',#5330);
#5330 = CARTESIAN_POINT('',(96.35,-91.85,1.51));
#5331 = LINE('',#5332,#5333);
#5332 = CARTESIAN_POINT('',(48.175,-91.85,1.51));
#5333 = VECTOR('',#5334,1.);
#5334 = DIRECTION('',(-1.,0.,0.));
#5335 = ORIENTED_EDGE('',*,*,#5336,.T.);
#5336 = EDGE_CURVE('',#5329,#5337,#5339,.T.);
#5337 = VERTEX_POINT('',#5338);
#5338 = CARTESIAN_POINT('',(96.35,-90.35,1.51));
#5339 = CIRCLE('',#5340,0.75);
#5340 = AXIS2_PLACEMENT_3D('',#5341,#5342,#5343);
#5341 = CARTESIAN_POINT('',(96.35,-91.1,1.51));
#5342 = DIRECTION('',(-0.,0.,-1.));
#5343 = DIRECTION('',(0.,1.,0.));
#5344 = ORIENTED_EDGE('',*,*,#5345,.T.);
#5345 = EDGE_CURVE('',#5337,#5318,#5346,.T.);
#5346 = LINE('',#5347,#5348);
#5347 = CARTESIAN_POINT('',(48.825,-90.35,1.51));
#5348 = VECTOR('',#5349,1.);
#5349 = DIRECTION('',(1.,0.,-0.));
#5350 = FACE_BOUND('',#5351,.T.);
#5351 = EDGE_LOOP('',(#5352));
#5352 = ORIENTED_EDGE('',*,*,#5353,.T.);
#5353 = EDGE_CURVE('',#5354,#5354,#5356,.T.);
#5354 = VERTEX_POINT('',#5355);
#5355 = CARTESIAN_POINT('',(104.,-88.5,1.51));
#5356 = CIRCLE('',#5357,0.5);
#5357 = AXIS2_PLACEMENT_3D('',#5358,#5359,#5360);
#5358 = CARTESIAN_POINT('',(104.,-88.,1.51));
#5359 = DIRECTION('',(-0.,0.,-1.));
#5360 = DIRECTION('',(-0.,-1.,0.));
#5361 = FACE_BOUND('',#5362,.T.);
#5362 = EDGE_LOOP('',(#5363));
#5363 = ORIENTED_EDGE('',*,*,#5364,.T.);
#5364 = EDGE_CURVE('',#5365,#5365,#5367,.T.);
#5365 = VERTEX_POINT('',#5366);
#5366 = CARTESIAN_POINT('',(89.5,-83.5,1.51));
#5367 = CIRCLE('',#5368,0.5);
#5368 = AXIS2_PLACEMENT_3D('',#5369,#5370,#5371);
#5369 = CARTESIAN_POINT('',(89.5,-83.,1.51));
#5370 = DIRECTION('',(-0.,0.,-1.));
#5371 = DIRECTION('',(-0.,-1.,0.));
#5372 = FACE_BOUND('',#5373,.T.);
#5373 = EDGE_LOOP('',(#5374,#5385,#5393,#5402));
#5374 = ORIENTED_EDGE('',*,*,#5375,.T.);
#5375 = EDGE_CURVE('',#5376,#5378,#5380,.T.);
#5376 = VERTEX_POINT('',#5377);
#5377 = CARTESIAN_POINT('',(97.65,-79.15,1.51));
#5378 = VERTEX_POINT('',#5379);
#5379 = CARTESIAN_POINT('',(97.65,-80.65,1.51));
#5380 = CIRCLE('',#5381,0.75);
#5381 = AXIS2_PLACEMENT_3D('',#5382,#5383,#5384);
#5382 = CARTESIAN_POINT('',(97.65,-79.9,1.51));
#5383 = DIRECTION('',(-0.,0.,-1.));
#5384 = DIRECTION('',(-0.,-1.,0.));
#5385 = ORIENTED_EDGE('',*,*,#5386,.T.);
#5386 = EDGE_CURVE('',#5378,#5387,#5389,.T.);
#5387 = VERTEX_POINT('',#5388);
#5388 = CARTESIAN_POINT('',(96.35,-80.65,1.51));
#5389 = LINE('',#5390,#5391);
#5390 = CARTESIAN_POINT('',(48.175,-80.65,1.51));
#5391 = VECTOR('',#5392,1.);
#5392 = DIRECTION('',(-1.,0.,0.));
#5393 = ORIENTED_EDGE('',*,*,#5394,.T.);
#5394 = EDGE_CURVE('',#5387,#5395,#5397,.T.);
#5395 = VERTEX_POINT('',#5396);
#5396 = CARTESIAN_POINT('',(96.35,-79.15,1.51));
#5397 = CIRCLE('',#5398,0.75);
#5398 = AXIS2_PLACEMENT_3D('',#5399,#5400,#5401);
#5399 = CARTESIAN_POINT('',(96.35,-79.9,1.51));
#5400 = DIRECTION('',(-0.,0.,-1.));
#5401 = DIRECTION('',(0.,1.,0.));
#5402 = ORIENTED_EDGE('',*,*,#5403,.T.);
#5403 = EDGE_CURVE('',#5395,#5376,#5404,.T.);
#5404 = LINE('',#5405,#5406);
#5405 = CARTESIAN_POINT('',(48.825,-79.15,1.51));
#5406 = VECTOR('',#5407,1.);
#5407 = DIRECTION('',(1.,0.,-0.));
#5408 = FACE_BOUND('',#5409,.T.);
#5409 = EDGE_LOOP('',(#5410));
#5410 = ORIENTED_EDGE('',*,*,#5411,.T.);
#5411 = EDGE_CURVE('',#5412,#5412,#5414,.T.);
#5412 = VERTEX_POINT('',#5413);
#5413 = CARTESIAN_POINT('',(104.,-83.5,1.51));
#5414 = CIRCLE('',#5415,0.5);
#5415 = AXIS2_PLACEMENT_3D('',#5416,#5417,#5418);
#5416 = CARTESIAN_POINT('',(104.,-83.,1.51));
#5417 = DIRECTION('',(-0.,0.,-1.));
#5418 = DIRECTION('',(-0.,-1.,0.));
#5419 = FACE_BOUND('',#5420,.T.);
#5420 = EDGE_LOOP('',(#5421));
#5421 = ORIENTED_EDGE('',*,*,#5422,.T.);
#5422 = EDGE_CURVE('',#5423,#5423,#5425,.T.);
#5423 = VERTEX_POINT('',#5424);
#5424 = CARTESIAN_POINT('',(108.38,-114.4,1.51));
#5425 = CIRCLE('',#5426,0.4);
#5426 = AXIS2_PLACEMENT_3D('',#5427,#5428,#5429);
#5427 = CARTESIAN_POINT('',(108.38,-114.,1.51));
#5428 = DIRECTION('',(-0.,0.,-1.));
#5429 = DIRECTION('',(-0.,-1.,0.));
#5430 = FACE_BOUND('',#5431,.T.);
#5431 = EDGE_LOOP('',(#5432));
#5432 = ORIENTED_EDGE('',*,*,#5433,.T.);
#5433 = EDGE_CURVE('',#5434,#5434,#5436,.T.);
#5434 = VERTEX_POINT('',#5435);
#5435 = CARTESIAN_POINT('',(116.,-114.4,1.51));
#5436 = CIRCLE('',#5437,0.4);
#5437 = AXIS2_PLACEMENT_3D('',#5438,#5439,#5440);
#5438 = CARTESIAN_POINT('',(116.,-114.,1.51));
#5439 = DIRECTION('',(-0.,0.,-1.));
#5440 = DIRECTION('',(-0.,-1.,0.));
#5441 = FACE_BOUND('',#5442,.T.);
#5442 = EDGE_LOOP('',(#5443));
#5443 = ORIENTED_EDGE('',*,*,#5444,.T.);
#5444 = EDGE_CURVE('',#5445,#5445,#5447,.T.);
#5445 = VERTEX_POINT('',#5446);
#5446 = CARTESIAN_POINT('',(127.38,-114.4,1.51));
#5447 = CIRCLE('',#5448,0.4);
#5448 = AXIS2_PLACEMENT_3D('',#5449,#5450,#5451);
#5449 = CARTESIAN_POINT('',(127.38,-114.,1.51));
#5450 = DIRECTION('',(-0.,0.,-1.));
#5451 = DIRECTION('',(-0.,-1.,0.));
#5452 = FACE_BOUND('',#5453,.T.);
#5453 = EDGE_LOOP('',(#5454));
#5454 = ORIENTED_EDGE('',*,*,#5455,.T.);
#5455 = EDGE_CURVE('',#5456,#5456,#5458,.T.);
#5456 = VERTEX_POINT('',#5457);
#5457 = CARTESIAN_POINT('',(111.43,-105.93,1.51));
#5458 = CIRCLE('',#5459,0.85);
#5459 = AXIS2_PLACEMENT_3D('',#5460,#5461,#5462);
#5460 = CARTESIAN_POINT('',(111.43,-105.08,1.51));
#5461 = DIRECTION('',(-0.,0.,-1.));
#5462 = DIRECTION('',(-0.,-1.,0.));
#5463 = FACE_BOUND('',#5464,.T.);
#5464 = EDGE_LOOP('',(#5465));
#5465 = ORIENTED_EDGE('',*,*,#5466,.T.);
#5466 = EDGE_CURVE('',#5467,#5467,#5469,.T.);
#5467 = VERTEX_POINT('',#5468);
#5468 = CARTESIAN_POINT('',(112.7,-103.29,1.51));
#5469 = CIRCLE('',#5470,0.75);
#5470 = AXIS2_PLACEMENT_3D('',#5471,#5472,#5473);
#5471 = CARTESIAN_POINT('',(112.7,-102.54,1.51));
#5472 = DIRECTION('',(-0.,0.,-1.));
#5473 = DIRECTION('',(-0.,-1.,0.));
#5474 = FACE_BOUND('',#5475,.T.);
#5475 = EDGE_LOOP('',(#5476));
#5476 = ORIENTED_EDGE('',*,*,#5477,.T.);
#5477 = EDGE_CURVE('',#5478,#5478,#5480,.T.);
#5478 = VERTEX_POINT('',#5479);
#5479 = CARTESIAN_POINT('',(116.51,-107.08,1.51));
#5480 = CIRCLE('',#5481,2.);
#5481 = AXIS2_PLACEMENT_3D('',#5482,#5483,#5484);
#5482 = CARTESIAN_POINT('',(116.51,-105.08,1.51));
#5483 = DIRECTION('',(-0.,0.,-1.));
#5484 = DIRECTION('',(-0.,-1.,0.));
#5485 = FACE_BOUND('',#5486,.T.);
#5486 = EDGE_LOOP('',(#5487));
#5487 = ORIENTED_EDGE('',*,*,#5488,.T.);
#5488 = EDGE_CURVE('',#5489,#5489,#5491,.T.);
#5489 = VERTEX_POINT('',#5490);
#5490 = CARTESIAN_POINT('',(121.59,-105.93,1.51));
#5491 = CIRCLE('',#5492,0.85);
#5492 = AXIS2_PLACEMENT_3D('',#5493,#5494,#5495);
#5493 = CARTESIAN_POINT('',(121.59,-105.08,1.51));
#5494 = DIRECTION('',(-0.,0.,-1.));
#5495 = DIRECTION('',(-0.,-1.,0.));
#5496 = FACE_BOUND('',#5497,.T.);
#5497 = EDGE_LOOP('',(#5498));
#5498 = ORIENTED_EDGE('',*,*,#5499,.T.);
#5499 = EDGE_CURVE('',#5500,#5500,#5502,.T.);
#5500 = VERTEX_POINT('',#5501);
#5501 = CARTESIAN_POINT('',(119.05,-100.75,1.51));
#5502 = CIRCLE('',#5503,0.75);
#5503 = AXIS2_PLACEMENT_3D('',#5504,#5505,#5506);
#5504 = CARTESIAN_POINT('',(119.05,-100.,1.51));
#5505 = DIRECTION('',(-0.,0.,-1.));
#5506 = DIRECTION('',(-0.,-1.,0.));
#5507 = FACE_BOUND('',#5508,.T.);
#5508 = EDGE_LOOP('',(#5509));
#5509 = ORIENTED_EDGE('',*,*,#5510,.T.);
#5510 = EDGE_CURVE('',#5511,#5511,#5513,.T.);
#5511 = VERTEX_POINT('',#5512);
#5512 = CARTESIAN_POINT('',(135.,-114.4,1.51));
#5513 = CIRCLE('',#5514,0.4);
#5514 = AXIS2_PLACEMENT_3D('',#5515,#5516,#5517);
#5515 = CARTESIAN_POINT('',(135.,-114.,1.51));
#5516 = DIRECTION('',(-0.,0.,-1.));
#5517 = DIRECTION('',(-0.,-1.,0.));
#5518 = FACE_BOUND('',#5519,.T.);
#5519 = EDGE_LOOP('',(#5520));
#5520 = ORIENTED_EDGE('',*,*,#5521,.T.);
#5521 = EDGE_CURVE('',#5522,#5522,#5524,.T.);
#5522 = VERTEX_POINT('',#5523);
#5523 = CARTESIAN_POINT('',(130.48,-105.93,1.51));
#5524 = CIRCLE('',#5525,0.85);
#5525 = AXIS2_PLACEMENT_3D('',#5526,#5527,#5528);
#5526 = CARTESIAN_POINT('',(130.48,-105.08,1.51));
#5527 = DIRECTION('',(-0.,0.,-1.));
#5528 = DIRECTION('',(-3.343730521224E-14,-1.,0.));
#5529 = FACE_BOUND('',#5530,.T.);
#5530 = EDGE_LOOP('',(#5531));
#5531 = ORIENTED_EDGE('',*,*,#5532,.T.);
#5532 = EDGE_CURVE('',#5533,#5533,#5535,.T.);
#5533 = VERTEX_POINT('',#5534);
#5534 = CARTESIAN_POINT('',(131.75,-103.29,1.51));
#5535 = CIRCLE('',#5536,0.75);
#5536 = AXIS2_PLACEMENT_3D('',#5537,#5538,#5539);
#5537 = CARTESIAN_POINT('',(131.75,-102.54,1.51));
#5538 = DIRECTION('',(-0.,0.,-1.));
#5539 = DIRECTION('',(-0.,-1.,0.));
#5540 = FACE_BOUND('',#5541,.T.);
#5541 = EDGE_LOOP('',(#5542));
#5542 = ORIENTED_EDGE('',*,*,#5543,.T.);
#5543 = EDGE_CURVE('',#5544,#5544,#5546,.T.);
#5544 = VERTEX_POINT('',#5545);
#5545 = CARTESIAN_POINT('',(135.56,-107.08,1.51));
#5546 = CIRCLE('',#5547,2.);
#5547 = AXIS2_PLACEMENT_3D('',#5548,#5549,#5550);
#5548 = CARTESIAN_POINT('',(135.56,-105.08,1.51));
#5549 = DIRECTION('',(-0.,0.,-1.));
#5550 = DIRECTION('',(-0.,-1.,0.));
#5551 = FACE_BOUND('',#5552,.T.);
#5552 = EDGE_LOOP('',(#5553));
#5553 = ORIENTED_EDGE('',*,*,#5554,.T.);
#5554 = EDGE_CURVE('',#5555,#5555,#5557,.T.);
#5555 = VERTEX_POINT('',#5556);
#5556 = CARTESIAN_POINT('',(138.1,-100.75,1.51));
#5557 = CIRCLE('',#5558,0.75);
#5558 = AXIS2_PLACEMENT_3D('',#5559,#5560,#5561);
#5559 = CARTESIAN_POINT('',(138.1,-100.,1.51));
#5560 = DIRECTION('',(-0.,0.,-1.));
#5561 = DIRECTION('',(-0.,-1.,0.));
#5562 = FACE_BOUND('',#5563,.T.);
#5563 = EDGE_LOOP('',(#5564));
#5564 = ORIENTED_EDGE('',*,*,#5565,.T.);
#5565 = EDGE_CURVE('',#5566,#5566,#5568,.T.);
#5566 = VERTEX_POINT('',#5567);
#5567 = CARTESIAN_POINT('',(140.64,-105.93,1.51));
#5568 = CIRCLE('',#5569,0.85);
#5569 = AXIS2_PLACEMENT_3D('',#5570,#5571,#5572);
#5570 = CARTESIAN_POINT('',(140.64,-105.08,1.51));
#5571 = DIRECTION('',(-0.,0.,-1.));
#5572 = DIRECTION('',(-0.,-1.,0.));
#5573 = FACE_BOUND('',#5574,.T.);
#5574 = EDGE_LOOP('',(#5575));
#5575 = ORIENTED_EDGE('',*,*,#5576,.T.);
#5576 = EDGE_CURVE('',#5577,#5577,#5579,.T.);
#5577 = VERTEX_POINT('',#5578);
#5578 = CARTESIAN_POINT('',(108.32,-88.29,1.51));
#5579 = CIRCLE('',#5580,0.5);
#5580 = AXIS2_PLACEMENT_3D('',#5581,#5582,#5583);
#5581 = CARTESIAN_POINT('',(108.32,-87.79,1.51));
#5582 = DIRECTION('',(-0.,0.,-1.));
#5583 = DIRECTION('',(-0.,-1.,0.));
#5584 = FACE_BOUND('',#5585,.T.);
#5585 = EDGE_LOOP('',(#5586));
#5586 = ORIENTED_EDGE('',*,*,#5587,.T.);
#5587 = EDGE_CURVE('',#5588,#5588,#5590,.T.);
#5588 = VERTEX_POINT('',#5589);
#5589 = CARTESIAN_POINT('',(108.32,-85.75,1.51));
#5590 = CIRCLE('',#5591,0.5);
#5591 = AXIS2_PLACEMENT_3D('',#5592,#5593,#5594);
#5592 = CARTESIAN_POINT('',(108.32,-85.25,1.51));
#5593 = DIRECTION('',(-0.,0.,-1.));
#5594 = DIRECTION('',(-0.,-1.,0.));
#5595 = FACE_BOUND('',#5596,.T.);
#5596 = EDGE_LOOP('',(#5597));
#5597 = ORIENTED_EDGE('',*,*,#5598,.T.);
#5598 = EDGE_CURVE('',#5599,#5599,#5601,.T.);
#5599 = VERTEX_POINT('',#5600);
#5600 = CARTESIAN_POINT('',(108.32,-83.21,1.51));
#5601 = CIRCLE('',#5602,0.5);
#5602 = AXIS2_PLACEMENT_3D('',#5603,#5604,#5605);
#5603 = CARTESIAN_POINT('',(108.32,-82.71,1.51));
#5604 = DIRECTION('',(-0.,0.,-1.));
#5605 = DIRECTION('',(-0.,-1.,0.));
#5606 = FACE_BOUND('',#5607,.T.);
#5607 = EDGE_LOOP('',(#5608));
#5608 = ORIENTED_EDGE('',*,*,#5609,.T.);
#5609 = EDGE_CURVE('',#5610,#5610,#5612,.T.);
#5610 = VERTEX_POINT('',#5611);
#5611 = CARTESIAN_POINT('',(108.32,-80.67,1.51));
#5612 = CIRCLE('',#5613,0.5);
#5613 = AXIS2_PLACEMENT_3D('',#5614,#5615,#5616);
#5614 = CARTESIAN_POINT('',(108.32,-80.17,1.51));
#5615 = DIRECTION('',(-0.,0.,-1.));
#5616 = DIRECTION('',(-0.,-1.,0.));
#5617 = FACE_BOUND('',#5618,.T.);
#5618 = EDGE_LOOP('',(#5619));
#5619 = ORIENTED_EDGE('',*,*,#5620,.T.);
#5620 = EDGE_CURVE('',#5621,#5621,#5623,.T.);
#5621 = VERTEX_POINT('',#5622);
#5622 = CARTESIAN_POINT('',(150.,-76.6,1.51));
#5623 = CIRCLE('',#5624,1.6);
#5624 = AXIS2_PLACEMENT_3D('',#5625,#5626,#5627);
#5625 = CARTESIAN_POINT('',(150.,-75.,1.51));
#5626 = DIRECTION('',(-0.,0.,-1.));
#5627 = DIRECTION('',(-0.,-1.,0.));
#5628 = PLANE('',#5629);
#5629 = AXIS2_PLACEMENT_3D('',#5630,#5631,#5632);
#5630 = CARTESIAN_POINT('',(0.,0.,1.51));
#5631 = DIRECTION('',(0.,0.,1.));
#5632 = DIRECTION('',(1.,0.,-0.));
#5633 = ADVANCED_FACE('',(#5634),#5640,.T.);
#5634 = FACE_BOUND('',#5635,.T.);
#5635 = EDGE_LOOP('',(#5636,#5637,#5638,#5639));
#5636 = ORIENTED_EDGE('',*,*,#3413,.T.);
#5637 = ORIENTED_EDGE('',*,*,#4538,.T.);
#5638 = ORIENTED_EDGE('',*,*,#3373,.F.);
#5639 = ORIENTED_EDGE('',*,*,#3437,.F.);
#5640 = PLANE('',#5641);
#5641 = AXIS2_PLACEMENT_3D('',#5642,#5643,#5644);
#5642 = CARTESIAN_POINT('',(60.,-70.,0.));
#5643 = DIRECTION('',(0.,1.,0.));
#5644 = DIRECTION('',(1.,0.,0.));
#5645 = ADVANCED_FACE('',(#5646),#5657,.F.);
#5646 = FACE_BOUND('',#5647,.T.);
#5647 = EDGE_LOOP('',(#5648,#5649,#5655,#5656));
#5648 = ORIENTED_EDGE('',*,*,#3446,.T.);
#5649 = ORIENTED_EDGE('',*,*,#5650,.T.);
#5650 = EDGE_CURVE('',#3447,#4548,#5651,.T.);
#5651 = LINE('',#5652,#5653);
#5652 = CARTESIAN_POINT('',(65.,-161.6,-4.6E-02));
#5653 = VECTOR('',#5654,1.);
#5654 = DIRECTION('',(0.,0.,1.));
#5655 = ORIENTED_EDGE('',*,*,#4547,.F.);
#5656 = ORIENTED_EDGE('',*,*,#5650,.F.);
#5657 = CYLINDRICAL_SURFACE('',#5658,1.6);
#5658 = AXIS2_PLACEMENT_3D('',#5659,#5660,#5661);
#5659 = CARTESIAN_POINT('',(65.,-160.,-4.6E-02));
#5660 = DIRECTION('',(-0.,-0.,-1.));
#5661 = DIRECTION('',(-0.,-1.,0.));
#5662 = ADVANCED_FACE('',(#5663),#5674,.F.);
#5663 = FACE_BOUND('',#5664,.T.);
#5664 = EDGE_LOOP('',(#5665,#5666,#5672,#5673));
#5665 = ORIENTED_EDGE('',*,*,#3457,.T.);
#5666 = ORIENTED_EDGE('',*,*,#5667,.T.);
#5667 = EDGE_CURVE('',#3458,#4559,#5668,.T.);
#5668 = LINE('',#5669,#5670);
#5669 = CARTESIAN_POINT('',(89.19,-152.4,-4.6E-02));
#5670 = VECTOR('',#5671,1.);
#5671 = DIRECTION('',(0.,0.,1.));
#5672 = ORIENTED_EDGE('',*,*,#4558,.F.);
#5673 = ORIENTED_EDGE('',*,*,#5667,.F.);
#5674 = CYLINDRICAL_SURFACE('',#5675,0.4);
#5675 = AXIS2_PLACEMENT_3D('',#5676,#5677,#5678);
#5676 = CARTESIAN_POINT('',(89.19,-152.,-4.6E-02));
#5677 = DIRECTION('',(-0.,-0.,-1.));
#5678 = DIRECTION('',(-0.,-1.,0.));
#5679 = ADVANCED_FACE('',(#5680),#5691,.F.);
#5680 = FACE_BOUND('',#5681,.T.);
#5681 = EDGE_LOOP('',(#5682,#5683,#5689,#5690));
#5682 = ORIENTED_EDGE('',*,*,#3468,.T.);
#5683 = ORIENTED_EDGE('',*,*,#5684,.T.);
#5684 = EDGE_CURVE('',#3469,#4570,#5685,.T.);
#5685 = LINE('',#5686,#5687);
#5686 = CARTESIAN_POINT('',(96.81,-152.4,-4.6E-02));
#5687 = VECTOR('',#5688,1.);
#5688 = DIRECTION('',(0.,0.,1.));
#5689 = ORIENTED_EDGE('',*,*,#4569,.F.);
#5690 = ORIENTED_EDGE('',*,*,#5684,.F.);
#5691 = CYLINDRICAL_SURFACE('',#5692,0.4);
#5692 = AXIS2_PLACEMENT_3D('',#5693,#5694,#5695);
#5693 = CARTESIAN_POINT('',(96.81,-152.,-4.6E-02));
#5694 = DIRECTION('',(-0.,-0.,-1.));
#5695 = DIRECTION('',(-0.,-1.,0.));
#5696 = ADVANCED_FACE('',(#5697),#5708,.F.);
#5697 = FACE_BOUND('',#5698,.T.);
#5698 = EDGE_LOOP('',(#5699,#5700,#5706,#5707));
#5699 = ORIENTED_EDGE('',*,*,#3479,.T.);
#5700 = ORIENTED_EDGE('',*,*,#5701,.T.);
#5701 = EDGE_CURVE('',#3480,#4581,#5702,.T.);
#5702 = LINE('',#5703,#5704);
#5703 = CARTESIAN_POINT('',(92.38,-144.03,-4.6E-02));
#5704 = VECTOR('',#5705,1.);
#5705 = DIRECTION('',(0.,0.,1.));
#5706 = ORIENTED_EDGE('',*,*,#4580,.F.);
#5707 = ORIENTED_EDGE('',*,*,#5701,.F.);
#5708 = CYLINDRICAL_SURFACE('',#5709,0.85);
#5709 = AXIS2_PLACEMENT_3D('',#5710,#5711,#5712);
#5710 = CARTESIAN_POINT('',(92.38,-143.18,-4.6E-02));
#5711 = DIRECTION('',(-0.,-0.,-1.));
#5712 = DIRECTION('',(-0.,-1.,0.));
#5713 = ADVANCED_FACE('',(#5714),#5725,.F.);
#5714 = FACE_BOUND('',#5715,.T.);
#5715 = EDGE_LOOP('',(#5716,#5717,#5723,#5724));
#5716 = ORIENTED_EDGE('',*,*,#3490,.T.);
#5717 = ORIENTED_EDGE('',*,*,#5718,.T.);
#5718 = EDGE_CURVE('',#3491,#4592,#5719,.T.);
#5719 = LINE('',#5720,#5721);
#5720 = CARTESIAN_POINT('',(93.65,-141.39,-4.6E-02));
#5721 = VECTOR('',#5722,1.);
#5722 = DIRECTION('',(0.,0.,1.));
#5723 = ORIENTED_EDGE('',*,*,#4591,.F.);
#5724 = ORIENTED_EDGE('',*,*,#5718,.F.);
#5725 = CYLINDRICAL_SURFACE('',#5726,0.75);
#5726 = AXIS2_PLACEMENT_3D('',#5727,#5728,#5729);
#5727 = CARTESIAN_POINT('',(93.65,-140.64,-4.6E-02));
#5728 = DIRECTION('',(-0.,-0.,-1.));
#5729 = DIRECTION('',(-0.,-1.,0.));
#5730 = ADVANCED_FACE('',(#5731),#5742,.F.);
#5731 = FACE_BOUND('',#5732,.T.);
#5732 = EDGE_LOOP('',(#5733,#5734,#5740,#5741));
#5733 = ORIENTED_EDGE('',*,*,#3501,.T.);
#5734 = ORIENTED_EDGE('',*,*,#5735,.T.);
#5735 = EDGE_CURVE('',#3502,#4603,#5736,.T.);
#5736 = LINE('',#5737,#5738);
#5737 = CARTESIAN_POINT('',(97.46,-145.18,-4.6E-02));
#5738 = VECTOR('',#5739,1.);
#5739 = DIRECTION('',(0.,0.,1.));
#5740 = ORIENTED_EDGE('',*,*,#4602,.F.);
#5741 = ORIENTED_EDGE('',*,*,#5735,.F.);
#5742 = CYLINDRICAL_SURFACE('',#5743,2.);
#5743 = AXIS2_PLACEMENT_3D('',#5744,#5745,#5746);
#5744 = CARTESIAN_POINT('',(97.46,-143.18,-4.6E-02));
#5745 = DIRECTION('',(-0.,-0.,-1.));
#5746 = DIRECTION('',(-0.,-1.,0.));
#5747 = ADVANCED_FACE('',(#5748),#5759,.F.);
#5748 = FACE_BOUND('',#5749,.T.);
#5749 = EDGE_LOOP('',(#5750,#5751,#5757,#5758));
#5750 = ORIENTED_EDGE('',*,*,#3512,.T.);
#5751 = ORIENTED_EDGE('',*,*,#5752,.T.);
#5752 = EDGE_CURVE('',#3513,#4614,#5753,.T.);
#5753 = LINE('',#5754,#5755);
#5754 = CARTESIAN_POINT('',(102.54,-144.03,-4.6E-02));
#5755 = VECTOR('',#5756,1.);
#5756 = DIRECTION('',(0.,0.,1.));
#5757 = ORIENTED_EDGE('',*,*,#4613,.F.);
#5758 = ORIENTED_EDGE('',*,*,#5752,.F.);
#5759 = CYLINDRICAL_SURFACE('',#5760,0.85);
#5760 = AXIS2_PLACEMENT_3D('',#5761,#5762,#5763);
#5761 = CARTESIAN_POINT('',(102.54,-143.18,-4.6E-02));
#5762 = DIRECTION('',(-0.,0.,-1.));
#5763 = DIRECTION('',(1.671865260612E-14,-1.,-0.));
#5764 = ADVANCED_FACE('',(#5765),#5776,.F.);
#5765 = FACE_BOUND('',#5766,.T.);
#5766 = EDGE_LOOP('',(#5767,#5768,#5774,#5775));
#5767 = ORIENTED_EDGE('',*,*,#3523,.T.);
#5768 = ORIENTED_EDGE('',*,*,#5769,.T.);
#5769 = EDGE_CURVE('',#3524,#4625,#5770,.T.);
#5770 = LINE('',#5771,#5772);
#5771 = CARTESIAN_POINT('',(89.19,-133.4,-4.6E-02));
#5772 = VECTOR('',#5773,1.);
#5773 = DIRECTION('',(0.,0.,1.));
#5774 = ORIENTED_EDGE('',*,*,#4624,.F.);
#5775 = ORIENTED_EDGE('',*,*,#5769,.F.);
#5776 = CYLINDRICAL_SURFACE('',#5777,0.4);
#5777 = AXIS2_PLACEMENT_3D('',#5778,#5779,#5780);
#5778 = CARTESIAN_POINT('',(89.19,-133.,-4.6E-02));
#5779 = DIRECTION('',(-0.,-0.,-1.));
#5780 = DIRECTION('',(-0.,-1.,0.));
#5781 = ADVANCED_FACE('',(#5782),#5793,.F.);
#5782 = FACE_BOUND('',#5783,.T.);
#5783 = EDGE_LOOP('',(#5784,#5785,#5791,#5792));
#5784 = ORIENTED_EDGE('',*,*,#3534,.T.);
#5785 = ORIENTED_EDGE('',*,*,#5786,.T.);
#5786 = EDGE_CURVE('',#3535,#4636,#5787,.T.);
#5787 = LINE('',#5788,#5789);
#5788 = CARTESIAN_POINT('',(100.,-138.85,-4.6E-02));
#5789 = VECTOR('',#5790,1.);
#5790 = DIRECTION('',(0.,0.,1.));
#5791 = ORIENTED_EDGE('',*,*,#4635,.F.);
#5792 = ORIENTED_EDGE('',*,*,#5786,.F.);
#5793 = CYLINDRICAL_SURFACE('',#5794,0.75);
#5794 = AXIS2_PLACEMENT_3D('',#5795,#5796,#5797);
#5795 = CARTESIAN_POINT('',(100.,-138.1,-4.6E-02));
#5796 = DIRECTION('',(-0.,-0.,-1.));
#5797 = DIRECTION('',(-0.,-1.,0.));
#5798 = ADVANCED_FACE('',(#5799),#5810,.F.);
#5799 = FACE_BOUND('',#5800,.T.);
#5800 = EDGE_LOOP('',(#5801,#5802,#5808,#5809));
#5801 = ORIENTED_EDGE('',*,*,#3545,.T.);
#5802 = ORIENTED_EDGE('',*,*,#5803,.T.);
#5803 = EDGE_CURVE('',#3546,#4647,#5804,.T.);
#5804 = LINE('',#5805,#5806);
#5805 = CARTESIAN_POINT('',(96.81,-133.4,-4.6E-02));
#5806 = VECTOR('',#5807,1.);
#5807 = DIRECTION('',(0.,0.,1.));
#5808 = ORIENTED_EDGE('',*,*,#4646,.F.);
#5809 = ORIENTED_EDGE('',*,*,#5803,.F.);
#5810 = CYLINDRICAL_SURFACE('',#5811,0.4);
#5811 = AXIS2_PLACEMENT_3D('',#5812,#5813,#5814);
#5812 = CARTESIAN_POINT('',(96.81,-133.,-4.6E-02));
#5813 = DIRECTION('',(-0.,-0.,-1.));
#5814 = DIRECTION('',(-0.,-1.,0.));
#5815 = ADVANCED_FACE('',(#5816),#5827,.F.);
#5816 = FACE_BOUND('',#5817,.T.);
#5817 = EDGE_LOOP('',(#5818,#5819,#5825,#5826));
#5818 = ORIENTED_EDGE('',*,*,#3556,.T.);
#5819 = ORIENTED_EDGE('',*,*,#5820,.T.);
#5820 = EDGE_CURVE('',#3557,#4658,#5821,.T.);
#5821 = LINE('',#5822,#5823);
#5822 = CARTESIAN_POINT('',(92.38,-124.98,-4.6E-02));
#5823 = VECTOR('',#5824,1.);
#5824 = DIRECTION('',(0.,0.,1.));
#5825 = ORIENTED_EDGE('',*,*,#4657,.F.);
#5826 = ORIENTED_EDGE('',*,*,#5820,.F.);
#5827 = CYLINDRICAL_SURFACE('',#5828,0.85);
#5828 = AXIS2_PLACEMENT_3D('',#5829,#5830,#5831);
#5829 = CARTESIAN_POINT('',(92.38,-124.13,-4.6E-02));
#5830 = DIRECTION('',(-0.,-0.,-1.));
#5831 = DIRECTION('',(-0.,-1.,0.));
#5832 = ADVANCED_FACE('',(#5833),#5844,.F.);
#5833 = FACE_BOUND('',#5834,.T.);
#5834 = EDGE_LOOP('',(#5835,#5836,#5842,#5843));
#5835 = ORIENTED_EDGE('',*,*,#3567,.T.);
#5836 = ORIENTED_EDGE('',*,*,#5837,.T.);
#5837 = EDGE_CURVE('',#3568,#4669,#5838,.T.);
#5838 = LINE('',#5839,#5840);
#5839 = CARTESIAN_POINT('',(93.65,-122.34,-4.6E-02));
#5840 = VECTOR('',#5841,1.);
#5841 = DIRECTION('',(0.,0.,1.));
#5842 = ORIENTED_EDGE('',*,*,#4668,.F.);
#5843 = ORIENTED_EDGE('',*,*,#5837,.F.);
#5844 = CYLINDRICAL_SURFACE('',#5845,0.75);
#5845 = AXIS2_PLACEMENT_3D('',#5846,#5847,#5848);
#5846 = CARTESIAN_POINT('',(93.65,-121.59,-4.6E-02));
#5847 = DIRECTION('',(-0.,-0.,-1.));
#5848 = DIRECTION('',(-0.,-1.,0.));
#5849 = ADVANCED_FACE('',(#5850),#5861,.F.);
#5850 = FACE_BOUND('',#5851,.T.);
#5851 = EDGE_LOOP('',(#5852,#5853,#5859,#5860));
#5852 = ORIENTED_EDGE('',*,*,#3578,.T.);
#5853 = ORIENTED_EDGE('',*,*,#5854,.T.);
#5854 = EDGE_CURVE('',#3579,#4680,#5855,.T.);
#5855 = LINE('',#5856,#5857);
#5856 = CARTESIAN_POINT('',(97.46,-126.13,-4.6E-02));
#5857 = VECTOR('',#5858,1.);
#5858 = DIRECTION('',(0.,0.,1.));
#5859 = ORIENTED_EDGE('',*,*,#4679,.F.);
#5860 = ORIENTED_EDGE('',*,*,#5854,.F.);
#5861 = CYLINDRICAL_SURFACE('',#5862,2.);
#5862 = AXIS2_PLACEMENT_3D('',#5863,#5864,#5865);
#5863 = CARTESIAN_POINT('',(97.46,-124.13,-4.6E-02));
#5864 = DIRECTION('',(-0.,-0.,-1.));
#5865 = DIRECTION('',(-0.,-1.,0.));
#5866 = ADVANCED_FACE('',(#5867),#5878,.F.);
#5867 = FACE_BOUND('',#5868,.T.);
#5868 = EDGE_LOOP('',(#5869,#5870,#5876,#5877));
#5869 = ORIENTED_EDGE('',*,*,#3589,.T.);
#5870 = ORIENTED_EDGE('',*,*,#5871,.T.);
#5871 = EDGE_CURVE('',#3590,#4691,#5872,.T.);
#5872 = LINE('',#5873,#5874);
#5873 = CARTESIAN_POINT('',(102.54,-124.98,-4.6E-02));
#5874 = VECTOR('',#5875,1.);
#5875 = DIRECTION('',(0.,0.,1.));
#5876 = ORIENTED_EDGE('',*,*,#4690,.F.);
#5877 = ORIENTED_EDGE('',*,*,#5871,.F.);
#5878 = CYLINDRICAL_SURFACE('',#5879,0.85);
#5879 = AXIS2_PLACEMENT_3D('',#5880,#5881,#5882);
#5880 = CARTESIAN_POINT('',(102.54,-124.13,-4.6E-02));
#5881 = DIRECTION('',(-0.,0.,-1.));
#5882 = DIRECTION('',(1.671865260612E-14,-1.,-0.));
#5883 = ADVANCED_FACE('',(#5884),#5895,.F.);
#5884 = FACE_BOUND('',#5885,.T.);
#5885 = EDGE_LOOP('',(#5886,#5887,#5893,#5894));
#5886 = ORIENTED_EDGE('',*,*,#3600,.T.);
#5887 = ORIENTED_EDGE('',*,*,#5888,.T.);
#5888 = EDGE_CURVE('',#3601,#4702,#5889,.T.);
#5889 = LINE('',#5890,#5891);
#5890 = CARTESIAN_POINT('',(100.,-119.8,-4.6E-02));
#5891 = VECTOR('',#5892,1.);
#5892 = DIRECTION('',(0.,0.,1.));
#5893 = ORIENTED_EDGE('',*,*,#4701,.F.);
#5894 = ORIENTED_EDGE('',*,*,#5888,.F.);
#5895 = CYLINDRICAL_SURFACE('',#5896,0.75);
#5896 = AXIS2_PLACEMENT_3D('',#5897,#5898,#5899);
#5897 = CARTESIAN_POINT('',(100.,-119.05,-4.6E-02));
#5898 = DIRECTION('',(-0.,-0.,-1.));
#5899 = DIRECTION('',(-0.,-1.,0.));
#5900 = ADVANCED_FACE('',(#5901),#5912,.F.);
#5901 = FACE_BOUND('',#5902,.T.);
#5902 = EDGE_LOOP('',(#5903,#5904,#5910,#5911));
#5903 = ORIENTED_EDGE('',*,*,#3611,.T.);
#5904 = ORIENTED_EDGE('',*,*,#5905,.T.);
#5905 = EDGE_CURVE('',#3612,#4713,#5906,.T.);
#5906 = LINE('',#5907,#5908);
#5907 = CARTESIAN_POINT('',(107.5,-161.6,-4.6E-02));
#5908 = VECTOR('',#5909,1.);
#5909 = DIRECTION('',(0.,0.,1.));
#5910 = ORIENTED_EDGE('',*,*,#4712,.F.);
#5911 = ORIENTED_EDGE('',*,*,#5905,.F.);
#5912 = CYLINDRICAL_SURFACE('',#5913,1.6);
#5913 = AXIS2_PLACEMENT_3D('',#5914,#5915,#5916);
#5914 = CARTESIAN_POINT('',(107.5,-160.,-4.6E-02));
#5915 = DIRECTION('',(-0.,-0.,-1.));
#5916 = DIRECTION('',(-0.,-1.,0.));
#5917 = ADVANCED_FACE('',(#5918),#5929,.F.);
#5918 = FACE_BOUND('',#5919,.T.);
#5919 = EDGE_LOOP('',(#5920,#5921,#5927,#5928));
#5920 = ORIENTED_EDGE('',*,*,#3622,.T.);
#5921 = ORIENTED_EDGE('',*,*,#5922,.T.);
#5922 = EDGE_CURVE('',#3623,#4724,#5923,.T.);
#5923 = LINE('',#5924,#5925);
#5924 = CARTESIAN_POINT('',(108.38,-152.4,-4.6E-02));
#5925 = VECTOR('',#5926,1.);
#5926 = DIRECTION('',(0.,0.,1.));
#5927 = ORIENTED_EDGE('',*,*,#4723,.F.);
#5928 = ORIENTED_EDGE('',*,*,#5922,.F.);
#5929 = CYLINDRICAL_SURFACE('',#5930,0.4);
#5930 = AXIS2_PLACEMENT_3D('',#5931,#5932,#5933);
#5931 = CARTESIAN_POINT('',(108.38,-152.,-4.6E-02));
#5932 = DIRECTION('',(-0.,-0.,-1.));
#5933 = DIRECTION('',(-0.,-1.,0.));
#5934 = ADVANCED_FACE('',(#5935),#5946,.F.);
#5935 = FACE_BOUND('',#5936,.T.);
#5936 = EDGE_LOOP('',(#5937,#5938,#5944,#5945));
#5937 = ORIENTED_EDGE('',*,*,#3633,.T.);
#5938 = ORIENTED_EDGE('',*,*,#5939,.T.);
#5939 = EDGE_CURVE('',#3634,#4735,#5940,.T.);
#5940 = LINE('',#5941,#5942);
#5941 = CARTESIAN_POINT('',(116.,-152.4,-4.6E-02));
#5942 = VECTOR('',#5943,1.);
#5943 = DIRECTION('',(0.,0.,1.));
#5944 = ORIENTED_EDGE('',*,*,#4734,.F.);
#5945 = ORIENTED_EDGE('',*,*,#5939,.F.);
#5946 = CYLINDRICAL_SURFACE('',#5947,0.4);
#5947 = AXIS2_PLACEMENT_3D('',#5948,#5949,#5950);
#5948 = CARTESIAN_POINT('',(116.,-152.,-4.6E-02));
#5949 = DIRECTION('',(-0.,-0.,-1.));
#5950 = DIRECTION('',(-0.,-1.,0.));
#5951 = ADVANCED_FACE('',(#5952),#5963,.F.);
#5952 = FACE_BOUND('',#5953,.T.);
#5953 = EDGE_LOOP('',(#5954,#5955,#5961,#5962));
#5954 = ORIENTED_EDGE('',*,*,#3644,.T.);
#5955 = ORIENTED_EDGE('',*,*,#5956,.T.);
#5956 = EDGE_CURVE('',#3645,#4746,#5957,.T.);
#5957 = LINE('',#5958,#5959);
#5958 = CARTESIAN_POINT('',(127.38,-152.4,-4.6E-02));
#5959 = VECTOR('',#5960,1.);
#5960 = DIRECTION('',(0.,0.,1.));
#5961 = ORIENTED_EDGE('',*,*,#4745,.F.);
#5962 = ORIENTED_EDGE('',*,*,#5956,.F.);
#5963 = CYLINDRICAL_SURFACE('',#5964,0.4);
#5964 = AXIS2_PLACEMENT_3D('',#5965,#5966,#5967);
#5965 = CARTESIAN_POINT('',(127.38,-152.,-4.6E-02));
#5966 = DIRECTION('',(-0.,-0.,-1.));
#5967 = DIRECTION('',(-0.,-1.,0.));
#5968 = ADVANCED_FACE('',(#5969),#5980,.F.);
#5969 = FACE_BOUND('',#5970,.T.);
#5970 = EDGE_LOOP('',(#5971,#5972,#5978,#5979));
#5971 = ORIENTED_EDGE('',*,*,#3655,.T.);
#5972 = ORIENTED_EDGE('',*,*,#5973,.T.);
#5973 = EDGE_CURVE('',#3656,#4757,#5974,.T.);
#5974 = LINE('',#5975,#5976);
#5975 = CARTESIAN_POINT('',(111.43,-144.03,-4.6E-02));
#5976 = VECTOR('',#5977,1.);
#5977 = DIRECTION('',(0.,0.,1.));
#5978 = ORIENTED_EDGE('',*,*,#4756,.F.);
#5979 = ORIENTED_EDGE('',*,*,#5973,.F.);
#5980 = CYLINDRICAL_SURFACE('',#5981,0.85);
#5981 = AXIS2_PLACEMENT_3D('',#5982,#5983,#5984);
#5982 = CARTESIAN_POINT('',(111.43,-143.18,-4.6E-02));
#5983 = DIRECTION('',(-0.,-0.,-1.));
#5984 = DIRECTION('',(-0.,-1.,0.));
#5985 = ADVANCED_FACE('',(#5986),#5997,.F.);
#5986 = FACE_BOUND('',#5987,.T.);
#5987 = EDGE_LOOP('',(#5988,#5989,#5995,#5996));
#5988 = ORIENTED_EDGE('',*,*,#3666,.T.);
#5989 = ORIENTED_EDGE('',*,*,#5990,.T.);
#5990 = EDGE_CURVE('',#3667,#4768,#5991,.T.);
#5991 = LINE('',#5992,#5993);
#5992 = CARTESIAN_POINT('',(112.7,-141.39,-4.6E-02));
#5993 = VECTOR('',#5994,1.);
#5994 = DIRECTION('',(0.,0.,1.));
#5995 = ORIENTED_EDGE('',*,*,#4767,.F.);
#5996 = ORIENTED_EDGE('',*,*,#5990,.F.);
#5997 = CYLINDRICAL_SURFACE('',#5998,0.75);
#5998 = AXIS2_PLACEMENT_3D('',#5999,#6000,#6001);
#5999 = CARTESIAN_POINT('',(112.7,-140.64,-4.6E-02));
#6000 = DIRECTION('',(-0.,-0.,-1.));
#6001 = DIRECTION('',(-0.,-1.,0.));
#6002 = ADVANCED_FACE('',(#6003),#6014,.F.);
#6003 = FACE_BOUND('',#6004,.T.);
#6004 = EDGE_LOOP('',(#6005,#6006,#6012,#6013));
#6005 = ORIENTED_EDGE('',*,*,#3677,.T.);
#6006 = ORIENTED_EDGE('',*,*,#6007,.T.);
#6007 = EDGE_CURVE('',#3678,#4779,#6008,.T.);
#6008 = LINE('',#6009,#6010);
#6009 = CARTESIAN_POINT('',(116.51,-145.18,-4.6E-02));
#6010 = VECTOR('',#6011,1.);
#6011 = DIRECTION('',(0.,0.,1.));
#6012 = ORIENTED_EDGE('',*,*,#4778,.F.);
#6013 = ORIENTED_EDGE('',*,*,#6007,.F.);
#6014 = CYLINDRICAL_SURFACE('',#6015,2.);
#6015 = AXIS2_PLACEMENT_3D('',#6016,#6017,#6018);
#6016 = CARTESIAN_POINT('',(116.51,-143.18,-4.6E-02));
#6017 = DIRECTION('',(-0.,-0.,-1.));
#6018 = DIRECTION('',(-0.,-1.,0.));
#6019 = ADVANCED_FACE('',(#6020),#6031,.F.);
#6020 = FACE_BOUND('',#6021,.T.);
#6021 = EDGE_LOOP('',(#6022,#6023,#6029,#6030));
#6022 = ORIENTED_EDGE('',*,*,#3688,.T.);
#6023 = ORIENTED_EDGE('',*,*,#6024,.T.);
#6024 = EDGE_CURVE('',#3689,#4790,#6025,.T.);
#6025 = LINE('',#6026,#6027);
#6026 = CARTESIAN_POINT('',(121.59,-144.03,-4.6E-02));
#6027 = VECTOR('',#6028,1.);
#6028 = DIRECTION('',(0.,0.,1.));
#6029 = ORIENTED_EDGE('',*,*,#4789,.F.);
#6030 = ORIENTED_EDGE('',*,*,#6024,.F.);
#6031 = CYLINDRICAL_SURFACE('',#6032,0.85);
#6032 = AXIS2_PLACEMENT_3D('',#6033,#6034,#6035);
#6033 = CARTESIAN_POINT('',(121.59,-143.18,-4.6E-02));
#6034 = DIRECTION('',(-0.,-0.,-1.));
#6035 = DIRECTION('',(-0.,-1.,0.));
#6036 = ADVANCED_FACE('',(#6037),#6048,.F.);
#6037 = FACE_BOUND('',#6038,.T.);
#6038 = EDGE_LOOP('',(#6039,#6040,#6046,#6047));
#6039 = ORIENTED_EDGE('',*,*,#3699,.T.);
#6040 = ORIENTED_EDGE('',*,*,#6041,.T.);
#6041 = EDGE_CURVE('',#3700,#4801,#6042,.T.);
#6042 = LINE('',#6043,#6044);
#6043 = CARTESIAN_POINT('',(135.,-152.4,-4.6E-02));
#6044 = VECTOR('',#6045,1.);
#6045 = DIRECTION('',(0.,0.,1.));
#6046 = ORIENTED_EDGE('',*,*,#4800,.F.);
#6047 = ORIENTED_EDGE('',*,*,#6041,.F.);
#6048 = CYLINDRICAL_SURFACE('',#6049,0.4);
#6049 = AXIS2_PLACEMENT_3D('',#6050,#6051,#6052);
#6050 = CARTESIAN_POINT('',(135.,-152.,-4.6E-02));
#6051 = DIRECTION('',(-0.,-0.,-1.));
#6052 = DIRECTION('',(-0.,-1.,0.));
#6053 = ADVANCED_FACE('',(#6054),#6065,.F.);
#6054 = FACE_BOUND('',#6055,.T.);
#6055 = EDGE_LOOP('',(#6056,#6057,#6063,#6064));
#6056 = ORIENTED_EDGE('',*,*,#3710,.T.);
#6057 = ORIENTED_EDGE('',*,*,#6058,.T.);
#6058 = EDGE_CURVE('',#3711,#4812,#6059,.T.);
#6059 = LINE('',#6060,#6061);
#6060 = CARTESIAN_POINT('',(150.,-161.6,-4.6E-02));
#6061 = VECTOR('',#6062,1.);
#6062 = DIRECTION('',(0.,0.,1.));
#6063 = ORIENTED_EDGE('',*,*,#4811,.F.);
#6064 = ORIENTED_EDGE('',*,*,#6058,.F.);
#6065 = CYLINDRICAL_SURFACE('',#6066,1.6);
#6066 = AXIS2_PLACEMENT_3D('',#6067,#6068,#6069);
#6067 = CARTESIAN_POINT('',(150.,-160.,-4.6E-02));
#6068 = DIRECTION('',(-0.,-0.,-1.));
#6069 = DIRECTION('',(-0.,-1.,0.));
#6070 = ADVANCED_FACE('',(#6071),#6082,.F.);
#6071 = FACE_BOUND('',#6072,.T.);
#6072 = EDGE_LOOP('',(#6073,#6074,#6080,#6081));
#6073 = ORIENTED_EDGE('',*,*,#3721,.T.);
#6074 = ORIENTED_EDGE('',*,*,#6075,.T.);
#6075 = EDGE_CURVE('',#3722,#4823,#6076,.T.);
#6076 = LINE('',#6077,#6078);
#6077 = CARTESIAN_POINT('',(130.48,-144.03,-4.6E-02));
#6078 = VECTOR('',#6079,1.);
#6079 = DIRECTION('',(0.,0.,1.));
#6080 = ORIENTED_EDGE('',*,*,#4822,.F.);
#6081 = ORIENTED_EDGE('',*,*,#6075,.F.);
#6082 = CYLINDRICAL_SURFACE('',#6083,0.85);
#6083 = AXIS2_PLACEMENT_3D('',#6084,#6085,#6086);
#6084 = CARTESIAN_POINT('',(130.48,-143.18,-4.6E-02));
#6085 = DIRECTION('',(-0.,-0.,-1.));
#6086 = DIRECTION('',(-3.343730521224E-14,-1.,0.));
#6087 = ADVANCED_FACE('',(#6088),#6099,.F.);
#6088 = FACE_BOUND('',#6089,.T.);
#6089 = EDGE_LOOP('',(#6090,#6091,#6097,#6098));
#6090 = ORIENTED_EDGE('',*,*,#3732,.T.);
#6091 = ORIENTED_EDGE('',*,*,#6092,.T.);
#6092 = EDGE_CURVE('',#3733,#4834,#6093,.T.);
#6093 = LINE('',#6094,#6095);
#6094 = CARTESIAN_POINT('',(131.75,-141.39,-4.6E-02));
#6095 = VECTOR('',#6096,1.);
#6096 = DIRECTION('',(0.,0.,1.));
#6097 = ORIENTED_EDGE('',*,*,#4833,.F.);
#6098 = ORIENTED_EDGE('',*,*,#6092,.F.);
#6099 = CYLINDRICAL_SURFACE('',#6100,0.75);
#6100 = AXIS2_PLACEMENT_3D('',#6101,#6102,#6103);
#6101 = CARTESIAN_POINT('',(131.75,-140.64,-4.6E-02));
#6102 = DIRECTION('',(-0.,-0.,-1.));
#6103 = DIRECTION('',(-0.,-1.,0.));
#6104 = ADVANCED_FACE('',(#6105),#6116,.F.);
#6105 = FACE_BOUND('',#6106,.T.);
#6106 = EDGE_LOOP('',(#6107,#6108,#6114,#6115));
#6107 = ORIENTED_EDGE('',*,*,#3743,.T.);
#6108 = ORIENTED_EDGE('',*,*,#6109,.T.);
#6109 = EDGE_CURVE('',#3744,#4845,#6110,.T.);
#6110 = LINE('',#6111,#6112);
#6111 = CARTESIAN_POINT('',(135.56,-145.18,-4.6E-02));
#6112 = VECTOR('',#6113,1.);
#6113 = DIRECTION('',(0.,0.,1.));
#6114 = ORIENTED_EDGE('',*,*,#4844,.F.);
#6115 = ORIENTED_EDGE('',*,*,#6109,.F.);
#6116 = CYLINDRICAL_SURFACE('',#6117,2.);
#6117 = AXIS2_PLACEMENT_3D('',#6118,#6119,#6120);
#6118 = CARTESIAN_POINT('',(135.56,-143.18,-4.6E-02));
#6119 = DIRECTION('',(-0.,-0.,-1.));
#6120 = DIRECTION('',(-0.,-1.,0.));
#6121 = ADVANCED_FACE('',(#6122),#6133,.F.);
#6122 = FACE_BOUND('',#6123,.T.);
#6123 = EDGE_LOOP('',(#6124,#6125,#6131,#6132));
#6124 = ORIENTED_EDGE('',*,*,#3754,.T.);
#6125 = ORIENTED_EDGE('',*,*,#6126,.T.);
#6126 = EDGE_CURVE('',#3755,#4856,#6127,.T.);
#6127 = LINE('',#6128,#6129);
#6128 = CARTESIAN_POINT('',(140.64,-144.03,-4.6E-02));
#6129 = VECTOR('',#6130,1.);
#6130 = DIRECTION('',(0.,0.,1.));
#6131 = ORIENTED_EDGE('',*,*,#4855,.F.);
#6132 = ORIENTED_EDGE('',*,*,#6126,.F.);
#6133 = CYLINDRICAL_SURFACE('',#6134,0.85);
#6134 = AXIS2_PLACEMENT_3D('',#6135,#6136,#6137);
#6135 = CARTESIAN_POINT('',(140.64,-143.18,-4.6E-02));
#6136 = DIRECTION('',(-0.,-0.,-1.));
#6137 = DIRECTION('',(-0.,-1.,0.));
#6138 = ADVANCED_FACE('',(#6139),#6150,.F.);
#6139 = FACE_BOUND('',#6140,.T.);
#6140 = EDGE_LOOP('',(#6141,#6142,#6148,#6149));
#6141 = ORIENTED_EDGE('',*,*,#3765,.T.);
#6142 = ORIENTED_EDGE('',*,*,#6143,.T.);
#6143 = EDGE_CURVE('',#3766,#4867,#6144,.T.);
#6144 = LINE('',#6145,#6146);
#6145 = CARTESIAN_POINT('',(108.38,-133.4,-4.6E-02));
#6146 = VECTOR('',#6147,1.);
#6147 = DIRECTION('',(0.,0.,1.));
#6148 = ORIENTED_EDGE('',*,*,#4866,.F.);
#6149 = ORIENTED_EDGE('',*,*,#6143,.F.);
#6150 = CYLINDRICAL_SURFACE('',#6151,0.4);
#6151 = AXIS2_PLACEMENT_3D('',#6152,#6153,#6154);
#6152 = CARTESIAN_POINT('',(108.38,-133.,-4.6E-02));
#6153 = DIRECTION('',(-0.,-0.,-1.));
#6154 = DIRECTION('',(-0.,-1.,0.));
#6155 = ADVANCED_FACE('',(#6156),#6167,.F.);
#6156 = FACE_BOUND('',#6157,.T.);
#6157 = EDGE_LOOP('',(#6158,#6159,#6165,#6166));
#6158 = ORIENTED_EDGE('',*,*,#3776,.T.);
#6159 = ORIENTED_EDGE('',*,*,#6160,.T.);
#6160 = EDGE_CURVE('',#3777,#4878,#6161,.T.);
#6161 = LINE('',#6162,#6163);
#6162 = CARTESIAN_POINT('',(116.,-133.4,-4.6E-02));
#6163 = VECTOR('',#6164,1.);
#6164 = DIRECTION('',(0.,0.,1.));
#6165 = ORIENTED_EDGE('',*,*,#4877,.F.);
#6166 = ORIENTED_EDGE('',*,*,#6160,.F.);
#6167 = CYLINDRICAL_SURFACE('',#6168,0.4);
#6168 = AXIS2_PLACEMENT_3D('',#6169,#6170,#6171);
#6169 = CARTESIAN_POINT('',(116.,-133.,-4.6E-02));
#6170 = DIRECTION('',(-0.,-0.,-1.));
#6171 = DIRECTION('',(-0.,-1.,0.));
#6172 = ADVANCED_FACE('',(#6173),#6184,.F.);
#6173 = FACE_BOUND('',#6174,.T.);
#6174 = EDGE_LOOP('',(#6175,#6176,#6182,#6183));
#6175 = ORIENTED_EDGE('',*,*,#3787,.T.);
#6176 = ORIENTED_EDGE('',*,*,#6177,.T.);
#6177 = EDGE_CURVE('',#3788,#4889,#6178,.T.);
#6178 = LINE('',#6179,#6180);
#6179 = CARTESIAN_POINT('',(119.05,-138.85,-4.6E-02));
#6180 = VECTOR('',#6181,1.);
#6181 = DIRECTION('',(0.,0.,1.));
#6182 = ORIENTED_EDGE('',*,*,#4888,.F.);
#6183 = ORIENTED_EDGE('',*,*,#6177,.F.);
#6184 = CYLINDRICAL_SURFACE('',#6185,0.75);
#6185 = AXIS2_PLACEMENT_3D('',#6186,#6187,#6188);
#6186 = CARTESIAN_POINT('',(119.05,-138.1,-4.6E-02));
#6187 = DIRECTION('',(-0.,-0.,-1.));
#6188 = DIRECTION('',(-0.,-1.,0.));
#6189 = ADVANCED_FACE('',(#6190),#6201,.F.);
#6190 = FACE_BOUND('',#6191,.T.);
#6191 = EDGE_LOOP('',(#6192,#6193,#6199,#6200));
#6192 = ORIENTED_EDGE('',*,*,#3798,.T.);
#6193 = ORIENTED_EDGE('',*,*,#6194,.T.);
#6194 = EDGE_CURVE('',#3799,#4900,#6195,.T.);
#6195 = LINE('',#6196,#6197);
#6196 = CARTESIAN_POINT('',(127.38,-133.4,-4.6E-02));
#6197 = VECTOR('',#6198,1.);
#6198 = DIRECTION('',(0.,0.,1.));
#6199 = ORIENTED_EDGE('',*,*,#4899,.F.);
#6200 = ORIENTED_EDGE('',*,*,#6194,.F.);
#6201 = CYLINDRICAL_SURFACE('',#6202,0.4);
#6202 = AXIS2_PLACEMENT_3D('',#6203,#6204,#6205);
#6203 = CARTESIAN_POINT('',(127.38,-133.,-4.6E-02));
#6204 = DIRECTION('',(-0.,-0.,-1.));
#6205 = DIRECTION('',(-0.,-1.,0.));
#6206 = ADVANCED_FACE('',(#6207),#6218,.F.);
#6207 = FACE_BOUND('',#6208,.T.);
#6208 = EDGE_LOOP('',(#6209,#6210,#6216,#6217));
#6209 = ORIENTED_EDGE('',*,*,#3809,.T.);
#6210 = ORIENTED_EDGE('',*,*,#6211,.T.);
#6211 = EDGE_CURVE('',#3810,#4911,#6212,.T.);
#6212 = LINE('',#6213,#6214);
#6213 = CARTESIAN_POINT('',(111.43,-124.98,-4.6E-02));
#6214 = VECTOR('',#6215,1.);
#6215 = DIRECTION('',(0.,0.,1.));
#6216 = ORIENTED_EDGE('',*,*,#4910,.F.);
#6217 = ORIENTED_EDGE('',*,*,#6211,.F.);
#6218 = CYLINDRICAL_SURFACE('',#6219,0.85);
#6219 = AXIS2_PLACEMENT_3D('',#6220,#6221,#6222);
#6220 = CARTESIAN_POINT('',(111.43,-124.13,-4.6E-02));
#6221 = DIRECTION('',(-0.,-0.,-1.));
#6222 = DIRECTION('',(-0.,-1.,0.));
#6223 = ADVANCED_FACE('',(#6224),#6235,.F.);
#6224 = FACE_BOUND('',#6225,.T.);
#6225 = EDGE_LOOP('',(#6226,#6227,#6233,#6234));
#6226 = ORIENTED_EDGE('',*,*,#3820,.T.);
#6227 = ORIENTED_EDGE('',*,*,#6228,.T.);
#6228 = EDGE_CURVE('',#3821,#4922,#6229,.T.);
#6229 = LINE('',#6230,#6231);
#6230 = CARTESIAN_POINT('',(116.51,-126.13,-4.6E-02));
#6231 = VECTOR('',#6232,1.);
#6232 = DIRECTION('',(0.,0.,1.));
#6233 = ORIENTED_EDGE('',*,*,#4921,.F.);
#6234 = ORIENTED_EDGE('',*,*,#6228,.F.);
#6235 = CYLINDRICAL_SURFACE('',#6236,2.);
#6236 = AXIS2_PLACEMENT_3D('',#6237,#6238,#6239);
#6237 = CARTESIAN_POINT('',(116.51,-124.13,-4.6E-02));
#6238 = DIRECTION('',(-0.,-0.,-1.));
#6239 = DIRECTION('',(-0.,-1.,0.));
#6240 = ADVANCED_FACE('',(#6241),#6252,.F.);
#6241 = FACE_BOUND('',#6242,.T.);
#6242 = EDGE_LOOP('',(#6243,#6244,#6250,#6251));
#6243 = ORIENTED_EDGE('',*,*,#3831,.T.);
#6244 = ORIENTED_EDGE('',*,*,#6245,.T.);
#6245 = EDGE_CURVE('',#3832,#4933,#6246,.T.);
#6246 = LINE('',#6247,#6248);
#6247 = CARTESIAN_POINT('',(112.7,-122.34,-4.6E-02));
#6248 = VECTOR('',#6249,1.);
#6249 = DIRECTION('',(0.,0.,1.));
#6250 = ORIENTED_EDGE('',*,*,#4932,.F.);
#6251 = ORIENTED_EDGE('',*,*,#6245,.F.);
#6252 = CYLINDRICAL_SURFACE('',#6253,0.75);
#6253 = AXIS2_PLACEMENT_3D('',#6254,#6255,#6256);
#6254 = CARTESIAN_POINT('',(112.7,-121.59,-4.6E-02));
#6255 = DIRECTION('',(-0.,-0.,-1.));
#6256 = DIRECTION('',(-0.,-1.,0.));
#6257 = ADVANCED_FACE('',(#6258),#6269,.F.);
#6258 = FACE_BOUND('',#6259,.T.);
#6259 = EDGE_LOOP('',(#6260,#6261,#6267,#6268));
#6260 = ORIENTED_EDGE('',*,*,#3842,.T.);
#6261 = ORIENTED_EDGE('',*,*,#6262,.T.);
#6262 = EDGE_CURVE('',#3843,#4944,#6263,.T.);
#6263 = LINE('',#6264,#6265);
#6264 = CARTESIAN_POINT('',(121.59,-124.98,-4.6E-02));
#6265 = VECTOR('',#6266,1.);
#6266 = DIRECTION('',(0.,0.,1.));
#6267 = ORIENTED_EDGE('',*,*,#4943,.F.);
#6268 = ORIENTED_EDGE('',*,*,#6262,.F.);
#6269 = CYLINDRICAL_SURFACE('',#6270,0.85);
#6270 = AXIS2_PLACEMENT_3D('',#6271,#6272,#6273);
#6271 = CARTESIAN_POINT('',(121.59,-124.13,-4.6E-02));
#6272 = DIRECTION('',(-0.,-0.,-1.));
#6273 = DIRECTION('',(-0.,-1.,0.));
#6274 = ADVANCED_FACE('',(#6275),#6286,.F.);
#6275 = FACE_BOUND('',#6276,.T.);
#6276 = EDGE_LOOP('',(#6277,#6278,#6284,#6285));
#6277 = ORIENTED_EDGE('',*,*,#3853,.T.);
#6278 = ORIENTED_EDGE('',*,*,#6279,.T.);
#6279 = EDGE_CURVE('',#3854,#4955,#6280,.T.);
#6280 = LINE('',#6281,#6282);
#6281 = CARTESIAN_POINT('',(119.05,-119.8,-4.6E-02));
#6282 = VECTOR('',#6283,1.);
#6283 = DIRECTION('',(0.,0.,1.));
#6284 = ORIENTED_EDGE('',*,*,#4954,.F.);
#6285 = ORIENTED_EDGE('',*,*,#6279,.F.);
#6286 = CYLINDRICAL_SURFACE('',#6287,0.75);
#6287 = AXIS2_PLACEMENT_3D('',#6288,#6289,#6290);
#6288 = CARTESIAN_POINT('',(119.05,-119.05,-4.6E-02));
#6289 = DIRECTION('',(-0.,-0.,-1.));
#6290 = DIRECTION('',(-0.,-1.,0.));
#6291 = ADVANCED_FACE('',(#6292),#6303,.F.);
#6292 = FACE_BOUND('',#6293,.T.);
#6293 = EDGE_LOOP('',(#6294,#6295,#6301,#6302));
#6294 = ORIENTED_EDGE('',*,*,#3864,.T.);
#6295 = ORIENTED_EDGE('',*,*,#6296,.T.);
#6296 = EDGE_CURVE('',#3865,#4966,#6297,.T.);
#6297 = LINE('',#6298,#6299);
#6298 = CARTESIAN_POINT('',(138.1,-138.85,-4.6E-02));
#6299 = VECTOR('',#6300,1.);
#6300 = DIRECTION('',(0.,0.,1.));
#6301 = ORIENTED_EDGE('',*,*,#4965,.F.);
#6302 = ORIENTED_EDGE('',*,*,#6296,.F.);
#6303 = CYLINDRICAL_SURFACE('',#6304,0.75);
#6304 = AXIS2_PLACEMENT_3D('',#6305,#6306,#6307);
#6305 = CARTESIAN_POINT('',(138.1,-138.1,-4.6E-02));
#6306 = DIRECTION('',(-0.,-0.,-1.));
#6307 = DIRECTION('',(-0.,-1.,0.));
#6308 = ADVANCED_FACE('',(#6309),#6320,.F.);
#6309 = FACE_BOUND('',#6310,.T.);
#6310 = EDGE_LOOP('',(#6311,#6312,#6318,#6319));
#6311 = ORIENTED_EDGE('',*,*,#3875,.T.);
#6312 = ORIENTED_EDGE('',*,*,#6313,.T.);
#6313 = EDGE_CURVE('',#3876,#4977,#6314,.T.);
#6314 = LINE('',#6315,#6316);
#6315 = CARTESIAN_POINT('',(135.,-133.4,-4.6E-02));
#6316 = VECTOR('',#6317,1.);
#6317 = DIRECTION('',(0.,0.,1.));
#6318 = ORIENTED_EDGE('',*,*,#4976,.F.);
#6319 = ORIENTED_EDGE('',*,*,#6313,.F.);
#6320 = CYLINDRICAL_SURFACE('',#6321,0.4);
#6321 = AXIS2_PLACEMENT_3D('',#6322,#6323,#6324);
#6322 = CARTESIAN_POINT('',(135.,-133.,-4.6E-02));
#6323 = DIRECTION('',(-0.,-0.,-1.));
#6324 = DIRECTION('',(-0.,-1.,0.));
#6325 = ADVANCED_FACE('',(#6326),#6337,.F.);
#6326 = FACE_BOUND('',#6327,.T.);
#6327 = EDGE_LOOP('',(#6328,#6329,#6335,#6336));
#6328 = ORIENTED_EDGE('',*,*,#3886,.T.);
#6329 = ORIENTED_EDGE('',*,*,#6330,.T.);
#6330 = EDGE_CURVE('',#3887,#4988,#6331,.T.);
#6331 = LINE('',#6332,#6333);
#6332 = CARTESIAN_POINT('',(130.48,-124.98,-4.6E-02));
#6333 = VECTOR('',#6334,1.);
#6334 = DIRECTION('',(0.,0.,1.));
#6335 = ORIENTED_EDGE('',*,*,#4987,.F.);
#6336 = ORIENTED_EDGE('',*,*,#6330,.F.);
#6337 = CYLINDRICAL_SURFACE('',#6338,0.85);
#6338 = AXIS2_PLACEMENT_3D('',#6339,#6340,#6341);
#6339 = CARTESIAN_POINT('',(130.48,-124.13,-4.6E-02));
#6340 = DIRECTION('',(-0.,-0.,-1.));
#6341 = DIRECTION('',(-3.343730521224E-14,-1.,0.));
#6342 = ADVANCED_FACE('',(#6343),#6354,.F.);
#6343 = FACE_BOUND('',#6344,.T.);
#6344 = EDGE_LOOP('',(#6345,#6346,#6352,#6353));
#6345 = ORIENTED_EDGE('',*,*,#3897,.T.);
#6346 = ORIENTED_EDGE('',*,*,#6347,.T.);
#6347 = EDGE_CURVE('',#3898,#4999,#6348,.T.);
#6348 = LINE('',#6349,#6350);
#6349 = CARTESIAN_POINT('',(135.56,-126.13,-4.6E-02));
#6350 = VECTOR('',#6351,1.);
#6351 = DIRECTION('',(0.,0.,1.));
#6352 = ORIENTED_EDGE('',*,*,#4998,.F.);
#6353 = ORIENTED_EDGE('',*,*,#6347,.F.);
#6354 = CYLINDRICAL_SURFACE('',#6355,2.);
#6355 = AXIS2_PLACEMENT_3D('',#6356,#6357,#6358);
#6356 = CARTESIAN_POINT('',(135.56,-124.13,-4.6E-02));
#6357 = DIRECTION('',(-0.,-0.,-1.));
#6358 = DIRECTION('',(-0.,-1.,0.));
#6359 = ADVANCED_FACE('',(#6360),#6371,.F.);
#6360 = FACE_BOUND('',#6361,.T.);
#6361 = EDGE_LOOP('',(#6362,#6363,#6369,#6370));
#6362 = ORIENTED_EDGE('',*,*,#3908,.T.);
#6363 = ORIENTED_EDGE('',*,*,#6364,.T.);
#6364 = EDGE_CURVE('',#3909,#5010,#6365,.T.);
#6365 = LINE('',#6366,#6367);
#6366 = CARTESIAN_POINT('',(131.75,-122.34,-4.6E-02));
#6367 = VECTOR('',#6368,1.);
#6368 = DIRECTION('',(0.,0.,1.));
#6369 = ORIENTED_EDGE('',*,*,#5009,.F.);
#6370 = ORIENTED_EDGE('',*,*,#6364,.F.);
#6371 = CYLINDRICAL_SURFACE('',#6372,0.75);
#6372 = AXIS2_PLACEMENT_3D('',#6373,#6374,#6375);
#6373 = CARTESIAN_POINT('',(131.75,-121.59,-4.6E-02));
#6374 = DIRECTION('',(-0.,-0.,-1.));
#6375 = DIRECTION('',(-0.,-1.,0.));
#6376 = ADVANCED_FACE('',(#6377),#6388,.F.);
#6377 = FACE_BOUND('',#6378,.T.);
#6378 = EDGE_LOOP('',(#6379,#6380,#6386,#6387));
#6379 = ORIENTED_EDGE('',*,*,#3919,.T.);
#6380 = ORIENTED_EDGE('',*,*,#6381,.T.);
#6381 = EDGE_CURVE('',#3920,#5021,#6382,.T.);
#6382 = LINE('',#6383,#6384);
#6383 = CARTESIAN_POINT('',(138.1,-119.8,-4.6E-02));
#6384 = VECTOR('',#6385,1.);
#6385 = DIRECTION('',(0.,0.,1.));
#6386 = ORIENTED_EDGE('',*,*,#5020,.F.);
#6387 = ORIENTED_EDGE('',*,*,#6381,.F.);
#6388 = CYLINDRICAL_SURFACE('',#6389,0.75);
#6389 = AXIS2_PLACEMENT_3D('',#6390,#6391,#6392);
#6390 = CARTESIAN_POINT('',(138.1,-119.05,-4.6E-02));
#6391 = DIRECTION('',(-0.,-0.,-1.));
#6392 = DIRECTION('',(-0.,-1.,0.));
#6393 = ADVANCED_FACE('',(#6394),#6405,.F.);
#6394 = FACE_BOUND('',#6395,.T.);
#6395 = EDGE_LOOP('',(#6396,#6397,#6403,#6404));
#6396 = ORIENTED_EDGE('',*,*,#3930,.T.);
#6397 = ORIENTED_EDGE('',*,*,#6398,.T.);
#6398 = EDGE_CURVE('',#3931,#5032,#6399,.T.);
#6399 = LINE('',#6400,#6401);
#6400 = CARTESIAN_POINT('',(140.64,-124.98,-4.6E-02));
#6401 = VECTOR('',#6402,1.);
#6402 = DIRECTION('',(0.,0.,1.));
#6403 = ORIENTED_EDGE('',*,*,#5031,.F.);
#6404 = ORIENTED_EDGE('',*,*,#6398,.F.);
#6405 = CYLINDRICAL_SURFACE('',#6406,0.85);
#6406 = AXIS2_PLACEMENT_3D('',#6407,#6408,#6409);
#6407 = CARTESIAN_POINT('',(140.64,-124.13,-4.6E-02));
#6408 = DIRECTION('',(-0.,-0.,-1.));
#6409 = DIRECTION('',(-0.,-1.,0.));
#6410 = ADVANCED_FACE('',(#6411),#6422,.F.);
#6411 = FACE_BOUND('',#6412,.T.);
#6412 = EDGE_LOOP('',(#6413,#6414,#6420,#6421));
#6413 = ORIENTED_EDGE('',*,*,#3941,.T.);
#6414 = ORIENTED_EDGE('',*,*,#6415,.T.);
#6415 = EDGE_CURVE('',#3942,#5043,#6416,.T.);
#6416 = LINE('',#6417,#6418);
#6417 = CARTESIAN_POINT('',(150.,-119.6,-4.6E-02));
#6418 = VECTOR('',#6419,1.);
#6419 = DIRECTION('',(0.,0.,1.));
#6420 = ORIENTED_EDGE('',*,*,#5042,.F.);
#6421 = ORIENTED_EDGE('',*,*,#6415,.F.);
#6422 = CYLINDRICAL_SURFACE('',#6423,1.6);
#6423 = AXIS2_PLACEMENT_3D('',#6424,#6425,#6426);
#6424 = CARTESIAN_POINT('',(150.,-118.,-4.6E-02));
#6425 = DIRECTION('',(-0.,-0.,-1.));
#6426 = DIRECTION('',(-0.,-1.,0.));
#6427 = ADVANCED_FACE('',(#6428),#6439,.F.);
#6428 = FACE_BOUND('',#6429,.T.);
#6429 = EDGE_LOOP('',(#6430,#6431,#6437,#6438));
#6430 = ORIENTED_EDGE('',*,*,#3952,.T.);
#6431 = ORIENTED_EDGE('',*,*,#6432,.T.);
#6432 = EDGE_CURVE('',#3953,#5054,#6433,.T.);
#6433 = LINE('',#6434,#6435);
#6434 = CARTESIAN_POINT('',(68.375,-98.12,-4.6E-02));
#6435 = VECTOR('',#6436,1.);
#6436 = DIRECTION('',(0.,0.,1.));
#6437 = ORIENTED_EDGE('',*,*,#5053,.F.);
#6438 = ORIENTED_EDGE('',*,*,#6432,.F.);
#6439 = CYLINDRICAL_SURFACE('',#6440,0.5);
#6440 = AXIS2_PLACEMENT_3D('',#6441,#6442,#6443);
#6441 = CARTESIAN_POINT('',(68.375,-97.62,-4.6E-02));
#6442 = DIRECTION('',(-0.,-0.,-1.));
#6443 = DIRECTION('',(-0.,-1.,0.));
#6444 = ADVANCED_FACE('',(#6445),#6456,.F.);
#6445 = FACE_BOUND('',#6446,.T.);
#6446 = EDGE_LOOP('',(#6447,#6448,#6454,#6455));
#6447 = ORIENTED_EDGE('',*,*,#3963,.T.);
#6448 = ORIENTED_EDGE('',*,*,#6449,.T.);
#6449 = EDGE_CURVE('',#3964,#5065,#6450,.T.);
#6450 = LINE('',#6451,#6452);
#6451 = CARTESIAN_POINT('',(83.625,-98.12,-4.6E-02));
#6452 = VECTOR('',#6453,1.);
#6453 = DIRECTION('',(0.,0.,1.));
#6454 = ORIENTED_EDGE('',*,*,#5064,.F.);
#6455 = ORIENTED_EDGE('',*,*,#6449,.F.);
#6456 = CYLINDRICAL_SURFACE('',#6457,0.5);
#6457 = AXIS2_PLACEMENT_3D('',#6458,#6459,#6460);
#6458 = CARTESIAN_POINT('',(83.625,-97.62,-4.6E-02));
#6459 = DIRECTION('',(-0.,-0.,-1.));
#6460 = DIRECTION('',(-0.,-1.,0.));
#6461 = ADVANCED_FACE('',(#6462),#6473,.F.);
#6462 = FACE_BOUND('',#6463,.T.);
#6463 = EDGE_LOOP('',(#6464,#6465,#6471,#6472));
#6464 = ORIENTED_EDGE('',*,*,#3974,.T.);
#6465 = ORIENTED_EDGE('',*,*,#6466,.T.);
#6466 = EDGE_CURVE('',#3975,#5076,#6467,.T.);
#6467 = LINE('',#6468,#6469);
#6468 = CARTESIAN_POINT('',(89.19,-114.4,-4.6E-02));
#6469 = VECTOR('',#6470,1.);
#6470 = DIRECTION('',(0.,0.,1.));
#6471 = ORIENTED_EDGE('',*,*,#5075,.F.);
#6472 = ORIENTED_EDGE('',*,*,#6466,.F.);
#6473 = CYLINDRICAL_SURFACE('',#6474,0.4);
#6474 = AXIS2_PLACEMENT_3D('',#6475,#6476,#6477);
#6475 = CARTESIAN_POINT('',(89.19,-114.,-4.6E-02));
#6476 = DIRECTION('',(-0.,-0.,-1.));
#6477 = DIRECTION('',(-0.,-1.,0.));
#6478 = ADVANCED_FACE('',(#6479),#6490,.F.);
#6479 = FACE_BOUND('',#6480,.T.);
#6480 = EDGE_LOOP('',(#6481,#6482,#6488,#6489));
#6481 = ORIENTED_EDGE('',*,*,#3985,.T.);
#6482 = ORIENTED_EDGE('',*,*,#6483,.T.);
#6483 = EDGE_CURVE('',#3986,#5087,#6484,.T.);
#6484 = LINE('',#6485,#6486);
#6485 = CARTESIAN_POINT('',(96.81,-114.4,-4.6E-02));
#6486 = VECTOR('',#6487,1.);
#6487 = DIRECTION('',(0.,0.,1.));
#6488 = ORIENTED_EDGE('',*,*,#5086,.F.);
#6489 = ORIENTED_EDGE('',*,*,#6483,.F.);
#6490 = CYLINDRICAL_SURFACE('',#6491,0.4);
#6491 = AXIS2_PLACEMENT_3D('',#6492,#6493,#6494);
#6492 = CARTESIAN_POINT('',(96.81,-114.,-4.6E-02));
#6493 = DIRECTION('',(-0.,-0.,-1.));
#6494 = DIRECTION('',(-0.,-1.,0.));
#6495 = ADVANCED_FACE('',(#6496),#6507,.F.);
#6496 = FACE_BOUND('',#6497,.T.);
#6497 = EDGE_LOOP('',(#6498,#6499,#6505,#6506));
#6498 = ORIENTED_EDGE('',*,*,#3996,.T.);
#6499 = ORIENTED_EDGE('',*,*,#6500,.T.);
#6500 = EDGE_CURVE('',#3997,#5098,#6501,.T.);
#6501 = LINE('',#6502,#6503);
#6502 = CARTESIAN_POINT('',(92.38,-105.93,-4.6E-02));
#6503 = VECTOR('',#6504,1.);
#6504 = DIRECTION('',(0.,0.,1.));
#6505 = ORIENTED_EDGE('',*,*,#5097,.F.);
#6506 = ORIENTED_EDGE('',*,*,#6500,.F.);
#6507 = CYLINDRICAL_SURFACE('',#6508,0.85);
#6508 = AXIS2_PLACEMENT_3D('',#6509,#6510,#6511);
#6509 = CARTESIAN_POINT('',(92.38,-105.08,-4.6E-02));
#6510 = DIRECTION('',(-0.,-0.,-1.));
#6511 = DIRECTION('',(-0.,-1.,0.));
#6512 = ADVANCED_FACE('',(#6513),#6524,.F.);
#6513 = FACE_BOUND('',#6514,.T.);
#6514 = EDGE_LOOP('',(#6515,#6516,#6522,#6523));
#6515 = ORIENTED_EDGE('',*,*,#4007,.T.);
#6516 = ORIENTED_EDGE('',*,*,#6517,.T.);
#6517 = EDGE_CURVE('',#4008,#5109,#6518,.T.);
#6518 = LINE('',#6519,#6520);
#6519 = CARTESIAN_POINT('',(93.65,-103.29,-4.6E-02));
#6520 = VECTOR('',#6521,1.);
#6521 = DIRECTION('',(0.,0.,1.));
#6522 = ORIENTED_EDGE('',*,*,#5108,.F.);
#6523 = ORIENTED_EDGE('',*,*,#6517,.F.);
#6524 = CYLINDRICAL_SURFACE('',#6525,0.75);
#6525 = AXIS2_PLACEMENT_3D('',#6526,#6527,#6528);
#6526 = CARTESIAN_POINT('',(93.65,-102.54,-4.6E-02));
#6527 = DIRECTION('',(-0.,-0.,-1.));
#6528 = DIRECTION('',(-0.,-1.,0.));
#6529 = ADVANCED_FACE('',(#6530),#6541,.F.);
#6530 = FACE_BOUND('',#6531,.T.);
#6531 = EDGE_LOOP('',(#6532,#6533,#6539,#6540));
#6532 = ORIENTED_EDGE('',*,*,#4018,.T.);
#6533 = ORIENTED_EDGE('',*,*,#6534,.T.);
#6534 = EDGE_CURVE('',#4019,#5120,#6535,.T.);
#6535 = LINE('',#6536,#6537);
#6536 = CARTESIAN_POINT('',(97.46,-107.08,-4.6E-02));
#6537 = VECTOR('',#6538,1.);
#6538 = DIRECTION('',(0.,0.,1.));
#6539 = ORIENTED_EDGE('',*,*,#5119,.F.);
#6540 = ORIENTED_EDGE('',*,*,#6534,.F.);
#6541 = CYLINDRICAL_SURFACE('',#6542,2.);
#6542 = AXIS2_PLACEMENT_3D('',#6543,#6544,#6545);
#6543 = CARTESIAN_POINT('',(97.46,-105.08,-4.6E-02));
#6544 = DIRECTION('',(-0.,-0.,-1.));
#6545 = DIRECTION('',(-0.,-1.,0.));
#6546 = ADVANCED_FACE('',(#6547),#6558,.F.);
#6547 = FACE_BOUND('',#6548,.T.);
#6548 = EDGE_LOOP('',(#6549,#6550,#6556,#6557));
#6549 = ORIENTED_EDGE('',*,*,#4029,.T.);
#6550 = ORIENTED_EDGE('',*,*,#6551,.T.);
#6551 = EDGE_CURVE('',#4030,#5131,#6552,.T.);
#6552 = LINE('',#6553,#6554);
#6553 = CARTESIAN_POINT('',(102.54,-105.93,-4.6E-02));
#6554 = VECTOR('',#6555,1.);
#6555 = DIRECTION('',(0.,0.,1.));
#6556 = ORIENTED_EDGE('',*,*,#5130,.F.);
#6557 = ORIENTED_EDGE('',*,*,#6551,.F.);
#6558 = CYLINDRICAL_SURFACE('',#6559,0.85);
#6559 = AXIS2_PLACEMENT_3D('',#6560,#6561,#6562);
#6560 = CARTESIAN_POINT('',(102.54,-105.08,-4.6E-02));
#6561 = DIRECTION('',(-0.,0.,-1.));
#6562 = DIRECTION('',(1.671865260612E-14,-1.,-0.));
#6563 = ADVANCED_FACE('',(#6564),#6575,.F.);
#6564 = FACE_BOUND('',#6565,.T.);
#6565 = EDGE_LOOP('',(#6566,#6567,#6573,#6574));
#6566 = ORIENTED_EDGE('',*,*,#4040,.T.);
#6567 = ORIENTED_EDGE('',*,*,#6568,.T.);
#6568 = EDGE_CURVE('',#4041,#5142,#6569,.T.);
#6569 = LINE('',#6570,#6571);
#6570 = CARTESIAN_POINT('',(100.,-100.75,-4.6E-02));
#6571 = VECTOR('',#6572,1.);
#6572 = DIRECTION('',(0.,0.,1.));
#6573 = ORIENTED_EDGE('',*,*,#5141,.F.);
#6574 = ORIENTED_EDGE('',*,*,#6568,.F.);
#6575 = CYLINDRICAL_SURFACE('',#6576,0.75);
#6576 = AXIS2_PLACEMENT_3D('',#6577,#6578,#6579);
#6577 = CARTESIAN_POINT('',(100.,-100.,-4.6E-02));
#6578 = DIRECTION('',(-0.,-0.,-1.));
#6579 = DIRECTION('',(-0.,-1.,0.));
#6580 = ADVANCED_FACE('',(#6581),#6592,.F.);
#6581 = FACE_BOUND('',#6582,.T.);
#6582 = EDGE_LOOP('',(#6583,#6584,#6590,#6591));
#6583 = ORIENTED_EDGE('',*,*,#4051,.T.);
#6584 = ORIENTED_EDGE('',*,*,#6585,.T.);
#6585 = EDGE_CURVE('',#4052,#5153,#6586,.T.);
#6586 = LINE('',#6587,#6588);
#6587 = CARTESIAN_POINT('',(68.375,-95.58,-4.6E-02));
#6588 = VECTOR('',#6589,1.);
#6589 = DIRECTION('',(0.,0.,1.));
#6590 = ORIENTED_EDGE('',*,*,#5152,.F.);
#6591 = ORIENTED_EDGE('',*,*,#6585,.F.);
#6592 = CYLINDRICAL_SURFACE('',#6593,0.5);
#6593 = AXIS2_PLACEMENT_3D('',#6594,#6595,#6596);
#6594 = CARTESIAN_POINT('',(68.375,-95.08,-4.6E-02));
#6595 = DIRECTION('',(-0.,-0.,-1.));
#6596 = DIRECTION('',(-0.,-1.,0.));
#6597 = ADVANCED_FACE('',(#6598),#6609,.F.);
#6598 = FACE_BOUND('',#6599,.T.);
#6599 = EDGE_LOOP('',(#6600,#6601,#6607,#6608));
#6600 = ORIENTED_EDGE('',*,*,#4062,.T.);
#6601 = ORIENTED_EDGE('',*,*,#6602,.T.);
#6602 = EDGE_CURVE('',#4063,#5164,#6603,.T.);
#6603 = LINE('',#6604,#6605);
#6604 = CARTESIAN_POINT('',(68.375,-93.04,-4.6E-02));
#6605 = VECTOR('',#6606,1.);
#6606 = DIRECTION('',(0.,0.,1.));
#6607 = ORIENTED_EDGE('',*,*,#5163,.F.);
#6608 = ORIENTED_EDGE('',*,*,#6602,.F.);
#6609 = CYLINDRICAL_SURFACE('',#6610,0.5);
#6610 = AXIS2_PLACEMENT_3D('',#6611,#6612,#6613);
#6611 = CARTESIAN_POINT('',(68.375,-92.54,-4.6E-02));
#6612 = DIRECTION('',(-0.,-0.,-1.));
#6613 = DIRECTION('',(-0.,-1.,0.));
#6614 = ADVANCED_FACE('',(#6615),#6626,.F.);
#6615 = FACE_BOUND('',#6616,.T.);
#6616 = EDGE_LOOP('',(#6617,#6618,#6624,#6625));
#6617 = ORIENTED_EDGE('',*,*,#4073,.T.);
#6618 = ORIENTED_EDGE('',*,*,#6619,.T.);
#6619 = EDGE_CURVE('',#4074,#5175,#6620,.T.);
#6620 = LINE('',#6621,#6622);
#6621 = CARTESIAN_POINT('',(68.375,-90.5,-4.6E-02));
#6622 = VECTOR('',#6623,1.);
#6623 = DIRECTION('',(0.,0.,1.));
#6624 = ORIENTED_EDGE('',*,*,#5174,.F.);
#6625 = ORIENTED_EDGE('',*,*,#6619,.F.);
#6626 = CYLINDRICAL_SURFACE('',#6627,0.5);
#6627 = AXIS2_PLACEMENT_3D('',#6628,#6629,#6630);
#6628 = CARTESIAN_POINT('',(68.375,-90.,-4.6E-02));
#6629 = DIRECTION('',(-0.,-0.,-1.));
#6630 = DIRECTION('',(-0.,-1.,0.));
#6631 = ADVANCED_FACE('',(#6632),#6643,.F.);
#6632 = FACE_BOUND('',#6633,.T.);
#6633 = EDGE_LOOP('',(#6634,#6635,#6641,#6642));
#6634 = ORIENTED_EDGE('',*,*,#4084,.T.);
#6635 = ORIENTED_EDGE('',*,*,#6636,.T.);
#6636 = EDGE_CURVE('',#4085,#5186,#6637,.T.);
#6637 = LINE('',#6638,#6639);
#6638 = CARTESIAN_POINT('',(68.375,-87.96,-4.6E-02));
#6639 = VECTOR('',#6640,1.);
#6640 = DIRECTION('',(0.,0.,1.));
#6641 = ORIENTED_EDGE('',*,*,#5185,.F.);
#6642 = ORIENTED_EDGE('',*,*,#6636,.F.);
#6643 = CYLINDRICAL_SURFACE('',#6644,0.5);
#6644 = AXIS2_PLACEMENT_3D('',#6645,#6646,#6647);
#6645 = CARTESIAN_POINT('',(68.375,-87.46,-4.6E-02));
#6646 = DIRECTION('',(-0.,-0.,-1.));
#6647 = DIRECTION('',(-0.,-1.,0.));
#6648 = ADVANCED_FACE('',(#6649),#6660,.F.);
#6649 = FACE_BOUND('',#6650,.T.);
#6650 = EDGE_LOOP('',(#6651,#6652,#6658,#6659));
#6651 = ORIENTED_EDGE('',*,*,#4095,.T.);
#6652 = ORIENTED_EDGE('',*,*,#6653,.T.);
#6653 = EDGE_CURVE('',#4096,#5197,#6654,.T.);
#6654 = LINE('',#6655,#6656);
#6655 = CARTESIAN_POINT('',(68.375,-85.42,-4.6E-02));
#6656 = VECTOR('',#6657,1.);
#6657 = DIRECTION('',(0.,0.,1.));
#6658 = ORIENTED_EDGE('',*,*,#5196,.F.);
#6659 = ORIENTED_EDGE('',*,*,#6653,.F.);
#6660 = CYLINDRICAL_SURFACE('',#6661,0.5);
#6661 = AXIS2_PLACEMENT_3D('',#6662,#6663,#6664);
#6662 = CARTESIAN_POINT('',(68.375,-84.92,-4.6E-02));
#6663 = DIRECTION('',(-0.,-0.,-1.));
#6664 = DIRECTION('',(-0.,-1.,0.));
#6665 = ADVANCED_FACE('',(#6666),#6677,.F.);
#6666 = FACE_BOUND('',#6667,.T.);
#6667 = EDGE_LOOP('',(#6668,#6669,#6675,#6676));
#6668 = ORIENTED_EDGE('',*,*,#4106,.T.);
#6669 = ORIENTED_EDGE('',*,*,#6670,.T.);
#6670 = EDGE_CURVE('',#4107,#5208,#6671,.T.);
#6671 = LINE('',#6672,#6673);
#6672 = CARTESIAN_POINT('',(83.625,-95.58,-4.6E-02));
#6673 = VECTOR('',#6674,1.);
#6674 = DIRECTION('',(0.,0.,1.));
#6675 = ORIENTED_EDGE('',*,*,#5207,.F.);
#6676 = ORIENTED_EDGE('',*,*,#6670,.F.);
#6677 = CYLINDRICAL_SURFACE('',#6678,0.5);
#6678 = AXIS2_PLACEMENT_3D('',#6679,#6680,#6681);
#6679 = CARTESIAN_POINT('',(83.625,-95.08,-4.6E-02));
#6680 = DIRECTION('',(-0.,-0.,-1.));
#6681 = DIRECTION('',(-0.,-1.,0.));
#6682 = ADVANCED_FACE('',(#6683),#6694,.F.);
#6683 = FACE_BOUND('',#6684,.T.);
#6684 = EDGE_LOOP('',(#6685,#6686,#6692,#6693));
#6685 = ORIENTED_EDGE('',*,*,#4117,.T.);
#6686 = ORIENTED_EDGE('',*,*,#6687,.T.);
#6687 = EDGE_CURVE('',#4118,#5219,#6688,.T.);
#6688 = LINE('',#6689,#6690);
#6689 = CARTESIAN_POINT('',(83.625,-93.04,-4.6E-02));
#6690 = VECTOR('',#6691,1.);
#6691 = DIRECTION('',(0.,0.,1.));
#6692 = ORIENTED_EDGE('',*,*,#5218,.F.);
#6693 = ORIENTED_EDGE('',*,*,#6687,.F.);
#6694 = CYLINDRICAL_SURFACE('',#6695,0.5);
#6695 = AXIS2_PLACEMENT_3D('',#6696,#6697,#6698);
#6696 = CARTESIAN_POINT('',(83.625,-92.54,-4.6E-02));
#6697 = DIRECTION('',(-0.,-0.,-1.));
#6698 = DIRECTION('',(-0.,-1.,0.));
#6699 = ADVANCED_FACE('',(#6700),#6711,.F.);
#6700 = FACE_BOUND('',#6701,.T.);
#6701 = EDGE_LOOP('',(#6702,#6703,#6709,#6710));
#6702 = ORIENTED_EDGE('',*,*,#4128,.T.);
#6703 = ORIENTED_EDGE('',*,*,#6704,.T.);
#6704 = EDGE_CURVE('',#4129,#5230,#6705,.T.);
#6705 = LINE('',#6706,#6707);
#6706 = CARTESIAN_POINT('',(83.625,-90.5,-4.6E-02));
#6707 = VECTOR('',#6708,1.);
#6708 = DIRECTION('',(0.,0.,1.));
#6709 = ORIENTED_EDGE('',*,*,#5229,.F.);
#6710 = ORIENTED_EDGE('',*,*,#6704,.F.);
#6711 = CYLINDRICAL_SURFACE('',#6712,0.5);
#6712 = AXIS2_PLACEMENT_3D('',#6713,#6714,#6715);
#6713 = CARTESIAN_POINT('',(83.625,-90.,-4.6E-02));
#6714 = DIRECTION('',(-0.,-0.,-1.));
#6715 = DIRECTION('',(-0.,-1.,0.));
#6716 = ADVANCED_FACE('',(#6717),#6728,.F.);
#6717 = FACE_BOUND('',#6718,.T.);
#6718 = EDGE_LOOP('',(#6719,#6720,#6726,#6727));
#6719 = ORIENTED_EDGE('',*,*,#4139,.T.);
#6720 = ORIENTED_EDGE('',*,*,#6721,.T.);
#6721 = EDGE_CURVE('',#4140,#5241,#6722,.T.);
#6722 = LINE('',#6723,#6724);
#6723 = CARTESIAN_POINT('',(83.625,-87.96,-4.6E-02));
#6724 = VECTOR('',#6725,1.);
#6725 = DIRECTION('',(0.,0.,1.));
#6726 = ORIENTED_EDGE('',*,*,#5240,.F.);
#6727 = ORIENTED_EDGE('',*,*,#6721,.F.);
#6728 = CYLINDRICAL_SURFACE('',#6729,0.5);
#6729 = AXIS2_PLACEMENT_3D('',#6730,#6731,#6732);
#6730 = CARTESIAN_POINT('',(83.625,-87.46,-4.6E-02));
#6731 = DIRECTION('',(-0.,-0.,-1.));
#6732 = DIRECTION('',(-0.,-1.,0.));
#6733 = ADVANCED_FACE('',(#6734),#6745,.F.);
#6734 = FACE_BOUND('',#6735,.T.);
#6735 = EDGE_LOOP('',(#6736,#6737,#6743,#6744));
#6736 = ORIENTED_EDGE('',*,*,#4150,.T.);
#6737 = ORIENTED_EDGE('',*,*,#6738,.T.);
#6738 = EDGE_CURVE('',#4151,#5252,#6739,.T.);
#6739 = LINE('',#6740,#6741);
#6740 = CARTESIAN_POINT('',(83.625,-85.42,-4.6E-02));
#6741 = VECTOR('',#6742,1.);
#6742 = DIRECTION('',(0.,0.,1.));
#6743 = ORIENTED_EDGE('',*,*,#5251,.F.);
#6744 = ORIENTED_EDGE('',*,*,#6738,.F.);
#6745 = CYLINDRICAL_SURFACE('',#6746,0.5);
#6746 = AXIS2_PLACEMENT_3D('',#6747,#6748,#6749);
#6747 = CARTESIAN_POINT('',(83.625,-84.92,-4.6E-02));
#6748 = DIRECTION('',(-0.,-0.,-1.));
#6749 = DIRECTION('',(-0.,-1.,0.));
#6750 = ADVANCED_FACE('',(#6751),#6762,.F.);
#6751 = FACE_BOUND('',#6752,.T.);
#6752 = EDGE_LOOP('',(#6753,#6754,#6760,#6761));
#6753 = ORIENTED_EDGE('',*,*,#4161,.T.);
#6754 = ORIENTED_EDGE('',*,*,#6755,.T.);
#6755 = EDGE_CURVE('',#4162,#5263,#6756,.T.);
#6756 = LINE('',#6757,#6758);
#6757 = CARTESIAN_POINT('',(68.375,-82.88,-4.6E-02));
#6758 = VECTOR('',#6759,1.);
#6759 = DIRECTION('',(0.,0.,1.));
#6760 = ORIENTED_EDGE('',*,*,#5262,.F.);
#6761 = ORIENTED_EDGE('',*,*,#6755,.F.);
#6762 = CYLINDRICAL_SURFACE('',#6763,0.5);
#6763 = AXIS2_PLACEMENT_3D('',#6764,#6765,#6766);
#6764 = CARTESIAN_POINT('',(68.375,-82.38,-4.6E-02));
#6765 = DIRECTION('',(-0.,-0.,-1.));
#6766 = DIRECTION('',(-0.,-1.,0.));
#6767 = ADVANCED_FACE('',(#6768),#6779,.F.);
#6768 = FACE_BOUND('',#6769,.T.);
#6769 = EDGE_LOOP('',(#6770,#6771,#6777,#6778));
#6770 = ORIENTED_EDGE('',*,*,#4172,.T.);
#6771 = ORIENTED_EDGE('',*,*,#6772,.T.);
#6772 = EDGE_CURVE('',#4173,#5274,#6773,.T.);
#6773 = LINE('',#6774,#6775);
#6774 = CARTESIAN_POINT('',(65.,-76.6,-4.6E-02));
#6775 = VECTOR('',#6776,1.);
#6776 = DIRECTION('',(0.,0.,1.));
#6777 = ORIENTED_EDGE('',*,*,#5273,.F.);
#6778 = ORIENTED_EDGE('',*,*,#6772,.F.);
#6779 = CYLINDRICAL_SURFACE('',#6780,1.6);
#6780 = AXIS2_PLACEMENT_3D('',#6781,#6782,#6783);
#6781 = CARTESIAN_POINT('',(65.,-75.,-4.6E-02));
#6782 = DIRECTION('',(-0.,-0.,-1.));
#6783 = DIRECTION('',(-0.,-1.,0.));
#6784 = ADVANCED_FACE('',(#6785),#6796,.F.);
#6785 = FACE_BOUND('',#6786,.T.);
#6786 = EDGE_LOOP('',(#6787,#6788,#6794,#6795));
#6787 = ORIENTED_EDGE('',*,*,#4183,.T.);
#6788 = ORIENTED_EDGE('',*,*,#6789,.T.);
#6789 = EDGE_CURVE('',#4184,#5285,#6790,.T.);
#6790 = LINE('',#6791,#6792);
#6791 = CARTESIAN_POINT('',(83.625,-82.88,-4.6E-02));
#6792 = VECTOR('',#6793,1.);
#6793 = DIRECTION('',(0.,0.,1.));
#6794 = ORIENTED_EDGE('',*,*,#5284,.F.);
#6795 = ORIENTED_EDGE('',*,*,#6789,.F.);
#6796 = CYLINDRICAL_SURFACE('',#6797,0.5);
#6797 = AXIS2_PLACEMENT_3D('',#6798,#6799,#6800);
#6798 = CARTESIAN_POINT('',(83.625,-82.38,-4.6E-02));
#6799 = DIRECTION('',(-0.,-0.,-1.));
#6800 = DIRECTION('',(-0.,-1.,0.));
#6801 = ADVANCED_FACE('',(#6802),#6813,.F.);
#6802 = FACE_BOUND('',#6803,.T.);
#6803 = EDGE_LOOP('',(#6804,#6805,#6811,#6812));
#6804 = ORIENTED_EDGE('',*,*,#4194,.T.);
#6805 = ORIENTED_EDGE('',*,*,#6806,.T.);
#6806 = EDGE_CURVE('',#4195,#5296,#6807,.T.);
#6807 = LINE('',#6808,#6809);
#6808 = CARTESIAN_POINT('',(89.5,-88.5,-4.6E-02));
#6809 = VECTOR('',#6810,1.);
#6810 = DIRECTION('',(0.,0.,1.));
#6811 = ORIENTED_EDGE('',*,*,#5295,.F.);
#6812 = ORIENTED_EDGE('',*,*,#6806,.F.);
#6813 = CYLINDRICAL_SURFACE('',#6814,0.5);
#6814 = AXIS2_PLACEMENT_3D('',#6815,#6816,#6817);
#6815 = CARTESIAN_POINT('',(89.5,-88.,-4.6E-02));
#6816 = DIRECTION('',(-0.,-0.,-1.));
#6817 = DIRECTION('',(-0.,-1.,0.));
#6818 = ADVANCED_FACE('',(#6819),#6830,.F.);
#6819 = FACE_BOUND('',#6820,.T.);
#6820 = EDGE_LOOP('',(#6821,#6822,#6828,#6829));
#6821 = ORIENTED_EDGE('',*,*,#4205,.T.);
#6822 = ORIENTED_EDGE('',*,*,#6823,.T.);
#6823 = EDGE_CURVE('',#4206,#5307,#6824,.T.);
#6824 = LINE('',#6825,#6826);
#6825 = CARTESIAN_POINT('',(89.5,-86.,-4.6E-02));
#6826 = VECTOR('',#6827,1.);
#6827 = DIRECTION('',(0.,0.,1.));
#6828 = ORIENTED_EDGE('',*,*,#5306,.F.);
#6829 = ORIENTED_EDGE('',*,*,#6823,.F.);
#6830 = CYLINDRICAL_SURFACE('',#6831,0.5);
#6831 = AXIS2_PLACEMENT_3D('',#6832,#6833,#6834);
#6832 = CARTESIAN_POINT('',(89.5,-85.5,-4.6E-02));
#6833 = DIRECTION('',(-0.,-0.,-1.));
#6834 = DIRECTION('',(-0.,-1.,0.));
#6835 = ADVANCED_FACE('',(#6836),#6852,.F.);
#6836 = FACE_BOUND('',#6837,.T.);
#6837 = EDGE_LOOP('',(#6838,#6839,#6845,#6846));
#6838 = ORIENTED_EDGE('',*,*,#4216,.T.);
#6839 = ORIENTED_EDGE('',*,*,#6840,.T.);
#6840 = EDGE_CURVE('',#4219,#5320,#6841,.T.);
#6841 = LINE('',#6842,#6843);
#6842 = CARTESIAN_POINT('',(97.65,-91.85,-4.6E-02));
#6843 = VECTOR('',#6844,1.);
#6844 = DIRECTION('',(0.,0.,1.));
#6845 = ORIENTED_EDGE('',*,*,#5317,.F.);
#6846 = ORIENTED_EDGE('',*,*,#6847,.F.);
#6847 = EDGE_CURVE('',#4217,#5318,#6848,.T.);
#6848 = LINE('',#6849,#6850);
#6849 = CARTESIAN_POINT('',(97.65,-90.35,-4.6E-02));
#6850 = VECTOR('',#6851,1.);
#6851 = DIRECTION('',(0.,0.,1.));
#6852 = CYLINDRICAL_SURFACE('',#6853,0.75);
#6853 = AXIS2_PLACEMENT_3D('',#6854,#6855,#6856);
#6854 = CARTESIAN_POINT('',(97.65,-91.1,-4.6E-02));
#6855 = DIRECTION('',(-0.,-0.,-1.));
#6856 = DIRECTION('',(-0.,-1.,0.));
#6857 = ADVANCED_FACE('',(#6858),#6869,.T.);
#6858 = FACE_BOUND('',#6859,.T.);
#6859 = EDGE_LOOP('',(#6860,#6861,#6862,#6863));
#6860 = ORIENTED_EDGE('',*,*,#4244,.T.);
#6861 = ORIENTED_EDGE('',*,*,#6847,.T.);
#6862 = ORIENTED_EDGE('',*,*,#5345,.F.);
#6863 = ORIENTED_EDGE('',*,*,#6864,.F.);
#6864 = EDGE_CURVE('',#4236,#5337,#6865,.T.);
#6865 = LINE('',#6866,#6867);
#6866 = CARTESIAN_POINT('',(96.35,-90.35,-4.6E-02));
#6867 = VECTOR('',#6868,1.);
#6868 = DIRECTION('',(0.,0.,1.));
#6869 = PLANE('',#6870);
#6870 = AXIS2_PLACEMENT_3D('',#6871,#6872,#6873);
#6871 = CARTESIAN_POINT('',(97.65,-90.35,-4.6E-02));
#6872 = DIRECTION('',(0.,-1.,0.));
#6873 = DIRECTION('',(-1.,0.,0.));
#6874 = ADVANCED_FACE('',(#6875),#6886,.F.);
#6875 = FACE_BOUND('',#6876,.T.);
#6876 = EDGE_LOOP('',(#6877,#6878,#6879,#6880));
#6877 = ORIENTED_EDGE('',*,*,#4235,.T.);
#6878 = ORIENTED_EDGE('',*,*,#6864,.T.);
#6879 = ORIENTED_EDGE('',*,*,#5336,.F.);
#6880 = ORIENTED_EDGE('',*,*,#6881,.F.);
#6881 = EDGE_CURVE('',#4228,#5329,#6882,.T.);
#6882 = LINE('',#6883,#6884);
#6883 = CARTESIAN_POINT('',(96.35,-91.85,-4.6E-02));
#6884 = VECTOR('',#6885,1.);
#6885 = DIRECTION('',(0.,0.,1.));
#6886 = CYLINDRICAL_SURFACE('',#6887,0.75);
#6887 = AXIS2_PLACEMENT_3D('',#6888,#6889,#6890);
#6888 = CARTESIAN_POINT('',(96.35,-91.1,-4.6E-02));
#6889 = DIRECTION('',(-0.,0.,-1.));
#6890 = DIRECTION('',(0.,1.,0.));
#6891 = ADVANCED_FACE('',(#6892),#6898,.T.);
#6892 = FACE_BOUND('',#6893,.T.);
#6893 = EDGE_LOOP('',(#6894,#6895,#6896,#6897));
#6894 = ORIENTED_EDGE('',*,*,#4227,.T.);
#6895 = ORIENTED_EDGE('',*,*,#6881,.T.);
#6896 = ORIENTED_EDGE('',*,*,#5328,.F.);
#6897 = ORIENTED_EDGE('',*,*,#6840,.F.);
#6898 = PLANE('',#6899);
#6899 = AXIS2_PLACEMENT_3D('',#6900,#6901,#6902);
#6900 = CARTESIAN_POINT('',(96.35,-91.85,-4.6E-02));
#6901 = DIRECTION('',(0.,1.,0.));
#6902 = DIRECTION('',(1.,0.,0.));
#6903 = ADVANCED_FACE('',(#6904),#6915,.F.);
#6904 = FACE_BOUND('',#6905,.T.);
#6905 = EDGE_LOOP('',(#6906,#6907,#6913,#6914));
#6906 = ORIENTED_EDGE('',*,*,#4252,.T.);
#6907 = ORIENTED_EDGE('',*,*,#6908,.T.);
#6908 = EDGE_CURVE('',#4253,#5354,#6909,.T.);
#6909 = LINE('',#6910,#6911);
#6910 = CARTESIAN_POINT('',(104.,-88.5,-4.6E-02));
#6911 = VECTOR('',#6912,1.);
#6912 = DIRECTION('',(0.,0.,1.));
#6913 = ORIENTED_EDGE('',*,*,#5353,.F.);
#6914 = ORIENTED_EDGE('',*,*,#6908,.F.);
#6915 = CYLINDRICAL_SURFACE('',#6916,0.5);
#6916 = AXIS2_PLACEMENT_3D('',#6917,#6918,#6919);
#6917 = CARTESIAN_POINT('',(104.,-88.,-4.6E-02));
#6918 = DIRECTION('',(-0.,-0.,-1.));
#6919 = DIRECTION('',(-0.,-1.,0.));
#6920 = ADVANCED_FACE('',(#6921),#6932,.F.);
#6921 = FACE_BOUND('',#6922,.T.);
#6922 = EDGE_LOOP('',(#6923,#6924,#6930,#6931));
#6923 = ORIENTED_EDGE('',*,*,#4263,.T.);
#6924 = ORIENTED_EDGE('',*,*,#6925,.T.);
#6925 = EDGE_CURVE('',#4264,#5365,#6926,.T.);
#6926 = LINE('',#6927,#6928);
#6927 = CARTESIAN_POINT('',(89.5,-83.5,-4.6E-02));
#6928 = VECTOR('',#6929,1.);
#6929 = DIRECTION('',(0.,0.,1.));
#6930 = ORIENTED_EDGE('',*,*,#5364,.F.);
#6931 = ORIENTED_EDGE('',*,*,#6925,.F.);
#6932 = CYLINDRICAL_SURFACE('',#6933,0.5);
#6933 = AXIS2_PLACEMENT_3D('',#6934,#6935,#6936);
#6934 = CARTESIAN_POINT('',(89.5,-83.,-4.6E-02));
#6935 = DIRECTION('',(-0.,-0.,-1.));
#6936 = DIRECTION('',(-0.,-1.,0.));
#6937 = ADVANCED_FACE('',(#6938),#6954,.F.);
#6938 = FACE_BOUND('',#6939,.T.);
#6939 = EDGE_LOOP('',(#6940,#6941,#6947,#6948));
#6940 = ORIENTED_EDGE('',*,*,#4274,.T.);
#6941 = ORIENTED_EDGE('',*,*,#6942,.T.);
#6942 = EDGE_CURVE('',#4277,#5378,#6943,.T.);
#6943 = LINE('',#6944,#6945);
#6944 = CARTESIAN_POINT('',(97.65,-80.65,-4.6E-02));
#6945 = VECTOR('',#6946,1.);
#6946 = DIRECTION('',(0.,0.,1.));
#6947 = ORIENTED_EDGE('',*,*,#5375,.F.);
#6948 = ORIENTED_EDGE('',*,*,#6949,.F.);
#6949 = EDGE_CURVE('',#4275,#5376,#6950,.T.);
#6950 = LINE('',#6951,#6952);
#6951 = CARTESIAN_POINT('',(97.65,-79.15,-4.6E-02));
#6952 = VECTOR('',#6953,1.);
#6953 = DIRECTION('',(0.,0.,1.));
#6954 = CYLINDRICAL_SURFACE('',#6955,0.75);
#6955 = AXIS2_PLACEMENT_3D('',#6956,#6957,#6958);
#6956 = CARTESIAN_POINT('',(97.65,-79.9,-4.6E-02));
#6957 = DIRECTION('',(-0.,-0.,-1.));
#6958 = DIRECTION('',(-0.,-1.,0.));
#6959 = ADVANCED_FACE('',(#6960),#6971,.T.);
#6960 = FACE_BOUND('',#6961,.T.);
#6961 = EDGE_LOOP('',(#6962,#6963,#6964,#6965));
#6962 = ORIENTED_EDGE('',*,*,#4302,.T.);
#6963 = ORIENTED_EDGE('',*,*,#6949,.T.);
#6964 = ORIENTED_EDGE('',*,*,#5403,.F.);
#6965 = ORIENTED_EDGE('',*,*,#6966,.F.);
#6966 = EDGE_CURVE('',#4294,#5395,#6967,.T.);
#6967 = LINE('',#6968,#6969);
#6968 = CARTESIAN_POINT('',(96.35,-79.15,-4.6E-02));
#6969 = VECTOR('',#6970,1.);
#6970 = DIRECTION('',(0.,0.,1.));
#6971 = PLANE('',#6972);
#6972 = AXIS2_PLACEMENT_3D('',#6973,#6974,#6975);
#6973 = CARTESIAN_POINT('',(97.65,-79.15,-4.6E-02));
#6974 = DIRECTION('',(0.,-1.,0.));
#6975 = DIRECTION('',(-1.,0.,0.));
#6976 = ADVANCED_FACE('',(#6977),#6988,.F.);
#6977 = FACE_BOUND('',#6978,.T.);
#6978 = EDGE_LOOP('',(#6979,#6980,#6981,#6982));
#6979 = ORIENTED_EDGE('',*,*,#4293,.T.);
#6980 = ORIENTED_EDGE('',*,*,#6966,.T.);
#6981 = ORIENTED_EDGE('',*,*,#5394,.F.);
#6982 = ORIENTED_EDGE('',*,*,#6983,.F.);
#6983 = EDGE_CURVE('',#4286,#5387,#6984,.T.);
#6984 = LINE('',#6985,#6986);
#6985 = CARTESIAN_POINT('',(96.35,-80.65,-4.6E-02));
#6986 = VECTOR('',#6987,1.);
#6987 = DIRECTION('',(0.,0.,1.));
#6988 = CYLINDRICAL_SURFACE('',#6989,0.75);
#6989 = AXIS2_PLACEMENT_3D('',#6990,#6991,#6992);
#6990 = CARTESIAN_POINT('',(96.35,-79.9,-4.6E-02));
#6991 = DIRECTION('',(-0.,0.,-1.));
#6992 = DIRECTION('',(0.,1.,0.));
#6993 = ADVANCED_FACE('',(#6994),#7000,.T.);
#6994 = FACE_BOUND('',#6995,.T.);
#6995 = EDGE_LOOP('',(#6996,#6997,#6998,#6999));
#6996 = ORIENTED_EDGE('',*,*,#4285,.T.);
#6997 = ORIENTED_EDGE('',*,*,#6983,.T.);
#6998 = ORIENTED_EDGE('',*,*,#5386,.F.);
#6999 = ORIENTED_EDGE('',*,*,#6942,.F.);
#7000 = PLANE('',#7001);
#7001 = AXIS2_PLACEMENT_3D('',#7002,#7003,#7004);
#7002 = CARTESIAN_POINT('',(96.35,-80.65,-4.6E-02));
#7003 = DIRECTION('',(0.,1.,0.));
#7004 = DIRECTION('',(1.,0.,0.));
#7005 = ADVANCED_FACE('',(#7006),#7017,.F.);
#7006 = FACE_BOUND('',#7007,.T.);
#7007 = EDGE_LOOP('',(#7008,#7009,#7015,#7016));
#7008 = ORIENTED_EDGE('',*,*,#4310,.T.);
#7009 = ORIENTED_EDGE('',*,*,#7010,.T.);
#7010 = EDGE_CURVE('',#4311,#5412,#7011,.T.);
#7011 = LINE('',#7012,#7013);
#7012 = CARTESIAN_POINT('',(104.,-83.5,-4.6E-02));
#7013 = VECTOR('',#7014,1.);
#7014 = DIRECTION('',(0.,0.,1.));
#7015 = ORIENTED_EDGE('',*,*,#5411,.F.);
#7016 = ORIENTED_EDGE('',*,*,#7010,.F.);
#7017 = CYLINDRICAL_SURFACE('',#7018,0.5);
#7018 = AXIS2_PLACEMENT_3D('',#7019,#7020,#7021);
#7019 = CARTESIAN_POINT('',(104.,-83.,-4.6E-02));
#7020 = DIRECTION('',(-0.,-0.,-1.));
#7021 = DIRECTION('',(-0.,-1.,0.));
#7022 = ADVANCED_FACE('',(#7023),#7034,.F.);
#7023 = FACE_BOUND('',#7024,.T.);
#7024 = EDGE_LOOP('',(#7025,#7026,#7032,#7033));
#7025 = ORIENTED_EDGE('',*,*,#4321,.T.);
#7026 = ORIENTED_EDGE('',*,*,#7027,.T.);
#7027 = EDGE_CURVE('',#4322,#5423,#7028,.T.);
#7028 = LINE('',#7029,#7030);
#7029 = CARTESIAN_POINT('',(108.38,-114.4,-4.6E-02));
#7030 = VECTOR('',#7031,1.);
#7031 = DIRECTION('',(0.,0.,1.));
#7032 = ORIENTED_EDGE('',*,*,#5422,.F.);
#7033 = ORIENTED_EDGE('',*,*,#7027,.F.);
#7034 = CYLINDRICAL_SURFACE('',#7035,0.4);
#7035 = AXIS2_PLACEMENT_3D('',#7036,#7037,#7038);
#7036 = CARTESIAN_POINT('',(108.38,-114.,-4.6E-02));
#7037 = DIRECTION('',(-0.,-0.,-1.));
#7038 = DIRECTION('',(-0.,-1.,0.));
#7039 = ADVANCED_FACE('',(#7040),#7051,.F.);
#7040 = FACE_BOUND('',#7041,.T.);
#7041 = EDGE_LOOP('',(#7042,#7043,#7049,#7050));
#7042 = ORIENTED_EDGE('',*,*,#4332,.T.);
#7043 = ORIENTED_EDGE('',*,*,#7044,.T.);
#7044 = EDGE_CURVE('',#4333,#5434,#7045,.T.);
#7045 = LINE('',#7046,#7047);
#7046 = CARTESIAN_POINT('',(116.,-114.4,-4.6E-02));
#7047 = VECTOR('',#7048,1.);
#7048 = DIRECTION('',(0.,0.,1.));
#7049 = ORIENTED_EDGE('',*,*,#5433,.F.);
#7050 = ORIENTED_EDGE('',*,*,#7044,.F.);
#7051 = CYLINDRICAL_SURFACE('',#7052,0.4);
#7052 = AXIS2_PLACEMENT_3D('',#7053,#7054,#7055);
#7053 = CARTESIAN_POINT('',(116.,-114.,-4.6E-02));
#7054 = DIRECTION('',(-0.,-0.,-1.));
#7055 = DIRECTION('',(-0.,-1.,0.));
#7056 = ADVANCED_FACE('',(#7057),#7068,.F.);
#7057 = FACE_BOUND('',#7058,.T.);
#7058 = EDGE_LOOP('',(#7059,#7060,#7066,#7067));
#7059 = ORIENTED_EDGE('',*,*,#4343,.T.);
#7060 = ORIENTED_EDGE('',*,*,#7061,.T.);
#7061 = EDGE_CURVE('',#4344,#5445,#7062,.T.);
#7062 = LINE('',#7063,#7064);
#7063 = CARTESIAN_POINT('',(127.38,-114.4,-4.6E-02));
#7064 = VECTOR('',#7065,1.);
#7065 = DIRECTION('',(0.,0.,1.));
#7066 = ORIENTED_EDGE('',*,*,#5444,.F.);
#7067 = ORIENTED_EDGE('',*,*,#7061,.F.);
#7068 = CYLINDRICAL_SURFACE('',#7069,0.4);
#7069 = AXIS2_PLACEMENT_3D('',#7070,#7071,#7072);
#7070 = CARTESIAN_POINT('',(127.38,-114.,-4.6E-02));
#7071 = DIRECTION('',(-0.,-0.,-1.));
#7072 = DIRECTION('',(-0.,-1.,0.));
#7073 = ADVANCED_FACE('',(#7074),#7085,.F.);
#7074 = FACE_BOUND('',#7075,.T.);
#7075 = EDGE_LOOP('',(#7076,#7077,#7083,#7084));
#7076 = ORIENTED_EDGE('',*,*,#4354,.T.);
#7077 = ORIENTED_EDGE('',*,*,#7078,.T.);
#7078 = EDGE_CURVE('',#4355,#5456,#7079,.T.);
#7079 = LINE('',#7080,#7081);
#7080 = CARTESIAN_POINT('',(111.43,-105.93,-4.6E-02));
#7081 = VECTOR('',#7082,1.);
#7082 = DIRECTION('',(0.,0.,1.));
#7083 = ORIENTED_EDGE('',*,*,#5455,.F.);
#7084 = ORIENTED_EDGE('',*,*,#7078,.F.);
#7085 = CYLINDRICAL_SURFACE('',#7086,0.85);
#7086 = AXIS2_PLACEMENT_3D('',#7087,#7088,#7089);
#7087 = CARTESIAN_POINT('',(111.43,-105.08,-4.6E-02));
#7088 = DIRECTION('',(-0.,-0.,-1.));
#7089 = DIRECTION('',(-0.,-1.,0.));
#7090 = ADVANCED_FACE('',(#7091),#7102,.F.);
#7091 = FACE_BOUND('',#7092,.T.);
#7092 = EDGE_LOOP('',(#7093,#7094,#7100,#7101));
#7093 = ORIENTED_EDGE('',*,*,#4365,.T.);
#7094 = ORIENTED_EDGE('',*,*,#7095,.T.);
#7095 = EDGE_CURVE('',#4366,#5467,#7096,.T.);
#7096 = LINE('',#7097,#7098);
#7097 = CARTESIAN_POINT('',(112.7,-103.29,-4.6E-02));
#7098 = VECTOR('',#7099,1.);
#7099 = DIRECTION('',(0.,0.,1.));
#7100 = ORIENTED_EDGE('',*,*,#5466,.F.);
#7101 = ORIENTED_EDGE('',*,*,#7095,.F.);
#7102 = CYLINDRICAL_SURFACE('',#7103,0.75);
#7103 = AXIS2_PLACEMENT_3D('',#7104,#7105,#7106);
#7104 = CARTESIAN_POINT('',(112.7,-102.54,-4.6E-02));
#7105 = DIRECTION('',(-0.,-0.,-1.));
#7106 = DIRECTION('',(-0.,-1.,0.));
#7107 = ADVANCED_FACE('',(#7108),#7119,.F.);
#7108 = FACE_BOUND('',#7109,.T.);
#7109 = EDGE_LOOP('',(#7110,#7111,#7117,#7118));
#7110 = ORIENTED_EDGE('',*,*,#4376,.T.);
#7111 = ORIENTED_EDGE('',*,*,#7112,.T.);
#7112 = EDGE_CURVE('',#4377,#5478,#7113,.T.);
#7113 = LINE('',#7114,#7115);
#7114 = CARTESIAN_POINT('',(116.51,-107.08,-4.6E-02));
#7115 = VECTOR('',#7116,1.);
#7116 = DIRECTION('',(0.,0.,1.));
#7117 = ORIENTED_EDGE('',*,*,#5477,.F.);
#7118 = ORIENTED_EDGE('',*,*,#7112,.F.);
#7119 = CYLINDRICAL_SURFACE('',#7120,2.);
#7120 = AXIS2_PLACEMENT_3D('',#7121,#7122,#7123);
#7121 = CARTESIAN_POINT('',(116.51,-105.08,-4.6E-02));
#7122 = DIRECTION('',(-0.,-0.,-1.));
#7123 = DIRECTION('',(-0.,-1.,0.));
#7124 = ADVANCED_FACE('',(#7125),#7136,.F.);
#7125 = FACE_BOUND('',#7126,.T.);
#7126 = EDGE_LOOP('',(#7127,#7128,#7134,#7135));
#7127 = ORIENTED_EDGE('',*,*,#4387,.T.);
#7128 = ORIENTED_EDGE('',*,*,#7129,.T.);
#7129 = EDGE_CURVE('',#4388,#5489,#7130,.T.);
#7130 = LINE('',#7131,#7132);
#7131 = CARTESIAN_POINT('',(121.59,-105.93,-4.6E-02));
#7132 = VECTOR('',#7133,1.);
#7133 = DIRECTION('',(0.,0.,1.));
#7134 = ORIENTED_EDGE('',*,*,#5488,.F.);
#7135 = ORIENTED_EDGE('',*,*,#7129,.F.);
#7136 = CYLINDRICAL_SURFACE('',#7137,0.85);
#7137 = AXIS2_PLACEMENT_3D('',#7138,#7139,#7140);
#7138 = CARTESIAN_POINT('',(121.59,-105.08,-4.6E-02));
#7139 = DIRECTION('',(-0.,-0.,-1.));
#7140 = DIRECTION('',(-0.,-1.,0.));
#7141 = ADVANCED_FACE('',(#7142),#7153,.F.);
#7142 = FACE_BOUND('',#7143,.T.);
#7143 = EDGE_LOOP('',(#7144,#7145,#7151,#7152));
#7144 = ORIENTED_EDGE('',*,*,#4398,.T.);
#7145 = ORIENTED_EDGE('',*,*,#7146,.T.);
#7146 = EDGE_CURVE('',#4399,#5500,#7147,.T.);
#7147 = LINE('',#7148,#7149);
#7148 = CARTESIAN_POINT('',(119.05,-100.75,-4.6E-02));
#7149 = VECTOR('',#7150,1.);
#7150 = DIRECTION('',(0.,0.,1.));
#7151 = ORIENTED_EDGE('',*,*,#5499,.F.);
#7152 = ORIENTED_EDGE('',*,*,#7146,.F.);
#7153 = CYLINDRICAL_SURFACE('',#7154,0.75);
#7154 = AXIS2_PLACEMENT_3D('',#7155,#7156,#7157);
#7155 = CARTESIAN_POINT('',(119.05,-100.,-4.6E-02));
#7156 = DIRECTION('',(-0.,-0.,-1.));
#7157 = DIRECTION('',(-0.,-1.,0.));
#7158 = ADVANCED_FACE('',(#7159),#7170,.F.);
#7159 = FACE_BOUND('',#7160,.T.);
#7160 = EDGE_LOOP('',(#7161,#7162,#7168,#7169));
#7161 = ORIENTED_EDGE('',*,*,#4409,.T.);
#7162 = ORIENTED_EDGE('',*,*,#7163,.T.);
#7163 = EDGE_CURVE('',#4410,#5511,#7164,.T.);
#7164 = LINE('',#7165,#7166);
#7165 = CARTESIAN_POINT('',(135.,-114.4,-4.6E-02));
#7166 = VECTOR('',#7167,1.);
#7167 = DIRECTION('',(0.,0.,1.));
#7168 = ORIENTED_EDGE('',*,*,#5510,.F.);
#7169 = ORIENTED_EDGE('',*,*,#7163,.F.);
#7170 = CYLINDRICAL_SURFACE('',#7171,0.4);
#7171 = AXIS2_PLACEMENT_3D('',#7172,#7173,#7174);
#7172 = CARTESIAN_POINT('',(135.,-114.,-4.6E-02));
#7173 = DIRECTION('',(-0.,-0.,-1.));
#7174 = DIRECTION('',(-0.,-1.,0.));
#7175 = ADVANCED_FACE('',(#7176),#7187,.F.);
#7176 = FACE_BOUND('',#7177,.T.);
#7177 = EDGE_LOOP('',(#7178,#7179,#7185,#7186));
#7178 = ORIENTED_EDGE('',*,*,#4420,.T.);
#7179 = ORIENTED_EDGE('',*,*,#7180,.T.);
#7180 = EDGE_CURVE('',#4421,#5522,#7181,.T.);
#7181 = LINE('',#7182,#7183);
#7182 = CARTESIAN_POINT('',(130.48,-105.93,-4.6E-02));
#7183 = VECTOR('',#7184,1.);
#7184 = DIRECTION('',(0.,0.,1.));
#7185 = ORIENTED_EDGE('',*,*,#5521,.F.);
#7186 = ORIENTED_EDGE('',*,*,#7180,.F.);
#7187 = CYLINDRICAL_SURFACE('',#7188,0.85);
#7188 = AXIS2_PLACEMENT_3D('',#7189,#7190,#7191);
#7189 = CARTESIAN_POINT('',(130.48,-105.08,-4.6E-02));
#7190 = DIRECTION('',(-0.,-0.,-1.));
#7191 = DIRECTION('',(-3.343730521224E-14,-1.,0.));
#7192 = ADVANCED_FACE('',(#7193),#7204,.F.);
#7193 = FACE_BOUND('',#7194,.T.);
#7194 = EDGE_LOOP('',(#7195,#7196,#7202,#7203));
#7195 = ORIENTED_EDGE('',*,*,#4431,.T.);
#7196 = ORIENTED_EDGE('',*,*,#7197,.T.);
#7197 = EDGE_CURVE('',#4432,#5533,#7198,.T.);
#7198 = LINE('',#7199,#7200);
#7199 = CARTESIAN_POINT('',(131.75,-103.29,-4.6E-02));
#7200 = VECTOR('',#7201,1.);
#7201 = DIRECTION('',(0.,0.,1.));
#7202 = ORIENTED_EDGE('',*,*,#5532,.F.);
#7203 = ORIENTED_EDGE('',*,*,#7197,.F.);
#7204 = CYLINDRICAL_SURFACE('',#7205,0.75);
#7205 = AXIS2_PLACEMENT_3D('',#7206,#7207,#7208);
#7206 = CARTESIAN_POINT('',(131.75,-102.54,-4.6E-02));
#7207 = DIRECTION('',(-0.,-0.,-1.));
#7208 = DIRECTION('',(-0.,-1.,0.));
#7209 = ADVANCED_FACE('',(#7210),#7221,.F.);
#7210 = FACE_BOUND('',#7211,.T.);
#7211 = EDGE_LOOP('',(#7212,#7213,#7219,#7220));
#7212 = ORIENTED_EDGE('',*,*,#4442,.T.);
#7213 = ORIENTED_EDGE('',*,*,#7214,.T.);
#7214 = EDGE_CURVE('',#4443,#5544,#7215,.T.);
#7215 = LINE('',#7216,#7217);
#7216 = CARTESIAN_POINT('',(135.56,-107.08,-4.6E-02));
#7217 = VECTOR('',#7218,1.);
#7218 = DIRECTION('',(0.,0.,1.));
#7219 = ORIENTED_EDGE('',*,*,#5543,.F.);
#7220 = ORIENTED_EDGE('',*,*,#7214,.F.);
#7221 = CYLINDRICAL_SURFACE('',#7222,2.);
#7222 = AXIS2_PLACEMENT_3D('',#7223,#7224,#7225);
#7223 = CARTESIAN_POINT('',(135.56,-105.08,-4.6E-02));
#7224 = DIRECTION('',(-0.,-0.,-1.));
#7225 = DIRECTION('',(-0.,-1.,0.));
#7226 = ADVANCED_FACE('',(#7227),#7238,.F.);
#7227 = FACE_BOUND('',#7228,.T.);
#7228 = EDGE_LOOP('',(#7229,#7230,#7236,#7237));
#7229 = ORIENTED_EDGE('',*,*,#4453,.T.);
#7230 = ORIENTED_EDGE('',*,*,#7231,.T.);
#7231 = EDGE_CURVE('',#4454,#5555,#7232,.T.);
#7232 = LINE('',#7233,#7234);
#7233 = CARTESIAN_POINT('',(138.1,-100.75,-4.6E-02));
#7234 = VECTOR('',#7235,1.);
#7235 = DIRECTION('',(0.,0.,1.));
#7236 = ORIENTED_EDGE('',*,*,#5554,.F.);
#7237 = ORIENTED_EDGE('',*,*,#7231,.F.);
#7238 = CYLINDRICAL_SURFACE('',#7239,0.75);
#7239 = AXIS2_PLACEMENT_3D('',#7240,#7241,#7242);
#7240 = CARTESIAN_POINT('',(138.1,-100.,-4.6E-02));
#7241 = DIRECTION('',(-0.,-0.,-1.));
#7242 = DIRECTION('',(-0.,-1.,0.));
#7243 = ADVANCED_FACE('',(#7244),#7255,.F.);
#7244 = FACE_BOUND('',#7245,.T.);
#7245 = EDGE_LOOP('',(#7246,#7247,#7253,#7254));
#7246 = ORIENTED_EDGE('',*,*,#4464,.T.);
#7247 = ORIENTED_EDGE('',*,*,#7248,.T.);
#7248 = EDGE_CURVE('',#4465,#5566,#7249,.T.);
#7249 = LINE('',#7250,#7251);
#7250 = CARTESIAN_POINT('',(140.64,-105.93,-4.6E-02));
#7251 = VECTOR('',#7252,1.);
#7252 = DIRECTION('',(0.,0.,1.));
#7253 = ORIENTED_EDGE('',*,*,#5565,.F.);
#7254 = ORIENTED_EDGE('',*,*,#7248,.F.);
#7255 = CYLINDRICAL_SURFACE('',#7256,0.85);
#7256 = AXIS2_PLACEMENT_3D('',#7257,#7258,#7259);
#7257 = CARTESIAN_POINT('',(140.64,-105.08,-4.6E-02));
#7258 = DIRECTION('',(-0.,-0.,-1.));
#7259 = DIRECTION('',(-0.,-1.,0.));
#7260 = ADVANCED_FACE('',(#7261),#7272,.F.);
#7261 = FACE_BOUND('',#7262,.T.);
#7262 = EDGE_LOOP('',(#7263,#7264,#7270,#7271));
#7263 = ORIENTED_EDGE('',*,*,#4475,.T.);
#7264 = ORIENTED_EDGE('',*,*,#7265,.T.);
#7265 = EDGE_CURVE('',#4476,#5577,#7266,.T.);
#7266 = LINE('',#7267,#7268);
#7267 = CARTESIAN_POINT('',(108.32,-88.29,-4.6E-02));
#7268 = VECTOR('',#7269,1.);
#7269 = DIRECTION('',(0.,0.,1.));
#7270 = ORIENTED_EDGE('',*,*,#5576,.F.);
#7271 = ORIENTED_EDGE('',*,*,#7265,.F.);
#7272 = CYLINDRICAL_SURFACE('',#7273,0.5);
#7273 = AXIS2_PLACEMENT_3D('',#7274,#7275,#7276);
#7274 = CARTESIAN_POINT('',(108.32,-87.79,-4.6E-02));
#7275 = DIRECTION('',(-0.,-0.,-1.));
#7276 = DIRECTION('',(-0.,-1.,0.));
#7277 = ADVANCED_FACE('',(#7278),#7289,.F.);
#7278 = FACE_BOUND('',#7279,.T.);
#7279 = EDGE_LOOP('',(#7280,#7281,#7287,#7288));
#7280 = ORIENTED_EDGE('',*,*,#4486,.T.);
#7281 = ORIENTED_EDGE('',*,*,#7282,.T.);
#7282 = EDGE_CURVE('',#4487,#5588,#7283,.T.);
#7283 = LINE('',#7284,#7285);
#7284 = CARTESIAN_POINT('',(108.32,-85.75,-4.6E-02));
#7285 = VECTOR('',#7286,1.);
#7286 = DIRECTION('',(0.,0.,1.));
#7287 = ORIENTED_EDGE('',*,*,#5587,.F.);
#7288 = ORIENTED_EDGE('',*,*,#7282,.F.);
#7289 = CYLINDRICAL_SURFACE('',#7290,0.5);
#7290 = AXIS2_PLACEMENT_3D('',#7291,#7292,#7293);
#7291 = CARTESIAN_POINT('',(108.32,-85.25,-4.6E-02));
#7292 = DIRECTION('',(-0.,-0.,-1.));
#7293 = DIRECTION('',(-0.,-1.,0.));
#7294 = ADVANCED_FACE('',(#7295),#7306,.F.);
#7295 = FACE_BOUND('',#7296,.T.);
#7296 = EDGE_LOOP('',(#7297,#7298,#7304,#7305));
#7297 = ORIENTED_EDGE('',*,*,#4497,.T.);
#7298 = ORIENTED_EDGE('',*,*,#7299,.T.);
#7299 = EDGE_CURVE('',#4498,#5599,#7300,.T.);
#7300 = LINE('',#7301,#7302);
#7301 = CARTESIAN_POINT('',(108.32,-83.21,-4.6E-02));
#7302 = VECTOR('',#7303,1.);
#7303 = DIRECTION('',(0.,0.,1.));
#7304 = ORIENTED_EDGE('',*,*,#5598,.F.);
#7305 = ORIENTED_EDGE('',*,*,#7299,.F.);
#7306 = CYLINDRICAL_SURFACE('',#7307,0.5);
#7307 = AXIS2_PLACEMENT_3D('',#7308,#7309,#7310);
#7308 = CARTESIAN_POINT('',(108.32,-82.71,-4.6E-02));
#7309 = DIRECTION('',(-0.,-0.,-1.));
#7310 = DIRECTION('',(-0.,-1.,0.));
#7311 = ADVANCED_FACE('',(#7312),#7323,.F.);
#7312 = FACE_BOUND('',#7313,.T.);
#7313 = EDGE_LOOP('',(#7314,#7315,#7321,#7322));
#7314 = ORIENTED_EDGE('',*,*,#4508,.T.);
#7315 = ORIENTED_EDGE('',*,*,#7316,.T.);
#7316 = EDGE_CURVE('',#4509,#5610,#7317,.T.);
#7317 = LINE('',#7318,#7319);
#7318 = CARTESIAN_POINT('',(108.32,-80.67,-4.6E-02));
#7319 = VECTOR('',#7320,1.);
#7320 = DIRECTION('',(0.,0.,1.));
#7321 = ORIENTED_EDGE('',*,*,#5609,.F.);
#7322 = ORIENTED_EDGE('',*,*,#7316,.F.);
#7323 = CYLINDRICAL_SURFACE('',#7324,0.5);
#7324 = AXIS2_PLACEMENT_3D('',#7325,#7326,#7327);
#7325 = CARTESIAN_POINT('',(108.32,-80.17,-4.6E-02));
#7326 = DIRECTION('',(-0.,-0.,-1.));
#7327 = DIRECTION('',(-0.,-1.,0.));
#7328 = ADVANCED_FACE('',(#7329),#7340,.F.);
#7329 = FACE_BOUND('',#7330,.T.);
#7330 = EDGE_LOOP('',(#7331,#7332,#7338,#7339));
#7331 = ORIENTED_EDGE('',*,*,#4519,.T.);
#7332 = ORIENTED_EDGE('',*,*,#7333,.T.);
#7333 = EDGE_CURVE('',#4520,#5621,#7334,.T.);
#7334 = LINE('',#7335,#7336);
#7335 = CARTESIAN_POINT('',(150.,-76.6,-4.6E-02));
#7336 = VECTOR('',#7337,1.);
#7337 = DIRECTION('',(0.,0.,1.));
#7338 = ORIENTED_EDGE('',*,*,#5620,.F.);
#7339 = ORIENTED_EDGE('',*,*,#7333,.F.);
#7340 = CYLINDRICAL_SURFACE('',#7341,1.6);
#7341 = AXIS2_PLACEMENT_3D('',#7342,#7343,#7344);
#7342 = CARTESIAN_POINT('',(150.,-75.,-4.6E-02));
#7343 = DIRECTION('',(-0.,-0.,-1.));
#7344 = DIRECTION('',(-0.,-1.,0.));
#7345 = ( GEOMETRIC_REPRESENTATION_CONTEXT(3) 
GLOBAL_UNCERTAINTY_ASSIGNED_CONTEXT((#7349)) 
GLOBAL_UNIT_ASSIGNED_CONTEXT((#7346,#7347,#7348)) REPRESENTATION_CONTEXT
('Context #1','3D Context with UNIT and UNCERTAINTY') );
#7346 = ( LENGTH_UNIT() NAMED_UNIT(*) SI_UNIT(.MILLI.,.METRE.) );
#7347 = ( NAMED_UNIT(*) PLANE_ANGLE_UNIT() SI_UNIT($,.RADIAN.) );
#7348 = ( NAMED_UNIT(*) SI_UNIT($,.STERADIAN.) SOLID_ANGLE_UNIT() );
#7349 = UNCERTAINTY_MEASURE_WITH_UNIT(LENGTH_MEASURE(1.E-07),#7346,
  'distance_accuracy_value','confusion accuracy');
#7350 = CONTEXT_DEPENDENT_SHAPE_REPRESENTATION(#7351,#7353);
#7351 = ( REPRESENTATION_RELATIONSHIP('','',#3326,#10) 
REPRESENTATION_RELATIONSHIP_WITH_TRANSFORMATION(#7352) 
SHAPE_REPRESENTATION_RELATIONSHIP() );
#7352 = ITEM_DEFINED_TRANSFORMATION('','',#11,#55);
#7353 = PRODUCT_DEFINITION_SHAPE('Placement','Placement of an item',
  #7354);
#7354 = NEXT_ASSEMBLY_USAGE_OCCURRENCE('13','=>[0:1:1:6]','',#5,#3321,$
  );
#7355 = PRODUCT_RELATED_PRODUCT_CATEGORY('part',$,(#3323));
#7356 = MECHANICAL_DESIGN_GEOMETRIC_PRESENTATION_REPRESENTATION('',(
    #7357,#7365,#7372,#7379,#7386,#7393,#7400,#7407,#7415,#7422,#7429,
    #7437,#7444,#7451,#7458,#7465),#446);
#7357 = STYLED_ITEM('color',(#7358),#98);
#7358 = PRESENTATION_STYLE_ASSIGNMENT((#7359));
#7359 = SURFACE_STYLE_USAGE(.BOTH.,#7360);
#7360 = SURFACE_SIDE_STYLE('',(#7361));
#7361 = SURFACE_STYLE_FILL_AREA(#7362);
#7362 = FILL_AREA_STYLE('',(#7363));
#7363 = FILL_AREA_STYLE_COLOUR('',#7364);
#7364 = COLOUR_RGB('',0.823999987314,0.819999987296,0.781000009244);
#7365 = STYLED_ITEM('color',(#7366),#131);
#7366 = PRESENTATION_STYLE_ASSIGNMENT((#7367));
#7367 = SURFACE_STYLE_USAGE(.BOTH.,#7368);
#7368 = SURFACE_SIDE_STYLE('',(#7369));
#7369 = SURFACE_STYLE_FILL_AREA(#7370);
#7370 = FILL_AREA_STYLE('',(#7371));
#7371 = FILL_AREA_STYLE_COLOUR('',#7364);
#7372 = STYLED_ITEM('color',(#7373),#157);
#7373 = PRESENTATION_STYLE_ASSIGNMENT((#7374));
#7374 = SURFACE_STYLE_USAGE(.BOTH.,#7375);
#7375 = SURFACE_SIDE_STYLE('',(#7376));
#7376 = SURFACE_STYLE_FILL_AREA(#7377);
#7377 = FILL_AREA_STYLE('',(#7378));
#7378 = FILL_AREA_STYLE_COLOUR('',#7364);
#7379 = STYLED_ITEM('color',(#7380),#182);
#7380 = PRESENTATION_STYLE_ASSIGNMENT((#7381));
#7381 = SURFACE_STYLE_USAGE(.BOTH.,#7382);
#7382 = SURFACE_SIDE_STYLE('',(#7383));
#7383 = SURFACE_STYLE_FILL_AREA(#7384);
#7384 = FILL_AREA_STYLE('',(#7385));
#7385 = FILL_AREA_STYLE_COLOUR('',#7364);
#7386 = STYLED_ITEM('color',(#7387),#208);
#7387 = PRESENTATION_STYLE_ASSIGNMENT((#7388));
#7388 = SURFACE_STYLE_USAGE(.BOTH.,#7389);
#7389 = SURFACE_SIDE_STYLE('',(#7390));
#7390 = SURFACE_STYLE_FILL_AREA(#7391);
#7391 = FILL_AREA_STYLE('',(#7392));
#7392 = FILL_AREA_STYLE_COLOUR('',#7364);
#7393 = STYLED_ITEM('color',(#7394),#233);
#7394 = PRESENTATION_STYLE_ASSIGNMENT((#7395));
#7395 = SURFACE_STYLE_USAGE(.BOTH.,#7396);
#7396 = SURFACE_SIDE_STYLE('',(#7397));
#7397 = SURFACE_STYLE_FILL_AREA(#7398);
#7398 = FILL_AREA_STYLE('',(#7399));
#7399 = FILL_AREA_STYLE_COLOUR('',#7364);
#7400 = STYLED_ITEM('color',(#7401),#242);
#7401 = PRESENTATION_STYLE_ASSIGNMENT((#7402));
#7402 = SURFACE_STYLE_USAGE(.BOTH.,#7403);
#7403 = SURFACE_SIDE_STYLE('',(#7404));
#7404 = SURFACE_STYLE_FILL_AREA(#7405);
#7405 = FILL_AREA_STYLE('',(#7406));
#7406 = FILL_AREA_STYLE_COLOUR('',#7364);
#7407 = STYLED_ITEM('color',(#7408),#253);
#7408 = PRESENTATION_STYLE_ASSIGNMENT((#7409));
#7409 = SURFACE_STYLE_USAGE(.BOTH.,#7410);
#7410 = SURFACE_SIDE_STYLE('',(#7411));
#7411 = SURFACE_STYLE_FILL_AREA(#7412);
#7412 = FILL_AREA_STYLE('',(#7413));
#7413 = FILL_AREA_STYLE_COLOUR('',#7414);
#7414 = COLOUR_RGB('',0.699999984889,9.999999991362E-02,
  5.000000142576E-02);
#7415 = STYLED_ITEM('color',(#7416),#286);
#7416 = PRESENTATION_STYLE_ASSIGNMENT((#7417));
#7417 = SURFACE_STYLE_USAGE(.BOTH.,#7418);
#7418 = SURFACE_SIDE_STYLE('',(#7419));
#7419 = SURFACE_STYLE_FILL_AREA(#7420);
#7420 = FILL_AREA_STYLE('',(#7421));
#7421 = FILL_AREA_STYLE_COLOUR('',#7414);
#7422 = STYLED_ITEM('color',(#7423),#306);
#7423 = PRESENTATION_STYLE_ASSIGNMENT((#7424));
#7424 = SURFACE_STYLE_USAGE(.BOTH.,#7425);
#7425 = SURFACE_SIDE_STYLE('',(#7426));
#7426 = SURFACE_STYLE_FILL_AREA(#7427);
#7427 = FILL_AREA_STYLE('',(#7428));
#7428 = FILL_AREA_STYLE_COLOUR('',#7414);
#7429 = STYLED_ITEM('color',(#7430),#326);
#7430 = PRESENTATION_STYLE_ASSIGNMENT((#7431));
#7431 = SURFACE_STYLE_USAGE(.BOTH.,#7432);
#7432 = SURFACE_SIDE_STYLE('',(#7433));
#7433 = SURFACE_STYLE_FILL_AREA(#7434);
#7434 = FILL_AREA_STYLE('',(#7435));
#7435 = FILL_AREA_STYLE_COLOUR('',#7436);
#7436 = COLOUR_RGB('',0.,0.631244006163,0.748016017657);
#7437 = STYLED_ITEM('color',(#7438),#351);
#7438 = PRESENTATION_STYLE_ASSIGNMENT((#7439));
#7439 = SURFACE_STYLE_USAGE(.BOTH.,#7440);
#7440 = SURFACE_SIDE_STYLE('',(#7441));
#7441 = SURFACE_STYLE_FILL_AREA(#7442);
#7442 = FILL_AREA_STYLE('',(#7443));
#7443 = FILL_AREA_STYLE_COLOUR('',#7436);
#7444 = STYLED_ITEM('color',(#7445),#376);
#7445 = PRESENTATION_STYLE_ASSIGNMENT((#7446));
#7446 = SURFACE_STYLE_USAGE(.BOTH.,#7447);
#7447 = SURFACE_SIDE_STYLE('',(#7448));
#7448 = SURFACE_STYLE_FILL_AREA(#7449);
#7449 = FILL_AREA_STYLE('',(#7450));
#7450 = FILL_AREA_STYLE_COLOUR('',#7436);
#7451 = STYLED_ITEM('color',(#7452),#402);
#7452 = PRESENTATION_STYLE_ASSIGNMENT((#7453));
#7453 = SURFACE_STYLE_USAGE(.BOTH.,#7454);
#7454 = SURFACE_SIDE_STYLE('',(#7455));
#7455 = SURFACE_STYLE_FILL_AREA(#7456);
#7456 = FILL_AREA_STYLE('',(#7457));
#7457 = FILL_AREA_STYLE_COLOUR('',#7436);
#7458 = STYLED_ITEM('color',(#7459),#428);
#7459 = PRESENTATION_STYLE_ASSIGNMENT((#7460));
#7460 = SURFACE_STYLE_USAGE(.BOTH.,#7461);
#7461 = SURFACE_SIDE_STYLE('',(#7462));
#7462 = SURFACE_STYLE_FILL_AREA(#7463);
#7463 = FILL_AREA_STYLE('',(#7464));
#7464 = FILL_AREA_STYLE_COLOUR('',#7436);
#7465 = STYLED_ITEM('color',(#7466),#437);
#7466 = PRESENTATION_STYLE_ASSIGNMENT((#7467));
#7467 = SURFACE_STYLE_USAGE(.BOTH.,#7468);
#7468 = SURFACE_SIDE_STYLE('',(#7469));
#7469 = SURFACE_STYLE_FILL_AREA(#7470);
#7470 = FILL_AREA_STYLE('',(#7471));
#7471 = FILL_AREA_STYLE_COLOUR('',#7436);
#7472 = MECHANICAL_DESIGN_GEOMETRIC_PRESENTATION_REPRESENTATION('',(
    #7473,#7481,#7488,#7495,#7502,#7509,#7516,#7523,#7530,#7537,#7544,
    #7551,#7558,#7565,#7572,#7579,#7586,#7593,#7600,#7607,#7614,#7621,
    #7628,#7635,#7642,#7649,#7656,#7663,#7670,#7678,#7685,#7692,#7699,
    #7706,#7713,#7720,#7727,#7734,#7741,#7748,#7755,#7762,#7769,#7776,
    #7783,#7790,#7797,#7804,#7811,#7818,#7825,#7832,#7839,#7846,#7853,
    #7860,#7867,#7874,#7881,#7888,#7895,#7902,#7909,#7916,#7923,#7930,
    #7937,#7944,#7951,#7958,#7965,#7972,#7979,#7986,#7993,#8000,#8007,
    #8014,#8021,#8028,#8035,#8042,#8049,#8056,#8063,#8070,#8077,#8084,
    #8091,#8098,#8105,#8112,#8119,#8126,#8133,#8140,#8147,#8154,#8161,
    #8168),#3293);
#7473 = STYLED_ITEM('color',(#7474),#515);
#7474 = PRESENTATION_STYLE_ASSIGNMENT((#7475));
#7475 = SURFACE_STYLE_USAGE(.BOTH.,#7476);
#7476 = SURFACE_SIDE_STYLE('',(#7477));
#7477 = SURFACE_STYLE_FILL_AREA(#7478);
#7478 = FILL_AREA_STYLE('',(#7479));
#7479 = FILL_AREA_STYLE_COLOUR('',#7480);
#7480 = COLOUR_RGB('',0.147999998088,0.144999993226,0.144999993226);
#7481 = STYLED_ITEM('color',(#7482),#555);
#7482 = PRESENTATION_STYLE_ASSIGNMENT((#7483));
#7483 = SURFACE_STYLE_USAGE(.BOTH.,#7484);
#7484 = SURFACE_SIDE_STYLE('',(#7485));
#7485 = SURFACE_STYLE_FILL_AREA(#7486);
#7486 = FILL_AREA_STYLE('',(#7487));
#7487 = FILL_AREA_STYLE_COLOUR('',#7480);
#7488 = STYLED_ITEM('color',(#7489),#586);
#7489 = PRESENTATION_STYLE_ASSIGNMENT((#7490));
#7490 = SURFACE_STYLE_USAGE(.BOTH.,#7491);
#7491 = SURFACE_SIDE_STYLE('',(#7492));
#7492 = SURFACE_STYLE_FILL_AREA(#7493);
#7493 = FILL_AREA_STYLE('',(#7494));
#7494 = FILL_AREA_STYLE_COLOUR('',#7480);
#7495 = STYLED_ITEM('color',(#7496),#617);
#7496 = PRESENTATION_STYLE_ASSIGNMENT((#7497));
#7497 = SURFACE_STYLE_USAGE(.BOTH.,#7498);
#7498 = SURFACE_SIDE_STYLE('',(#7499));
#7499 = SURFACE_STYLE_FILL_AREA(#7500);
#7500 = FILL_AREA_STYLE('',(#7501));
#7501 = FILL_AREA_STYLE_COLOUR('',#7480);
#7502 = STYLED_ITEM('color',(#7503),#946);
#7503 = PRESENTATION_STYLE_ASSIGNMENT((#7504));
#7504 = SURFACE_STYLE_USAGE(.BOTH.,#7505);
#7505 = SURFACE_SIDE_STYLE('',(#7506));
#7506 = SURFACE_STYLE_FILL_AREA(#7507);
#7507 = FILL_AREA_STYLE('',(#7508));
#7508 = FILL_AREA_STYLE_COLOUR('',#7480);
#7509 = STYLED_ITEM('color',(#7510),#1275);
#7510 = PRESENTATION_STYLE_ASSIGNMENT((#7511));
#7511 = SURFACE_STYLE_USAGE(.BOTH.,#7512);
#7512 = SURFACE_SIDE_STYLE('',(#7513));
#7513 = SURFACE_STYLE_FILL_AREA(#7514);
#7514 = FILL_AREA_STYLE('',(#7515));
#7515 = FILL_AREA_STYLE_COLOUR('',#7480);
#7516 = STYLED_ITEM('color',(#7517),#1292);
#7517 = PRESENTATION_STYLE_ASSIGNMENT((#7518));
#7518 = SURFACE_STYLE_USAGE(.BOTH.,#7519);
#7519 = SURFACE_SIDE_STYLE('',(#7520));
#7520 = SURFACE_STYLE_FILL_AREA(#7521);
#7521 = FILL_AREA_STYLE('',(#7522));
#7522 = FILL_AREA_STYLE_COLOUR('',#7480);
#7523 = STYLED_ITEM('color',(#7524),#1309);
#7524 = PRESENTATION_STYLE_ASSIGNMENT((#7525));
#7525 = SURFACE_STYLE_USAGE(.BOTH.,#7526);
#7526 = SURFACE_SIDE_STYLE('',(#7527));
#7527 = SURFACE_STYLE_FILL_AREA(#7528);
#7528 = FILL_AREA_STYLE('',(#7529));
#7529 = FILL_AREA_STYLE_COLOUR('',#7480);
#7530 = STYLED_ITEM('color',(#7531),#1326);
#7531 = PRESENTATION_STYLE_ASSIGNMENT((#7532));
#7532 = SURFACE_STYLE_USAGE(.BOTH.,#7533);
#7533 = SURFACE_SIDE_STYLE('',(#7534));
#7534 = SURFACE_STYLE_FILL_AREA(#7535);
#7535 = FILL_AREA_STYLE('',(#7536));
#7536 = FILL_AREA_STYLE_COLOUR('',#7480);
#7537 = STYLED_ITEM('color',(#7538),#1343);
#7538 = PRESENTATION_STYLE_ASSIGNMENT((#7539));
#7539 = SURFACE_STYLE_USAGE(.BOTH.,#7540);
#7540 = SURFACE_SIDE_STYLE('',(#7541));
#7541 = SURFACE_STYLE_FILL_AREA(#7542);
#7542 = FILL_AREA_STYLE('',(#7543));
#7543 = FILL_AREA_STYLE_COLOUR('',#7480);
#7544 = STYLED_ITEM('color',(#7545),#1360);
#7545 = PRESENTATION_STYLE_ASSIGNMENT((#7546));
#7546 = SURFACE_STYLE_USAGE(.BOTH.,#7547);
#7547 = SURFACE_SIDE_STYLE('',(#7548));
#7548 = SURFACE_STYLE_FILL_AREA(#7549);
#7549 = FILL_AREA_STYLE('',(#7550));
#7550 = FILL_AREA_STYLE_COLOUR('',#7480);
#7551 = STYLED_ITEM('color',(#7552),#1377);
#7552 = PRESENTATION_STYLE_ASSIGNMENT((#7553));
#7553 = SURFACE_STYLE_USAGE(.BOTH.,#7554);
#7554 = SURFACE_SIDE_STYLE('',(#7555));
#7555 = SURFACE_STYLE_FILL_AREA(#7556);
#7556 = FILL_AREA_STYLE('',(#7557));
#7557 = FILL_AREA_STYLE_COLOUR('',#7480);
#7558 = STYLED_ITEM('color',(#7559),#1394);
#7559 = PRESENTATION_STYLE_ASSIGNMENT((#7560));
#7560 = SURFACE_STYLE_USAGE(.BOTH.,#7561);
#7561 = SURFACE_SIDE_STYLE('',(#7562));
#7562 = SURFACE_STYLE_FILL_AREA(#7563);
#7563 = FILL_AREA_STYLE('',(#7564));
#7564 = FILL_AREA_STYLE_COLOUR('',#7480);
#7565 = STYLED_ITEM('color',(#7566),#1411);
#7566 = PRESENTATION_STYLE_ASSIGNMENT((#7567));
#7567 = SURFACE_STYLE_USAGE(.BOTH.,#7568);
#7568 = SURFACE_SIDE_STYLE('',(#7569));
#7569 = SURFACE_STYLE_FILL_AREA(#7570);
#7570 = FILL_AREA_STYLE('',(#7571));
#7571 = FILL_AREA_STYLE_COLOUR('',#7480);
#7572 = STYLED_ITEM('color',(#7573),#1428);
#7573 = PRESENTATION_STYLE_ASSIGNMENT((#7574));
#7574 = SURFACE_STYLE_USAGE(.BOTH.,#7575);
#7575 = SURFACE_SIDE_STYLE('',(#7576));
#7576 = SURFACE_STYLE_FILL_AREA(#7577);
#7577 = FILL_AREA_STYLE('',(#7578));
#7578 = FILL_AREA_STYLE_COLOUR('',#7480);
#7579 = STYLED_ITEM('color',(#7580),#1445);
#7580 = PRESENTATION_STYLE_ASSIGNMENT((#7581));
#7581 = SURFACE_STYLE_USAGE(.BOTH.,#7582);
#7582 = SURFACE_SIDE_STYLE('',(#7583));
#7583 = SURFACE_STYLE_FILL_AREA(#7584);
#7584 = FILL_AREA_STYLE('',(#7585));
#7585 = FILL_AREA_STYLE_COLOUR('',#7480);
#7586 = STYLED_ITEM('color',(#7587),#1462);
#7587 = PRESENTATION_STYLE_ASSIGNMENT((#7588));
#7588 = SURFACE_STYLE_USAGE(.BOTH.,#7589);
#7589 = SURFACE_SIDE_STYLE('',(#7590));
#7590 = SURFACE_STYLE_FILL_AREA(#7591);
#7591 = FILL_AREA_STYLE('',(#7592));
#7592 = FILL_AREA_STYLE_COLOUR('',#7480);
#7593 = STYLED_ITEM('color',(#7594),#1479);
#7594 = PRESENTATION_STYLE_ASSIGNMENT((#7595));
#7595 = SURFACE_STYLE_USAGE(.BOTH.,#7596);
#7596 = SURFACE_SIDE_STYLE('',(#7597));
#7597 = SURFACE_STYLE_FILL_AREA(#7598);
#7598 = FILL_AREA_STYLE('',(#7599));
#7599 = FILL_AREA_STYLE_COLOUR('',#7480);
#7600 = STYLED_ITEM('color',(#7601),#1496);
#7601 = PRESENTATION_STYLE_ASSIGNMENT((#7602));
#7602 = SURFACE_STYLE_USAGE(.BOTH.,#7603);
#7603 = SURFACE_SIDE_STYLE('',(#7604));
#7604 = SURFACE_STYLE_FILL_AREA(#7605);
#7605 = FILL_AREA_STYLE('',(#7606));
#7606 = FILL_AREA_STYLE_COLOUR('',#7480);
#7607 = STYLED_ITEM('color',(#7608),#1513);
#7608 = PRESENTATION_STYLE_ASSIGNMENT((#7609));
#7609 = SURFACE_STYLE_USAGE(.BOTH.,#7610);
#7610 = SURFACE_SIDE_STYLE('',(#7611));
#7611 = SURFACE_STYLE_FILL_AREA(#7612);
#7612 = FILL_AREA_STYLE('',(#7613));
#7613 = FILL_AREA_STYLE_COLOUR('',#7480);
#7614 = STYLED_ITEM('color',(#7615),#1530);
#7615 = PRESENTATION_STYLE_ASSIGNMENT((#7616));
#7616 = SURFACE_STYLE_USAGE(.BOTH.,#7617);
#7617 = SURFACE_SIDE_STYLE('',(#7618));
#7618 = SURFACE_STYLE_FILL_AREA(#7619);
#7619 = FILL_AREA_STYLE('',(#7620));
#7620 = FILL_AREA_STYLE_COLOUR('',#7480);
#7621 = STYLED_ITEM('color',(#7622),#1547);
#7622 = PRESENTATION_STYLE_ASSIGNMENT((#7623));
#7623 = SURFACE_STYLE_USAGE(.BOTH.,#7624);
#7624 = SURFACE_SIDE_STYLE('',(#7625));
#7625 = SURFACE_STYLE_FILL_AREA(#7626);
#7626 = FILL_AREA_STYLE('',(#7627));
#7627 = FILL_AREA_STYLE_COLOUR('',#7480);
#7628 = STYLED_ITEM('color',(#7629),#1564);
#7629 = PRESENTATION_STYLE_ASSIGNMENT((#7630));
#7630 = SURFACE_STYLE_USAGE(.BOTH.,#7631);
#7631 = SURFACE_SIDE_STYLE('',(#7632));
#7632 = SURFACE_STYLE_FILL_AREA(#7633);
#7633 = FILL_AREA_STYLE('',(#7634));
#7634 = FILL_AREA_STYLE_COLOUR('',#7480);
#7635 = STYLED_ITEM('color',(#7636),#1581);
#7636 = PRESENTATION_STYLE_ASSIGNMENT((#7637));
#7637 = SURFACE_STYLE_USAGE(.BOTH.,#7638);
#7638 = SURFACE_SIDE_STYLE('',(#7639));
#7639 = SURFACE_STYLE_FILL_AREA(#7640);
#7640 = FILL_AREA_STYLE('',(#7641));
#7641 = FILL_AREA_STYLE_COLOUR('',#7480);
#7642 = STYLED_ITEM('color',(#7643),#1598);
#7643 = PRESENTATION_STYLE_ASSIGNMENT((#7644));
#7644 = SURFACE_STYLE_USAGE(.BOTH.,#7645);
#7645 = SURFACE_SIDE_STYLE('',(#7646));
#7646 = SURFACE_STYLE_FILL_AREA(#7647);
#7647 = FILL_AREA_STYLE('',(#7648));
#7648 = FILL_AREA_STYLE_COLOUR('',#7480);
#7649 = STYLED_ITEM('color',(#7650),#1615);
#7650 = PRESENTATION_STYLE_ASSIGNMENT((#7651));
#7651 = SURFACE_STYLE_USAGE(.BOTH.,#7652);
#7652 = SURFACE_SIDE_STYLE('',(#7653));
#7653 = SURFACE_STYLE_FILL_AREA(#7654);
#7654 = FILL_AREA_STYLE('',(#7655));
#7655 = FILL_AREA_STYLE_COLOUR('',#7480);
#7656 = STYLED_ITEM('color',(#7657),#1632);
#7657 = PRESENTATION_STYLE_ASSIGNMENT((#7658));
#7658 = SURFACE_STYLE_USAGE(.BOTH.,#7659);
#7659 = SURFACE_SIDE_STYLE('',(#7660));
#7660 = SURFACE_STYLE_FILL_AREA(#7661);
#7661 = FILL_AREA_STYLE('',(#7662));
#7662 = FILL_AREA_STYLE_COLOUR('',#7480);
#7663 = STYLED_ITEM('color',(#7664),#1649);
#7664 = PRESENTATION_STYLE_ASSIGNMENT((#7665));
#7665 = SURFACE_STYLE_USAGE(.BOTH.,#7666);
#7666 = SURFACE_SIDE_STYLE('',(#7667));
#7667 = SURFACE_STYLE_FILL_AREA(#7668);
#7668 = FILL_AREA_STYLE('',(#7669));
#7669 = FILL_AREA_STYLE_COLOUR('',#7480);
#7670 = STYLED_ITEM('color',(#7671),#1661);
#7671 = PRESENTATION_STYLE_ASSIGNMENT((#7672));
#7672 = SURFACE_STYLE_USAGE(.BOTH.,#7673);
#7673 = SURFACE_SIDE_STYLE('',(#7674));
#7674 = SURFACE_STYLE_FILL_AREA(#7675);
#7675 = FILL_AREA_STYLE('',(#7676));
#7676 = FILL_AREA_STYLE_COLOUR('',#7677);
#7677 = COLOUR_RGB('',0.859000020776,0.737999965183,0.495999988746);
#7678 = STYLED_ITEM('color',(#7679),#1692);
#7679 = PRESENTATION_STYLE_ASSIGNMENT((#7680));
#7680 = SURFACE_STYLE_USAGE(.BOTH.,#7681);
#7681 = SURFACE_SIDE_STYLE('',(#7682));
#7682 = SURFACE_STYLE_FILL_AREA(#7683);
#7683 = FILL_AREA_STYLE('',(#7684));
#7684 = FILL_AREA_STYLE_COLOUR('',#7677);
#7685 = STYLED_ITEM('color',(#7686),#1716);
#7686 = PRESENTATION_STYLE_ASSIGNMENT((#7687));
#7687 = SURFACE_STYLE_USAGE(.BOTH.,#7688);
#7688 = SURFACE_SIDE_STYLE('',(#7689));
#7689 = SURFACE_STYLE_FILL_AREA(#7690);
#7690 = FILL_AREA_STYLE('',(#7691));
#7691 = FILL_AREA_STYLE_COLOUR('',#7677);
#7692 = STYLED_ITEM('color',(#7693),#1740);
#7693 = PRESENTATION_STYLE_ASSIGNMENT((#7694));
#7694 = SURFACE_STYLE_USAGE(.BOTH.,#7695);
#7695 = SURFACE_SIDE_STYLE('',(#7696));
#7696 = SURFACE_STYLE_FILL_AREA(#7697);
#7697 = FILL_AREA_STYLE('',(#7698));
#7698 = FILL_AREA_STYLE_COLOUR('',#7677);
#7699 = STYLED_ITEM('color',(#7700),#1757);
#7700 = PRESENTATION_STYLE_ASSIGNMENT((#7701));
#7701 = SURFACE_STYLE_USAGE(.BOTH.,#7702);
#7702 = SURFACE_SIDE_STYLE('',(#7703));
#7703 = SURFACE_STYLE_FILL_AREA(#7704);
#7704 = FILL_AREA_STYLE('',(#7705));
#7705 = FILL_AREA_STYLE_COLOUR('',#7677);
#7706 = STYLED_ITEM('color',(#7707),#1788);
#7707 = PRESENTATION_STYLE_ASSIGNMENT((#7708));
#7708 = SURFACE_STYLE_USAGE(.BOTH.,#7709);
#7709 = SURFACE_SIDE_STYLE('',(#7710));
#7710 = SURFACE_STYLE_FILL_AREA(#7711);
#7711 = FILL_AREA_STYLE('',(#7712));
#7712 = FILL_AREA_STYLE_COLOUR('',#7677);
#7713 = STYLED_ITEM('color',(#7714),#1812);
#7714 = PRESENTATION_STYLE_ASSIGNMENT((#7715));
#7715 = SURFACE_STYLE_USAGE(.BOTH.,#7716);
#7716 = SURFACE_SIDE_STYLE('',(#7717));
#7717 = SURFACE_STYLE_FILL_AREA(#7718);
#7718 = FILL_AREA_STYLE('',(#7719));
#7719 = FILL_AREA_STYLE_COLOUR('',#7677);
#7720 = STYLED_ITEM('color',(#7721),#1836);
#7721 = PRESENTATION_STYLE_ASSIGNMENT((#7722));
#7722 = SURFACE_STYLE_USAGE(.BOTH.,#7723);
#7723 = SURFACE_SIDE_STYLE('',(#7724));
#7724 = SURFACE_STYLE_FILL_AREA(#7725);
#7725 = FILL_AREA_STYLE('',(#7726));
#7726 = FILL_AREA_STYLE_COLOUR('',#7677);
#7727 = STYLED_ITEM('color',(#7728),#1853);
#7728 = PRESENTATION_STYLE_ASSIGNMENT((#7729));
#7729 = SURFACE_STYLE_USAGE(.BOTH.,#7730);
#7730 = SURFACE_SIDE_STYLE('',(#7731));
#7731 = SURFACE_STYLE_FILL_AREA(#7732);
#7732 = FILL_AREA_STYLE('',(#7733));
#7733 = FILL_AREA_STYLE_COLOUR('',#7677);
#7734 = STYLED_ITEM('color',(#7735),#1884);
#7735 = PRESENTATION_STYLE_ASSIGNMENT((#7736));
#7736 = SURFACE_STYLE_USAGE(.BOTH.,#7737);
#7737 = SURFACE_SIDE_STYLE('',(#7738));
#7738 = SURFACE_STYLE_FILL_AREA(#7739);
#7739 = FILL_AREA_STYLE('',(#7740));
#7740 = FILL_AREA_STYLE_COLOUR('',#7677);
#7741 = STYLED_ITEM('color',(#7742),#1908);
#7742 = PRESENTATION_STYLE_ASSIGNMENT((#7743));
#7743 = SURFACE_STYLE_USAGE(.BOTH.,#7744);
#7744 = SURFACE_SIDE_STYLE('',(#7745));
#7745 = SURFACE_STYLE_FILL_AREA(#7746);
#7746 = FILL_AREA_STYLE('',(#7747));
#7747 = FILL_AREA_STYLE_COLOUR('',#7677);
#7748 = STYLED_ITEM('color',(#7749),#1932);
#7749 = PRESENTATION_STYLE_ASSIGNMENT((#7750));
#7750 = SURFACE_STYLE_USAGE(.BOTH.,#7751);
#7751 = SURFACE_SIDE_STYLE('',(#7752));
#7752 = SURFACE_STYLE_FILL_AREA(#7753);
#7753 = FILL_AREA_STYLE('',(#7754));
#7754 = FILL_AREA_STYLE_COLOUR('',#7677);
#7755 = STYLED_ITEM('color',(#7756),#1949);
#7756 = PRESENTATION_STYLE_ASSIGNMENT((#7757));
#7757 = SURFACE_STYLE_USAGE(.BOTH.,#7758);
#7758 = SURFACE_SIDE_STYLE('',(#7759));
#7759 = SURFACE_STYLE_FILL_AREA(#7760);
#7760 = FILL_AREA_STYLE('',(#7761));
#7761 = FILL_AREA_STYLE_COLOUR('',#7677);
#7762 = STYLED_ITEM('color',(#7763),#1980);
#7763 = PRESENTATION_STYLE_ASSIGNMENT((#7764));
#7764 = SURFACE_STYLE_USAGE(.BOTH.,#7765);
#7765 = SURFACE_SIDE_STYLE('',(#7766));
#7766 = SURFACE_STYLE_FILL_AREA(#7767);
#7767 = FILL_AREA_STYLE('',(#7768));
#7768 = FILL_AREA_STYLE_COLOUR('',#7677);
#7769 = STYLED_ITEM('color',(#7770),#2004);
#7770 = PRESENTATION_STYLE_ASSIGNMENT((#7771));
#7771 = SURFACE_STYLE_USAGE(.BOTH.,#7772);
#7772 = SURFACE_SIDE_STYLE('',(#7773));
#7773 = SURFACE_STYLE_FILL_AREA(#7774);
#7774 = FILL_AREA_STYLE('',(#7775));
#7775 = FILL_AREA_STYLE_COLOUR('',#7677);
#7776 = STYLED_ITEM('color',(#7777),#2028);
#7777 = PRESENTATION_STYLE_ASSIGNMENT((#7778));
#7778 = SURFACE_STYLE_USAGE(.BOTH.,#7779);
#7779 = SURFACE_SIDE_STYLE('',(#7780));
#7780 = SURFACE_STYLE_FILL_AREA(#7781);
#7781 = FILL_AREA_STYLE('',(#7782));
#7782 = FILL_AREA_STYLE_COLOUR('',#7677);
#7783 = STYLED_ITEM('color',(#7784),#2045);
#7784 = PRESENTATION_STYLE_ASSIGNMENT((#7785));
#7785 = SURFACE_STYLE_USAGE(.BOTH.,#7786);
#7786 = SURFACE_SIDE_STYLE('',(#7787));
#7787 = SURFACE_STYLE_FILL_AREA(#7788);
#7788 = FILL_AREA_STYLE('',(#7789));
#7789 = FILL_AREA_STYLE_COLOUR('',#7677);
#7790 = STYLED_ITEM('color',(#7791),#2076);
#7791 = PRESENTATION_STYLE_ASSIGNMENT((#7792));
#7792 = SURFACE_STYLE_USAGE(.BOTH.,#7793);
#7793 = SURFACE_SIDE_STYLE('',(#7794));
#7794 = SURFACE_STYLE_FILL_AREA(#7795);
#7795 = FILL_AREA_STYLE('',(#7796));
#7796 = FILL_AREA_STYLE_COLOUR('',#7677);
#7797 = STYLED_ITEM('color',(#7798),#2100);
#7798 = PRESENTATION_STYLE_ASSIGNMENT((#7799));
#7799 = SURFACE_STYLE_USAGE(.BOTH.,#7800);
#7800 = SURFACE_SIDE_STYLE('',(#7801));
#7801 = SURFACE_STYLE_FILL_AREA(#7802);
#7802 = FILL_AREA_STYLE('',(#7803));
#7803 = FILL_AREA_STYLE_COLOUR('',#7677);
#7804 = STYLED_ITEM('color',(#7805),#2124);
#7805 = PRESENTATION_STYLE_ASSIGNMENT((#7806));
#7806 = SURFACE_STYLE_USAGE(.BOTH.,#7807);
#7807 = SURFACE_SIDE_STYLE('',(#7808));
#7808 = SURFACE_STYLE_FILL_AREA(#7809);
#7809 = FILL_AREA_STYLE('',(#7810));
#7810 = FILL_AREA_STYLE_COLOUR('',#7677);
#7811 = STYLED_ITEM('color',(#7812),#2141);
#7812 = PRESENTATION_STYLE_ASSIGNMENT((#7813));
#7813 = SURFACE_STYLE_USAGE(.BOTH.,#7814);
#7814 = SURFACE_SIDE_STYLE('',(#7815));
#7815 = SURFACE_STYLE_FILL_AREA(#7816);
#7816 = FILL_AREA_STYLE('',(#7817));
#7817 = FILL_AREA_STYLE_COLOUR('',#7677);
#7818 = STYLED_ITEM('color',(#7819),#2172);
#7819 = PRESENTATION_STYLE_ASSIGNMENT((#7820));
#7820 = SURFACE_STYLE_USAGE(.BOTH.,#7821);
#7821 = SURFACE_SIDE_STYLE('',(#7822));
#7822 = SURFACE_STYLE_FILL_AREA(#7823);
#7823 = FILL_AREA_STYLE('',(#7824));
#7824 = FILL_AREA_STYLE_COLOUR('',#7677);
#7825 = STYLED_ITEM('color',(#7826),#2196);
#7826 = PRESENTATION_STYLE_ASSIGNMENT((#7827));
#7827 = SURFACE_STYLE_USAGE(.BOTH.,#7828);
#7828 = SURFACE_SIDE_STYLE('',(#7829));
#7829 = SURFACE_STYLE_FILL_AREA(#7830);
#7830 = FILL_AREA_STYLE('',(#7831));
#7831 = FILL_AREA_STYLE_COLOUR('',#7677);
#7832 = STYLED_ITEM('color',(#7833),#2220);
#7833 = PRESENTATION_STYLE_ASSIGNMENT((#7834));
#7834 = SURFACE_STYLE_USAGE(.BOTH.,#7835);
#7835 = SURFACE_SIDE_STYLE('',(#7836));
#7836 = SURFACE_STYLE_FILL_AREA(#7837);
#7837 = FILL_AREA_STYLE('',(#7838));
#7838 = FILL_AREA_STYLE_COLOUR('',#7677);
#7839 = STYLED_ITEM('color',(#7840),#2237);
#7840 = PRESENTATION_STYLE_ASSIGNMENT((#7841));
#7841 = SURFACE_STYLE_USAGE(.BOTH.,#7842);
#7842 = SURFACE_SIDE_STYLE('',(#7843));
#7843 = SURFACE_STYLE_FILL_AREA(#7844);
#7844 = FILL_AREA_STYLE('',(#7845));
#7845 = FILL_AREA_STYLE_COLOUR('',#7677);
#7846 = STYLED_ITEM('color',(#7847),#2268);
#7847 = PRESENTATION_STYLE_ASSIGNMENT((#7848));
#7848 = SURFACE_STYLE_USAGE(.BOTH.,#7849);
#7849 = SURFACE_SIDE_STYLE('',(#7850));
#7850 = SURFACE_STYLE_FILL_AREA(#7851);
#7851 = FILL_AREA_STYLE('',(#7852));
#7852 = FILL_AREA_STYLE_COLOUR('',#7677);
#7853 = STYLED_ITEM('color',(#7854),#2292);
#7854 = PRESENTATION_STYLE_ASSIGNMENT((#7855));
#7855 = SURFACE_STYLE_USAGE(.BOTH.,#7856);
#7856 = SURFACE_SIDE_STYLE('',(#7857));
#7857 = SURFACE_STYLE_FILL_AREA(#7858);
#7858 = FILL_AREA_STYLE('',(#7859));
#7859 = FILL_AREA_STYLE_COLOUR('',#7677);
#7860 = STYLED_ITEM('color',(#7861),#2316);
#7861 = PRESENTATION_STYLE_ASSIGNMENT((#7862));
#7862 = SURFACE_STYLE_USAGE(.BOTH.,#7863);
#7863 = SURFACE_SIDE_STYLE('',(#7864));
#7864 = SURFACE_STYLE_FILL_AREA(#7865);
#7865 = FILL_AREA_STYLE('',(#7866));
#7866 = FILL_AREA_STYLE_COLOUR('',#7677);
#7867 = STYLED_ITEM('color',(#7868),#2333);
#7868 = PRESENTATION_STYLE_ASSIGNMENT((#7869));
#7869 = SURFACE_STYLE_USAGE(.BOTH.,#7870);
#7870 = SURFACE_SIDE_STYLE('',(#7871));
#7871 = SURFACE_STYLE_FILL_AREA(#7872);
#7872 = FILL_AREA_STYLE('',(#7873));
#7873 = FILL_AREA_STYLE_COLOUR('',#7677);
#7874 = STYLED_ITEM('color',(#7875),#2364);
#7875 = PRESENTATION_STYLE_ASSIGNMENT((#7876));
#7876 = SURFACE_STYLE_USAGE(.BOTH.,#7877);
#7877 = SURFACE_SIDE_STYLE('',(#7878));
#7878 = SURFACE_STYLE_FILL_AREA(#7879);
#7879 = FILL_AREA_STYLE('',(#7880));
#7880 = FILL_AREA_STYLE_COLOUR('',#7677);
#7881 = STYLED_ITEM('color',(#7882),#2388);
#7882 = PRESENTATION_STYLE_ASSIGNMENT((#7883));
#7883 = SURFACE_STYLE_USAGE(.BOTH.,#7884);
#7884 = SURFACE_SIDE_STYLE('',(#7885));
#7885 = SURFACE_STYLE_FILL_AREA(#7886);
#7886 = FILL_AREA_STYLE('',(#7887));
#7887 = FILL_AREA_STYLE_COLOUR('',#7677);
#7888 = STYLED_ITEM('color',(#7889),#2412);
#7889 = PRESENTATION_STYLE_ASSIGNMENT((#7890));
#7890 = SURFACE_STYLE_USAGE(.BOTH.,#7891);
#7891 = SURFACE_SIDE_STYLE('',(#7892));
#7892 = SURFACE_STYLE_FILL_AREA(#7893);
#7893 = FILL_AREA_STYLE('',(#7894));
#7894 = FILL_AREA_STYLE_COLOUR('',#7677);
#7895 = STYLED_ITEM('color',(#7896),#2429);
#7896 = PRESENTATION_STYLE_ASSIGNMENT((#7897));
#7897 = SURFACE_STYLE_USAGE(.BOTH.,#7898);
#7898 = SURFACE_SIDE_STYLE('',(#7899));
#7899 = SURFACE_STYLE_FILL_AREA(#7900);
#7900 = FILL_AREA_STYLE('',(#7901));
#7901 = FILL_AREA_STYLE_COLOUR('',#7677);
#7902 = STYLED_ITEM('color',(#7903),#2460);
#7903 = PRESENTATION_STYLE_ASSIGNMENT((#7904));
#7904 = SURFACE_STYLE_USAGE(.BOTH.,#7905);
#7905 = SURFACE_SIDE_STYLE('',(#7906));
#7906 = SURFACE_STYLE_FILL_AREA(#7907);
#7907 = FILL_AREA_STYLE('',(#7908));
#7908 = FILL_AREA_STYLE_COLOUR('',#7677);
#7909 = STYLED_ITEM('color',(#7910),#2484);
#7910 = PRESENTATION_STYLE_ASSIGNMENT((#7911));
#7911 = SURFACE_STYLE_USAGE(.BOTH.,#7912);
#7912 = SURFACE_SIDE_STYLE('',(#7913));
#7913 = SURFACE_STYLE_FILL_AREA(#7914);
#7914 = FILL_AREA_STYLE('',(#7915));
#7915 = FILL_AREA_STYLE_COLOUR('',#7677);
#7916 = STYLED_ITEM('color',(#7917),#2508);
#7917 = PRESENTATION_STYLE_ASSIGNMENT((#7918));
#7918 = SURFACE_STYLE_USAGE(.BOTH.,#7919);
#7919 = SURFACE_SIDE_STYLE('',(#7920));
#7920 = SURFACE_STYLE_FILL_AREA(#7921);
#7921 = FILL_AREA_STYLE('',(#7922));
#7922 = FILL_AREA_STYLE_COLOUR('',#7677);
#7923 = STYLED_ITEM('color',(#7924),#2525);
#7924 = PRESENTATION_STYLE_ASSIGNMENT((#7925));
#7925 = SURFACE_STYLE_USAGE(.BOTH.,#7926);
#7926 = SURFACE_SIDE_STYLE('',(#7927));
#7927 = SURFACE_STYLE_FILL_AREA(#7928);
#7928 = FILL_AREA_STYLE('',(#7929));
#7929 = FILL_AREA_STYLE_COLOUR('',#7677);
#7930 = STYLED_ITEM('color',(#7931),#2556);
#7931 = PRESENTATION_STYLE_ASSIGNMENT((#7932));
#7932 = SURFACE_STYLE_USAGE(.BOTH.,#7933);
#7933 = SURFACE_SIDE_STYLE('',(#7934));
#7934 = SURFACE_STYLE_FILL_AREA(#7935);
#7935 = FILL_AREA_STYLE('',(#7936));
#7936 = FILL_AREA_STYLE_COLOUR('',#7677);
#7937 = STYLED_ITEM('color',(#7938),#2580);
#7938 = PRESENTATION_STYLE_ASSIGNMENT((#7939));
#7939 = SURFACE_STYLE_USAGE(.BOTH.,#7940);
#7940 = SURFACE_SIDE_STYLE('',(#7941));
#7941 = SURFACE_STYLE_FILL_AREA(#7942);
#7942 = FILL_AREA_STYLE('',(#7943));
#7943 = FILL_AREA_STYLE_COLOUR('',#7677);
#7944 = STYLED_ITEM('color',(#7945),#2604);
#7945 = PRESENTATION_STYLE_ASSIGNMENT((#7946));
#7946 = SURFACE_STYLE_USAGE(.BOTH.,#7947);
#7947 = SURFACE_SIDE_STYLE('',(#7948));
#7948 = SURFACE_STYLE_FILL_AREA(#7949);
#7949 = FILL_AREA_STYLE('',(#7950));
#7950 = FILL_AREA_STYLE_COLOUR('',#7677);
#7951 = STYLED_ITEM('color',(#7952),#2621);
#7952 = PRESENTATION_STYLE_ASSIGNMENT((#7953));
#7953 = SURFACE_STYLE_USAGE(.BOTH.,#7954);
#7954 = SURFACE_SIDE_STYLE('',(#7955));
#7955 = SURFACE_STYLE_FILL_AREA(#7956);
#7956 = FILL_AREA_STYLE('',(#7957));
#7957 = FILL_AREA_STYLE_COLOUR('',#7677);
#7958 = STYLED_ITEM('color',(#7959),#2652);
#7959 = PRESENTATION_STYLE_ASSIGNMENT((#7960));
#7960 = SURFACE_STYLE_USAGE(.BOTH.,#7961);
#7961 = SURFACE_SIDE_STYLE('',(#7962));
#7962 = SURFACE_STYLE_FILL_AREA(#7963);
#7963 = FILL_AREA_STYLE('',(#7964));
#7964 = FILL_AREA_STYLE_COLOUR('',#7677);
#7965 = STYLED_ITEM('color',(#7966),#2676);
#7966 = PRESENTATION_STYLE_ASSIGNMENT((#7967));
#7967 = SURFACE_STYLE_USAGE(.BOTH.,#7968);
#7968 = SURFACE_SIDE_STYLE('',(#7969));
#7969 = SURFACE_STYLE_FILL_AREA(#7970);
#7970 = FILL_AREA_STYLE('',(#7971));
#7971 = FILL_AREA_STYLE_COLOUR('',#7677);
#7972 = STYLED_ITEM('color',(#7973),#2700);
#7973 = PRESENTATION_STYLE_ASSIGNMENT((#7974));
#7974 = SURFACE_STYLE_USAGE(.BOTH.,#7975);
#7975 = SURFACE_SIDE_STYLE('',(#7976));
#7976 = SURFACE_STYLE_FILL_AREA(#7977);
#7977 = FILL_AREA_STYLE('',(#7978));
#7978 = FILL_AREA_STYLE_COLOUR('',#7677);
#7979 = STYLED_ITEM('color',(#7980),#2717);
#7980 = PRESENTATION_STYLE_ASSIGNMENT((#7981));
#7981 = SURFACE_STYLE_USAGE(.BOTH.,#7982);
#7982 = SURFACE_SIDE_STYLE('',(#7983));
#7983 = SURFACE_STYLE_FILL_AREA(#7984);
#7984 = FILL_AREA_STYLE('',(#7985));
#7985 = FILL_AREA_STYLE_COLOUR('',#7677);
#7986 = STYLED_ITEM('color',(#7987),#2748);
#7987 = PRESENTATION_STYLE_ASSIGNMENT((#7988));
#7988 = SURFACE_STYLE_USAGE(.BOTH.,#7989);
#7989 = SURFACE_SIDE_STYLE('',(#7990));
#7990 = SURFACE_STYLE_FILL_AREA(#7991);
#7991 = FILL_AREA_STYLE('',(#7992));
#7992 = FILL_AREA_STYLE_COLOUR('',#7677);
#7993 = STYLED_ITEM('color',(#7994),#2772);
#7994 = PRESENTATION_STYLE_ASSIGNMENT((#7995));
#7995 = SURFACE_STYLE_USAGE(.BOTH.,#7996);
#7996 = SURFACE_SIDE_STYLE('',(#7997));
#7997 = SURFACE_STYLE_FILL_AREA(#7998);
#7998 = FILL_AREA_STYLE('',(#7999));
#7999 = FILL_AREA_STYLE_COLOUR('',#7677);
#8000 = STYLED_ITEM('color',(#8001),#2796);
#8001 = PRESENTATION_STYLE_ASSIGNMENT((#8002));
#8002 = SURFACE_STYLE_USAGE(.BOTH.,#8003);
#8003 = SURFACE_SIDE_STYLE('',(#8004));
#8004 = SURFACE_STYLE_FILL_AREA(#8005);
#8005 = FILL_AREA_STYLE('',(#8006));
#8006 = FILL_AREA_STYLE_COLOUR('',#7677);
#8007 = STYLED_ITEM('color',(#8008),#2813);
#8008 = PRESENTATION_STYLE_ASSIGNMENT((#8009));
#8009 = SURFACE_STYLE_USAGE(.BOTH.,#8010);
#8010 = SURFACE_SIDE_STYLE('',(#8011));
#8011 = SURFACE_STYLE_FILL_AREA(#8012);
#8012 = FILL_AREA_STYLE('',(#8013));
#8013 = FILL_AREA_STYLE_COLOUR('',#7677);
#8014 = STYLED_ITEM('color',(#8015),#2844);
#8015 = PRESENTATION_STYLE_ASSIGNMENT((#8016));
#8016 = SURFACE_STYLE_USAGE(.BOTH.,#8017);
#8017 = SURFACE_SIDE_STYLE('',(#8018));
#8018 = SURFACE_STYLE_FILL_AREA(#8019);
#8019 = FILL_AREA_STYLE('',(#8020));
#8020 = FILL_AREA_STYLE_COLOUR('',#7677);
#8021 = STYLED_ITEM('color',(#8022),#2868);
#8022 = PRESENTATION_STYLE_ASSIGNMENT((#8023));
#8023 = SURFACE_STYLE_USAGE(.BOTH.,#8024);
#8024 = SURFACE_SIDE_STYLE('',(#8025));
#8025 = SURFACE_STYLE_FILL_AREA(#8026);
#8026 = FILL_AREA_STYLE('',(#8027));
#8027 = FILL_AREA_STYLE_COLOUR('',#7677);
#8028 = STYLED_ITEM('color',(#8029),#2892);
#8029 = PRESENTATION_STYLE_ASSIGNMENT((#8030));
#8030 = SURFACE_STYLE_USAGE(.BOTH.,#8031);
#8031 = SURFACE_SIDE_STYLE('',(#8032));
#8032 = SURFACE_STYLE_FILL_AREA(#8033);
#8033 = FILL_AREA_STYLE('',(#8034));
#8034 = FILL_AREA_STYLE_COLOUR('',#7677);
#8035 = STYLED_ITEM('color',(#8036),#2909);
#8036 = PRESENTATION_STYLE_ASSIGNMENT((#8037));
#8037 = SURFACE_STYLE_USAGE(.BOTH.,#8038);
#8038 = SURFACE_SIDE_STYLE('',(#8039));
#8039 = SURFACE_STYLE_FILL_AREA(#8040);
#8040 = FILL_AREA_STYLE('',(#8041));
#8041 = FILL_AREA_STYLE_COLOUR('',#7677);
#8042 = STYLED_ITEM('color',(#8043),#2940);
#8043 = PRESENTATION_STYLE_ASSIGNMENT((#8044));
#8044 = SURFACE_STYLE_USAGE(.BOTH.,#8045);
#8045 = SURFACE_SIDE_STYLE('',(#8046));
#8046 = SURFACE_STYLE_FILL_AREA(#8047);
#8047 = FILL_AREA_STYLE('',(#8048));
#8048 = FILL_AREA_STYLE_COLOUR('',#7677);
#8049 = STYLED_ITEM('color',(#8050),#2964);
#8050 = PRESENTATION_STYLE_ASSIGNMENT((#8051));
#8051 = SURFACE_STYLE_USAGE(.BOTH.,#8052);
#8052 = SURFACE_SIDE_STYLE('',(#8053));
#8053 = SURFACE_STYLE_FILL_AREA(#8054);
#8054 = FILL_AREA_STYLE('',(#8055));
#8055 = FILL_AREA_STYLE_COLOUR('',#7677);
#8056 = STYLED_ITEM('color',(#8057),#2988);
#8057 = PRESENTATION_STYLE_ASSIGNMENT((#8058));
#8058 = SURFACE_STYLE_USAGE(.BOTH.,#8059);
#8059 = SURFACE_SIDE_STYLE('',(#8060));
#8060 = SURFACE_STYLE_FILL_AREA(#8061);
#8061 = FILL_AREA_STYLE('',(#8062));
#8062 = FILL_AREA_STYLE_COLOUR('',#7677);
#8063 = STYLED_ITEM('color',(#8064),#3005);
#8064 = PRESENTATION_STYLE_ASSIGNMENT((#8065));
#8065 = SURFACE_STYLE_USAGE(.BOTH.,#8066);
#8066 = SURFACE_SIDE_STYLE('',(#8067));
#8067 = SURFACE_STYLE_FILL_AREA(#8068);
#8068 = FILL_AREA_STYLE('',(#8069));
#8069 = FILL_AREA_STYLE_COLOUR('',#7677);
#8070 = STYLED_ITEM('color',(#8071),#3036);
#8071 = PRESENTATION_STYLE_ASSIGNMENT((#8072));
#8072 = SURFACE_STYLE_USAGE(.BOTH.,#8073);
#8073 = SURFACE_SIDE_STYLE('',(#8074));
#8074 = SURFACE_STYLE_FILL_AREA(#8075);
#8075 = FILL_AREA_STYLE('',(#8076));
#8076 = FILL_AREA_STYLE_COLOUR('',#7677);
#8077 = STYLED_ITEM('color',(#8078),#3060);
#8078 = PRESENTATION_STYLE_ASSIGNMENT((#8079));
#8079 = SURFACE_STYLE_USAGE(.BOTH.,#8080);
#8080 = SURFACE_SIDE_STYLE('',(#8081));
#8081 = SURFACE_STYLE_FILL_AREA(#8082);
#8082 = FILL_AREA_STYLE('',(#8083));
#8083 = FILL_AREA_STYLE_COLOUR('',#7677);
#8084 = STYLED_ITEM('color',(#8085),#3084);
#8085 = PRESENTATION_STYLE_ASSIGNMENT((#8086));
#8086 = SURFACE_STYLE_USAGE(.BOTH.,#8087);
#8087 = SURFACE_SIDE_STYLE('',(#8088));
#8088 = SURFACE_STYLE_FILL_AREA(#8089);
#8089 = FILL_AREA_STYLE('',(#8090));
#8090 = FILL_AREA_STYLE_COLOUR('',#7677);
#8091 = STYLED_ITEM('color',(#8092),#3101);
#8092 = PRESENTATION_STYLE_ASSIGNMENT((#8093));
#8093 = SURFACE_STYLE_USAGE(.BOTH.,#8094);
#8094 = SURFACE_SIDE_STYLE('',(#8095));
#8095 = SURFACE_STYLE_FILL_AREA(#8096);
#8096 = FILL_AREA_STYLE('',(#8097));
#8097 = FILL_AREA_STYLE_COLOUR('',#7677);
#8098 = STYLED_ITEM('color',(#8099),#3132);
#8099 = PRESENTATION_STYLE_ASSIGNMENT((#8100));
#8100 = SURFACE_STYLE_USAGE(.BOTH.,#8101);
#8101 = SURFACE_SIDE_STYLE('',(#8102));
#8102 = SURFACE_STYLE_FILL_AREA(#8103);
#8103 = FILL_AREA_STYLE('',(#8104));
#8104 = FILL_AREA_STYLE_COLOUR('',#7677);
#8105 = STYLED_ITEM('color',(#8106),#3156);
#8106 = PRESENTATION_STYLE_ASSIGNMENT((#8107));
#8107 = SURFACE_STYLE_USAGE(.BOTH.,#8108);
#8108 = SURFACE_SIDE_STYLE('',(#8109));
#8109 = SURFACE_STYLE_FILL_AREA(#8110);
#8110 = FILL_AREA_STYLE('',(#8111));
#8111 = FILL_AREA_STYLE_COLOUR('',#7677);
#8112 = STYLED_ITEM('color',(#8113),#3180);
#8113 = PRESENTATION_STYLE_ASSIGNMENT((#8114));
#8114 = SURFACE_STYLE_USAGE(.BOTH.,#8115);
#8115 = SURFACE_SIDE_STYLE('',(#8116));
#8116 = SURFACE_STYLE_FILL_AREA(#8117);
#8117 = FILL_AREA_STYLE('',(#8118));
#8118 = FILL_AREA_STYLE_COLOUR('',#7677);
#8119 = STYLED_ITEM('color',(#8120),#3197);
#8120 = PRESENTATION_STYLE_ASSIGNMENT((#8121));
#8121 = SURFACE_STYLE_USAGE(.BOTH.,#8122);
#8122 = SURFACE_SIDE_STYLE('',(#8123));
#8123 = SURFACE_STYLE_FILL_AREA(#8124);
#8124 = FILL_AREA_STYLE('',(#8125));
#8125 = FILL_AREA_STYLE_COLOUR('',#7677);
#8126 = STYLED_ITEM('color',(#8127),#3209);
#8127 = PRESENTATION_STYLE_ASSIGNMENT((#8128));
#8128 = SURFACE_STYLE_USAGE(.BOTH.,#8129);
#8129 = SURFACE_SIDE_STYLE('',(#8130));
#8130 = SURFACE_STYLE_FILL_AREA(#8131);
#8131 = FILL_AREA_STYLE('',(#8132));
#8132 = FILL_AREA_STYLE_COLOUR('',#7677);
#8133 = STYLED_ITEM('color',(#8134),#3221);
#8134 = PRESENTATION_STYLE_ASSIGNMENT((#8135));
#8135 = SURFACE_STYLE_USAGE(.BOTH.,#8136);
#8136 = SURFACE_SIDE_STYLE('',(#8137));
#8137 = SURFACE_STYLE_FILL_AREA(#8138);
#8138 = FILL_AREA_STYLE('',(#8139));
#8139 = FILL_AREA_STYLE_COLOUR('',#7677);
#8140 = STYLED_ITEM('color',(#8141),#3233);
#8141 = PRESENTATION_STYLE_ASSIGNMENT((#8142));
#8142 = SURFACE_STYLE_USAGE(.BOTH.,#8143);
#8143 = SURFACE_SIDE_STYLE('',(#8144));
#8144 = SURFACE_STYLE_FILL_AREA(#8145);
#8145 = FILL_AREA_STYLE('',(#8146));
#8146 = FILL_AREA_STYLE_COLOUR('',#7677);
#8147 = STYLED_ITEM('color',(#8148),#3245);
#8148 = PRESENTATION_STYLE_ASSIGNMENT((#8149));
#8149 = SURFACE_STYLE_USAGE(.BOTH.,#8150);
#8150 = SURFACE_SIDE_STYLE('',(#8151));
#8151 = SURFACE_STYLE_FILL_AREA(#8152);
#8152 = FILL_AREA_STYLE('',(#8153));
#8153 = FILL_AREA_STYLE_COLOUR('',#7677);
#8154 = STYLED_ITEM('color',(#8155),#3257);
#8155 = PRESENTATION_STYLE_ASSIGNMENT((#8156));
#8156 = SURFACE_STYLE_USAGE(.BOTH.,#8157);
#8157 = SURFACE_SIDE_STYLE('',(#8158));
#8158 = SURFACE_STYLE_FILL_AREA(#8159);
#8159 = FILL_AREA_STYLE('',(#8160));
#8160 = FILL_AREA_STYLE_COLOUR('',#7677);
#8161 = STYLED_ITEM('color',(#8162),#3269);
#8162 = PRESENTATION_STYLE_ASSIGNMENT((#8163));
#8163 = SURFACE_STYLE_USAGE(.BOTH.,#8164);
#8164 = SURFACE_SIDE_STYLE('',(#8165));
#8165 = SURFACE_STYLE_FILL_AREA(#8166);
#8166 = FILL_AREA_STYLE('',(#8167));
#8167 = FILL_AREA_STYLE_COLOUR('',#7677);
#8168 = STYLED_ITEM('color',(#8169),#3281);
#8169 = PRESENTATION_STYLE_ASSIGNMENT((#8170));
#8170 = SURFACE_STYLE_USAGE(.BOTH.,#8171);
#8171 = SURFACE_SIDE_STYLE('',(#8172));
#8172 = SURFACE_STYLE_FILL_AREA(#8173);
#8173 = FILL_AREA_STYLE('',(#8174));
#8174 = FILL_AREA_STYLE_COLOUR('',#7677);
#8175 = MECHANICAL_DESIGN_GEOMETRIC_PRESENTATION_REPRESENTATION('',(
    #8176),#7345);
#8176 = STYLED_ITEM('color',(#8177),#3327);
#8177 = PRESENTATION_STYLE_ASSIGNMENT((#8178));
#8178 = SURFACE_STYLE_USAGE(.BOTH.,#8179);
#8179 = SURFACE_SIDE_STYLE('',(#8180));
#8180 = SURFACE_STYLE_FILL_AREA(#8181);
#8181 = FILL_AREA_STYLE('',(#8182));
#8182 = FILL_AREA_STYLE_COLOUR('',#8183);
#8183 = COLOUR_RGB('',0.313304153717,0.484529207832,0.410020903123);
ENDSEC;
END-ISO-10303-21;
