ISO-10303-21;
HEADER;
FILE_DESCRIPTION(('FreeCAD Model'),'2;1');
FILE_NAME('Open CASCADE Shape Model','2026-08-10T21:12:40',('FreeCAD'),(
    'FreeCAD'),'Open CASCADE STEP processor 7.8','FreeCAD','Unknown');
FILE_SCHEMA(('AUTOMOTIVE_DESIGN { 1 0 10303 214 1 1 1 1 }'));
ENDSEC;
DATA;
#1 = APPLICATION_PROTOCOL_DEFINITION('international standard',
  'automotive_design',2000,#2);
#2 = APPLICATION_CONTEXT(
  'core data for automotive mechanical design processes');
#3 = SHAPE_DEFINITION_REPRESENTATION(#4,#10);
#4 = PRODUCT_DEFINITION_SHAPE('','',#5);
#5 = PRODUCT_DEFINITION('design','',#6,#9);
#6 = PRODUCT_DEFINITION_FORMATION('','',#7);
#7 = PRODUCT('Open CASCADE STEP translator 7.8 1',
  'Open CASCADE STEP translator 7.8 1','',(#8));
#8 = PRODUCT_CONTEXT('',#2,'mechanical');
#9 = PRODUCT_DEFINITION_CONTEXT('part definition',#2,'design');
#10 = SHAPE_REPRESENTATION('',(#11,#15,#170,#365,#520,#715,#870,#1065,
    #1220,#1415,#1570,#1765,#1920,#2115,#4895,#5050,#5245,#5400,#5595,
    #5750,#5945),#9963);
#11 = AXIS2_PLACEMENT_3D('',#12,#13,#14);
#12 = CARTESIAN_POINT('',(0.,0.,0.));
#13 = DIRECTION('',(0.,0.,1.));
#14 = DIRECTION('',(1.,0.,-0.));
#15 = MANIFOLD_SOLID_BREP('',#16);
#16 = CLOSED_SHELL('',(#17,#50,#76,#101,#127,#152,#161));
#17 = ADVANCED_FACE('',(#18),#45,.T.);
#18 = FACE_BOUND('',#19,.T.);
#19 = EDGE_LOOP('',(#20,#30,#37,#38));
#20 = ORIENTED_EDGE('',*,*,#21,.T.);
#21 = EDGE_CURVE('',#22,#24,#26,.T.);
#22 = VERTEX_POINT('',#23);
#23 = CARTESIAN_POINT('',(47.63,32.,0.5));
#24 = VERTEX_POINT('',#25);
#25 = CARTESIAN_POINT('',(47.63,32.,4.));
#26 = LINE('',#27,#28);
#27 = CARTESIAN_POINT('',(47.63,32.,4.));
#28 = VECTOR('',#29,1.);
#29 = DIRECTION('',(0.,2.2E-16,1.));
#30 = ORIENTED_EDGE('',*,*,#31,.F.);
#31 = EDGE_CURVE('',#24,#24,#32,.T.);
#32 = CIRCLE('',#33,0.25);
#33 = AXIS2_PLACEMENT_3D('',#34,#35,#36);
#34 = CARTESIAN_POINT('',(47.38,32.,4.));
#35 = DIRECTION('',(-0.,2.2E-16,1.));
#36 = DIRECTION('',(1.,0.,0.));
#37 = ORIENTED_EDGE('',*,*,#21,.F.);
#38 = ORIENTED_EDGE('',*,*,#39,.T.);
#39 = EDGE_CURVE('',#22,#22,#40,.T.);
#40 = CIRCLE('',#41,0.25);
#41 = AXIS2_PLACEMENT_3D('',#42,#43,#44);
#42 = CARTESIAN_POINT('',(47.38,32.,0.5));
#43 = DIRECTION('',(-0.,2.2E-16,1.));
#44 = DIRECTION('',(1.,0.,0.));
#45 = CYLINDRICAL_SURFACE('',#46,0.25);
#46 = AXIS2_PLACEMENT_3D('',#47,#48,#49);
#47 = CARTESIAN_POINT('',(47.38,32.,4.));
#48 = DIRECTION('',(0.,2.2E-16,1.));
#49 = DIRECTION('',(1.,0.,0.));
#50 = ADVANCED_FACE('',(#51),#71,.T.);
#51 = FACE_BOUND('',#52,.T.);
#52 = EDGE_LOOP('',(#53,#62,#69,#70));
#53 = ORIENTED_EDGE('',*,*,#54,.T.);
#54 = EDGE_CURVE('',#24,#55,#57,.T.);
#55 = VERTEX_POINT('',#56);
#56 = CARTESIAN_POINT('',(47.88,32.,4.25));
#57 = CIRCLE('',#58,0.25);
#58 = AXIS2_PLACEMENT_3D('',#59,#60,#61);
#59 = CARTESIAN_POINT('',(47.88,32.,4.));
#60 = DIRECTION('',(0.,1.,-2.2E-16));
#61 = DIRECTION('',(1.,0.,0.));
#62 = ORIENTED_EDGE('',*,*,#63,.T.);
#63 = EDGE_CURVE('',#55,#55,#64,.T.);
#64 = CIRCLE('',#65,0.25);
#65 = AXIS2_PLACEMENT_3D('',#66,#67,#68);
#66 = CARTESIAN_POINT('',(47.88,32.,4.5));
#67 = DIRECTION('',(-1.,0.,-1.8E-16));
#68 = DIRECTION('',(-1.8E-16,2.2E-16,1.));
#69 = ORIENTED_EDGE('',*,*,#54,.F.);
#70 = ORIENTED_EDGE('',*,*,#31,.T.);
#71 = TOROIDAL_SURFACE('',#72,0.5,0.25);
#72 = AXIS2_PLACEMENT_3D('',#73,#74,#75);
#73 = CARTESIAN_POINT('',(47.88,32.,4.));
#74 = DIRECTION('',(0.,1.,-2.2E-16));
#75 = DIRECTION('',(1.,0.,0.));
#76 = ADVANCED_FACE('',(#77),#96,.T.);
#77 = FACE_BOUND('',#78,.T.);
#78 = EDGE_LOOP('',(#79,#87,#94,#95));
#79 = ORIENTED_EDGE('',*,*,#80,.T.);
#80 = EDGE_CURVE('',#55,#81,#83,.T.);
#81 = VERTEX_POINT('',#82);
#82 = CARTESIAN_POINT('',(54.5,32.,4.25));
#83 = LINE('',#84,#85);
#84 = CARTESIAN_POINT('',(47.88,32.,4.25));
#85 = VECTOR('',#86,1.);
#86 = DIRECTION('',(1.,0.,0.));
#87 = ORIENTED_EDGE('',*,*,#88,.F.);
#88 = EDGE_CURVE('',#81,#81,#89,.T.);
#89 = CIRCLE('',#90,0.25);
#90 = AXIS2_PLACEMENT_3D('',#91,#92,#93);
#91 = CARTESIAN_POINT('',(54.5,32.,4.5));
#92 = DIRECTION('',(1.,0.,0.));
#93 = DIRECTION('',(0.,-2.2E-16,-1.));
#94 = ORIENTED_EDGE('',*,*,#80,.F.);
#95 = ORIENTED_EDGE('',*,*,#63,.F.);
#96 = CYLINDRICAL_SURFACE('',#97,0.25);
#97 = AXIS2_PLACEMENT_3D('',#98,#99,#100);
#98 = CARTESIAN_POINT('',(47.88,32.,4.5));
#99 = DIRECTION('',(1.,0.,0.));
#100 = DIRECTION('',(0.,-2.2E-16,-1.));
#101 = ADVANCED_FACE('',(#102),#122,.T.);
#102 = FACE_BOUND('',#103,.T.);
#103 = EDGE_LOOP('',(#104,#113,#120,#121));
#104 = ORIENTED_EDGE('',*,*,#105,.T.);
#105 = EDGE_CURVE('',#81,#106,#108,.T.);
#106 = VERTEX_POINT('',#107);
#107 = CARTESIAN_POINT('',(54.75,32.,4.));
#108 = CIRCLE('',#109,0.25);
#109 = AXIS2_PLACEMENT_3D('',#110,#111,#112);
#110 = CARTESIAN_POINT('',(54.5,32.,4.));
#111 = DIRECTION('',(0.,1.,-2.2E-16));
#112 = DIRECTION('',(1.,0.,0.));
#113 = ORIENTED_EDGE('',*,*,#114,.T.);
#114 = EDGE_CURVE('',#106,#106,#115,.T.);
#115 = CIRCLE('',#116,0.25);
#116 = AXIS2_PLACEMENT_3D('',#117,#118,#119);
#117 = CARTESIAN_POINT('',(55.,32.,4.));
#118 = DIRECTION('',(-2.4E-16,2.2E-16,1.));
#119 = DIRECTION('',(1.,0.,2.4E-16));
#120 = ORIENTED_EDGE('',*,*,#105,.F.);
#121 = ORIENTED_EDGE('',*,*,#88,.T.);
#122 = TOROIDAL_SURFACE('',#123,0.5,0.25);
#123 = AXIS2_PLACEMENT_3D('',#124,#125,#126);
#124 = CARTESIAN_POINT('',(54.5,32.,4.));
#125 = DIRECTION('',(0.,1.,-2.2E-16));
#126 = DIRECTION('',(1.,0.,0.));
#127 = ADVANCED_FACE('',(#128),#147,.T.);
#128 = FACE_BOUND('',#129,.T.);
#129 = EDGE_LOOP('',(#130,#138,#145,#146));
#130 = ORIENTED_EDGE('',*,*,#131,.T.);
#131 = EDGE_CURVE('',#106,#132,#134,.T.);
#132 = VERTEX_POINT('',#133);
#133 = CARTESIAN_POINT('',(54.75,32.,0.5));
#134 = LINE('',#135,#136);
#135 = CARTESIAN_POINT('',(54.75,32.,4.));
#136 = VECTOR('',#137,1.);
#137 = DIRECTION('',(0.,-2.2E-16,-1.));
#138 = ORIENTED_EDGE('',*,*,#139,.F.);
#139 = EDGE_CURVE('',#132,#132,#140,.T.);
#140 = CIRCLE('',#141,0.25);
#141 = AXIS2_PLACEMENT_3D('',#142,#143,#144);
#142 = CARTESIAN_POINT('',(55.,32.,0.5));
#143 = DIRECTION('',(-0.,-2.2E-16,-1.));
#144 = DIRECTION('',(-1.,0.,0.));
#145 = ORIENTED_EDGE('',*,*,#131,.F.);
#146 = ORIENTED_EDGE('',*,*,#114,.F.);
#147 = CYLINDRICAL_SURFACE('',#148,0.25);
#148 = AXIS2_PLACEMENT_3D('',#149,#150,#151);
#149 = CARTESIAN_POINT('',(55.,32.,4.));
#150 = DIRECTION('',(0.,-2.2E-16,-1.));
#151 = DIRECTION('',(-1.,0.,0.));
#152 = ADVANCED_FACE('',(#153),#156,.T.);
#153 = FACE_BOUND('',#154,.F.);
#154 = EDGE_LOOP('',(#155));
#155 = ORIENTED_EDGE('',*,*,#39,.T.);
#156 = PLANE('',#157);
#157 = AXIS2_PLACEMENT_3D('',#158,#159,#160);
#158 = CARTESIAN_POINT('',(47.63,32.,0.5));
#159 = DIRECTION('',(0.,0.,-1.));
#160 = DIRECTION('',(-1.,0.,0.));
#161 = ADVANCED_FACE('',(#162),#165,.F.);
#162 = FACE_BOUND('',#163,.T.);
#163 = EDGE_LOOP('',(#164));
#164 = ORIENTED_EDGE('',*,*,#139,.T.);
#165 = PLANE('',#166);
#166 = AXIS2_PLACEMENT_3D('',#167,#168,#169);
#167 = CARTESIAN_POINT('',(54.75,32.,0.5));
#168 = DIRECTION('',(0.,0.,1.));
#169 = DIRECTION('',(1.,0.,0.));
#170 = MANIFOLD_SOLID_BREP('',#171);
#171 = CLOSED_SHELL('',(#172,#205,#225,#245,#270,#295,#321,#347,#356));
#172 = ADVANCED_FACE('',(#173),#200,.T.);
#173 = FACE_BOUND('',#174,.T.);
#174 = EDGE_LOOP('',(#175,#184,#192,#199));
#175 = ORIENTED_EDGE('',*,*,#176,.T.);
#176 = EDGE_CURVE('',#177,#177,#179,.T.);
#177 = VERTEX_POINT('',#178);
#178 = CARTESIAN_POINT('',(49.79,32.,5.51));
#179 = CIRCLE('',#180,1.01);
#180 = AXIS2_PLACEMENT_3D('',#181,#182,#183);
#181 = CARTESIAN_POINT('',(49.79,32.,4.5));
#182 = DIRECTION('',(1.,0.,-0.));
#183 = DIRECTION('',(0.,9.92044604925E-16,1.));
#184 = ORIENTED_EDGE('',*,*,#185,.T.);
#185 = EDGE_CURVE('',#177,#186,#188,.T.);
#186 = VERTEX_POINT('',#187);
#187 = CARTESIAN_POINT('',(50.79,32.,5.51));
#188 = LINE('',#189,#190);
#189 = CARTESIAN_POINT('',(49.79,32.,5.51));
#190 = VECTOR('',#191,1.);
#191 = DIRECTION('',(1.,0.,0.));
#192 = ORIENTED_EDGE('',*,*,#193,.F.);
#193 = EDGE_CURVE('',#186,#186,#194,.T.);
#194 = CIRCLE('',#195,1.01);
#195 = AXIS2_PLACEMENT_3D('',#196,#197,#198);
#196 = CARTESIAN_POINT('',(50.79,32.,4.5));
#197 = DIRECTION('',(1.,0.,-0.));
#198 = DIRECTION('',(0.,9.92044604925E-16,1.));
#199 = ORIENTED_EDGE('',*,*,#185,.F.);
#200 = CYLINDRICAL_SURFACE('',#201,1.01);
#201 = AXIS2_PLACEMENT_3D('',#202,#203,#204);
#202 = CARTESIAN_POINT('',(49.79,32.,4.5));
#203 = DIRECTION('',(1.,0.,0.));
#204 = DIRECTION('',(0.,9.92044604925E-16,1.));
#205 = ADVANCED_FACE('',(#206,#209),#220,.F.);
#206 = FACE_BOUND('',#207,.T.);
#207 = EDGE_LOOP('',(#208));
#208 = ORIENTED_EDGE('',*,*,#176,.F.);
#209 = FACE_BOUND('',#210,.T.);
#210 = EDGE_LOOP('',(#211));
#211 = ORIENTED_EDGE('',*,*,#212,.T.);
#212 = EDGE_CURVE('',#213,#213,#215,.T.);
#213 = VERTEX_POINT('',#214);
#214 = CARTESIAN_POINT('',(49.79,32.,5.5));
#215 = CIRCLE('',#216,1.);
#216 = AXIS2_PLACEMENT_3D('',#217,#218,#219);
#217 = CARTESIAN_POINT('',(49.79,32.,4.5));
#218 = DIRECTION('',(1.,0.,-0.));
#219 = DIRECTION('',(0.,1.002044604925E-15,1.));
#220 = PLANE('',#221);
#221 = AXIS2_PLACEMENT_3D('',#222,#223,#224);
#222 = CARTESIAN_POINT('',(49.79,32.,4.5));
#223 = DIRECTION('',(1.,0.,0.));
#224 = DIRECTION('',(0.,1.002044604925E-15,1.));
#225 = ADVANCED_FACE('',(#226,#229),#240,.T.);
#226 = FACE_BOUND('',#227,.T.);
#227 = EDGE_LOOP('',(#228));
#228 = ORIENTED_EDGE('',*,*,#193,.T.);
#229 = FACE_BOUND('',#230,.T.);
#230 = EDGE_LOOP('',(#231));
#231 = ORIENTED_EDGE('',*,*,#232,.F.);
#232 = EDGE_CURVE('',#233,#233,#235,.T.);
#233 = VERTEX_POINT('',#234);
#234 = CARTESIAN_POINT('',(50.79,32.,5.5));
#235 = CIRCLE('',#236,1.);
#236 = AXIS2_PLACEMENT_3D('',#237,#238,#239);
#237 = CARTESIAN_POINT('',(50.79,32.,4.5));
#238 = DIRECTION('',(1.,0.,-0.));
#239 = DIRECTION('',(0.,1.002044604925E-15,1.));
#240 = PLANE('',#241);
#241 = AXIS2_PLACEMENT_3D('',#242,#243,#244);
#242 = CARTESIAN_POINT('',(50.79,32.,4.5));
#243 = DIRECTION('',(1.,0.,0.));
#244 = DIRECTION('',(0.,9.92044604925E-16,1.));
#245 = ADVANCED_FACE('',(#246),#265,.T.);
#246 = FACE_BOUND('',#247,.T.);
#247 = EDGE_LOOP('',(#248,#257,#263,#264));
#248 = ORIENTED_EDGE('',*,*,#249,.T.);
#249 = EDGE_CURVE('',#250,#250,#252,.T.);
#250 = VERTEX_POINT('',#251);
#251 = CARTESIAN_POINT('',(49.59,32.,5.5));
#252 = CIRCLE('',#253,1.);
#253 = AXIS2_PLACEMENT_3D('',#254,#255,#256);
#254 = CARTESIAN_POINT('',(49.59,32.,4.5));
#255 = DIRECTION('',(1.,0.,-0.));
#256 = DIRECTION('',(0.,1.002044604925E-15,1.));
#257 = ORIENTED_EDGE('',*,*,#258,.T.);
#258 = EDGE_CURVE('',#250,#213,#259,.T.);
#259 = LINE('',#260,#261);
#260 = CARTESIAN_POINT('',(49.19,32.,5.5));
#261 = VECTOR('',#262,1.);
#262 = DIRECTION('',(1.,0.,0.));
#263 = ORIENTED_EDGE('',*,*,#212,.F.);
#264 = ORIENTED_EDGE('',*,*,#258,.F.);
#265 = CYLINDRICAL_SURFACE('',#266,1.);
#266 = AXIS2_PLACEMENT_3D('',#267,#268,#269);
#267 = CARTESIAN_POINT('',(49.19,32.,4.5));
#268 = DIRECTION('',(1.,0.,0.));
#269 = DIRECTION('',(0.,1.002044604925E-15,1.));
#270 = ADVANCED_FACE('',(#271),#290,.T.);
#271 = FACE_BOUND('',#272,.T.);
#272 = EDGE_LOOP('',(#273,#274,#282,#289));
#273 = ORIENTED_EDGE('',*,*,#232,.T.);
#274 = ORIENTED_EDGE('',*,*,#275,.T.);
#275 = EDGE_CURVE('',#233,#276,#278,.T.);
#276 = VERTEX_POINT('',#277);
#277 = CARTESIAN_POINT('',(52.79,32.,5.5));
#278 = LINE('',#279,#280);
#279 = CARTESIAN_POINT('',(49.19,32.,5.5));
#280 = VECTOR('',#281,1.);
#281 = DIRECTION('',(1.,0.,0.));
#282 = ORIENTED_EDGE('',*,*,#283,.F.);
#283 = EDGE_CURVE('',#276,#276,#284,.T.);
#284 = CIRCLE('',#285,1.);
#285 = AXIS2_PLACEMENT_3D('',#286,#287,#288);
#286 = CARTESIAN_POINT('',(52.79,32.,4.5));
#287 = DIRECTION('',(1.,0.,-0.));
#288 = DIRECTION('',(0.,1.002044604925E-15,1.));
#289 = ORIENTED_EDGE('',*,*,#275,.F.);
#290 = CYLINDRICAL_SURFACE('',#291,1.);
#291 = AXIS2_PLACEMENT_3D('',#292,#293,#294);
#292 = CARTESIAN_POINT('',(49.19,32.,4.5));
#293 = DIRECTION('',(1.,0.,0.));
#294 = DIRECTION('',(0.,1.002044604925E-15,1.));
#295 = ADVANCED_FACE('',(#296),#316,.T.);
#296 = FACE_BOUND('',#297,.T.);
#297 = EDGE_LOOP('',(#298,#307,#314,#315));
#298 = ORIENTED_EDGE('',*,*,#299,.T.);
#299 = EDGE_CURVE('',#300,#300,#302,.T.);
#300 = VERTEX_POINT('',#301);
#301 = CARTESIAN_POINT('',(49.19,32.,5.1));
#302 = CIRCLE('',#303,0.6);
#303 = AXIS2_PLACEMENT_3D('',#304,#305,#306);
#304 = CARTESIAN_POINT('',(49.19,32.,4.5));
#305 = DIRECTION('',(1.,0.,-0.));
#306 = DIRECTION('',(0.,1.002044604925E-15,1.));
#307 = ORIENTED_EDGE('',*,*,#308,.F.);
#308 = EDGE_CURVE('',#250,#300,#309,.T.);
#309 = CIRCLE('',#310,0.4);
#310 = AXIS2_PLACEMENT_3D('',#311,#312,#313);
#311 = CARTESIAN_POINT('',(49.59,32.,5.1));
#312 = DIRECTION('',(0.,-1.,1.002044604925E-15));
#313 = DIRECTION('',(0.,1.002044604925E-15,1.));
#314 = ORIENTED_EDGE('',*,*,#249,.F.);
#315 = ORIENTED_EDGE('',*,*,#308,.T.);
#316 = TOROIDAL_SURFACE('',#317,0.6,0.4);
#317 = AXIS2_PLACEMENT_3D('',#318,#319,#320);
#318 = CARTESIAN_POINT('',(49.59,32.,4.5));
#319 = DIRECTION('',(-1.,0.,0.));
#320 = DIRECTION('',(0.,1.002044604925E-15,1.));
#321 = ADVANCED_FACE('',(#322),#342,.T.);
#322 = FACE_BOUND('',#323,.T.);
#323 = EDGE_LOOP('',(#324,#325,#334,#341));
#324 = ORIENTED_EDGE('',*,*,#283,.T.);
#325 = ORIENTED_EDGE('',*,*,#326,.F.);
#326 = EDGE_CURVE('',#327,#276,#329,.T.);
#327 = VERTEX_POINT('',#328);
#328 = CARTESIAN_POINT('',(53.19,32.,5.1));
#329 = CIRCLE('',#330,0.4);
#330 = AXIS2_PLACEMENT_3D('',#331,#332,#333);
#331 = CARTESIAN_POINT('',(52.79,32.,5.1));
#332 = DIRECTION('',(0.,-1.,1.002044604925E-15));
#333 = DIRECTION('',(0.,1.002044604925E-15,1.));
#334 = ORIENTED_EDGE('',*,*,#335,.F.);
#335 = EDGE_CURVE('',#327,#327,#336,.T.);
#336 = CIRCLE('',#337,0.6);
#337 = AXIS2_PLACEMENT_3D('',#338,#339,#340);
#338 = CARTESIAN_POINT('',(53.19,32.,4.5));
#339 = DIRECTION('',(1.,0.,-0.));
#340 = DIRECTION('',(0.,1.002044604925E-15,1.));
#341 = ORIENTED_EDGE('',*,*,#326,.T.);
#342 = TOROIDAL_SURFACE('',#343,0.6,0.4);
#343 = AXIS2_PLACEMENT_3D('',#344,#345,#346);
#344 = CARTESIAN_POINT('',(52.79,32.,4.5));
#345 = DIRECTION('',(-1.,0.,0.));
#346 = DIRECTION('',(0.,1.002044604925E-15,1.));
#347 = ADVANCED_FACE('',(#348),#351,.F.);
#348 = FACE_BOUND('',#349,.T.);
#349 = EDGE_LOOP('',(#350));
#350 = ORIENTED_EDGE('',*,*,#299,.F.);
#351 = PLANE('',#352);
#352 = AXIS2_PLACEMENT_3D('',#353,#354,#355);
#353 = CARTESIAN_POINT('',(49.19,32.,4.5));
#354 = DIRECTION('',(1.,0.,0.));
#355 = DIRECTION('',(0.,1.002044604925E-15,1.));
#356 = ADVANCED_FACE('',(#357),#360,.T.);
#357 = FACE_BOUND('',#358,.F.);
#358 = EDGE_LOOP('',(#359));
#359 = ORIENTED_EDGE('',*,*,#335,.F.);
#360 = PLANE('',#361);
#361 = AXIS2_PLACEMENT_3D('',#362,#363,#364);
#362 = CARTESIAN_POINT('',(53.19,32.,4.5));
#363 = DIRECTION('',(1.,0.,0.));
#364 = DIRECTION('',(0.,1.002044604925E-15,1.));
#365 = MANIFOLD_SOLID_BREP('',#366);
#366 = CLOSED_SHELL('',(#367,#400,#426,#451,#477,#502,#511));
#367 = ADVANCED_FACE('',(#368),#395,.T.);
#368 = FACE_BOUND('',#369,.T.);
#369 = EDGE_LOOP('',(#370,#380,#387,#388));
#370 = ORIENTED_EDGE('',*,*,#371,.T.);
#371 = EDGE_CURVE('',#372,#374,#376,.T.);
#372 = VERTEX_POINT('',#373);
#373 = CARTESIAN_POINT('',(47.63,13.,0.5));
#374 = VERTEX_POINT('',#375);
#375 = CARTESIAN_POINT('',(47.63,13.,4.));
#376 = LINE('',#377,#378);
#377 = CARTESIAN_POINT('',(47.63,13.,4.));
#378 = VECTOR('',#379,1.);
#379 = DIRECTION('',(0.,2.2E-16,1.));
#380 = ORIENTED_EDGE('',*,*,#381,.F.);
#381 = EDGE_CURVE('',#374,#374,#382,.T.);
#382 = CIRCLE('',#383,0.25);
#383 = AXIS2_PLACEMENT_3D('',#384,#385,#386);
#384 = CARTESIAN_POINT('',(47.38,13.,4.));
#385 = DIRECTION('',(-0.,2.2E-16,1.));
#386 = DIRECTION('',(1.,0.,0.));
#387 = ORIENTED_EDGE('',*,*,#371,.F.);
#388 = ORIENTED_EDGE('',*,*,#389,.T.);
#389 = EDGE_CURVE('',#372,#372,#390,.T.);
#390 = CIRCLE('',#391,0.25);
#391 = AXIS2_PLACEMENT_3D('',#392,#393,#394);
#392 = CARTESIAN_POINT('',(47.38,13.,0.5));
#393 = DIRECTION('',(-0.,2.2E-16,1.));
#394 = DIRECTION('',(1.,0.,0.));
#395 = CYLINDRICAL_SURFACE('',#396,0.25);
#396 = AXIS2_PLACEMENT_3D('',#397,#398,#399);
#397 = CARTESIAN_POINT('',(47.38,13.,4.));
#398 = DIRECTION('',(0.,2.2E-16,1.));
#399 = DIRECTION('',(1.,0.,0.));
#400 = ADVANCED_FACE('',(#401),#421,.T.);
#401 = FACE_BOUND('',#402,.T.);
#402 = EDGE_LOOP('',(#403,#412,#419,#420));
#403 = ORIENTED_EDGE('',*,*,#404,.T.);
#404 = EDGE_CURVE('',#374,#405,#407,.T.);
#405 = VERTEX_POINT('',#406);
#406 = CARTESIAN_POINT('',(47.88,13.,4.25));
#407 = CIRCLE('',#408,0.25);
#408 = AXIS2_PLACEMENT_3D('',#409,#410,#411);
#409 = CARTESIAN_POINT('',(47.88,13.,4.));
#410 = DIRECTION('',(0.,1.,-2.2E-16));
#411 = DIRECTION('',(1.,0.,0.));
#412 = ORIENTED_EDGE('',*,*,#413,.T.);
#413 = EDGE_CURVE('',#405,#405,#414,.T.);
#414 = CIRCLE('',#415,0.25);
#415 = AXIS2_PLACEMENT_3D('',#416,#417,#418);
#416 = CARTESIAN_POINT('',(47.88,13.,4.5));
#417 = DIRECTION('',(-1.,0.,-1.8E-16));
#418 = DIRECTION('',(-1.8E-16,2.2E-16,1.));
#419 = ORIENTED_EDGE('',*,*,#404,.F.);
#420 = ORIENTED_EDGE('',*,*,#381,.T.);
#421 = TOROIDAL_SURFACE('',#422,0.5,0.25);
#422 = AXIS2_PLACEMENT_3D('',#423,#424,#425);
#423 = CARTESIAN_POINT('',(47.88,13.,4.));
#424 = DIRECTION('',(0.,1.,-2.2E-16));
#425 = DIRECTION('',(1.,0.,0.));
#426 = ADVANCED_FACE('',(#427),#446,.T.);
#427 = FACE_BOUND('',#428,.T.);
#428 = EDGE_LOOP('',(#429,#437,#444,#445));
#429 = ORIENTED_EDGE('',*,*,#430,.T.);
#430 = EDGE_CURVE('',#405,#431,#433,.T.);
#431 = VERTEX_POINT('',#432);
#432 = CARTESIAN_POINT('',(54.5,13.,4.25));
#433 = LINE('',#434,#435);
#434 = CARTESIAN_POINT('',(47.88,13.,4.25));
#435 = VECTOR('',#436,1.);
#436 = DIRECTION('',(1.,0.,0.));
#437 = ORIENTED_EDGE('',*,*,#438,.F.);
#438 = EDGE_CURVE('',#431,#431,#439,.T.);
#439 = CIRCLE('',#440,0.25);
#440 = AXIS2_PLACEMENT_3D('',#441,#442,#443);
#441 = CARTESIAN_POINT('',(54.5,13.,4.5));
#442 = DIRECTION('',(1.,0.,0.));
#443 = DIRECTION('',(0.,-2.2E-16,-1.));
#444 = ORIENTED_EDGE('',*,*,#430,.F.);
#445 = ORIENTED_EDGE('',*,*,#413,.F.);
#446 = CYLINDRICAL_SURFACE('',#447,0.25);
#447 = AXIS2_PLACEMENT_3D('',#448,#449,#450);
#448 = CARTESIAN_POINT('',(47.88,13.,4.5));
#449 = DIRECTION('',(1.,0.,0.));
#450 = DIRECTION('',(0.,-2.2E-16,-1.));
#451 = ADVANCED_FACE('',(#452),#472,.T.);
#452 = FACE_BOUND('',#453,.T.);
#453 = EDGE_LOOP('',(#454,#463,#470,#471));
#454 = ORIENTED_EDGE('',*,*,#455,.T.);
#455 = EDGE_CURVE('',#431,#456,#458,.T.);
#456 = VERTEX_POINT('',#457);
#457 = CARTESIAN_POINT('',(54.75,13.,4.));
#458 = CIRCLE('',#459,0.25);
#459 = AXIS2_PLACEMENT_3D('',#460,#461,#462);
#460 = CARTESIAN_POINT('',(54.5,13.,4.));
#461 = DIRECTION('',(0.,1.,-2.2E-16));
#462 = DIRECTION('',(1.,0.,0.));
#463 = ORIENTED_EDGE('',*,*,#464,.T.);
#464 = EDGE_CURVE('',#456,#456,#465,.T.);
#465 = CIRCLE('',#466,0.25);
#466 = AXIS2_PLACEMENT_3D('',#467,#468,#469);
#467 = CARTESIAN_POINT('',(55.,13.,4.));
#468 = DIRECTION('',(-2.4E-16,2.2E-16,1.));
#469 = DIRECTION('',(1.,0.,2.4E-16));
#470 = ORIENTED_EDGE('',*,*,#455,.F.);
#471 = ORIENTED_EDGE('',*,*,#438,.T.);
#472 = TOROIDAL_SURFACE('',#473,0.5,0.25);
#473 = AXIS2_PLACEMENT_3D('',#474,#475,#476);
#474 = CARTESIAN_POINT('',(54.5,13.,4.));
#475 = DIRECTION('',(0.,1.,-2.2E-16));
#476 = DIRECTION('',(1.,0.,0.));
#477 = ADVANCED_FACE('',(#478),#497,.T.);
#478 = FACE_BOUND('',#479,.T.);
#479 = EDGE_LOOP('',(#480,#488,#495,#496));
#480 = ORIENTED_EDGE('',*,*,#481,.T.);
#481 = EDGE_CURVE('',#456,#482,#484,.T.);
#482 = VERTEX_POINT('',#483);
#483 = CARTESIAN_POINT('',(54.75,13.,0.5));
#484 = LINE('',#485,#486);
#485 = CARTESIAN_POINT('',(54.75,13.,4.));
#486 = VECTOR('',#487,1.);
#487 = DIRECTION('',(0.,-2.2E-16,-1.));
#488 = ORIENTED_EDGE('',*,*,#489,.F.);
#489 = EDGE_CURVE('',#482,#482,#490,.T.);
#490 = CIRCLE('',#491,0.25);
#491 = AXIS2_PLACEMENT_3D('',#492,#493,#494);
#492 = CARTESIAN_POINT('',(55.,13.,0.5));
#493 = DIRECTION('',(-0.,-2.2E-16,-1.));
#494 = DIRECTION('',(-1.,0.,0.));
#495 = ORIENTED_EDGE('',*,*,#481,.F.);
#496 = ORIENTED_EDGE('',*,*,#464,.F.);
#497 = CYLINDRICAL_SURFACE('',#498,0.25);
#498 = AXIS2_PLACEMENT_3D('',#499,#500,#501);
#499 = CARTESIAN_POINT('',(55.,13.,4.));
#500 = DIRECTION('',(0.,-2.2E-16,-1.));
#501 = DIRECTION('',(-1.,0.,0.));
#502 = ADVANCED_FACE('',(#503),#506,.T.);
#503 = FACE_BOUND('',#504,.F.);
#504 = EDGE_LOOP('',(#505));
#505 = ORIENTED_EDGE('',*,*,#389,.T.);
#506 = PLANE('',#507);
#507 = AXIS2_PLACEMENT_3D('',#508,#509,#510);
#508 = CARTESIAN_POINT('',(47.63,13.,0.5));
#509 = DIRECTION('',(0.,0.,-1.));
#510 = DIRECTION('',(-1.,0.,0.));
#511 = ADVANCED_FACE('',(#512),#515,.F.);
#512 = FACE_BOUND('',#513,.T.);
#513 = EDGE_LOOP('',(#514));
#514 = ORIENTED_EDGE('',*,*,#489,.T.);
#515 = PLANE('',#516);
#516 = AXIS2_PLACEMENT_3D('',#517,#518,#519);
#517 = CARTESIAN_POINT('',(54.75,13.,0.5));
#518 = DIRECTION('',(0.,0.,1.));
#519 = DIRECTION('',(1.,0.,0.));
#520 = MANIFOLD_SOLID_BREP('',#521);
#521 = CLOSED_SHELL('',(#522,#555,#575,#595,#620,#645,#671,#697,#706));
#522 = ADVANCED_FACE('',(#523),#550,.T.);
#523 = FACE_BOUND('',#524,.T.);
#524 = EDGE_LOOP('',(#525,#534,#542,#549));
#525 = ORIENTED_EDGE('',*,*,#526,.T.);
#526 = EDGE_CURVE('',#527,#527,#529,.T.);
#527 = VERTEX_POINT('',#528);
#528 = CARTESIAN_POINT('',(49.79,13.,5.51));
#529 = CIRCLE('',#530,1.01);
#530 = AXIS2_PLACEMENT_3D('',#531,#532,#533);
#531 = CARTESIAN_POINT('',(49.79,13.,4.5));
#532 = DIRECTION('',(1.,0.,-0.));
#533 = DIRECTION('',(0.,9.92044604925E-16,1.));
#534 = ORIENTED_EDGE('',*,*,#535,.T.);
#535 = EDGE_CURVE('',#527,#536,#538,.T.);
#536 = VERTEX_POINT('',#537);
#537 = CARTESIAN_POINT('',(50.79,13.,5.51));
#538 = LINE('',#539,#540);
#539 = CARTESIAN_POINT('',(49.79,13.,5.51));
#540 = VECTOR('',#541,1.);
#541 = DIRECTION('',(1.,0.,0.));
#542 = ORIENTED_EDGE('',*,*,#543,.F.);
#543 = EDGE_CURVE('',#536,#536,#544,.T.);
#544 = CIRCLE('',#545,1.01);
#545 = AXIS2_PLACEMENT_3D('',#546,#547,#548);
#546 = CARTESIAN_POINT('',(50.79,13.,4.5));
#547 = DIRECTION('',(1.,0.,-0.));
#548 = DIRECTION('',(0.,9.92044604925E-16,1.));
#549 = ORIENTED_EDGE('',*,*,#535,.F.);
#550 = CYLINDRICAL_SURFACE('',#551,1.01);
#551 = AXIS2_PLACEMENT_3D('',#552,#553,#554);
#552 = CARTESIAN_POINT('',(49.79,13.,4.5));
#553 = DIRECTION('',(1.,0.,0.));
#554 = DIRECTION('',(0.,9.92044604925E-16,1.));
#555 = ADVANCED_FACE('',(#556,#559),#570,.F.);
#556 = FACE_BOUND('',#557,.T.);
#557 = EDGE_LOOP('',(#558));
#558 = ORIENTED_EDGE('',*,*,#526,.F.);
#559 = FACE_BOUND('',#560,.T.);
#560 = EDGE_LOOP('',(#561));
#561 = ORIENTED_EDGE('',*,*,#562,.T.);
#562 = EDGE_CURVE('',#563,#563,#565,.T.);
#563 = VERTEX_POINT('',#564);
#564 = CARTESIAN_POINT('',(49.79,13.,5.5));
#565 = CIRCLE('',#566,1.);
#566 = AXIS2_PLACEMENT_3D('',#567,#568,#569);
#567 = CARTESIAN_POINT('',(49.79,13.,4.5));
#568 = DIRECTION('',(1.,0.,-0.));
#569 = DIRECTION('',(0.,1.002044604925E-15,1.));
#570 = PLANE('',#571);
#571 = AXIS2_PLACEMENT_3D('',#572,#573,#574);
#572 = CARTESIAN_POINT('',(49.79,13.,4.5));
#573 = DIRECTION('',(1.,0.,0.));
#574 = DIRECTION('',(0.,1.002044604925E-15,1.));
#575 = ADVANCED_FACE('',(#576,#579),#590,.T.);
#576 = FACE_BOUND('',#577,.T.);
#577 = EDGE_LOOP('',(#578));
#578 = ORIENTED_EDGE('',*,*,#543,.T.);
#579 = FACE_BOUND('',#580,.T.);
#580 = EDGE_LOOP('',(#581));
#581 = ORIENTED_EDGE('',*,*,#582,.F.);
#582 = EDGE_CURVE('',#583,#583,#585,.T.);
#583 = VERTEX_POINT('',#584);
#584 = CARTESIAN_POINT('',(50.79,13.,5.5));
#585 = CIRCLE('',#586,1.);
#586 = AXIS2_PLACEMENT_3D('',#587,#588,#589);
#587 = CARTESIAN_POINT('',(50.79,13.,4.5));
#588 = DIRECTION('',(1.,0.,-0.));
#589 = DIRECTION('',(0.,1.002044604925E-15,1.));
#590 = PLANE('',#591);
#591 = AXIS2_PLACEMENT_3D('',#592,#593,#594);
#592 = CARTESIAN_POINT('',(50.79,13.,4.5));
#593 = DIRECTION('',(1.,0.,0.));
#594 = DIRECTION('',(0.,9.92044604925E-16,1.));
#595 = ADVANCED_FACE('',(#596),#615,.T.);
#596 = FACE_BOUND('',#597,.T.);
#597 = EDGE_LOOP('',(#598,#607,#613,#614));
#598 = ORIENTED_EDGE('',*,*,#599,.T.);
#599 = EDGE_CURVE('',#600,#600,#602,.T.);
#600 = VERTEX_POINT('',#601);
#601 = CARTESIAN_POINT('',(49.59,13.,5.5));
#602 = CIRCLE('',#603,1.);
#603 = AXIS2_PLACEMENT_3D('',#604,#605,#606);
#604 = CARTESIAN_POINT('',(49.59,13.,4.5));
#605 = DIRECTION('',(1.,0.,-0.));
#606 = DIRECTION('',(0.,1.002044604925E-15,1.));
#607 = ORIENTED_EDGE('',*,*,#608,.T.);
#608 = EDGE_CURVE('',#600,#563,#609,.T.);
#609 = LINE('',#610,#611);
#610 = CARTESIAN_POINT('',(49.19,13.,5.5));
#611 = VECTOR('',#612,1.);
#612 = DIRECTION('',(1.,0.,0.));
#613 = ORIENTED_EDGE('',*,*,#562,.F.);
#614 = ORIENTED_EDGE('',*,*,#608,.F.);
#615 = CYLINDRICAL_SURFACE('',#616,1.);
#616 = AXIS2_PLACEMENT_3D('',#617,#618,#619);
#617 = CARTESIAN_POINT('',(49.19,13.,4.5));
#618 = DIRECTION('',(1.,0.,0.));
#619 = DIRECTION('',(0.,1.002044604925E-15,1.));
#620 = ADVANCED_FACE('',(#621),#640,.T.);
#621 = FACE_BOUND('',#622,.T.);
#622 = EDGE_LOOP('',(#623,#624,#632,#639));
#623 = ORIENTED_EDGE('',*,*,#582,.T.);
#624 = ORIENTED_EDGE('',*,*,#625,.T.);
#625 = EDGE_CURVE('',#583,#626,#628,.T.);
#626 = VERTEX_POINT('',#627);
#627 = CARTESIAN_POINT('',(52.79,13.,5.5));
#628 = LINE('',#629,#630);
#629 = CARTESIAN_POINT('',(49.19,13.,5.5));
#630 = VECTOR('',#631,1.);
#631 = DIRECTION('',(1.,0.,0.));
#632 = ORIENTED_EDGE('',*,*,#633,.F.);
#633 = EDGE_CURVE('',#626,#626,#634,.T.);
#634 = CIRCLE('',#635,1.);
#635 = AXIS2_PLACEMENT_3D('',#636,#637,#638);
#636 = CARTESIAN_POINT('',(52.79,13.,4.5));
#637 = DIRECTION('',(1.,0.,-0.));
#638 = DIRECTION('',(0.,1.002044604925E-15,1.));
#639 = ORIENTED_EDGE('',*,*,#625,.F.);
#640 = CYLINDRICAL_SURFACE('',#641,1.);
#641 = AXIS2_PLACEMENT_3D('',#642,#643,#644);
#642 = CARTESIAN_POINT('',(49.19,13.,4.5));
#643 = DIRECTION('',(1.,0.,0.));
#644 = DIRECTION('',(0.,1.002044604925E-15,1.));
#645 = ADVANCED_FACE('',(#646),#666,.T.);
#646 = FACE_BOUND('',#647,.T.);
#647 = EDGE_LOOP('',(#648,#657,#664,#665));
#648 = ORIENTED_EDGE('',*,*,#649,.T.);
#649 = EDGE_CURVE('',#650,#650,#652,.T.);
#650 = VERTEX_POINT('',#651);
#651 = CARTESIAN_POINT('',(49.19,13.,5.1));
#652 = CIRCLE('',#653,0.6);
#653 = AXIS2_PLACEMENT_3D('',#654,#655,#656);
#654 = CARTESIAN_POINT('',(49.19,13.,4.5));
#655 = DIRECTION('',(1.,0.,-0.));
#656 = DIRECTION('',(0.,1.002044604925E-15,1.));
#657 = ORIENTED_EDGE('',*,*,#658,.F.);
#658 = EDGE_CURVE('',#600,#650,#659,.T.);
#659 = CIRCLE('',#660,0.4);
#660 = AXIS2_PLACEMENT_3D('',#661,#662,#663);
#661 = CARTESIAN_POINT('',(49.59,13.,5.1));
#662 = DIRECTION('',(0.,-1.,1.002044604925E-15));
#663 = DIRECTION('',(0.,1.002044604925E-15,1.));
#664 = ORIENTED_EDGE('',*,*,#599,.F.);
#665 = ORIENTED_EDGE('',*,*,#658,.T.);
#666 = TOROIDAL_SURFACE('',#667,0.6,0.4);
#667 = AXIS2_PLACEMENT_3D('',#668,#669,#670);
#668 = CARTESIAN_POINT('',(49.59,13.,4.5));
#669 = DIRECTION('',(-1.,0.,0.));
#670 = DIRECTION('',(0.,1.002044604925E-15,1.));
#671 = ADVANCED_FACE('',(#672),#692,.T.);
#672 = FACE_BOUND('',#673,.T.);
#673 = EDGE_LOOP('',(#674,#675,#684,#691));
#674 = ORIENTED_EDGE('',*,*,#633,.T.);
#675 = ORIENTED_EDGE('',*,*,#676,.F.);
#676 = EDGE_CURVE('',#677,#626,#679,.T.);
#677 = VERTEX_POINT('',#678);
#678 = CARTESIAN_POINT('',(53.19,13.,5.1));
#679 = CIRCLE('',#680,0.4);
#680 = AXIS2_PLACEMENT_3D('',#681,#682,#683);
#681 = CARTESIAN_POINT('',(52.79,13.,5.1));
#682 = DIRECTION('',(0.,-1.,1.002044604925E-15));
#683 = DIRECTION('',(0.,1.002044604925E-15,1.));
#684 = ORIENTED_EDGE('',*,*,#685,.F.);
#685 = EDGE_CURVE('',#677,#677,#686,.T.);
#686 = CIRCLE('',#687,0.6);
#687 = AXIS2_PLACEMENT_3D('',#688,#689,#690);
#688 = CARTESIAN_POINT('',(53.19,13.,4.5));
#689 = DIRECTION('',(1.,0.,-0.));
#690 = DIRECTION('',(0.,1.002044604925E-15,1.));
#691 = ORIENTED_EDGE('',*,*,#676,.T.);
#692 = TOROIDAL_SURFACE('',#693,0.6,0.4);
#693 = AXIS2_PLACEMENT_3D('',#694,#695,#696);
#694 = CARTESIAN_POINT('',(52.79,13.,4.5));
#695 = DIRECTION('',(-1.,0.,0.));
#696 = DIRECTION('',(0.,1.002044604925E-15,1.));
#697 = ADVANCED_FACE('',(#698),#701,.F.);
#698 = FACE_BOUND('',#699,.T.);
#699 = EDGE_LOOP('',(#700));
#700 = ORIENTED_EDGE('',*,*,#649,.F.);
#701 = PLANE('',#702);
#702 = AXIS2_PLACEMENT_3D('',#703,#704,#705);
#703 = CARTESIAN_POINT('',(49.19,13.,4.5));
#704 = DIRECTION('',(1.,0.,0.));
#705 = DIRECTION('',(0.,1.002044604925E-15,1.));
#706 = ADVANCED_FACE('',(#707),#710,.T.);
#707 = FACE_BOUND('',#708,.F.);
#708 = EDGE_LOOP('',(#709));
#709 = ORIENTED_EDGE('',*,*,#685,.F.);
#710 = PLANE('',#711);
#711 = AXIS2_PLACEMENT_3D('',#712,#713,#714);
#712 = CARTESIAN_POINT('',(53.19,13.,4.5));
#713 = DIRECTION('',(1.,0.,0.));
#714 = DIRECTION('',(0.,1.002044604925E-15,1.));
#715 = MANIFOLD_SOLID_BREP('',#716);
#716 = CLOSED_SHELL('',(#717,#750,#776,#801,#827,#852,#861));
#717 = ADVANCED_FACE('',(#718),#745,.T.);
#718 = FACE_BOUND('',#719,.T.);
#719 = EDGE_LOOP('',(#720,#730,#737,#738));
#720 = ORIENTED_EDGE('',*,*,#721,.T.);
#721 = EDGE_CURVE('',#722,#724,#726,.T.);
#722 = VERTEX_POINT('',#723);
#723 = CARTESIAN_POINT('',(9.44,32.,0.5));
#724 = VERTEX_POINT('',#725);
#725 = CARTESIAN_POINT('',(9.44,32.,4.));
#726 = LINE('',#727,#728);
#727 = CARTESIAN_POINT('',(9.44,32.,4.));
#728 = VECTOR('',#729,1.);
#729 = DIRECTION('',(0.,2.2E-16,1.));
#730 = ORIENTED_EDGE('',*,*,#731,.F.);
#731 = EDGE_CURVE('',#724,#724,#732,.T.);
#732 = CIRCLE('',#733,0.25);
#733 = AXIS2_PLACEMENT_3D('',#734,#735,#736);
#734 = CARTESIAN_POINT('',(9.19,32.,4.));
#735 = DIRECTION('',(-0.,2.2E-16,1.));
#736 = DIRECTION('',(1.,0.,0.));
#737 = ORIENTED_EDGE('',*,*,#721,.F.);
#738 = ORIENTED_EDGE('',*,*,#739,.T.);
#739 = EDGE_CURVE('',#722,#722,#740,.T.);
#740 = CIRCLE('',#741,0.25);
#741 = AXIS2_PLACEMENT_3D('',#742,#743,#744);
#742 = CARTESIAN_POINT('',(9.19,32.,0.5));
#743 = DIRECTION('',(-0.,2.2E-16,1.));
#744 = DIRECTION('',(1.,0.,0.));
#745 = CYLINDRICAL_SURFACE('',#746,0.25);
#746 = AXIS2_PLACEMENT_3D('',#747,#748,#749);
#747 = CARTESIAN_POINT('',(9.19,32.,4.));
#748 = DIRECTION('',(0.,2.2E-16,1.));
#749 = DIRECTION('',(1.,0.,0.));
#750 = ADVANCED_FACE('',(#751),#771,.T.);
#751 = FACE_BOUND('',#752,.T.);
#752 = EDGE_LOOP('',(#753,#762,#769,#770));
#753 = ORIENTED_EDGE('',*,*,#754,.T.);
#754 = EDGE_CURVE('',#724,#755,#757,.T.);
#755 = VERTEX_POINT('',#756);
#756 = CARTESIAN_POINT('',(9.69,32.,4.25));
#757 = CIRCLE('',#758,0.25);
#758 = AXIS2_PLACEMENT_3D('',#759,#760,#761);
#759 = CARTESIAN_POINT('',(9.69,32.,4.));
#760 = DIRECTION('',(0.,1.,-2.2E-16));
#761 = DIRECTION('',(1.,0.,0.));
#762 = ORIENTED_EDGE('',*,*,#763,.T.);
#763 = EDGE_CURVE('',#755,#755,#764,.T.);
#764 = CIRCLE('',#765,0.25);
#765 = AXIS2_PLACEMENT_3D('',#766,#767,#768);
#766 = CARTESIAN_POINT('',(9.69,32.,4.5));
#767 = DIRECTION('',(-1.,0.,-1.8E-16));
#768 = DIRECTION('',(-1.8E-16,2.2E-16,1.));
#769 = ORIENTED_EDGE('',*,*,#754,.F.);
#770 = ORIENTED_EDGE('',*,*,#731,.T.);
#771 = TOROIDAL_SURFACE('',#772,0.5,0.25);
#772 = AXIS2_PLACEMENT_3D('',#773,#774,#775);
#773 = CARTESIAN_POINT('',(9.69,32.,4.));
#774 = DIRECTION('',(0.,1.,-2.2E-16));
#775 = DIRECTION('',(1.,0.,0.));
#776 = ADVANCED_FACE('',(#777),#796,.T.);
#777 = FACE_BOUND('',#778,.T.);
#778 = EDGE_LOOP('',(#779,#787,#794,#795));
#779 = ORIENTED_EDGE('',*,*,#780,.T.);
#780 = EDGE_CURVE('',#755,#781,#783,.T.);
#781 = VERTEX_POINT('',#782);
#782 = CARTESIAN_POINT('',(16.31,32.,4.25));
#783 = LINE('',#784,#785);
#784 = CARTESIAN_POINT('',(9.69,32.,4.25));
#785 = VECTOR('',#786,1.);
#786 = DIRECTION('',(1.,0.,0.));
#787 = ORIENTED_EDGE('',*,*,#788,.F.);
#788 = EDGE_CURVE('',#781,#781,#789,.T.);
#789 = CIRCLE('',#790,0.25);
#790 = AXIS2_PLACEMENT_3D('',#791,#792,#793);
#791 = CARTESIAN_POINT('',(16.31,32.,4.5));
#792 = DIRECTION('',(1.,0.,0.));
#793 = DIRECTION('',(0.,-2.2E-16,-1.));
#794 = ORIENTED_EDGE('',*,*,#780,.F.);
#795 = ORIENTED_EDGE('',*,*,#763,.F.);
#796 = CYLINDRICAL_SURFACE('',#797,0.25);
#797 = AXIS2_PLACEMENT_3D('',#798,#799,#800);
#798 = CARTESIAN_POINT('',(9.69,32.,4.5));
#799 = DIRECTION('',(1.,0.,0.));
#800 = DIRECTION('',(0.,-2.2E-16,-1.));
#801 = ADVANCED_FACE('',(#802),#822,.T.);
#802 = FACE_BOUND('',#803,.T.);
#803 = EDGE_LOOP('',(#804,#813,#820,#821));
#804 = ORIENTED_EDGE('',*,*,#805,.T.);
#805 = EDGE_CURVE('',#781,#806,#808,.T.);
#806 = VERTEX_POINT('',#807);
#807 = CARTESIAN_POINT('',(16.56,32.,4.));
#808 = CIRCLE('',#809,0.25);
#809 = AXIS2_PLACEMENT_3D('',#810,#811,#812);
#810 = CARTESIAN_POINT('',(16.31,32.,4.));
#811 = DIRECTION('',(0.,1.,-2.2E-16));
#812 = DIRECTION('',(1.,0.,0.));
#813 = ORIENTED_EDGE('',*,*,#814,.T.);
#814 = EDGE_CURVE('',#806,#806,#815,.T.);
#815 = CIRCLE('',#816,0.25);
#816 = AXIS2_PLACEMENT_3D('',#817,#818,#819);
#817 = CARTESIAN_POINT('',(16.81,32.,4.));
#818 = DIRECTION('',(-2.4E-16,2.2E-16,1.));
#819 = DIRECTION('',(1.,0.,2.4E-16));
#820 = ORIENTED_EDGE('',*,*,#805,.F.);
#821 = ORIENTED_EDGE('',*,*,#788,.T.);
#822 = TOROIDAL_SURFACE('',#823,0.5,0.25);
#823 = AXIS2_PLACEMENT_3D('',#824,#825,#826);
#824 = CARTESIAN_POINT('',(16.31,32.,4.));
#825 = DIRECTION('',(0.,1.,-2.2E-16));
#826 = DIRECTION('',(1.,0.,0.));
#827 = ADVANCED_FACE('',(#828),#847,.T.);
#828 = FACE_BOUND('',#829,.T.);
#829 = EDGE_LOOP('',(#830,#838,#845,#846));
#830 = ORIENTED_EDGE('',*,*,#831,.T.);
#831 = EDGE_CURVE('',#806,#832,#834,.T.);
#832 = VERTEX_POINT('',#833);
#833 = CARTESIAN_POINT('',(16.56,32.,0.5));
#834 = LINE('',#835,#836);
#835 = CARTESIAN_POINT('',(16.56,32.,4.));
#836 = VECTOR('',#837,1.);
#837 = DIRECTION('',(0.,-2.2E-16,-1.));
#838 = ORIENTED_EDGE('',*,*,#839,.F.);
#839 = EDGE_CURVE('',#832,#832,#840,.T.);
#840 = CIRCLE('',#841,0.25);
#841 = AXIS2_PLACEMENT_3D('',#842,#843,#844);
#842 = CARTESIAN_POINT('',(16.81,32.,0.5));
#843 = DIRECTION('',(-0.,-2.2E-16,-1.));
#844 = DIRECTION('',(-1.,0.,0.));
#845 = ORIENTED_EDGE('',*,*,#831,.F.);
#846 = ORIENTED_EDGE('',*,*,#814,.F.);
#847 = CYLINDRICAL_SURFACE('',#848,0.25);
#848 = AXIS2_PLACEMENT_3D('',#849,#850,#851);
#849 = CARTESIAN_POINT('',(16.81,32.,4.));
#850 = DIRECTION('',(0.,-2.2E-16,-1.));
#851 = DIRECTION('',(-1.,0.,0.));
#852 = ADVANCED_FACE('',(#853),#856,.T.);
#853 = FACE_BOUND('',#854,.F.);
#854 = EDGE_LOOP('',(#855));
#855 = ORIENTED_EDGE('',*,*,#739,.T.);
#856 = PLANE('',#857);
#857 = AXIS2_PLACEMENT_3D('',#858,#859,#860);
#858 = CARTESIAN_POINT('',(9.44,32.,0.5));
#859 = DIRECTION('',(0.,0.,-1.));
#860 = DIRECTION('',(-1.,0.,0.));
#861 = ADVANCED_FACE('',(#862),#865,.F.);
#862 = FACE_BOUND('',#863,.T.);
#863 = EDGE_LOOP('',(#864));
#864 = ORIENTED_EDGE('',*,*,#839,.T.);
#865 = PLANE('',#866);
#866 = AXIS2_PLACEMENT_3D('',#867,#868,#869);
#867 = CARTESIAN_POINT('',(16.56,32.,0.5));
#868 = DIRECTION('',(0.,0.,1.));
#869 = DIRECTION('',(1.,0.,0.));
#870 = MANIFOLD_SOLID_BREP('',#871);
#871 = CLOSED_SHELL('',(#872,#905,#925,#945,#970,#995,#1021,#1047,#1056)
  );
#872 = ADVANCED_FACE('',(#873),#900,.T.);
#873 = FACE_BOUND('',#874,.T.);
#874 = EDGE_LOOP('',(#875,#884,#892,#899));
#875 = ORIENTED_EDGE('',*,*,#876,.T.);
#876 = EDGE_CURVE('',#877,#877,#879,.T.);
#877 = VERTEX_POINT('',#878);
#878 = CARTESIAN_POINT('',(11.6,32.,5.51));
#879 = CIRCLE('',#880,1.01);
#880 = AXIS2_PLACEMENT_3D('',#881,#882,#883);
#881 = CARTESIAN_POINT('',(11.6,32.,4.5));
#882 = DIRECTION('',(1.,0.,-0.));
#883 = DIRECTION('',(0.,9.92044604925E-16,1.));
#884 = ORIENTED_EDGE('',*,*,#885,.T.);
#885 = EDGE_CURVE('',#877,#886,#888,.T.);
#886 = VERTEX_POINT('',#887);
#887 = CARTESIAN_POINT('',(12.6,32.,5.51));
#888 = LINE('',#889,#890);
#889 = CARTESIAN_POINT('',(11.6,32.,5.51));
#890 = VECTOR('',#891,1.);
#891 = DIRECTION('',(1.,0.,0.));
#892 = ORIENTED_EDGE('',*,*,#893,.F.);
#893 = EDGE_CURVE('',#886,#886,#894,.T.);
#894 = CIRCLE('',#895,1.01);
#895 = AXIS2_PLACEMENT_3D('',#896,#897,#898);
#896 = CARTESIAN_POINT('',(12.6,32.,4.5));
#897 = DIRECTION('',(1.,0.,-0.));
#898 = DIRECTION('',(0.,9.92044604925E-16,1.));
#899 = ORIENTED_EDGE('',*,*,#885,.F.);
#900 = CYLINDRICAL_SURFACE('',#901,1.01);
#901 = AXIS2_PLACEMENT_3D('',#902,#903,#904);
#902 = CARTESIAN_POINT('',(11.6,32.,4.5));
#903 = DIRECTION('',(1.,0.,0.));
#904 = DIRECTION('',(0.,9.92044604925E-16,1.));
#905 = ADVANCED_FACE('',(#906,#909),#920,.F.);
#906 = FACE_BOUND('',#907,.T.);
#907 = EDGE_LOOP('',(#908));
#908 = ORIENTED_EDGE('',*,*,#876,.F.);
#909 = FACE_BOUND('',#910,.T.);
#910 = EDGE_LOOP('',(#911));
#911 = ORIENTED_EDGE('',*,*,#912,.T.);
#912 = EDGE_CURVE('',#913,#913,#915,.T.);
#913 = VERTEX_POINT('',#914);
#914 = CARTESIAN_POINT('',(11.6,32.,5.5));
#915 = CIRCLE('',#916,1.);
#916 = AXIS2_PLACEMENT_3D('',#917,#918,#919);
#917 = CARTESIAN_POINT('',(11.6,32.,4.5));
#918 = DIRECTION('',(1.,0.,-0.));
#919 = DIRECTION('',(0.,1.002044604925E-15,1.));
#920 = PLANE('',#921);
#921 = AXIS2_PLACEMENT_3D('',#922,#923,#924);
#922 = CARTESIAN_POINT('',(11.6,32.,4.5));
#923 = DIRECTION('',(1.,0.,0.));
#924 = DIRECTION('',(0.,1.002044604925E-15,1.));
#925 = ADVANCED_FACE('',(#926,#929),#940,.T.);
#926 = FACE_BOUND('',#927,.T.);
#927 = EDGE_LOOP('',(#928));
#928 = ORIENTED_EDGE('',*,*,#893,.T.);
#929 = FACE_BOUND('',#930,.T.);
#930 = EDGE_LOOP('',(#931));
#931 = ORIENTED_EDGE('',*,*,#932,.F.);
#932 = EDGE_CURVE('',#933,#933,#935,.T.);
#933 = VERTEX_POINT('',#934);
#934 = CARTESIAN_POINT('',(12.6,32.,5.5));
#935 = CIRCLE('',#936,1.);
#936 = AXIS2_PLACEMENT_3D('',#937,#938,#939);
#937 = CARTESIAN_POINT('',(12.6,32.,4.5));
#938 = DIRECTION('',(1.,0.,-0.));
#939 = DIRECTION('',(0.,1.002044604925E-15,1.));
#940 = PLANE('',#941);
#941 = AXIS2_PLACEMENT_3D('',#942,#943,#944);
#942 = CARTESIAN_POINT('',(12.6,32.,4.5));
#943 = DIRECTION('',(1.,0.,0.));
#944 = DIRECTION('',(0.,9.92044604925E-16,1.));
#945 = ADVANCED_FACE('',(#946),#965,.T.);
#946 = FACE_BOUND('',#947,.T.);
#947 = EDGE_LOOP('',(#948,#957,#963,#964));
#948 = ORIENTED_EDGE('',*,*,#949,.T.);
#949 = EDGE_CURVE('',#950,#950,#952,.T.);
#950 = VERTEX_POINT('',#951);
#951 = CARTESIAN_POINT('',(11.4,32.,5.5));
#952 = CIRCLE('',#953,1.);
#953 = AXIS2_PLACEMENT_3D('',#954,#955,#956);
#954 = CARTESIAN_POINT('',(11.4,32.,4.5));
#955 = DIRECTION('',(1.,0.,-0.));
#956 = DIRECTION('',(0.,1.002044604925E-15,1.));
#957 = ORIENTED_EDGE('',*,*,#958,.T.);
#958 = EDGE_CURVE('',#950,#913,#959,.T.);
#959 = LINE('',#960,#961);
#960 = CARTESIAN_POINT('',(11.,32.,5.5));
#961 = VECTOR('',#962,1.);
#962 = DIRECTION('',(1.,0.,0.));
#963 = ORIENTED_EDGE('',*,*,#912,.F.);
#964 = ORIENTED_EDGE('',*,*,#958,.F.);
#965 = CYLINDRICAL_SURFACE('',#966,1.);
#966 = AXIS2_PLACEMENT_3D('',#967,#968,#969);
#967 = CARTESIAN_POINT('',(11.,32.,4.5));
#968 = DIRECTION('',(1.,0.,0.));
#969 = DIRECTION('',(0.,1.002044604925E-15,1.));
#970 = ADVANCED_FACE('',(#971),#990,.T.);
#971 = FACE_BOUND('',#972,.T.);
#972 = EDGE_LOOP('',(#973,#974,#982,#989));
#973 = ORIENTED_EDGE('',*,*,#932,.T.);
#974 = ORIENTED_EDGE('',*,*,#975,.T.);
#975 = EDGE_CURVE('',#933,#976,#978,.T.);
#976 = VERTEX_POINT('',#977);
#977 = CARTESIAN_POINT('',(14.6,32.,5.5));
#978 = LINE('',#979,#980);
#979 = CARTESIAN_POINT('',(11.,32.,5.5));
#980 = VECTOR('',#981,1.);
#981 = DIRECTION('',(1.,0.,0.));
#982 = ORIENTED_EDGE('',*,*,#983,.F.);
#983 = EDGE_CURVE('',#976,#976,#984,.T.);
#984 = CIRCLE('',#985,1.);
#985 = AXIS2_PLACEMENT_3D('',#986,#987,#988);
#986 = CARTESIAN_POINT('',(14.6,32.,4.5));
#987 = DIRECTION('',(1.,0.,-0.));
#988 = DIRECTION('',(0.,1.002044604925E-15,1.));
#989 = ORIENTED_EDGE('',*,*,#975,.F.);
#990 = CYLINDRICAL_SURFACE('',#991,1.);
#991 = AXIS2_PLACEMENT_3D('',#992,#993,#994);
#992 = CARTESIAN_POINT('',(11.,32.,4.5));
#993 = DIRECTION('',(1.,0.,0.));
#994 = DIRECTION('',(0.,1.002044604925E-15,1.));
#995 = ADVANCED_FACE('',(#996),#1016,.T.);
#996 = FACE_BOUND('',#997,.T.);
#997 = EDGE_LOOP('',(#998,#1007,#1014,#1015));
#998 = ORIENTED_EDGE('',*,*,#999,.T.);
#999 = EDGE_CURVE('',#1000,#1000,#1002,.T.);
#1000 = VERTEX_POINT('',#1001);
#1001 = CARTESIAN_POINT('',(11.,32.,5.1));
#1002 = CIRCLE('',#1003,0.6);
#1003 = AXIS2_PLACEMENT_3D('',#1004,#1005,#1006);
#1004 = CARTESIAN_POINT('',(11.,32.,4.5));
#1005 = DIRECTION('',(1.,0.,-0.));
#1006 = DIRECTION('',(0.,1.002044604925E-15,1.));
#1007 = ORIENTED_EDGE('',*,*,#1008,.F.);
#1008 = EDGE_CURVE('',#950,#1000,#1009,.T.);
#1009 = CIRCLE('',#1010,0.4);
#1010 = AXIS2_PLACEMENT_3D('',#1011,#1012,#1013);
#1011 = CARTESIAN_POINT('',(11.4,32.,5.1));
#1012 = DIRECTION('',(0.,-1.,1.002044604925E-15));
#1013 = DIRECTION('',(0.,1.002044604925E-15,1.));
#1014 = ORIENTED_EDGE('',*,*,#949,.F.);
#1015 = ORIENTED_EDGE('',*,*,#1008,.T.);
#1016 = TOROIDAL_SURFACE('',#1017,0.6,0.4);
#1017 = AXIS2_PLACEMENT_3D('',#1018,#1019,#1020);
#1018 = CARTESIAN_POINT('',(11.4,32.,4.5));
#1019 = DIRECTION('',(-1.,0.,0.));
#1020 = DIRECTION('',(0.,1.002044604925E-15,1.));
#1021 = ADVANCED_FACE('',(#1022),#1042,.T.);
#1022 = FACE_BOUND('',#1023,.T.);
#1023 = EDGE_LOOP('',(#1024,#1025,#1034,#1041));
#1024 = ORIENTED_EDGE('',*,*,#983,.T.);
#1025 = ORIENTED_EDGE('',*,*,#1026,.F.);
#1026 = EDGE_CURVE('',#1027,#976,#1029,.T.);
#1027 = VERTEX_POINT('',#1028);
#1028 = CARTESIAN_POINT('',(15.,32.,5.1));
#1029 = CIRCLE('',#1030,0.4);
#1030 = AXIS2_PLACEMENT_3D('',#1031,#1032,#1033);
#1031 = CARTESIAN_POINT('',(14.6,32.,5.1));
#1032 = DIRECTION('',(0.,-1.,1.002044604925E-15));
#1033 = DIRECTION('',(0.,1.002044604925E-15,1.));
#1034 = ORIENTED_EDGE('',*,*,#1035,.F.);
#1035 = EDGE_CURVE('',#1027,#1027,#1036,.T.);
#1036 = CIRCLE('',#1037,0.6);
#1037 = AXIS2_PLACEMENT_3D('',#1038,#1039,#1040);
#1038 = CARTESIAN_POINT('',(15.,32.,4.5));
#1039 = DIRECTION('',(1.,0.,-0.));
#1040 = DIRECTION('',(0.,1.002044604925E-15,1.));
#1041 = ORIENTED_EDGE('',*,*,#1026,.T.);
#1042 = TOROIDAL_SURFACE('',#1043,0.6,0.4);
#1043 = AXIS2_PLACEMENT_3D('',#1044,#1045,#1046);
#1044 = CARTESIAN_POINT('',(14.6,32.,4.5));
#1045 = DIRECTION('',(-1.,0.,0.));
#1046 = DIRECTION('',(0.,1.002044604925E-15,1.));
#1047 = ADVANCED_FACE('',(#1048),#1051,.F.);
#1048 = FACE_BOUND('',#1049,.T.);
#1049 = EDGE_LOOP('',(#1050));
#1050 = ORIENTED_EDGE('',*,*,#999,.F.);
#1051 = PLANE('',#1052);
#1052 = AXIS2_PLACEMENT_3D('',#1053,#1054,#1055);
#1053 = CARTESIAN_POINT('',(11.,32.,4.5));
#1054 = DIRECTION('',(1.,0.,0.));
#1055 = DIRECTION('',(0.,1.002044604925E-15,1.));
#1056 = ADVANCED_FACE('',(#1057),#1060,.T.);
#1057 = FACE_BOUND('',#1058,.F.);
#1058 = EDGE_LOOP('',(#1059));
#1059 = ORIENTED_EDGE('',*,*,#1035,.F.);
#1060 = PLANE('',#1061);
#1061 = AXIS2_PLACEMENT_3D('',#1062,#1063,#1064);
#1062 = CARTESIAN_POINT('',(15.,32.,4.5));
#1063 = DIRECTION('',(1.,0.,0.));
#1064 = DIRECTION('',(0.,1.002044604925E-15,1.));
#1065 = MANIFOLD_SOLID_BREP('',#1066);
#1066 = CLOSED_SHELL('',(#1067,#1100,#1126,#1151,#1177,#1202,#1211));
#1067 = ADVANCED_FACE('',(#1068),#1095,.T.);
#1068 = FACE_BOUND('',#1069,.T.);
#1069 = EDGE_LOOP('',(#1070,#1080,#1087,#1088));
#1070 = ORIENTED_EDGE('',*,*,#1071,.T.);
#1071 = EDGE_CURVE('',#1072,#1074,#1076,.T.);
#1072 = VERTEX_POINT('',#1073);
#1073 = CARTESIAN_POINT('',(9.44,13.,0.5));
#1074 = VERTEX_POINT('',#1075);
#1075 = CARTESIAN_POINT('',(9.44,13.,4.));
#1076 = LINE('',#1077,#1078);
#1077 = CARTESIAN_POINT('',(9.44,13.,4.));
#1078 = VECTOR('',#1079,1.);
#1079 = DIRECTION('',(0.,2.2E-16,1.));
#1080 = ORIENTED_EDGE('',*,*,#1081,.F.);
#1081 = EDGE_CURVE('',#1074,#1074,#1082,.T.);
#1082 = CIRCLE('',#1083,0.25);
#1083 = AXIS2_PLACEMENT_3D('',#1084,#1085,#1086);
#1084 = CARTESIAN_POINT('',(9.19,13.,4.));
#1085 = DIRECTION('',(-0.,2.2E-16,1.));
#1086 = DIRECTION('',(1.,0.,0.));
#1087 = ORIENTED_EDGE('',*,*,#1071,.F.);
#1088 = ORIENTED_EDGE('',*,*,#1089,.T.);
#1089 = EDGE_CURVE('',#1072,#1072,#1090,.T.);
#1090 = CIRCLE('',#1091,0.25);
#1091 = AXIS2_PLACEMENT_3D('',#1092,#1093,#1094);
#1092 = CARTESIAN_POINT('',(9.19,13.,0.5));
#1093 = DIRECTION('',(-0.,2.2E-16,1.));
#1094 = DIRECTION('',(1.,0.,0.));
#1095 = CYLINDRICAL_SURFACE('',#1096,0.25);
#1096 = AXIS2_PLACEMENT_3D('',#1097,#1098,#1099);
#1097 = CARTESIAN_POINT('',(9.19,13.,4.));
#1098 = DIRECTION('',(0.,2.2E-16,1.));
#1099 = DIRECTION('',(1.,0.,0.));
#1100 = ADVANCED_FACE('',(#1101),#1121,.T.);
#1101 = FACE_BOUND('',#1102,.T.);
#1102 = EDGE_LOOP('',(#1103,#1112,#1119,#1120));
#1103 = ORIENTED_EDGE('',*,*,#1104,.T.);
#1104 = EDGE_CURVE('',#1074,#1105,#1107,.T.);
#1105 = VERTEX_POINT('',#1106);
#1106 = CARTESIAN_POINT('',(9.69,13.,4.25));
#1107 = CIRCLE('',#1108,0.25);
#1108 = AXIS2_PLACEMENT_3D('',#1109,#1110,#1111);
#1109 = CARTESIAN_POINT('',(9.69,13.,4.));
#1110 = DIRECTION('',(0.,1.,-2.2E-16));
#1111 = DIRECTION('',(1.,0.,0.));
#1112 = ORIENTED_EDGE('',*,*,#1113,.T.);
#1113 = EDGE_CURVE('',#1105,#1105,#1114,.T.);
#1114 = CIRCLE('',#1115,0.25);
#1115 = AXIS2_PLACEMENT_3D('',#1116,#1117,#1118);
#1116 = CARTESIAN_POINT('',(9.69,13.,4.5));
#1117 = DIRECTION('',(-1.,0.,-1.8E-16));
#1118 = DIRECTION('',(-1.8E-16,2.2E-16,1.));
#1119 = ORIENTED_EDGE('',*,*,#1104,.F.);
#1120 = ORIENTED_EDGE('',*,*,#1081,.T.);
#1121 = TOROIDAL_SURFACE('',#1122,0.5,0.25);
#1122 = AXIS2_PLACEMENT_3D('',#1123,#1124,#1125);
#1123 = CARTESIAN_POINT('',(9.69,13.,4.));
#1124 = DIRECTION('',(0.,1.,-2.2E-16));
#1125 = DIRECTION('',(1.,0.,0.));
#1126 = ADVANCED_FACE('',(#1127),#1146,.T.);
#1127 = FACE_BOUND('',#1128,.T.);
#1128 = EDGE_LOOP('',(#1129,#1137,#1144,#1145));
#1129 = ORIENTED_EDGE('',*,*,#1130,.T.);
#1130 = EDGE_CURVE('',#1105,#1131,#1133,.T.);
#1131 = VERTEX_POINT('',#1132);
#1132 = CARTESIAN_POINT('',(16.31,13.,4.25));
#1133 = LINE('',#1134,#1135);
#1134 = CARTESIAN_POINT('',(9.69,13.,4.25));
#1135 = VECTOR('',#1136,1.);
#1136 = DIRECTION('',(1.,0.,0.));
#1137 = ORIENTED_EDGE('',*,*,#1138,.F.);
#1138 = EDGE_CURVE('',#1131,#1131,#1139,.T.);
#1139 = CIRCLE('',#1140,0.25);
#1140 = AXIS2_PLACEMENT_3D('',#1141,#1142,#1143);
#1141 = CARTESIAN_POINT('',(16.31,13.,4.5));
#1142 = DIRECTION('',(1.,0.,0.));
#1143 = DIRECTION('',(0.,-2.2E-16,-1.));
#1144 = ORIENTED_EDGE('',*,*,#1130,.F.);
#1145 = ORIENTED_EDGE('',*,*,#1113,.F.);
#1146 = CYLINDRICAL_SURFACE('',#1147,0.25);
#1147 = AXIS2_PLACEMENT_3D('',#1148,#1149,#1150);
#1148 = CARTESIAN_POINT('',(9.69,13.,4.5));
#1149 = DIRECTION('',(1.,0.,0.));
#1150 = DIRECTION('',(0.,-2.2E-16,-1.));
#1151 = ADVANCED_FACE('',(#1152),#1172,.T.);
#1152 = FACE_BOUND('',#1153,.T.);
#1153 = EDGE_LOOP('',(#1154,#1163,#1170,#1171));
#1154 = ORIENTED_EDGE('',*,*,#1155,.T.);
#1155 = EDGE_CURVE('',#1131,#1156,#1158,.T.);
#1156 = VERTEX_POINT('',#1157);
#1157 = CARTESIAN_POINT('',(16.56,13.,4.));
#1158 = CIRCLE('',#1159,0.25);
#1159 = AXIS2_PLACEMENT_3D('',#1160,#1161,#1162);
#1160 = CARTESIAN_POINT('',(16.31,13.,4.));
#1161 = DIRECTION('',(0.,1.,-2.2E-16));
#1162 = DIRECTION('',(1.,0.,0.));
#1163 = ORIENTED_EDGE('',*,*,#1164,.T.);
#1164 = EDGE_CURVE('',#1156,#1156,#1165,.T.);
#1165 = CIRCLE('',#1166,0.25);
#1166 = AXIS2_PLACEMENT_3D('',#1167,#1168,#1169);
#1167 = CARTESIAN_POINT('',(16.81,13.,4.));
#1168 = DIRECTION('',(-2.4E-16,2.2E-16,1.));
#1169 = DIRECTION('',(1.,0.,2.4E-16));
#1170 = ORIENTED_EDGE('',*,*,#1155,.F.);
#1171 = ORIENTED_EDGE('',*,*,#1138,.T.);
#1172 = TOROIDAL_SURFACE('',#1173,0.5,0.25);
#1173 = AXIS2_PLACEMENT_3D('',#1174,#1175,#1176);
#1174 = CARTESIAN_POINT('',(16.31,13.,4.));
#1175 = DIRECTION('',(0.,1.,-2.2E-16));
#1176 = DIRECTION('',(1.,0.,0.));
#1177 = ADVANCED_FACE('',(#1178),#1197,.T.);
#1178 = FACE_BOUND('',#1179,.T.);
#1179 = EDGE_LOOP('',(#1180,#1188,#1195,#1196));
#1180 = ORIENTED_EDGE('',*,*,#1181,.T.);
#1181 = EDGE_CURVE('',#1156,#1182,#1184,.T.);
#1182 = VERTEX_POINT('',#1183);
#1183 = CARTESIAN_POINT('',(16.56,13.,0.5));
#1184 = LINE('',#1185,#1186);
#1185 = CARTESIAN_POINT('',(16.56,13.,4.));
#1186 = VECTOR('',#1187,1.);
#1187 = DIRECTION('',(0.,-2.2E-16,-1.));
#1188 = ORIENTED_EDGE('',*,*,#1189,.F.);
#1189 = EDGE_CURVE('',#1182,#1182,#1190,.T.);
#1190 = CIRCLE('',#1191,0.25);
#1191 = AXIS2_PLACEMENT_3D('',#1192,#1193,#1194);
#1192 = CARTESIAN_POINT('',(16.81,13.,0.5));
#1193 = DIRECTION('',(-0.,-2.2E-16,-1.));
#1194 = DIRECTION('',(-1.,0.,0.));
#1195 = ORIENTED_EDGE('',*,*,#1181,.F.);
#1196 = ORIENTED_EDGE('',*,*,#1164,.F.);
#1197 = CYLINDRICAL_SURFACE('',#1198,0.25);
#1198 = AXIS2_PLACEMENT_3D('',#1199,#1200,#1201);
#1199 = CARTESIAN_POINT('',(16.81,13.,4.));
#1200 = DIRECTION('',(0.,-2.2E-16,-1.));
#1201 = DIRECTION('',(-1.,0.,0.));
#1202 = ADVANCED_FACE('',(#1203),#1206,.T.);
#1203 = FACE_BOUND('',#1204,.F.);
#1204 = EDGE_LOOP('',(#1205));
#1205 = ORIENTED_EDGE('',*,*,#1089,.T.);
#1206 = PLANE('',#1207);
#1207 = AXIS2_PLACEMENT_3D('',#1208,#1209,#1210);
#1208 = CARTESIAN_POINT('',(9.44,13.,0.5));
#1209 = DIRECTION('',(0.,0.,-1.));
#1210 = DIRECTION('',(-1.,0.,0.));
#1211 = ADVANCED_FACE('',(#1212),#1215,.F.);
#1212 = FACE_BOUND('',#1213,.T.);
#1213 = EDGE_LOOP('',(#1214));
#1214 = ORIENTED_EDGE('',*,*,#1189,.T.);
#1215 = PLANE('',#1216);
#1216 = AXIS2_PLACEMENT_3D('',#1217,#1218,#1219);
#1217 = CARTESIAN_POINT('',(16.56,13.,0.5));
#1218 = DIRECTION('',(0.,0.,1.));
#1219 = DIRECTION('',(1.,0.,0.));
#1220 = MANIFOLD_SOLID_BREP('',#1221);
#1221 = CLOSED_SHELL('',(#1222,#1255,#1275,#1295,#1320,#1345,#1371,#1397
    ,#1406));
#1222 = ADVANCED_FACE('',(#1223),#1250,.T.);
#1223 = FACE_BOUND('',#1224,.T.);
#1224 = EDGE_LOOP('',(#1225,#1234,#1242,#1249));
#1225 = ORIENTED_EDGE('',*,*,#1226,.T.);
#1226 = EDGE_CURVE('',#1227,#1227,#1229,.T.);
#1227 = VERTEX_POINT('',#1228);
#1228 = CARTESIAN_POINT('',(11.6,13.,5.51));
#1229 = CIRCLE('',#1230,1.01);
#1230 = AXIS2_PLACEMENT_3D('',#1231,#1232,#1233);
#1231 = CARTESIAN_POINT('',(11.6,13.,4.5));
#1232 = DIRECTION('',(1.,0.,-0.));
#1233 = DIRECTION('',(0.,9.92044604925E-16,1.));
#1234 = ORIENTED_EDGE('',*,*,#1235,.T.);
#1235 = EDGE_CURVE('',#1227,#1236,#1238,.T.);
#1236 = VERTEX_POINT('',#1237);
#1237 = CARTESIAN_POINT('',(12.6,13.,5.51));
#1238 = LINE('',#1239,#1240);
#1239 = CARTESIAN_POINT('',(11.6,13.,5.51));
#1240 = VECTOR('',#1241,1.);
#1241 = DIRECTION('',(1.,0.,0.));
#1242 = ORIENTED_EDGE('',*,*,#1243,.F.);
#1243 = EDGE_CURVE('',#1236,#1236,#1244,.T.);
#1244 = CIRCLE('',#1245,1.01);
#1245 = AXIS2_PLACEMENT_3D('',#1246,#1247,#1248);
#1246 = CARTESIAN_POINT('',(12.6,13.,4.5));
#1247 = DIRECTION('',(1.,0.,-0.));
#1248 = DIRECTION('',(0.,9.92044604925E-16,1.));
#1249 = ORIENTED_EDGE('',*,*,#1235,.F.);
#1250 = CYLINDRICAL_SURFACE('',#1251,1.01);
#1251 = AXIS2_PLACEMENT_3D('',#1252,#1253,#1254);
#1252 = CARTESIAN_POINT('',(11.6,13.,4.5));
#1253 = DIRECTION('',(1.,0.,0.));
#1254 = DIRECTION('',(0.,9.92044604925E-16,1.));
#1255 = ADVANCED_FACE('',(#1256,#1259),#1270,.F.);
#1256 = FACE_BOUND('',#1257,.T.);
#1257 = EDGE_LOOP('',(#1258));
#1258 = ORIENTED_EDGE('',*,*,#1226,.F.);
#1259 = FACE_BOUND('',#1260,.T.);
#1260 = EDGE_LOOP('',(#1261));
#1261 = ORIENTED_EDGE('',*,*,#1262,.T.);
#1262 = EDGE_CURVE('',#1263,#1263,#1265,.T.);
#1263 = VERTEX_POINT('',#1264);
#1264 = CARTESIAN_POINT('',(11.6,13.,5.5));
#1265 = CIRCLE('',#1266,1.);
#1266 = AXIS2_PLACEMENT_3D('',#1267,#1268,#1269);
#1267 = CARTESIAN_POINT('',(11.6,13.,4.5));
#1268 = DIRECTION('',(1.,0.,-0.));
#1269 = DIRECTION('',(0.,1.002044604925E-15,1.));
#1270 = PLANE('',#1271);
#1271 = AXIS2_PLACEMENT_3D('',#1272,#1273,#1274);
#1272 = CARTESIAN_POINT('',(11.6,13.,4.5));
#1273 = DIRECTION('',(1.,0.,0.));
#1274 = DIRECTION('',(0.,1.002044604925E-15,1.));
#1275 = ADVANCED_FACE('',(#1276,#1279),#1290,.T.);
#1276 = FACE_BOUND('',#1277,.T.);
#1277 = EDGE_LOOP('',(#1278));
#1278 = ORIENTED_EDGE('',*,*,#1243,.T.);
#1279 = FACE_BOUND('',#1280,.T.);
#1280 = EDGE_LOOP('',(#1281));
#1281 = ORIENTED_EDGE('',*,*,#1282,.F.);
#1282 = EDGE_CURVE('',#1283,#1283,#1285,.T.);
#1283 = VERTEX_POINT('',#1284);
#1284 = CARTESIAN_POINT('',(12.6,13.,5.5));
#1285 = CIRCLE('',#1286,1.);
#1286 = AXIS2_PLACEMENT_3D('',#1287,#1288,#1289);
#1287 = CARTESIAN_POINT('',(12.6,13.,4.5));
#1288 = DIRECTION('',(1.,0.,-0.));
#1289 = DIRECTION('',(0.,1.002044604925E-15,1.));
#1290 = PLANE('',#1291);
#1291 = AXIS2_PLACEMENT_3D('',#1292,#1293,#1294);
#1292 = CARTESIAN_POINT('',(12.6,13.,4.5));
#1293 = DIRECTION('',(1.,0.,0.));
#1294 = DIRECTION('',(0.,9.92044604925E-16,1.));
#1295 = ADVANCED_FACE('',(#1296),#1315,.T.);
#1296 = FACE_BOUND('',#1297,.T.);
#1297 = EDGE_LOOP('',(#1298,#1307,#1313,#1314));
#1298 = ORIENTED_EDGE('',*,*,#1299,.T.);
#1299 = EDGE_CURVE('',#1300,#1300,#1302,.T.);
#1300 = VERTEX_POINT('',#1301);
#1301 = CARTESIAN_POINT('',(11.4,13.,5.5));
#1302 = CIRCLE('',#1303,1.);
#1303 = AXIS2_PLACEMENT_3D('',#1304,#1305,#1306);
#1304 = CARTESIAN_POINT('',(11.4,13.,4.5));
#1305 = DIRECTION('',(1.,0.,-0.));
#1306 = DIRECTION('',(0.,1.002044604925E-15,1.));
#1307 = ORIENTED_EDGE('',*,*,#1308,.T.);
#1308 = EDGE_CURVE('',#1300,#1263,#1309,.T.);
#1309 = LINE('',#1310,#1311);
#1310 = CARTESIAN_POINT('',(11.,13.,5.5));
#1311 = VECTOR('',#1312,1.);
#1312 = DIRECTION('',(1.,0.,0.));
#1313 = ORIENTED_EDGE('',*,*,#1262,.F.);
#1314 = ORIENTED_EDGE('',*,*,#1308,.F.);
#1315 = CYLINDRICAL_SURFACE('',#1316,1.);
#1316 = AXIS2_PLACEMENT_3D('',#1317,#1318,#1319);
#1317 = CARTESIAN_POINT('',(11.,13.,4.5));
#1318 = DIRECTION('',(1.,0.,0.));
#1319 = DIRECTION('',(0.,1.002044604925E-15,1.));
#1320 = ADVANCED_FACE('',(#1321),#1340,.T.);
#1321 = FACE_BOUND('',#1322,.T.);
#1322 = EDGE_LOOP('',(#1323,#1324,#1332,#1339));
#1323 = ORIENTED_EDGE('',*,*,#1282,.T.);
#1324 = ORIENTED_EDGE('',*,*,#1325,.T.);
#1325 = EDGE_CURVE('',#1283,#1326,#1328,.T.);
#1326 = VERTEX_POINT('',#1327);
#1327 = CARTESIAN_POINT('',(14.6,13.,5.5));
#1328 = LINE('',#1329,#1330);
#1329 = CARTESIAN_POINT('',(11.,13.,5.5));
#1330 = VECTOR('',#1331,1.);
#1331 = DIRECTION('',(1.,0.,0.));
#1332 = ORIENTED_EDGE('',*,*,#1333,.F.);
#1333 = EDGE_CURVE('',#1326,#1326,#1334,.T.);
#1334 = CIRCLE('',#1335,1.);
#1335 = AXIS2_PLACEMENT_3D('',#1336,#1337,#1338);
#1336 = CARTESIAN_POINT('',(14.6,13.,4.5));
#1337 = DIRECTION('',(1.,0.,-0.));
#1338 = DIRECTION('',(0.,1.002044604925E-15,1.));
#1339 = ORIENTED_EDGE('',*,*,#1325,.F.);
#1340 = CYLINDRICAL_SURFACE('',#1341,1.);
#1341 = AXIS2_PLACEMENT_3D('',#1342,#1343,#1344);
#1342 = CARTESIAN_POINT('',(11.,13.,4.5));
#1343 = DIRECTION('',(1.,0.,0.));
#1344 = DIRECTION('',(0.,1.002044604925E-15,1.));
#1345 = ADVANCED_FACE('',(#1346),#1366,.T.);
#1346 = FACE_BOUND('',#1347,.T.);
#1347 = EDGE_LOOP('',(#1348,#1357,#1364,#1365));
#1348 = ORIENTED_EDGE('',*,*,#1349,.T.);
#1349 = EDGE_CURVE('',#1350,#1350,#1352,.T.);
#1350 = VERTEX_POINT('',#1351);
#1351 = CARTESIAN_POINT('',(11.,13.,5.1));
#1352 = CIRCLE('',#1353,0.6);
#1353 = AXIS2_PLACEMENT_3D('',#1354,#1355,#1356);
#1354 = CARTESIAN_POINT('',(11.,13.,4.5));
#1355 = DIRECTION('',(1.,0.,-0.));
#1356 = DIRECTION('',(0.,1.002044604925E-15,1.));
#1357 = ORIENTED_EDGE('',*,*,#1358,.F.);
#1358 = EDGE_CURVE('',#1300,#1350,#1359,.T.);
#1359 = CIRCLE('',#1360,0.4);
#1360 = AXIS2_PLACEMENT_3D('',#1361,#1362,#1363);
#1361 = CARTESIAN_POINT('',(11.4,13.,5.1));
#1362 = DIRECTION('',(0.,-1.,1.002044604925E-15));
#1363 = DIRECTION('',(0.,1.002044604925E-15,1.));
#1364 = ORIENTED_EDGE('',*,*,#1299,.F.);
#1365 = ORIENTED_EDGE('',*,*,#1358,.T.);
#1366 = TOROIDAL_SURFACE('',#1367,0.6,0.4);
#1367 = AXIS2_PLACEMENT_3D('',#1368,#1369,#1370);
#1368 = CARTESIAN_POINT('',(11.4,13.,4.5));
#1369 = DIRECTION('',(-1.,0.,0.));
#1370 = DIRECTION('',(0.,1.002044604925E-15,1.));
#1371 = ADVANCED_FACE('',(#1372),#1392,.T.);
#1372 = FACE_BOUND('',#1373,.T.);
#1373 = EDGE_LOOP('',(#1374,#1375,#1384,#1391));
#1374 = ORIENTED_EDGE('',*,*,#1333,.T.);
#1375 = ORIENTED_EDGE('',*,*,#1376,.F.);
#1376 = EDGE_CURVE('',#1377,#1326,#1379,.T.);
#1377 = VERTEX_POINT('',#1378);
#1378 = CARTESIAN_POINT('',(15.,13.,5.1));
#1379 = CIRCLE('',#1380,0.4);
#1380 = AXIS2_PLACEMENT_3D('',#1381,#1382,#1383);
#1381 = CARTESIAN_POINT('',(14.6,13.,5.1));
#1382 = DIRECTION('',(0.,-1.,1.002044604925E-15));
#1383 = DIRECTION('',(0.,1.002044604925E-15,1.));
#1384 = ORIENTED_EDGE('',*,*,#1385,.F.);
#1385 = EDGE_CURVE('',#1377,#1377,#1386,.T.);
#1386 = CIRCLE('',#1387,0.6);
#1387 = AXIS2_PLACEMENT_3D('',#1388,#1389,#1390);
#1388 = CARTESIAN_POINT('',(15.,13.,4.5));
#1389 = DIRECTION('',(1.,0.,-0.));
#1390 = DIRECTION('',(0.,1.002044604925E-15,1.));
#1391 = ORIENTED_EDGE('',*,*,#1376,.T.);
#1392 = TOROIDAL_SURFACE('',#1393,0.6,0.4);
#1393 = AXIS2_PLACEMENT_3D('',#1394,#1395,#1396);
#1394 = CARTESIAN_POINT('',(14.6,13.,4.5));
#1395 = DIRECTION('',(-1.,0.,0.));
#1396 = DIRECTION('',(0.,1.002044604925E-15,1.));
#1397 = ADVANCED_FACE('',(#1398),#1401,.F.);
#1398 = FACE_BOUND('',#1399,.T.);
#1399 = EDGE_LOOP('',(#1400));
#1400 = ORIENTED_EDGE('',*,*,#1349,.F.);
#1401 = PLANE('',#1402);
#1402 = AXIS2_PLACEMENT_3D('',#1403,#1404,#1405);
#1403 = CARTESIAN_POINT('',(11.,13.,4.5));
#1404 = DIRECTION('',(1.,0.,0.));
#1405 = DIRECTION('',(0.,1.002044604925E-15,1.));
#1406 = ADVANCED_FACE('',(#1407),#1410,.T.);
#1407 = FACE_BOUND('',#1408,.F.);
#1408 = EDGE_LOOP('',(#1409));
#1409 = ORIENTED_EDGE('',*,*,#1385,.F.);
#1410 = PLANE('',#1411);
#1411 = AXIS2_PLACEMENT_3D('',#1412,#1413,#1414);
#1412 = CARTESIAN_POINT('',(15.,13.,4.5));
#1413 = DIRECTION('',(1.,0.,0.));
#1414 = DIRECTION('',(0.,1.002044604925E-15,1.));
#1415 = MANIFOLD_SOLID_BREP('',#1416);
#1416 = CLOSED_SHELL('',(#1417,#1450,#1476,#1501,#1527,#1552,#1561));
#1417 = ADVANCED_FACE('',(#1418),#1445,.T.);
#1418 = FACE_BOUND('',#1419,.T.);
#1419 = EDGE_LOOP('',(#1420,#1430,#1437,#1438));
#1420 = ORIENTED_EDGE('',*,*,#1421,.T.);
#1421 = EDGE_CURVE('',#1422,#1424,#1426,.T.);
#1422 = VERTEX_POINT('',#1423);
#1423 = CARTESIAN_POINT('',(9.44,51.,0.5));
#1424 = VERTEX_POINT('',#1425);
#1425 = CARTESIAN_POINT('',(9.44,51.,4.));
#1426 = LINE('',#1427,#1428);
#1427 = CARTESIAN_POINT('',(9.44,51.,4.));
#1428 = VECTOR('',#1429,1.);
#1429 = DIRECTION('',(0.,2.2E-16,1.));
#1430 = ORIENTED_EDGE('',*,*,#1431,.F.);
#1431 = EDGE_CURVE('',#1424,#1424,#1432,.T.);
#1432 = CIRCLE('',#1433,0.25);
#1433 = AXIS2_PLACEMENT_3D('',#1434,#1435,#1436);
#1434 = CARTESIAN_POINT('',(9.19,51.,4.));
#1435 = DIRECTION('',(-0.,2.2E-16,1.));
#1436 = DIRECTION('',(1.,0.,0.));
#1437 = ORIENTED_EDGE('',*,*,#1421,.F.);
#1438 = ORIENTED_EDGE('',*,*,#1439,.T.);
#1439 = EDGE_CURVE('',#1422,#1422,#1440,.T.);
#1440 = CIRCLE('',#1441,0.25);
#1441 = AXIS2_PLACEMENT_3D('',#1442,#1443,#1444);
#1442 = CARTESIAN_POINT('',(9.19,51.,0.5));
#1443 = DIRECTION('',(-0.,2.2E-16,1.));
#1444 = DIRECTION('',(1.,0.,0.));
#1445 = CYLINDRICAL_SURFACE('',#1446,0.25);
#1446 = AXIS2_PLACEMENT_3D('',#1447,#1448,#1449);
#1447 = CARTESIAN_POINT('',(9.19,51.,4.));
#1448 = DIRECTION('',(0.,2.2E-16,1.));
#1449 = DIRECTION('',(1.,0.,0.));
#1450 = ADVANCED_FACE('',(#1451),#1471,.T.);
#1451 = FACE_BOUND('',#1452,.T.);
#1452 = EDGE_LOOP('',(#1453,#1462,#1469,#1470));
#1453 = ORIENTED_EDGE('',*,*,#1454,.T.);
#1454 = EDGE_CURVE('',#1424,#1455,#1457,.T.);
#1455 = VERTEX_POINT('',#1456);
#1456 = CARTESIAN_POINT('',(9.69,51.,4.25));
#1457 = CIRCLE('',#1458,0.25);
#1458 = AXIS2_PLACEMENT_3D('',#1459,#1460,#1461);
#1459 = CARTESIAN_POINT('',(9.69,51.,4.));
#1460 = DIRECTION('',(0.,1.,-2.2E-16));
#1461 = DIRECTION('',(1.,0.,0.));
#1462 = ORIENTED_EDGE('',*,*,#1463,.T.);
#1463 = EDGE_CURVE('',#1455,#1455,#1464,.T.);
#1464 = CIRCLE('',#1465,0.25);
#1465 = AXIS2_PLACEMENT_3D('',#1466,#1467,#1468);
#1466 = CARTESIAN_POINT('',(9.69,51.,4.5));
#1467 = DIRECTION('',(-1.,0.,-1.8E-16));
#1468 = DIRECTION('',(-1.8E-16,2.2E-16,1.));
#1469 = ORIENTED_EDGE('',*,*,#1454,.F.);
#1470 = ORIENTED_EDGE('',*,*,#1431,.T.);
#1471 = TOROIDAL_SURFACE('',#1472,0.5,0.25);
#1472 = AXIS2_PLACEMENT_3D('',#1473,#1474,#1475);
#1473 = CARTESIAN_POINT('',(9.69,51.,4.));
#1474 = DIRECTION('',(0.,1.,-2.2E-16));
#1475 = DIRECTION('',(1.,0.,0.));
#1476 = ADVANCED_FACE('',(#1477),#1496,.T.);
#1477 = FACE_BOUND('',#1478,.T.);
#1478 = EDGE_LOOP('',(#1479,#1487,#1494,#1495));
#1479 = ORIENTED_EDGE('',*,*,#1480,.T.);
#1480 = EDGE_CURVE('',#1455,#1481,#1483,.T.);
#1481 = VERTEX_POINT('',#1482);
#1482 = CARTESIAN_POINT('',(16.31,51.,4.25));
#1483 = LINE('',#1484,#1485);
#1484 = CARTESIAN_POINT('',(9.69,51.,4.25));
#1485 = VECTOR('',#1486,1.);
#1486 = DIRECTION('',(1.,0.,0.));
#1487 = ORIENTED_EDGE('',*,*,#1488,.F.);
#1488 = EDGE_CURVE('',#1481,#1481,#1489,.T.);
#1489 = CIRCLE('',#1490,0.25);
#1490 = AXIS2_PLACEMENT_3D('',#1491,#1492,#1493);
#1491 = CARTESIAN_POINT('',(16.31,51.,4.5));
#1492 = DIRECTION('',(1.,0.,0.));
#1493 = DIRECTION('',(0.,-2.2E-16,-1.));
#1494 = ORIENTED_EDGE('',*,*,#1480,.F.);
#1495 = ORIENTED_EDGE('',*,*,#1463,.F.);
#1496 = CYLINDRICAL_SURFACE('',#1497,0.25);
#1497 = AXIS2_PLACEMENT_3D('',#1498,#1499,#1500);
#1498 = CARTESIAN_POINT('',(9.69,51.,4.5));
#1499 = DIRECTION('',(1.,0.,0.));
#1500 = DIRECTION('',(0.,-2.2E-16,-1.));
#1501 = ADVANCED_FACE('',(#1502),#1522,.T.);
#1502 = FACE_BOUND('',#1503,.T.);
#1503 = EDGE_LOOP('',(#1504,#1513,#1520,#1521));
#1504 = ORIENTED_EDGE('',*,*,#1505,.T.);
#1505 = EDGE_CURVE('',#1481,#1506,#1508,.T.);
#1506 = VERTEX_POINT('',#1507);
#1507 = CARTESIAN_POINT('',(16.56,51.,4.));
#1508 = CIRCLE('',#1509,0.25);
#1509 = AXIS2_PLACEMENT_3D('',#1510,#1511,#1512);
#1510 = CARTESIAN_POINT('',(16.31,51.,4.));
#1511 = DIRECTION('',(0.,1.,-2.2E-16));
#1512 = DIRECTION('',(1.,0.,0.));
#1513 = ORIENTED_EDGE('',*,*,#1514,.T.);
#1514 = EDGE_CURVE('',#1506,#1506,#1515,.T.);
#1515 = CIRCLE('',#1516,0.25);
#1516 = AXIS2_PLACEMENT_3D('',#1517,#1518,#1519);
#1517 = CARTESIAN_POINT('',(16.81,51.,4.));
#1518 = DIRECTION('',(-2.4E-16,2.2E-16,1.));
#1519 = DIRECTION('',(1.,0.,2.4E-16));
#1520 = ORIENTED_EDGE('',*,*,#1505,.F.);
#1521 = ORIENTED_EDGE('',*,*,#1488,.T.);
#1522 = TOROIDAL_SURFACE('',#1523,0.5,0.25);
#1523 = AXIS2_PLACEMENT_3D('',#1524,#1525,#1526);
#1524 = CARTESIAN_POINT('',(16.31,51.,4.));
#1525 = DIRECTION('',(0.,1.,-2.2E-16));
#1526 = DIRECTION('',(1.,0.,0.));
#1527 = ADVANCED_FACE('',(#1528),#1547,.T.);
#1528 = FACE_BOUND('',#1529,.T.);
#1529 = EDGE_LOOP('',(#1530,#1538,#1545,#1546));
#1530 = ORIENTED_EDGE('',*,*,#1531,.T.);
#1531 = EDGE_CURVE('',#1506,#1532,#1534,.T.);
#1532 = VERTEX_POINT('',#1533);
#1533 = CARTESIAN_POINT('',(16.56,51.,0.5));
#1534 = LINE('',#1535,#1536);
#1535 = CARTESIAN_POINT('',(16.56,51.,4.));
#1536 = VECTOR('',#1537,1.);
#1537 = DIRECTION('',(0.,-2.2E-16,-1.));
#1538 = ORIENTED_EDGE('',*,*,#1539,.F.);
#1539 = EDGE_CURVE('',#1532,#1532,#1540,.T.);
#1540 = CIRCLE('',#1541,0.25);
#1541 = AXIS2_PLACEMENT_3D('',#1542,#1543,#1544);
#1542 = CARTESIAN_POINT('',(16.81,51.,0.5));
#1543 = DIRECTION('',(-0.,-2.2E-16,-1.));
#1544 = DIRECTION('',(-1.,0.,0.));
#1545 = ORIENTED_EDGE('',*,*,#1531,.F.);
#1546 = ORIENTED_EDGE('',*,*,#1514,.F.);
#1547 = CYLINDRICAL_SURFACE('',#1548,0.25);
#1548 = AXIS2_PLACEMENT_3D('',#1549,#1550,#1551);
#1549 = CARTESIAN_POINT('',(16.81,51.,4.));
#1550 = DIRECTION('',(0.,-2.2E-16,-1.));
#1551 = DIRECTION('',(-1.,0.,0.));
#1552 = ADVANCED_FACE('',(#1553),#1556,.T.);
#1553 = FACE_BOUND('',#1554,.F.);
#1554 = EDGE_LOOP('',(#1555));
#1555 = ORIENTED_EDGE('',*,*,#1439,.T.);
#1556 = PLANE('',#1557);
#1557 = AXIS2_PLACEMENT_3D('',#1558,#1559,#1560);
#1558 = CARTESIAN_POINT('',(9.44,51.,0.5));
#1559 = DIRECTION('',(0.,0.,-1.));
#1560 = DIRECTION('',(-1.,0.,0.));
#1561 = ADVANCED_FACE('',(#1562),#1565,.F.);
#1562 = FACE_BOUND('',#1563,.T.);
#1563 = EDGE_LOOP('',(#1564));
#1564 = ORIENTED_EDGE('',*,*,#1539,.T.);
#1565 = PLANE('',#1566);
#1566 = AXIS2_PLACEMENT_3D('',#1567,#1568,#1569);
#1567 = CARTESIAN_POINT('',(16.56,51.,0.5));
#1568 = DIRECTION('',(0.,0.,1.));
#1569 = DIRECTION('',(1.,0.,0.));
#1570 = MANIFOLD_SOLID_BREP('',#1571);
#1571 = CLOSED_SHELL('',(#1572,#1605,#1625,#1645,#1670,#1695,#1721,#1747
    ,#1756));
#1572 = ADVANCED_FACE('',(#1573),#1600,.T.);
#1573 = FACE_BOUND('',#1574,.T.);
#1574 = EDGE_LOOP('',(#1575,#1584,#1592,#1599));
#1575 = ORIENTED_EDGE('',*,*,#1576,.T.);
#1576 = EDGE_CURVE('',#1577,#1577,#1579,.T.);
#1577 = VERTEX_POINT('',#1578);
#1578 = CARTESIAN_POINT('',(11.6,51.,5.51));
#1579 = CIRCLE('',#1580,1.01);
#1580 = AXIS2_PLACEMENT_3D('',#1581,#1582,#1583);
#1581 = CARTESIAN_POINT('',(11.6,51.,4.5));
#1582 = DIRECTION('',(1.,0.,-0.));
#1583 = DIRECTION('',(0.,9.92044604925E-16,1.));
#1584 = ORIENTED_EDGE('',*,*,#1585,.T.);
#1585 = EDGE_CURVE('',#1577,#1586,#1588,.T.);
#1586 = VERTEX_POINT('',#1587);
#1587 = CARTESIAN_POINT('',(12.6,51.,5.51));
#1588 = LINE('',#1589,#1590);
#1589 = CARTESIAN_POINT('',(11.6,51.,5.51));
#1590 = VECTOR('',#1591,1.);
#1591 = DIRECTION('',(1.,0.,0.));
#1592 = ORIENTED_EDGE('',*,*,#1593,.F.);
#1593 = EDGE_CURVE('',#1586,#1586,#1594,.T.);
#1594 = CIRCLE('',#1595,1.01);
#1595 = AXIS2_PLACEMENT_3D('',#1596,#1597,#1598);
#1596 = CARTESIAN_POINT('',(12.6,51.,4.5));
#1597 = DIRECTION('',(1.,0.,-0.));
#1598 = DIRECTION('',(0.,9.92044604925E-16,1.));
#1599 = ORIENTED_EDGE('',*,*,#1585,.F.);
#1600 = CYLINDRICAL_SURFACE('',#1601,1.01);
#1601 = AXIS2_PLACEMENT_3D('',#1602,#1603,#1604);
#1602 = CARTESIAN_POINT('',(11.6,51.,4.5));
#1603 = DIRECTION('',(1.,0.,0.));
#1604 = DIRECTION('',(0.,9.92044604925E-16,1.));
#1605 = ADVANCED_FACE('',(#1606,#1609),#1620,.F.);
#1606 = FACE_BOUND('',#1607,.T.);
#1607 = EDGE_LOOP('',(#1608));
#1608 = ORIENTED_EDGE('',*,*,#1576,.F.);
#1609 = FACE_BOUND('',#1610,.T.);
#1610 = EDGE_LOOP('',(#1611));
#1611 = ORIENTED_EDGE('',*,*,#1612,.T.);
#1612 = EDGE_CURVE('',#1613,#1613,#1615,.T.);
#1613 = VERTEX_POINT('',#1614);
#1614 = CARTESIAN_POINT('',(11.6,51.,5.5));
#1615 = CIRCLE('',#1616,1.);
#1616 = AXIS2_PLACEMENT_3D('',#1617,#1618,#1619);
#1617 = CARTESIAN_POINT('',(11.6,51.,4.5));
#1618 = DIRECTION('',(1.,0.,-0.));
#1619 = DIRECTION('',(0.,1.002044604925E-15,1.));
#1620 = PLANE('',#1621);
#1621 = AXIS2_PLACEMENT_3D('',#1622,#1623,#1624);
#1622 = CARTESIAN_POINT('',(11.6,51.,4.5));
#1623 = DIRECTION('',(1.,0.,0.));
#1624 = DIRECTION('',(0.,1.002044604925E-15,1.));
#1625 = ADVANCED_FACE('',(#1626,#1629),#1640,.T.);
#1626 = FACE_BOUND('',#1627,.T.);
#1627 = EDGE_LOOP('',(#1628));
#1628 = ORIENTED_EDGE('',*,*,#1593,.T.);
#1629 = FACE_BOUND('',#1630,.T.);
#1630 = EDGE_LOOP('',(#1631));
#1631 = ORIENTED_EDGE('',*,*,#1632,.F.);
#1632 = EDGE_CURVE('',#1633,#1633,#1635,.T.);
#1633 = VERTEX_POINT('',#1634);
#1634 = CARTESIAN_POINT('',(12.6,51.,5.5));
#1635 = CIRCLE('',#1636,1.);
#1636 = AXIS2_PLACEMENT_3D('',#1637,#1638,#1639);
#1637 = CARTESIAN_POINT('',(12.6,51.,4.5));
#1638 = DIRECTION('',(1.,0.,-0.));
#1639 = DIRECTION('',(0.,1.002044604925E-15,1.));
#1640 = PLANE('',#1641);
#1641 = AXIS2_PLACEMENT_3D('',#1642,#1643,#1644);
#1642 = CARTESIAN_POINT('',(12.6,51.,4.5));
#1643 = DIRECTION('',(1.,0.,0.));
#1644 = DIRECTION('',(0.,9.92044604925E-16,1.));
#1645 = ADVANCED_FACE('',(#1646),#1665,.T.);
#1646 = FACE_BOUND('',#1647,.T.);
#1647 = EDGE_LOOP('',(#1648,#1657,#1663,#1664));
#1648 = ORIENTED_EDGE('',*,*,#1649,.T.);
#1649 = EDGE_CURVE('',#1650,#1650,#1652,.T.);
#1650 = VERTEX_POINT('',#1651);
#1651 = CARTESIAN_POINT('',(11.4,51.,5.5));
#1652 = CIRCLE('',#1653,1.);
#1653 = AXIS2_PLACEMENT_3D('',#1654,#1655,#1656);
#1654 = CARTESIAN_POINT('',(11.4,51.,4.5));
#1655 = DIRECTION('',(1.,0.,-0.));
#1656 = DIRECTION('',(0.,1.002044604925E-15,1.));
#1657 = ORIENTED_EDGE('',*,*,#1658,.T.);
#1658 = EDGE_CURVE('',#1650,#1613,#1659,.T.);
#1659 = LINE('',#1660,#1661);
#1660 = CARTESIAN_POINT('',(11.,51.,5.5));
#1661 = VECTOR('',#1662,1.);
#1662 = DIRECTION('',(1.,0.,0.));
#1663 = ORIENTED_EDGE('',*,*,#1612,.F.);
#1664 = ORIENTED_EDGE('',*,*,#1658,.F.);
#1665 = CYLINDRICAL_SURFACE('',#1666,1.);
#1666 = AXIS2_PLACEMENT_3D('',#1667,#1668,#1669);
#1667 = CARTESIAN_POINT('',(11.,51.,4.5));
#1668 = DIRECTION('',(1.,0.,0.));
#1669 = DIRECTION('',(0.,1.002044604925E-15,1.));
#1670 = ADVANCED_FACE('',(#1671),#1690,.T.);
#1671 = FACE_BOUND('',#1672,.T.);
#1672 = EDGE_LOOP('',(#1673,#1674,#1682,#1689));
#1673 = ORIENTED_EDGE('',*,*,#1632,.T.);
#1674 = ORIENTED_EDGE('',*,*,#1675,.T.);
#1675 = EDGE_CURVE('',#1633,#1676,#1678,.T.);
#1676 = VERTEX_POINT('',#1677);
#1677 = CARTESIAN_POINT('',(14.6,51.,5.5));
#1678 = LINE('',#1679,#1680);
#1679 = CARTESIAN_POINT('',(11.,51.,5.5));
#1680 = VECTOR('',#1681,1.);
#1681 = DIRECTION('',(1.,0.,0.));
#1682 = ORIENTED_EDGE('',*,*,#1683,.F.);
#1683 = EDGE_CURVE('',#1676,#1676,#1684,.T.);
#1684 = CIRCLE('',#1685,1.);
#1685 = AXIS2_PLACEMENT_3D('',#1686,#1687,#1688);
#1686 = CARTESIAN_POINT('',(14.6,51.,4.5));
#1687 = DIRECTION('',(1.,0.,-0.));
#1688 = DIRECTION('',(0.,1.002044604925E-15,1.));
#1689 = ORIENTED_EDGE('',*,*,#1675,.F.);
#1690 = CYLINDRICAL_SURFACE('',#1691,1.);
#1691 = AXIS2_PLACEMENT_3D('',#1692,#1693,#1694);
#1692 = CARTESIAN_POINT('',(11.,51.,4.5));
#1693 = DIRECTION('',(1.,0.,0.));
#1694 = DIRECTION('',(0.,1.002044604925E-15,1.));
#1695 = ADVANCED_FACE('',(#1696),#1716,.T.);
#1696 = FACE_BOUND('',#1697,.T.);
#1697 = EDGE_LOOP('',(#1698,#1707,#1714,#1715));
#1698 = ORIENTED_EDGE('',*,*,#1699,.T.);
#1699 = EDGE_CURVE('',#1700,#1700,#1702,.T.);
#1700 = VERTEX_POINT('',#1701);
#1701 = CARTESIAN_POINT('',(11.,51.,5.1));
#1702 = CIRCLE('',#1703,0.6);
#1703 = AXIS2_PLACEMENT_3D('',#1704,#1705,#1706);
#1704 = CARTESIAN_POINT('',(11.,51.,4.5));
#1705 = DIRECTION('',(1.,0.,-0.));
#1706 = DIRECTION('',(0.,1.002044604925E-15,1.));
#1707 = ORIENTED_EDGE('',*,*,#1708,.F.);
#1708 = EDGE_CURVE('',#1650,#1700,#1709,.T.);
#1709 = CIRCLE('',#1710,0.4);
#1710 = AXIS2_PLACEMENT_3D('',#1711,#1712,#1713);
#1711 = CARTESIAN_POINT('',(11.4,51.,5.1));
#1712 = DIRECTION('',(0.,-1.,1.002044604925E-15));
#1713 = DIRECTION('',(0.,1.002044604925E-15,1.));
#1714 = ORIENTED_EDGE('',*,*,#1649,.F.);
#1715 = ORIENTED_EDGE('',*,*,#1708,.T.);
#1716 = TOROIDAL_SURFACE('',#1717,0.6,0.4);
#1717 = AXIS2_PLACEMENT_3D('',#1718,#1719,#1720);
#1718 = CARTESIAN_POINT('',(11.4,51.,4.5));
#1719 = DIRECTION('',(-1.,0.,0.));
#1720 = DIRECTION('',(0.,1.002044604925E-15,1.));
#1721 = ADVANCED_FACE('',(#1722),#1742,.T.);
#1722 = FACE_BOUND('',#1723,.T.);
#1723 = EDGE_LOOP('',(#1724,#1725,#1734,#1741));
#1724 = ORIENTED_EDGE('',*,*,#1683,.T.);
#1725 = ORIENTED_EDGE('',*,*,#1726,.F.);
#1726 = EDGE_CURVE('',#1727,#1676,#1729,.T.);
#1727 = VERTEX_POINT('',#1728);
#1728 = CARTESIAN_POINT('',(15.,51.,5.1));
#1729 = CIRCLE('',#1730,0.4);
#1730 = AXIS2_PLACEMENT_3D('',#1731,#1732,#1733);
#1731 = CARTESIAN_POINT('',(14.6,51.,5.1));
#1732 = DIRECTION('',(0.,-1.,1.002044604925E-15));
#1733 = DIRECTION('',(0.,1.002044604925E-15,1.));
#1734 = ORIENTED_EDGE('',*,*,#1735,.F.);
#1735 = EDGE_CURVE('',#1727,#1727,#1736,.T.);
#1736 = CIRCLE('',#1737,0.6);
#1737 = AXIS2_PLACEMENT_3D('',#1738,#1739,#1740);
#1738 = CARTESIAN_POINT('',(15.,51.,4.5));
#1739 = DIRECTION('',(1.,0.,-0.));
#1740 = DIRECTION('',(0.,1.002044604925E-15,1.));
#1741 = ORIENTED_EDGE('',*,*,#1726,.T.);
#1742 = TOROIDAL_SURFACE('',#1743,0.6,0.4);
#1743 = AXIS2_PLACEMENT_3D('',#1744,#1745,#1746);
#1744 = CARTESIAN_POINT('',(14.6,51.,4.5));
#1745 = DIRECTION('',(-1.,0.,0.));
#1746 = DIRECTION('',(0.,1.002044604925E-15,1.));
#1747 = ADVANCED_FACE('',(#1748),#1751,.F.);
#1748 = FACE_BOUND('',#1749,.T.);
#1749 = EDGE_LOOP('',(#1750));
#1750 = ORIENTED_EDGE('',*,*,#1699,.F.);
#1751 = PLANE('',#1752);
#1752 = AXIS2_PLACEMENT_3D('',#1753,#1754,#1755);
#1753 = CARTESIAN_POINT('',(11.,51.,4.5));
#1754 = DIRECTION('',(1.,0.,0.));
#1755 = DIRECTION('',(0.,1.002044604925E-15,1.));
#1756 = ADVANCED_FACE('',(#1757),#1760,.T.);
#1757 = FACE_BOUND('',#1758,.F.);
#1758 = EDGE_LOOP('',(#1759));
#1759 = ORIENTED_EDGE('',*,*,#1735,.F.);
#1760 = PLANE('',#1761);
#1761 = AXIS2_PLACEMENT_3D('',#1762,#1763,#1764);
#1762 = CARTESIAN_POINT('',(15.,51.,4.5));
#1763 = DIRECTION('',(1.,0.,0.));
#1764 = DIRECTION('',(0.,1.002044604925E-15,1.));
#1765 = MANIFOLD_SOLID_BREP('',#1766);
#1766 = CLOSED_SHELL('',(#1767,#1800,#1826,#1851,#1877,#1902,#1911));
#1767 = ADVANCED_FACE('',(#1768),#1795,.T.);
#1768 = FACE_BOUND('',#1769,.T.);
#1769 = EDGE_LOOP('',(#1770,#1780,#1787,#1788));
#1770 = ORIENTED_EDGE('',*,*,#1771,.T.);
#1771 = EDGE_CURVE('',#1772,#1774,#1776,.T.);
#1772 = VERTEX_POINT('',#1773);
#1773 = CARTESIAN_POINT('',(28.63,32.,0.5));
#1774 = VERTEX_POINT('',#1775);
#1775 = CARTESIAN_POINT('',(28.63,32.,4.));
#1776 = LINE('',#1777,#1778);
#1777 = CARTESIAN_POINT('',(28.63,32.,4.));
#1778 = VECTOR('',#1779,1.);
#1779 = DIRECTION('',(0.,2.2E-16,1.));
#1780 = ORIENTED_EDGE('',*,*,#1781,.F.);
#1781 = EDGE_CURVE('',#1774,#1774,#1782,.T.);
#1782 = CIRCLE('',#1783,0.25);
#1783 = AXIS2_PLACEMENT_3D('',#1784,#1785,#1786);
#1784 = CARTESIAN_POINT('',(28.38,32.,4.));
#1785 = DIRECTION('',(-0.,2.2E-16,1.));
#1786 = DIRECTION('',(1.,0.,0.));
#1787 = ORIENTED_EDGE('',*,*,#1771,.F.);
#1788 = ORIENTED_EDGE('',*,*,#1789,.T.);
#1789 = EDGE_CURVE('',#1772,#1772,#1790,.T.);
#1790 = CIRCLE('',#1791,0.25);
#1791 = AXIS2_PLACEMENT_3D('',#1792,#1793,#1794);
#1792 = CARTESIAN_POINT('',(28.38,32.,0.5));
#1793 = DIRECTION('',(-0.,2.2E-16,1.));
#1794 = DIRECTION('',(1.,0.,0.));
#1795 = CYLINDRICAL_SURFACE('',#1796,0.25);
#1796 = AXIS2_PLACEMENT_3D('',#1797,#1798,#1799);
#1797 = CARTESIAN_POINT('',(28.38,32.,4.));
#1798 = DIRECTION('',(0.,2.2E-16,1.));
#1799 = DIRECTION('',(1.,0.,0.));
#1800 = ADVANCED_FACE('',(#1801),#1821,.T.);
#1801 = FACE_BOUND('',#1802,.T.);
#1802 = EDGE_LOOP('',(#1803,#1812,#1819,#1820));
#1803 = ORIENTED_EDGE('',*,*,#1804,.T.);
#1804 = EDGE_CURVE('',#1774,#1805,#1807,.T.);
#1805 = VERTEX_POINT('',#1806);
#1806 = CARTESIAN_POINT('',(28.88,32.,4.25));
#1807 = CIRCLE('',#1808,0.25);
#1808 = AXIS2_PLACEMENT_3D('',#1809,#1810,#1811);
#1809 = CARTESIAN_POINT('',(28.88,32.,4.));
#1810 = DIRECTION('',(0.,1.,-2.2E-16));
#1811 = DIRECTION('',(1.,0.,0.));
#1812 = ORIENTED_EDGE('',*,*,#1813,.T.);
#1813 = EDGE_CURVE('',#1805,#1805,#1814,.T.);
#1814 = CIRCLE('',#1815,0.25);
#1815 = AXIS2_PLACEMENT_3D('',#1816,#1817,#1818);
#1816 = CARTESIAN_POINT('',(28.88,32.,4.5));
#1817 = DIRECTION('',(-1.,0.,-1.8E-16));
#1818 = DIRECTION('',(-1.8E-16,2.2E-16,1.));
#1819 = ORIENTED_EDGE('',*,*,#1804,.F.);
#1820 = ORIENTED_EDGE('',*,*,#1781,.T.);
#1821 = TOROIDAL_SURFACE('',#1822,0.5,0.25);
#1822 = AXIS2_PLACEMENT_3D('',#1823,#1824,#1825);
#1823 = CARTESIAN_POINT('',(28.88,32.,4.));
#1824 = DIRECTION('',(0.,1.,-2.2E-16));
#1825 = DIRECTION('',(1.,0.,0.));
#1826 = ADVANCED_FACE('',(#1827),#1846,.T.);
#1827 = FACE_BOUND('',#1828,.T.);
#1828 = EDGE_LOOP('',(#1829,#1837,#1844,#1845));
#1829 = ORIENTED_EDGE('',*,*,#1830,.T.);
#1830 = EDGE_CURVE('',#1805,#1831,#1833,.T.);
#1831 = VERTEX_POINT('',#1832);
#1832 = CARTESIAN_POINT('',(35.5,32.,4.25));
#1833 = LINE('',#1834,#1835);
#1834 = CARTESIAN_POINT('',(28.88,32.,4.25));
#1835 = VECTOR('',#1836,1.);
#1836 = DIRECTION('',(1.,0.,0.));
#1837 = ORIENTED_EDGE('',*,*,#1838,.F.);
#1838 = EDGE_CURVE('',#1831,#1831,#1839,.T.);
#1839 = CIRCLE('',#1840,0.25);
#1840 = AXIS2_PLACEMENT_3D('',#1841,#1842,#1843);
#1841 = CARTESIAN_POINT('',(35.5,32.,4.5));
#1842 = DIRECTION('',(1.,0.,0.));
#1843 = DIRECTION('',(0.,-2.2E-16,-1.));
#1844 = ORIENTED_EDGE('',*,*,#1830,.F.);
#1845 = ORIENTED_EDGE('',*,*,#1813,.F.);
#1846 = CYLINDRICAL_SURFACE('',#1847,0.25);
#1847 = AXIS2_PLACEMENT_3D('',#1848,#1849,#1850);
#1848 = CARTESIAN_POINT('',(28.88,32.,4.5));
#1849 = DIRECTION('',(1.,0.,0.));
#1850 = DIRECTION('',(0.,-2.2E-16,-1.));
#1851 = ADVANCED_FACE('',(#1852),#1872,.T.);
#1852 = FACE_BOUND('',#1853,.T.);
#1853 = EDGE_LOOP('',(#1854,#1863,#1870,#1871));
#1854 = ORIENTED_EDGE('',*,*,#1855,.T.);
#1855 = EDGE_CURVE('',#1831,#1856,#1858,.T.);
#1856 = VERTEX_POINT('',#1857);
#1857 = CARTESIAN_POINT('',(35.75,32.,4.));
#1858 = CIRCLE('',#1859,0.25);
#1859 = AXIS2_PLACEMENT_3D('',#1860,#1861,#1862);
#1860 = CARTESIAN_POINT('',(35.5,32.,4.));
#1861 = DIRECTION('',(0.,1.,-2.2E-16));
#1862 = DIRECTION('',(1.,0.,0.));
#1863 = ORIENTED_EDGE('',*,*,#1864,.T.);
#1864 = EDGE_CURVE('',#1856,#1856,#1865,.T.);
#1865 = CIRCLE('',#1866,0.25);
#1866 = AXIS2_PLACEMENT_3D('',#1867,#1868,#1869);
#1867 = CARTESIAN_POINT('',(36.,32.,4.));
#1868 = DIRECTION('',(-2.4E-16,2.2E-16,1.));
#1869 = DIRECTION('',(1.,0.,2.4E-16));
#1870 = ORIENTED_EDGE('',*,*,#1855,.F.);
#1871 = ORIENTED_EDGE('',*,*,#1838,.T.);
#1872 = TOROIDAL_SURFACE('',#1873,0.5,0.25);
#1873 = AXIS2_PLACEMENT_3D('',#1874,#1875,#1876);
#1874 = CARTESIAN_POINT('',(35.5,32.,4.));
#1875 = DIRECTION('',(0.,1.,-2.2E-16));
#1876 = DIRECTION('',(1.,0.,0.));
#1877 = ADVANCED_FACE('',(#1878),#1897,.T.);
#1878 = FACE_BOUND('',#1879,.T.);
#1879 = EDGE_LOOP('',(#1880,#1888,#1895,#1896));
#1880 = ORIENTED_EDGE('',*,*,#1881,.T.);
#1881 = EDGE_CURVE('',#1856,#1882,#1884,.T.);
#1882 = VERTEX_POINT('',#1883);
#1883 = CARTESIAN_POINT('',(35.75,32.,0.5));
#1884 = LINE('',#1885,#1886);
#1885 = CARTESIAN_POINT('',(35.75,32.,4.));
#1886 = VECTOR('',#1887,1.);
#1887 = DIRECTION('',(0.,-2.2E-16,-1.));
#1888 = ORIENTED_EDGE('',*,*,#1889,.F.);
#1889 = EDGE_CURVE('',#1882,#1882,#1890,.T.);
#1890 = CIRCLE('',#1891,0.25);
#1891 = AXIS2_PLACEMENT_3D('',#1892,#1893,#1894);
#1892 = CARTESIAN_POINT('',(36.,32.,0.5));
#1893 = DIRECTION('',(-0.,-2.2E-16,-1.));
#1894 = DIRECTION('',(-1.,0.,0.));
#1895 = ORIENTED_EDGE('',*,*,#1881,.F.);
#1896 = ORIENTED_EDGE('',*,*,#1864,.F.);
#1897 = CYLINDRICAL_SURFACE('',#1898,0.25);
#1898 = AXIS2_PLACEMENT_3D('',#1899,#1900,#1901);
#1899 = CARTESIAN_POINT('',(36.,32.,4.));
#1900 = DIRECTION('',(0.,-2.2E-16,-1.));
#1901 = DIRECTION('',(-1.,0.,0.));
#1902 = ADVANCED_FACE('',(#1903),#1906,.T.);
#1903 = FACE_BOUND('',#1904,.F.);
#1904 = EDGE_LOOP('',(#1905));
#1905 = ORIENTED_EDGE('',*,*,#1789,.T.);
#1906 = PLANE('',#1907);
#1907 = AXIS2_PLACEMENT_3D('',#1908,#1909,#1910);
#1908 = CARTESIAN_POINT('',(28.63,32.,0.5));
#1909 = DIRECTION('',(0.,0.,-1.));
#1910 = DIRECTION('',(-1.,0.,0.));
#1911 = ADVANCED_FACE('',(#1912),#1915,.F.);
#1912 = FACE_BOUND('',#1913,.T.);
#1913 = EDGE_LOOP('',(#1914));
#1914 = ORIENTED_EDGE('',*,*,#1889,.T.);
#1915 = PLANE('',#1916);
#1916 = AXIS2_PLACEMENT_3D('',#1917,#1918,#1919);
#1917 = CARTESIAN_POINT('',(35.75,32.,0.5));
#1918 = DIRECTION('',(0.,0.,1.));
#1919 = DIRECTION('',(1.,0.,0.));
#1920 = MANIFOLD_SOLID_BREP('',#1921);
#1921 = CLOSED_SHELL('',(#1922,#1955,#1975,#1995,#2020,#2045,#2071,#2097
    ,#2106));
#1922 = ADVANCED_FACE('',(#1923),#1950,.T.);
#1923 = FACE_BOUND('',#1924,.T.);
#1924 = EDGE_LOOP('',(#1925,#1934,#1942,#1949));
#1925 = ORIENTED_EDGE('',*,*,#1926,.T.);
#1926 = EDGE_CURVE('',#1927,#1927,#1929,.T.);
#1927 = VERTEX_POINT('',#1928);
#1928 = CARTESIAN_POINT('',(30.79,32.,5.51));
#1929 = CIRCLE('',#1930,1.01);
#1930 = AXIS2_PLACEMENT_3D('',#1931,#1932,#1933);
#1931 = CARTESIAN_POINT('',(30.79,32.,4.5));
#1932 = DIRECTION('',(1.,0.,-0.));
#1933 = DIRECTION('',(0.,9.92044604925E-16,1.));
#1934 = ORIENTED_EDGE('',*,*,#1935,.T.);
#1935 = EDGE_CURVE('',#1927,#1936,#1938,.T.);
#1936 = VERTEX_POINT('',#1937);
#1937 = CARTESIAN_POINT('',(31.79,32.,5.51));
#1938 = LINE('',#1939,#1940);
#1939 = CARTESIAN_POINT('',(30.79,32.,5.51));
#1940 = VECTOR('',#1941,1.);
#1941 = DIRECTION('',(1.,0.,0.));
#1942 = ORIENTED_EDGE('',*,*,#1943,.F.);
#1943 = EDGE_CURVE('',#1936,#1936,#1944,.T.);
#1944 = CIRCLE('',#1945,1.01);
#1945 = AXIS2_PLACEMENT_3D('',#1946,#1947,#1948);
#1946 = CARTESIAN_POINT('',(31.79,32.,4.5));
#1947 = DIRECTION('',(1.,0.,-0.));
#1948 = DIRECTION('',(0.,9.92044604925E-16,1.));
#1949 = ORIENTED_EDGE('',*,*,#1935,.F.);
#1950 = CYLINDRICAL_SURFACE('',#1951,1.01);
#1951 = AXIS2_PLACEMENT_3D('',#1952,#1953,#1954);
#1952 = CARTESIAN_POINT('',(30.79,32.,4.5));
#1953 = DIRECTION('',(1.,0.,0.));
#1954 = DIRECTION('',(0.,9.92044604925E-16,1.));
#1955 = ADVANCED_FACE('',(#1956,#1959),#1970,.F.);
#1956 = FACE_BOUND('',#1957,.T.);
#1957 = EDGE_LOOP('',(#1958));
#1958 = ORIENTED_EDGE('',*,*,#1926,.F.);
#1959 = FACE_BOUND('',#1960,.T.);
#1960 = EDGE_LOOP('',(#1961));
#1961 = ORIENTED_EDGE('',*,*,#1962,.T.);
#1962 = EDGE_CURVE('',#1963,#1963,#1965,.T.);
#1963 = VERTEX_POINT('',#1964);
#1964 = CARTESIAN_POINT('',(30.79,32.,5.5));
#1965 = CIRCLE('',#1966,1.);
#1966 = AXIS2_PLACEMENT_3D('',#1967,#1968,#1969);
#1967 = CARTESIAN_POINT('',(30.79,32.,4.5));
#1968 = DIRECTION('',(1.,0.,-0.));
#1969 = DIRECTION('',(0.,1.002044604925E-15,1.));
#1970 = PLANE('',#1971);
#1971 = AXIS2_PLACEMENT_3D('',#1972,#1973,#1974);
#1972 = CARTESIAN_POINT('',(30.79,32.,4.5));
#1973 = DIRECTION('',(1.,0.,0.));
#1974 = DIRECTION('',(0.,1.002044604925E-15,1.));
#1975 = ADVANCED_FACE('',(#1976,#1979),#1990,.T.);
#1976 = FACE_BOUND('',#1977,.T.);
#1977 = EDGE_LOOP('',(#1978));
#1978 = ORIENTED_EDGE('',*,*,#1943,.T.);
#1979 = FACE_BOUND('',#1980,.T.);
#1980 = EDGE_LOOP('',(#1981));
#1981 = ORIENTED_EDGE('',*,*,#1982,.F.);
#1982 = EDGE_CURVE('',#1983,#1983,#1985,.T.);
#1983 = VERTEX_POINT('',#1984);
#1984 = CARTESIAN_POINT('',(31.79,32.,5.5));
#1985 = CIRCLE('',#1986,1.);
#1986 = AXIS2_PLACEMENT_3D('',#1987,#1988,#1989);
#1987 = CARTESIAN_POINT('',(31.79,32.,4.5));
#1988 = DIRECTION('',(1.,0.,-0.));
#1989 = DIRECTION('',(0.,1.002044604925E-15,1.));
#1990 = PLANE('',#1991);
#1991 = AXIS2_PLACEMENT_3D('',#1992,#1993,#1994);
#1992 = CARTESIAN_POINT('',(31.79,32.,4.5));
#1993 = DIRECTION('',(1.,0.,0.));
#1994 = DIRECTION('',(0.,9.92044604925E-16,1.));
#1995 = ADVANCED_FACE('',(#1996),#2015,.T.);
#1996 = FACE_BOUND('',#1997,.T.);
#1997 = EDGE_LOOP('',(#1998,#2007,#2013,#2014));
#1998 = ORIENTED_EDGE('',*,*,#1999,.T.);
#1999 = EDGE_CURVE('',#2000,#2000,#2002,.T.);
#2000 = VERTEX_POINT('',#2001);
#2001 = CARTESIAN_POINT('',(30.59,32.,5.5));
#2002 = CIRCLE('',#2003,1.);
#2003 = AXIS2_PLACEMENT_3D('',#2004,#2005,#2006);
#2004 = CARTESIAN_POINT('',(30.59,32.,4.5));
#2005 = DIRECTION('',(1.,0.,-0.));
#2006 = DIRECTION('',(0.,1.002044604925E-15,1.));
#2007 = ORIENTED_EDGE('',*,*,#2008,.T.);
#2008 = EDGE_CURVE('',#2000,#1963,#2009,.T.);
#2009 = LINE('',#2010,#2011);
#2010 = CARTESIAN_POINT('',(30.19,32.,5.5));
#2011 = VECTOR('',#2012,1.);
#2012 = DIRECTION('',(1.,0.,0.));
#2013 = ORIENTED_EDGE('',*,*,#1962,.F.);
#2014 = ORIENTED_EDGE('',*,*,#2008,.F.);
#2015 = CYLINDRICAL_SURFACE('',#2016,1.);
#2016 = AXIS2_PLACEMENT_3D('',#2017,#2018,#2019);
#2017 = CARTESIAN_POINT('',(30.19,32.,4.5));
#2018 = DIRECTION('',(1.,0.,0.));
#2019 = DIRECTION('',(0.,1.002044604925E-15,1.));
#2020 = ADVANCED_FACE('',(#2021),#2040,.T.);
#2021 = FACE_BOUND('',#2022,.T.);
#2022 = EDGE_LOOP('',(#2023,#2024,#2032,#2039));
#2023 = ORIENTED_EDGE('',*,*,#1982,.T.);
#2024 = ORIENTED_EDGE('',*,*,#2025,.T.);
#2025 = EDGE_CURVE('',#1983,#2026,#2028,.T.);
#2026 = VERTEX_POINT('',#2027);
#2027 = CARTESIAN_POINT('',(33.79,32.,5.5));
#2028 = LINE('',#2029,#2030);
#2029 = CARTESIAN_POINT('',(30.19,32.,5.5));
#2030 = VECTOR('',#2031,1.);
#2031 = DIRECTION('',(1.,0.,0.));
#2032 = ORIENTED_EDGE('',*,*,#2033,.F.);
#2033 = EDGE_CURVE('',#2026,#2026,#2034,.T.);
#2034 = CIRCLE('',#2035,1.);
#2035 = AXIS2_PLACEMENT_3D('',#2036,#2037,#2038);
#2036 = CARTESIAN_POINT('',(33.79,32.,4.5));
#2037 = DIRECTION('',(1.,0.,-0.));
#2038 = DIRECTION('',(0.,1.002044604925E-15,1.));
#2039 = ORIENTED_EDGE('',*,*,#2025,.F.);
#2040 = CYLINDRICAL_SURFACE('',#2041,1.);
#2041 = AXIS2_PLACEMENT_3D('',#2042,#2043,#2044);
#2042 = CARTESIAN_POINT('',(30.19,32.,4.5));
#2043 = DIRECTION('',(1.,0.,0.));
#2044 = DIRECTION('',(0.,1.002044604925E-15,1.));
#2045 = ADVANCED_FACE('',(#2046),#2066,.T.);
#2046 = FACE_BOUND('',#2047,.T.);
#2047 = EDGE_LOOP('',(#2048,#2057,#2064,#2065));
#2048 = ORIENTED_EDGE('',*,*,#2049,.T.);
#2049 = EDGE_CURVE('',#2050,#2050,#2052,.T.);
#2050 = VERTEX_POINT('',#2051);
#2051 = CARTESIAN_POINT('',(30.19,32.,5.1));
#2052 = CIRCLE('',#2053,0.6);
#2053 = AXIS2_PLACEMENT_3D('',#2054,#2055,#2056);
#2054 = CARTESIAN_POINT('',(30.19,32.,4.5));
#2055 = DIRECTION('',(1.,0.,-0.));
#2056 = DIRECTION('',(0.,1.002044604925E-15,1.));
#2057 = ORIENTED_EDGE('',*,*,#2058,.F.);
#2058 = EDGE_CURVE('',#2000,#2050,#2059,.T.);
#2059 = CIRCLE('',#2060,0.4);
#2060 = AXIS2_PLACEMENT_3D('',#2061,#2062,#2063);
#2061 = CARTESIAN_POINT('',(30.59,32.,5.1));
#2062 = DIRECTION('',(0.,-1.,1.002044604925E-15));
#2063 = DIRECTION('',(0.,1.002044604925E-15,1.));
#2064 = ORIENTED_EDGE('',*,*,#1999,.F.);
#2065 = ORIENTED_EDGE('',*,*,#2058,.T.);
#2066 = TOROIDAL_SURFACE('',#2067,0.6,0.4);
#2067 = AXIS2_PLACEMENT_3D('',#2068,#2069,#2070);
#2068 = CARTESIAN_POINT('',(30.59,32.,4.5));
#2069 = DIRECTION('',(-1.,0.,0.));
#2070 = DIRECTION('',(0.,1.002044604925E-15,1.));
#2071 = ADVANCED_FACE('',(#2072),#2092,.T.);
#2072 = FACE_BOUND('',#2073,.T.);
#2073 = EDGE_LOOP('',(#2074,#2075,#2084,#2091));
#2074 = ORIENTED_EDGE('',*,*,#2033,.T.);
#2075 = ORIENTED_EDGE('',*,*,#2076,.F.);
#2076 = EDGE_CURVE('',#2077,#2026,#2079,.T.);
#2077 = VERTEX_POINT('',#2078);
#2078 = CARTESIAN_POINT('',(34.19,32.,5.1));
#2079 = CIRCLE('',#2080,0.4);
#2080 = AXIS2_PLACEMENT_3D('',#2081,#2082,#2083);
#2081 = CARTESIAN_POINT('',(33.79,32.,5.1));
#2082 = DIRECTION('',(0.,-1.,1.002044604925E-15));
#2083 = DIRECTION('',(0.,1.002044604925E-15,1.));
#2084 = ORIENTED_EDGE('',*,*,#2085,.F.);
#2085 = EDGE_CURVE('',#2077,#2077,#2086,.T.);
#2086 = CIRCLE('',#2087,0.6);
#2087 = AXIS2_PLACEMENT_3D('',#2088,#2089,#2090);
#2088 = CARTESIAN_POINT('',(34.19,32.,4.5));
#2089 = DIRECTION('',(1.,0.,-0.));
#2090 = DIRECTION('',(0.,1.002044604925E-15,1.));
#2091 = ORIENTED_EDGE('',*,*,#2076,.T.);
#2092 = TOROIDAL_SURFACE('',#2093,0.6,0.4);
#2093 = AXIS2_PLACEMENT_3D('',#2094,#2095,#2096);
#2094 = CARTESIAN_POINT('',(33.79,32.,4.5));
#2095 = DIRECTION('',(-1.,0.,0.));
#2096 = DIRECTION('',(0.,1.002044604925E-15,1.));
#2097 = ADVANCED_FACE('',(#2098),#2101,.F.);
#2098 = FACE_BOUND('',#2099,.T.);
#2099 = EDGE_LOOP('',(#2100));
#2100 = ORIENTED_EDGE('',*,*,#2049,.F.);
#2101 = PLANE('',#2102);
#2102 = AXIS2_PLACEMENT_3D('',#2103,#2104,#2105);
#2103 = CARTESIAN_POINT('',(30.19,32.,4.5));
#2104 = DIRECTION('',(1.,0.,0.));
#2105 = DIRECTION('',(0.,1.002044604925E-15,1.));
#2106 = ADVANCED_FACE('',(#2107),#2110,.T.);
#2107 = FACE_BOUND('',#2108,.F.);
#2108 = EDGE_LOOP('',(#2109));
#2109 = ORIENTED_EDGE('',*,*,#2085,.F.);
#2110 = PLANE('',#2111);
#2111 = AXIS2_PLACEMENT_3D('',#2112,#2113,#2114);
#2112 = CARTESIAN_POINT('',(34.19,32.,4.5));
#2113 = DIRECTION('',(1.,0.,0.));
#2114 = DIRECTION('',(0.,1.002044604925E-15,1.));
#2115 = MANIFOLD_SOLID_BREP('',#2116);
#2116 = CLOSED_SHELL('',(#2117,#2157,#2188,#2219,#2548,#2877,#2894,#2911
    ,#2928,#2945,#2962,#2979,#2996,#3013,#3030,#3047,#3064,#3081,#3098,
    #3115,#3132,#3149,#3166,#3183,#3200,#3217,#3234,#3251,#3263,#3294,
    #3318,#3342,#3359,#3390,#3414,#3438,#3455,#3486,#3510,#3534,#3551,
    #3582,#3606,#3630,#3647,#3678,#3702,#3726,#3743,#3774,#3798,#3822,
    #3839,#3870,#3894,#3918,#3935,#3966,#3990,#4014,#4031,#4062,#4086,
    #4110,#4127,#4158,#4182,#4206,#4223,#4254,#4278,#4302,#4319,#4350,
    #4374,#4398,#4415,#4446,#4470,#4494,#4511,#4542,#4566,#4590,#4607,
    #4638,#4662,#4686,#4703,#4734,#4758,#4782,#4799,#4811,#4823,#4835,
    #4847,#4859,#4871,#4883));
#2117 = ADVANCED_FACE('',(#2118),#2152,.F.);
#2118 = FACE_BOUND('',#2119,.F.);
#2119 = EDGE_LOOP('',(#2120,#2130,#2138,#2146));
#2120 = ORIENTED_EDGE('',*,*,#2121,.T.);
#2121 = EDGE_CURVE('',#2122,#2124,#2126,.T.);
#2122 = VERTEX_POINT('',#2123);
#2123 = CARTESIAN_POINT('',(27.304,86.1,3.));
#2124 = VERTEX_POINT('',#2125);
#2125 = CARTESIAN_POINT('',(27.304,86.1,5.54));
#2126 = LINE('',#2127,#2128);
#2127 = CARTESIAN_POINT('',(27.304,86.1,3.));
#2128 = VECTOR('',#2129,1.);
#2129 = DIRECTION('',(0.,0.,1.));
#2130 = ORIENTED_EDGE('',*,*,#2131,.T.);
#2131 = EDGE_CURVE('',#2124,#2132,#2134,.T.);
#2132 = VERTEX_POINT('',#2133);
#2133 = CARTESIAN_POINT('',(27.05,85.846,5.54));
#2134 = LINE('',#2135,#2136);
#2135 = CARTESIAN_POINT('',(27.304,86.1,5.54));
#2136 = VECTOR('',#2137,1.);
#2137 = DIRECTION('',(-0.707106781187,-0.707106781187,0.));
#2138 = ORIENTED_EDGE('',*,*,#2139,.F.);
#2139 = EDGE_CURVE('',#2140,#2132,#2142,.T.);
#2140 = VERTEX_POINT('',#2141);
#2141 = CARTESIAN_POINT('',(27.05,85.846,3.));
#2142 = LINE('',#2143,#2144);
#2143 = CARTESIAN_POINT('',(27.05,85.846,3.));
#2144 = VECTOR('',#2145,1.);
#2145 = DIRECTION('',(0.,0.,1.));
#2146 = ORIENTED_EDGE('',*,*,#2147,.F.);
#2147 = EDGE_CURVE('',#2122,#2140,#2148,.T.);
#2148 = LINE('',#2149,#2150);
#2149 = CARTESIAN_POINT('',(27.304,86.1,3.));
#2150 = VECTOR('',#2151,1.);
#2151 = DIRECTION('',(-0.707106781187,-0.707106781187,0.));
#2152 = PLANE('',#2153);
#2153 = AXIS2_PLACEMENT_3D('',#2154,#2155,#2156);
#2154 = CARTESIAN_POINT('',(27.304,86.1,3.));
#2155 = DIRECTION('',(0.707106781187,-0.707106781187,0.));
#2156 = DIRECTION('',(-0.707106781187,-0.707106781187,0.));
#2157 = ADVANCED_FACE('',(#2158),#2183,.F.);
#2158 = FACE_BOUND('',#2159,.F.);
#2159 = EDGE_LOOP('',(#2160,#2170,#2176,#2177));
#2160 = ORIENTED_EDGE('',*,*,#2161,.T.);
#2161 = EDGE_CURVE('',#2162,#2164,#2166,.T.);
#2162 = VERTEX_POINT('',#2163);
#2163 = CARTESIAN_POINT('',(29.336,86.1,3.));
#2164 = VERTEX_POINT('',#2165);
#2165 = CARTESIAN_POINT('',(29.336,86.1,5.54));
#2166 = LINE('',#2167,#2168);
#2167 = CARTESIAN_POINT('',(29.336,86.1,3.));
#2168 = VECTOR('',#2169,1.);
#2169 = DIRECTION('',(0.,0.,1.));
#2170 = ORIENTED_EDGE('',*,*,#2171,.T.);
#2171 = EDGE_CURVE('',#2164,#2124,#2172,.T.);
#2172 = LINE('',#2173,#2174);
#2173 = CARTESIAN_POINT('',(29.336,86.1,5.54));
#2174 = VECTOR('',#2175,1.);
#2175 = DIRECTION('',(-1.,0.,0.));
#2176 = ORIENTED_EDGE('',*,*,#2121,.F.);
#2177 = ORIENTED_EDGE('',*,*,#2178,.F.);
#2178 = EDGE_CURVE('',#2162,#2122,#2179,.T.);
#2179 = LINE('',#2180,#2181);
#2180 = CARTESIAN_POINT('',(29.336,86.1,3.));
#2181 = VECTOR('',#2182,1.);
#2182 = DIRECTION('',(-1.,0.,0.));
#2183 = PLANE('',#2184);
#2184 = AXIS2_PLACEMENT_3D('',#2185,#2186,#2187);
#2185 = CARTESIAN_POINT('',(29.336,86.1,3.));
#2186 = DIRECTION('',(0.,-1.,0.));
#2187 = DIRECTION('',(-1.,0.,0.));
#2188 = ADVANCED_FACE('',(#2189),#2214,.F.);
#2189 = FACE_BOUND('',#2190,.F.);
#2190 = EDGE_LOOP('',(#2191,#2192,#2200,#2208));
#2191 = ORIENTED_EDGE('',*,*,#2139,.T.);
#2192 = ORIENTED_EDGE('',*,*,#2193,.T.);
#2193 = EDGE_CURVE('',#2132,#2194,#2196,.T.);
#2194 = VERTEX_POINT('',#2195);
#2195 = CARTESIAN_POINT('',(27.05,83.814,5.54));
#2196 = LINE('',#2197,#2198);
#2197 = CARTESIAN_POINT('',(27.05,85.846,5.54));
#2198 = VECTOR('',#2199,1.);
#2199 = DIRECTION('',(0.,-1.,0.));
#2200 = ORIENTED_EDGE('',*,*,#2201,.F.);
#2201 = EDGE_CURVE('',#2202,#2194,#2204,.T.);
#2202 = VERTEX_POINT('',#2203);
#2203 = CARTESIAN_POINT('',(27.05,83.814,3.));
#2204 = LINE('',#2205,#2206);
#2205 = CARTESIAN_POINT('',(27.05,83.814,3.));
#2206 = VECTOR('',#2207,1.);
#2207 = DIRECTION('',(0.,0.,1.));
#2208 = ORIENTED_EDGE('',*,*,#2209,.F.);
#2209 = EDGE_CURVE('',#2140,#2202,#2210,.T.);
#2210 = LINE('',#2211,#2212);
#2211 = CARTESIAN_POINT('',(27.05,85.846,3.));
#2212 = VECTOR('',#2213,1.);
#2213 = DIRECTION('',(0.,-1.,0.));
#2214 = PLANE('',#2215);
#2215 = AXIS2_PLACEMENT_3D('',#2216,#2217,#2218);
#2216 = CARTESIAN_POINT('',(27.05,85.846,3.));
#2217 = DIRECTION('',(1.,0.,0.));
#2218 = DIRECTION('',(0.,-1.,0.));
#2219 = ADVANCED_FACE('',(#2220,#2407,#2441,#2475,#2509),#2543,.F.);
#2220 = FACE_BOUND('',#2221,.F.);
#2221 = EDGE_LOOP('',(#2222,#2223,#2224,#2232,#2240,#2248,#2256,#2264,
    #2272,#2280,#2288,#2296,#2304,#2312,#2320,#2328,#2336,#2344,#2352,
    #2360,#2368,#2376,#2384,#2392,#2400,#2406));
#2222 = ORIENTED_EDGE('',*,*,#2147,.T.);
#2223 = ORIENTED_EDGE('',*,*,#2209,.T.);
#2224 = ORIENTED_EDGE('',*,*,#2225,.T.);
#2225 = EDGE_CURVE('',#2202,#2226,#2228,.T.);
#2226 = VERTEX_POINT('',#2227);
#2227 = CARTESIAN_POINT('',(27.304,83.56,3.));
#2228 = LINE('',#2229,#2230);
#2229 = CARTESIAN_POINT('',(27.05,83.814,3.));
#2230 = VECTOR('',#2231,1.);
#2231 = DIRECTION('',(0.707106781187,-0.707106781187,0.));
#2232 = ORIENTED_EDGE('',*,*,#2233,.T.);
#2233 = EDGE_CURVE('',#2226,#2234,#2236,.T.);
#2234 = VERTEX_POINT('',#2235);
#2235 = CARTESIAN_POINT('',(27.05,83.306,3.));
#2236 = LINE('',#2237,#2238);
#2237 = CARTESIAN_POINT('',(27.304,83.56,3.));
#2238 = VECTOR('',#2239,1.);
#2239 = DIRECTION('',(-0.707106781187,-0.707106781187,0.));
#2240 = ORIENTED_EDGE('',*,*,#2241,.T.);
#2241 = EDGE_CURVE('',#2234,#2242,#2244,.T.);
#2242 = VERTEX_POINT('',#2243);
#2243 = CARTESIAN_POINT('',(27.05,81.274,3.));
#2244 = LINE('',#2245,#2246);
#2245 = CARTESIAN_POINT('',(27.05,83.306,3.));
#2246 = VECTOR('',#2247,1.);
#2247 = DIRECTION('',(0.,-1.,0.));
#2248 = ORIENTED_EDGE('',*,*,#2249,.T.);
#2249 = EDGE_CURVE('',#2242,#2250,#2252,.T.);
#2250 = VERTEX_POINT('',#2251);
#2251 = CARTESIAN_POINT('',(27.304,81.02,3.));
#2252 = LINE('',#2253,#2254);
#2253 = CARTESIAN_POINT('',(27.05,81.274,3.));
#2254 = VECTOR('',#2255,1.);
#2255 = DIRECTION('',(0.707106781187,-0.707106781187,0.));
#2256 = ORIENTED_EDGE('',*,*,#2257,.T.);
#2257 = EDGE_CURVE('',#2250,#2258,#2260,.T.);
#2258 = VERTEX_POINT('',#2259);
#2259 = CARTESIAN_POINT('',(27.05,80.766,3.));
#2260 = LINE('',#2261,#2262);
#2261 = CARTESIAN_POINT('',(27.304,81.02,3.));
#2262 = VECTOR('',#2263,1.);
#2263 = DIRECTION('',(-0.707106781187,-0.707106781187,0.));
#2264 = ORIENTED_EDGE('',*,*,#2265,.T.);
#2265 = EDGE_CURVE('',#2258,#2266,#2268,.T.);
#2266 = VERTEX_POINT('',#2267);
#2267 = CARTESIAN_POINT('',(27.05,78.734,3.));
#2268 = LINE('',#2269,#2270);
#2269 = CARTESIAN_POINT('',(27.05,80.766,3.));
#2270 = VECTOR('',#2271,1.);
#2271 = DIRECTION('',(0.,-1.,0.));
#2272 = ORIENTED_EDGE('',*,*,#2273,.T.);
#2273 = EDGE_CURVE('',#2266,#2274,#2276,.T.);
#2274 = VERTEX_POINT('',#2275);
#2275 = CARTESIAN_POINT('',(27.304,78.48,3.));
#2276 = LINE('',#2277,#2278);
#2277 = CARTESIAN_POINT('',(27.05,78.734,3.));
#2278 = VECTOR('',#2279,1.);
#2279 = DIRECTION('',(0.707106781187,-0.707106781187,0.));
#2280 = ORIENTED_EDGE('',*,*,#2281,.T.);
#2281 = EDGE_CURVE('',#2274,#2282,#2284,.T.);
#2282 = VERTEX_POINT('',#2283);
#2283 = CARTESIAN_POINT('',(27.05,78.226,3.));
#2284 = LINE('',#2285,#2286);
#2285 = CARTESIAN_POINT('',(27.304,78.48,3.));
#2286 = VECTOR('',#2287,1.);
#2287 = DIRECTION('',(-0.707106781187,-0.707106781187,0.));
#2288 = ORIENTED_EDGE('',*,*,#2289,.T.);
#2289 = EDGE_CURVE('',#2282,#2290,#2292,.T.);
#2290 = VERTEX_POINT('',#2291);
#2291 = CARTESIAN_POINT('',(27.05,76.194,3.));
#2292 = LINE('',#2293,#2294);
#2293 = CARTESIAN_POINT('',(27.05,78.226,3.));
#2294 = VECTOR('',#2295,1.);
#2295 = DIRECTION('',(0.,-1.,0.));
#2296 = ORIENTED_EDGE('',*,*,#2297,.T.);
#2297 = EDGE_CURVE('',#2290,#2298,#2300,.T.);
#2298 = VERTEX_POINT('',#2299);
#2299 = CARTESIAN_POINT('',(27.304,75.94,3.));
#2300 = LINE('',#2301,#2302);
#2301 = CARTESIAN_POINT('',(27.05,76.194,3.));
#2302 = VECTOR('',#2303,1.);
#2303 = DIRECTION('',(0.707106781187,-0.707106781187,0.));
#2304 = ORIENTED_EDGE('',*,*,#2305,.T.);
#2305 = EDGE_CURVE('',#2298,#2306,#2308,.T.);
#2306 = VERTEX_POINT('',#2307);
#2307 = CARTESIAN_POINT('',(29.336,75.94,3.));
#2308 = LINE('',#2309,#2310);
#2309 = CARTESIAN_POINT('',(27.304,75.94,3.));
#2310 = VECTOR('',#2311,1.);
#2311 = DIRECTION('',(1.,0.,0.));
#2312 = ORIENTED_EDGE('',*,*,#2313,.T.);
#2313 = EDGE_CURVE('',#2306,#2314,#2316,.T.);
#2314 = VERTEX_POINT('',#2315);
#2315 = CARTESIAN_POINT('',(29.59,76.194,3.));
#2316 = LINE('',#2317,#2318);
#2317 = CARTESIAN_POINT('',(29.336,75.94,3.));
#2318 = VECTOR('',#2319,1.);
#2319 = DIRECTION('',(0.707106781187,0.707106781187,0.));
#2320 = ORIENTED_EDGE('',*,*,#2321,.T.);
#2321 = EDGE_CURVE('',#2314,#2322,#2324,.T.);
#2322 = VERTEX_POINT('',#2323);
#2323 = CARTESIAN_POINT('',(29.59,78.226,3.));
#2324 = LINE('',#2325,#2326);
#2325 = CARTESIAN_POINT('',(29.59,76.194,3.));
#2326 = VECTOR('',#2327,1.);
#2327 = DIRECTION('',(0.,1.,0.));
#2328 = ORIENTED_EDGE('',*,*,#2329,.T.);
#2329 = EDGE_CURVE('',#2322,#2330,#2332,.T.);
#2330 = VERTEX_POINT('',#2331);
#2331 = CARTESIAN_POINT('',(29.336,78.48,3.));
#2332 = LINE('',#2333,#2334);
#2333 = CARTESIAN_POINT('',(29.59,78.226,3.));
#2334 = VECTOR('',#2335,1.);
#2335 = DIRECTION('',(-0.707106781187,0.707106781187,0.));
#2336 = ORIENTED_EDGE('',*,*,#2337,.T.);
#2337 = EDGE_CURVE('',#2330,#2338,#2340,.T.);
#2338 = VERTEX_POINT('',#2339);
#2339 = CARTESIAN_POINT('',(29.59,78.734,3.));
#2340 = LINE('',#2341,#2342);
#2341 = CARTESIAN_POINT('',(29.336,78.48,3.));
#2342 = VECTOR('',#2343,1.);
#2343 = DIRECTION('',(0.707106781187,0.707106781187,0.));
#2344 = ORIENTED_EDGE('',*,*,#2345,.T.);
#2345 = EDGE_CURVE('',#2338,#2346,#2348,.T.);
#2346 = VERTEX_POINT('',#2347);
#2347 = CARTESIAN_POINT('',(29.59,80.766,3.));
#2348 = LINE('',#2349,#2350);
#2349 = CARTESIAN_POINT('',(29.59,78.734,3.));
#2350 = VECTOR('',#2351,1.);
#2351 = DIRECTION('',(0.,1.,0.));
#2352 = ORIENTED_EDGE('',*,*,#2353,.T.);
#2353 = EDGE_CURVE('',#2346,#2354,#2356,.T.);
#2354 = VERTEX_POINT('',#2355);
#2355 = CARTESIAN_POINT('',(29.336,81.02,3.));
#2356 = LINE('',#2357,#2358);
#2357 = CARTESIAN_POINT('',(29.59,80.766,3.));
#2358 = VECTOR('',#2359,1.);
#2359 = DIRECTION('',(-0.707106781187,0.707106781187,0.));
#2360 = ORIENTED_EDGE('',*,*,#2361,.T.);
#2361 = EDGE_CURVE('',#2354,#2362,#2364,.T.);
#2362 = VERTEX_POINT('',#2363);
#2363 = CARTESIAN_POINT('',(29.59,81.274,3.));
#2364 = LINE('',#2365,#2366);
#2365 = CARTESIAN_POINT('',(29.336,81.02,3.));
#2366 = VECTOR('',#2367,1.);
#2367 = DIRECTION('',(0.707106781187,0.707106781187,0.));
#2368 = ORIENTED_EDGE('',*,*,#2369,.T.);
#2369 = EDGE_CURVE('',#2362,#2370,#2372,.T.);
#2370 = VERTEX_POINT('',#2371);
#2371 = CARTESIAN_POINT('',(29.59,83.306,3.));
#2372 = LINE('',#2373,#2374);
#2373 = CARTESIAN_POINT('',(29.59,81.274,3.));
#2374 = VECTOR('',#2375,1.);
#2375 = DIRECTION('',(0.,1.,0.));
#2376 = ORIENTED_EDGE('',*,*,#2377,.T.);
#2377 = EDGE_CURVE('',#2370,#2378,#2380,.T.);
#2378 = VERTEX_POINT('',#2379);
#2379 = CARTESIAN_POINT('',(29.336,83.56,3.));
#2380 = LINE('',#2381,#2382);
#2381 = CARTESIAN_POINT('',(29.59,83.306,3.));
#2382 = VECTOR('',#2383,1.);
#2383 = DIRECTION('',(-0.707106781187,0.707106781187,0.));
#2384 = ORIENTED_EDGE('',*,*,#2385,.T.);
#2385 = EDGE_CURVE('',#2378,#2386,#2388,.T.);
#2386 = VERTEX_POINT('',#2387);
#2387 = CARTESIAN_POINT('',(29.59,83.814,3.));
#2388 = LINE('',#2389,#2390);
#2389 = CARTESIAN_POINT('',(29.336,83.56,3.));
#2390 = VECTOR('',#2391,1.);
#2391 = DIRECTION('',(0.707106781187,0.707106781187,0.));
#2392 = ORIENTED_EDGE('',*,*,#2393,.T.);
#2393 = EDGE_CURVE('',#2386,#2394,#2396,.T.);
#2394 = VERTEX_POINT('',#2395);
#2395 = CARTESIAN_POINT('',(29.59,85.846,3.));
#2396 = LINE('',#2397,#2398);
#2397 = CARTESIAN_POINT('',(29.59,83.814,3.));
#2398 = VECTOR('',#2399,1.);
#2399 = DIRECTION('',(0.,1.,0.));
#2400 = ORIENTED_EDGE('',*,*,#2401,.T.);
#2401 = EDGE_CURVE('',#2394,#2162,#2402,.T.);
#2402 = LINE('',#2403,#2404);
#2403 = CARTESIAN_POINT('',(29.59,85.846,3.));
#2404 = VECTOR('',#2405,1.);
#2405 = DIRECTION('',(-0.707106781187,0.707106781187,0.));
#2406 = ORIENTED_EDGE('',*,*,#2178,.T.);
#2407 = FACE_BOUND('',#2408,.F.);
#2408 = EDGE_LOOP('',(#2409,#2419,#2427,#2435));
#2409 = ORIENTED_EDGE('',*,*,#2410,.F.);
#2410 = EDGE_CURVE('',#2411,#2413,#2415,.T.);
#2411 = VERTEX_POINT('',#2412);
#2412 = CARTESIAN_POINT('',(28.64,80.07,3.));
#2413 = VERTEX_POINT('',#2414);
#2414 = CARTESIAN_POINT('',(28.,80.07,3.));
#2415 = LINE('',#2416,#2417);
#2416 = CARTESIAN_POINT('',(28.16,80.07,3.));
#2417 = VECTOR('',#2418,1.);
#2418 = DIRECTION('',(-1.,0.,0.));
#2419 = ORIENTED_EDGE('',*,*,#2420,.F.);
#2420 = EDGE_CURVE('',#2421,#2411,#2423,.T.);
#2421 = VERTEX_POINT('',#2422);
#2422 = CARTESIAN_POINT('',(28.64,79.43,3.));
#2423 = LINE('',#2424,#2425);
#2424 = CARTESIAN_POINT('',(28.64,80.225,3.));
#2425 = VECTOR('',#2426,1.);
#2426 = DIRECTION('',(0.,1.,0.));
#2427 = ORIENTED_EDGE('',*,*,#2428,.T.);
#2428 = EDGE_CURVE('',#2421,#2429,#2431,.T.);
#2429 = VERTEX_POINT('',#2430);
#2430 = CARTESIAN_POINT('',(28.,79.43,3.));
#2431 = LINE('',#2432,#2433);
#2432 = CARTESIAN_POINT('',(28.16,79.43,3.));
#2433 = VECTOR('',#2434,1.);
#2434 = DIRECTION('',(-1.,0.,0.));
#2435 = ORIENTED_EDGE('',*,*,#2436,.T.);
#2436 = EDGE_CURVE('',#2429,#2413,#2437,.T.);
#2437 = LINE('',#2438,#2439);
#2438 = CARTESIAN_POINT('',(28.,80.225,3.));
#2439 = VECTOR('',#2440,1.);
#2440 = DIRECTION('',(0.,1.,0.));
#2441 = FACE_BOUND('',#2442,.F.);
#2442 = EDGE_LOOP('',(#2443,#2453,#2461,#2469));
#2443 = ORIENTED_EDGE('',*,*,#2444,.F.);
#2444 = EDGE_CURVE('',#2445,#2447,#2449,.T.);
#2445 = VERTEX_POINT('',#2446);
#2446 = CARTESIAN_POINT('',(28.64,76.89,3.));
#2447 = VERTEX_POINT('',#2448);
#2448 = CARTESIAN_POINT('',(28.64,77.53,3.));
#2449 = LINE('',#2450,#2451);
#2450 = CARTESIAN_POINT('',(28.64,78.955,3.));
#2451 = VECTOR('',#2452,1.);
#2452 = DIRECTION('',(0.,1.,0.));
#2453 = ORIENTED_EDGE('',*,*,#2454,.T.);
#2454 = EDGE_CURVE('',#2445,#2455,#2457,.T.);
#2455 = VERTEX_POINT('',#2456);
#2456 = CARTESIAN_POINT('',(28.,76.89,3.));
#2457 = LINE('',#2458,#2459);
#2458 = CARTESIAN_POINT('',(28.16,76.89,3.));
#2459 = VECTOR('',#2460,1.);
#2460 = DIRECTION('',(-1.,0.,0.));
#2461 = ORIENTED_EDGE('',*,*,#2462,.T.);
#2462 = EDGE_CURVE('',#2455,#2463,#2465,.T.);
#2463 = VERTEX_POINT('',#2464);
#2464 = CARTESIAN_POINT('',(28.,77.53,3.));
#2465 = LINE('',#2466,#2467);
#2466 = CARTESIAN_POINT('',(28.,78.955,3.));
#2467 = VECTOR('',#2468,1.);
#2468 = DIRECTION('',(0.,1.,0.));
#2469 = ORIENTED_EDGE('',*,*,#2470,.F.);
#2470 = EDGE_CURVE('',#2447,#2463,#2471,.T.);
#2471 = LINE('',#2472,#2473);
#2472 = CARTESIAN_POINT('',(28.16,77.53,3.));
#2473 = VECTOR('',#2474,1.);
#2474 = DIRECTION('',(-1.,0.,0.));
#2475 = FACE_BOUND('',#2476,.F.);
#2476 = EDGE_LOOP('',(#2477,#2487,#2495,#2503));
#2477 = ORIENTED_EDGE('',*,*,#2478,.F.);
#2478 = EDGE_CURVE('',#2479,#2481,#2483,.T.);
#2479 = VERTEX_POINT('',#2480);
#2480 = CARTESIAN_POINT('',(28.64,84.51,3.));
#2481 = VERTEX_POINT('',#2482);
#2482 = CARTESIAN_POINT('',(28.64,85.15,3.));
#2483 = LINE('',#2484,#2485);
#2484 = CARTESIAN_POINT('',(28.64,82.765,3.));
#2485 = VECTOR('',#2486,1.);
#2486 = DIRECTION('',(0.,1.,0.));
#2487 = ORIENTED_EDGE('',*,*,#2488,.T.);
#2488 = EDGE_CURVE('',#2479,#2489,#2491,.T.);
#2489 = VERTEX_POINT('',#2490);
#2490 = CARTESIAN_POINT('',(28.,84.51,3.));
#2491 = LINE('',#2492,#2493);
#2492 = CARTESIAN_POINT('',(28.16,84.51,3.));
#2493 = VECTOR('',#2494,1.);
#2494 = DIRECTION('',(-1.,0.,0.));
#2495 = ORIENTED_EDGE('',*,*,#2496,.T.);
#2496 = EDGE_CURVE('',#2489,#2497,#2499,.T.);
#2497 = VERTEX_POINT('',#2498);
#2498 = CARTESIAN_POINT('',(28.,85.15,3.));
#2499 = LINE('',#2500,#2501);
#2500 = CARTESIAN_POINT('',(28.,82.765,3.));
#2501 = VECTOR('',#2502,1.);
#2502 = DIRECTION('',(0.,1.,0.));
#2503 = ORIENTED_EDGE('',*,*,#2504,.F.);
#2504 = EDGE_CURVE('',#2481,#2497,#2505,.T.);
#2505 = LINE('',#2506,#2507);
#2506 = CARTESIAN_POINT('',(28.16,85.15,3.));
#2507 = VECTOR('',#2508,1.);
#2508 = DIRECTION('',(-1.,0.,0.));
#2509 = FACE_BOUND('',#2510,.F.);
#2510 = EDGE_LOOP('',(#2511,#2521,#2529,#2537));
#2511 = ORIENTED_EDGE('',*,*,#2512,.F.);
#2512 = EDGE_CURVE('',#2513,#2515,#2517,.T.);
#2513 = VERTEX_POINT('',#2514);
#2514 = CARTESIAN_POINT('',(28.64,82.61,3.));
#2515 = VERTEX_POINT('',#2516);
#2516 = CARTESIAN_POINT('',(28.,82.61,3.));
#2517 = LINE('',#2518,#2519);
#2518 = CARTESIAN_POINT('',(28.16,82.61,3.));
#2519 = VECTOR('',#2520,1.);
#2520 = DIRECTION('',(-1.,0.,0.));
#2521 = ORIENTED_EDGE('',*,*,#2522,.F.);
#2522 = EDGE_CURVE('',#2523,#2513,#2525,.T.);
#2523 = VERTEX_POINT('',#2524);
#2524 = CARTESIAN_POINT('',(28.64,81.97,3.));
#2525 = LINE('',#2526,#2527);
#2526 = CARTESIAN_POINT('',(28.64,81.495,3.));
#2527 = VECTOR('',#2528,1.);
#2528 = DIRECTION('',(0.,1.,0.));
#2529 = ORIENTED_EDGE('',*,*,#2530,.T.);
#2530 = EDGE_CURVE('',#2523,#2531,#2533,.T.);
#2531 = VERTEX_POINT('',#2532);
#2532 = CARTESIAN_POINT('',(28.,81.97,3.));
#2533 = LINE('',#2534,#2535);
#2534 = CARTESIAN_POINT('',(28.16,81.97,3.));
#2535 = VECTOR('',#2536,1.);
#2536 = DIRECTION('',(-1.,0.,0.));
#2537 = ORIENTED_EDGE('',*,*,#2538,.T.);
#2538 = EDGE_CURVE('',#2531,#2515,#2539,.T.);
#2539 = LINE('',#2540,#2541);
#2540 = CARTESIAN_POINT('',(28.,81.495,3.));
#2541 = VECTOR('',#2542,1.);
#2542 = DIRECTION('',(0.,1.,0.));
#2543 = PLANE('',#2544);
#2544 = AXIS2_PLACEMENT_3D('',#2545,#2546,#2547);
#2545 = CARTESIAN_POINT('',(28.32,81.02,3.));
#2546 = DIRECTION('',(0.,0.,1.));
#2547 = DIRECTION('',(1.,0.,0.));
#2548 = ADVANCED_FACE('',(#2549,#2736,#2770,#2804,#2838),#2872,.T.);
#2549 = FACE_BOUND('',#2550,.T.);
#2550 = EDGE_LOOP('',(#2551,#2552,#2553,#2561,#2569,#2577,#2585,#2593,
    #2601,#2609,#2617,#2625,#2633,#2641,#2649,#2657,#2665,#2673,#2681,
    #2689,#2697,#2705,#2713,#2721,#2729,#2735));
#2551 = ORIENTED_EDGE('',*,*,#2131,.T.);
#2552 = ORIENTED_EDGE('',*,*,#2193,.T.);
#2553 = ORIENTED_EDGE('',*,*,#2554,.T.);
#2554 = EDGE_CURVE('',#2194,#2555,#2557,.T.);
#2555 = VERTEX_POINT('',#2556);
#2556 = CARTESIAN_POINT('',(27.304,83.56,5.54));
#2557 = LINE('',#2558,#2559);
#2558 = CARTESIAN_POINT('',(27.05,83.814,5.54));
#2559 = VECTOR('',#2560,1.);
#2560 = DIRECTION('',(0.707106781187,-0.707106781187,0.));
#2561 = ORIENTED_EDGE('',*,*,#2562,.T.);
#2562 = EDGE_CURVE('',#2555,#2563,#2565,.T.);
#2563 = VERTEX_POINT('',#2564);
#2564 = CARTESIAN_POINT('',(27.05,83.306,5.54));
#2565 = LINE('',#2566,#2567);
#2566 = CARTESIAN_POINT('',(27.304,83.56,5.54));
#2567 = VECTOR('',#2568,1.);
#2568 = DIRECTION('',(-0.707106781187,-0.707106781187,0.));
#2569 = ORIENTED_EDGE('',*,*,#2570,.T.);
#2570 = EDGE_CURVE('',#2563,#2571,#2573,.T.);
#2571 = VERTEX_POINT('',#2572);
#2572 = CARTESIAN_POINT('',(27.05,81.274,5.54));
#2573 = LINE('',#2574,#2575);
#2574 = CARTESIAN_POINT('',(27.05,83.306,5.54));
#2575 = VECTOR('',#2576,1.);
#2576 = DIRECTION('',(0.,-1.,0.));
#2577 = ORIENTED_EDGE('',*,*,#2578,.T.);
#2578 = EDGE_CURVE('',#2571,#2579,#2581,.T.);
#2579 = VERTEX_POINT('',#2580);
#2580 = CARTESIAN_POINT('',(27.304,81.02,5.54));
#2581 = LINE('',#2582,#2583);
#2582 = CARTESIAN_POINT('',(27.05,81.274,5.54));
#2583 = VECTOR('',#2584,1.);
#2584 = DIRECTION('',(0.707106781187,-0.707106781187,0.));
#2585 = ORIENTED_EDGE('',*,*,#2586,.T.);
#2586 = EDGE_CURVE('',#2579,#2587,#2589,.T.);
#2587 = VERTEX_POINT('',#2588);
#2588 = CARTESIAN_POINT('',(27.05,80.766,5.54));
#2589 = LINE('',#2590,#2591);
#2590 = CARTESIAN_POINT('',(27.304,81.02,5.54));
#2591 = VECTOR('',#2592,1.);
#2592 = DIRECTION('',(-0.707106781187,-0.707106781187,0.));
#2593 = ORIENTED_EDGE('',*,*,#2594,.T.);
#2594 = EDGE_CURVE('',#2587,#2595,#2597,.T.);
#2595 = VERTEX_POINT('',#2596);
#2596 = CARTESIAN_POINT('',(27.05,78.734,5.54));
#2597 = LINE('',#2598,#2599);
#2598 = CARTESIAN_POINT('',(27.05,80.766,5.54));
#2599 = VECTOR('',#2600,1.);
#2600 = DIRECTION('',(0.,-1.,0.));
#2601 = ORIENTED_EDGE('',*,*,#2602,.T.);
#2602 = EDGE_CURVE('',#2595,#2603,#2605,.T.);
#2603 = VERTEX_POINT('',#2604);
#2604 = CARTESIAN_POINT('',(27.304,78.48,5.54));
#2605 = LINE('',#2606,#2607);
#2606 = CARTESIAN_POINT('',(27.05,78.734,5.54));
#2607 = VECTOR('',#2608,1.);
#2608 = DIRECTION('',(0.707106781187,-0.707106781187,0.));
#2609 = ORIENTED_EDGE('',*,*,#2610,.T.);
#2610 = EDGE_CURVE('',#2603,#2611,#2613,.T.);
#2611 = VERTEX_POINT('',#2612);
#2612 = CARTESIAN_POINT('',(27.05,78.226,5.54));
#2613 = LINE('',#2614,#2615);
#2614 = CARTESIAN_POINT('',(27.304,78.48,5.54));
#2615 = VECTOR('',#2616,1.);
#2616 = DIRECTION('',(-0.707106781187,-0.707106781187,0.));
#2617 = ORIENTED_EDGE('',*,*,#2618,.T.);
#2618 = EDGE_CURVE('',#2611,#2619,#2621,.T.);
#2619 = VERTEX_POINT('',#2620);
#2620 = CARTESIAN_POINT('',(27.05,76.194,5.54));
#2621 = LINE('',#2622,#2623);
#2622 = CARTESIAN_POINT('',(27.05,78.226,5.54));
#2623 = VECTOR('',#2624,1.);
#2624 = DIRECTION('',(0.,-1.,0.));
#2625 = ORIENTED_EDGE('',*,*,#2626,.T.);
#2626 = EDGE_CURVE('',#2619,#2627,#2629,.T.);
#2627 = VERTEX_POINT('',#2628);
#2628 = CARTESIAN_POINT('',(27.304,75.94,5.54));
#2629 = LINE('',#2630,#2631);
#2630 = CARTESIAN_POINT('',(27.05,76.194,5.54));
#2631 = VECTOR('',#2632,1.);
#2632 = DIRECTION('',(0.707106781187,-0.707106781187,0.));
#2633 = ORIENTED_EDGE('',*,*,#2634,.T.);
#2634 = EDGE_CURVE('',#2627,#2635,#2637,.T.);
#2635 = VERTEX_POINT('',#2636);
#2636 = CARTESIAN_POINT('',(29.336,75.94,5.54));
#2637 = LINE('',#2638,#2639);
#2638 = CARTESIAN_POINT('',(27.304,75.94,5.54));
#2639 = VECTOR('',#2640,1.);
#2640 = DIRECTION('',(1.,0.,0.));
#2641 = ORIENTED_EDGE('',*,*,#2642,.T.);
#2642 = EDGE_CURVE('',#2635,#2643,#2645,.T.);
#2643 = VERTEX_POINT('',#2644);
#2644 = CARTESIAN_POINT('',(29.59,76.194,5.54));
#2645 = LINE('',#2646,#2647);
#2646 = CARTESIAN_POINT('',(29.336,75.94,5.54));
#2647 = VECTOR('',#2648,1.);
#2648 = DIRECTION('',(0.707106781187,0.707106781187,0.));
#2649 = ORIENTED_EDGE('',*,*,#2650,.T.);
#2650 = EDGE_CURVE('',#2643,#2651,#2653,.T.);
#2651 = VERTEX_POINT('',#2652);
#2652 = CARTESIAN_POINT('',(29.59,78.226,5.54));
#2653 = LINE('',#2654,#2655);
#2654 = CARTESIAN_POINT('',(29.59,76.194,5.54));
#2655 = VECTOR('',#2656,1.);
#2656 = DIRECTION('',(0.,1.,0.));
#2657 = ORIENTED_EDGE('',*,*,#2658,.T.);
#2658 = EDGE_CURVE('',#2651,#2659,#2661,.T.);
#2659 = VERTEX_POINT('',#2660);
#2660 = CARTESIAN_POINT('',(29.336,78.48,5.54));
#2661 = LINE('',#2662,#2663);
#2662 = CARTESIAN_POINT('',(29.59,78.226,5.54));
#2663 = VECTOR('',#2664,1.);
#2664 = DIRECTION('',(-0.707106781187,0.707106781187,0.));
#2665 = ORIENTED_EDGE('',*,*,#2666,.T.);
#2666 = EDGE_CURVE('',#2659,#2667,#2669,.T.);
#2667 = VERTEX_POINT('',#2668);
#2668 = CARTESIAN_POINT('',(29.59,78.734,5.54));
#2669 = LINE('',#2670,#2671);
#2670 = CARTESIAN_POINT('',(29.336,78.48,5.54));
#2671 = VECTOR('',#2672,1.);
#2672 = DIRECTION('',(0.707106781187,0.707106781187,0.));
#2673 = ORIENTED_EDGE('',*,*,#2674,.T.);
#2674 = EDGE_CURVE('',#2667,#2675,#2677,.T.);
#2675 = VERTEX_POINT('',#2676);
#2676 = CARTESIAN_POINT('',(29.59,80.766,5.54));
#2677 = LINE('',#2678,#2679);
#2678 = CARTESIAN_POINT('',(29.59,78.734,5.54));
#2679 = VECTOR('',#2680,1.);
#2680 = DIRECTION('',(0.,1.,0.));
#2681 = ORIENTED_EDGE('',*,*,#2682,.T.);
#2682 = EDGE_CURVE('',#2675,#2683,#2685,.T.);
#2683 = VERTEX_POINT('',#2684);
#2684 = CARTESIAN_POINT('',(29.336,81.02,5.54));
#2685 = LINE('',#2686,#2687);
#2686 = CARTESIAN_POINT('',(29.59,80.766,5.54));
#2687 = VECTOR('',#2688,1.);
#2688 = DIRECTION('',(-0.707106781187,0.707106781187,0.));
#2689 = ORIENTED_EDGE('',*,*,#2690,.T.);
#2690 = EDGE_CURVE('',#2683,#2691,#2693,.T.);
#2691 = VERTEX_POINT('',#2692);
#2692 = CARTESIAN_POINT('',(29.59,81.274,5.54));
#2693 = LINE('',#2694,#2695);
#2694 = CARTESIAN_POINT('',(29.336,81.02,5.54));
#2695 = VECTOR('',#2696,1.);
#2696 = DIRECTION('',(0.707106781187,0.707106781187,0.));
#2697 = ORIENTED_EDGE('',*,*,#2698,.T.);
#2698 = EDGE_CURVE('',#2691,#2699,#2701,.T.);
#2699 = VERTEX_POINT('',#2700);
#2700 = CARTESIAN_POINT('',(29.59,83.306,5.54));
#2701 = LINE('',#2702,#2703);
#2702 = CARTESIAN_POINT('',(29.59,81.274,5.54));
#2703 = VECTOR('',#2704,1.);
#2704 = DIRECTION('',(0.,1.,0.));
#2705 = ORIENTED_EDGE('',*,*,#2706,.T.);
#2706 = EDGE_CURVE('',#2699,#2707,#2709,.T.);
#2707 = VERTEX_POINT('',#2708);
#2708 = CARTESIAN_POINT('',(29.336,83.56,5.54));
#2709 = LINE('',#2710,#2711);
#2710 = CARTESIAN_POINT('',(29.59,83.306,5.54));
#2711 = VECTOR('',#2712,1.);
#2712 = DIRECTION('',(-0.707106781187,0.707106781187,0.));
#2713 = ORIENTED_EDGE('',*,*,#2714,.T.);
#2714 = EDGE_CURVE('',#2707,#2715,#2717,.T.);
#2715 = VERTEX_POINT('',#2716);
#2716 = CARTESIAN_POINT('',(29.59,83.814,5.54));
#2717 = LINE('',#2718,#2719);
#2718 = CARTESIAN_POINT('',(29.336,83.56,5.54));
#2719 = VECTOR('',#2720,1.);
#2720 = DIRECTION('',(0.707106781187,0.707106781187,0.));
#2721 = ORIENTED_EDGE('',*,*,#2722,.T.);
#2722 = EDGE_CURVE('',#2715,#2723,#2725,.T.);
#2723 = VERTEX_POINT('',#2724);
#2724 = CARTESIAN_POINT('',(29.59,85.846,5.54));
#2725 = LINE('',#2726,#2727);
#2726 = CARTESIAN_POINT('',(29.59,83.814,5.54));
#2727 = VECTOR('',#2728,1.);
#2728 = DIRECTION('',(0.,1.,0.));
#2729 = ORIENTED_EDGE('',*,*,#2730,.T.);
#2730 = EDGE_CURVE('',#2723,#2164,#2731,.T.);
#2731 = LINE('',#2732,#2733);
#2732 = CARTESIAN_POINT('',(29.59,85.846,5.54));
#2733 = VECTOR('',#2734,1.);
#2734 = DIRECTION('',(-0.707106781187,0.707106781187,0.));
#2735 = ORIENTED_EDGE('',*,*,#2171,.T.);
#2736 = FACE_BOUND('',#2737,.T.);
#2737 = EDGE_LOOP('',(#2738,#2748,#2756,#2764));
#2738 = ORIENTED_EDGE('',*,*,#2739,.F.);
#2739 = EDGE_CURVE('',#2740,#2742,#2744,.T.);
#2740 = VERTEX_POINT('',#2741);
#2741 = CARTESIAN_POINT('',(28.64,80.07,5.54));
#2742 = VERTEX_POINT('',#2743);
#2743 = CARTESIAN_POINT('',(28.,80.07,5.54));
#2744 = LINE('',#2745,#2746);
#2745 = CARTESIAN_POINT('',(28.16,80.07,5.54));
#2746 = VECTOR('',#2747,1.);
#2747 = DIRECTION('',(-1.,0.,0.));
#2748 = ORIENTED_EDGE('',*,*,#2749,.F.);
#2749 = EDGE_CURVE('',#2750,#2740,#2752,.T.);
#2750 = VERTEX_POINT('',#2751);
#2751 = CARTESIAN_POINT('',(28.64,79.43,5.54));
#2752 = LINE('',#2753,#2754);
#2753 = CARTESIAN_POINT('',(28.64,80.225,5.54));
#2754 = VECTOR('',#2755,1.);
#2755 = DIRECTION('',(0.,1.,0.));
#2756 = ORIENTED_EDGE('',*,*,#2757,.T.);
#2757 = EDGE_CURVE('',#2750,#2758,#2760,.T.);
#2758 = VERTEX_POINT('',#2759);
#2759 = CARTESIAN_POINT('',(28.,79.43,5.54));
#2760 = LINE('',#2761,#2762);
#2761 = CARTESIAN_POINT('',(28.16,79.43,5.54));
#2762 = VECTOR('',#2763,1.);
#2763 = DIRECTION('',(-1.,0.,0.));
#2764 = ORIENTED_EDGE('',*,*,#2765,.T.);
#2765 = EDGE_CURVE('',#2758,#2742,#2766,.T.);
#2766 = LINE('',#2767,#2768);
#2767 = CARTESIAN_POINT('',(28.,80.225,5.54));
#2768 = VECTOR('',#2769,1.);
#2769 = DIRECTION('',(0.,1.,0.));
#2770 = FACE_BOUND('',#2771,.T.);
#2771 = EDGE_LOOP('',(#2772,#2782,#2790,#2798));
#2772 = ORIENTED_EDGE('',*,*,#2773,.F.);
#2773 = EDGE_CURVE('',#2774,#2776,#2778,.T.);
#2774 = VERTEX_POINT('',#2775);
#2775 = CARTESIAN_POINT('',(28.64,76.89,5.54));
#2776 = VERTEX_POINT('',#2777);
#2777 = CARTESIAN_POINT('',(28.64,77.53,5.54));
#2778 = LINE('',#2779,#2780);
#2779 = CARTESIAN_POINT('',(28.64,78.955,5.54));
#2780 = VECTOR('',#2781,1.);
#2781 = DIRECTION('',(0.,1.,0.));
#2782 = ORIENTED_EDGE('',*,*,#2783,.T.);
#2783 = EDGE_CURVE('',#2774,#2784,#2786,.T.);
#2784 = VERTEX_POINT('',#2785);
#2785 = CARTESIAN_POINT('',(28.,76.89,5.54));
#2786 = LINE('',#2787,#2788);
#2787 = CARTESIAN_POINT('',(28.16,76.89,5.54));
#2788 = VECTOR('',#2789,1.);
#2789 = DIRECTION('',(-1.,0.,0.));
#2790 = ORIENTED_EDGE('',*,*,#2791,.T.);
#2791 = EDGE_CURVE('',#2784,#2792,#2794,.T.);
#2792 = VERTEX_POINT('',#2793);
#2793 = CARTESIAN_POINT('',(28.,77.53,5.54));
#2794 = LINE('',#2795,#2796);
#2795 = CARTESIAN_POINT('',(28.,78.955,5.54));
#2796 = VECTOR('',#2797,1.);
#2797 = DIRECTION('',(0.,1.,0.));
#2798 = ORIENTED_EDGE('',*,*,#2799,.F.);
#2799 = EDGE_CURVE('',#2776,#2792,#2800,.T.);
#2800 = LINE('',#2801,#2802);
#2801 = CARTESIAN_POINT('',(28.16,77.53,5.54));
#2802 = VECTOR('',#2803,1.);
#2803 = DIRECTION('',(-1.,0.,0.));
#2804 = FACE_BOUND('',#2805,.T.);
#2805 = EDGE_LOOP('',(#2806,#2816,#2824,#2832));
#2806 = ORIENTED_EDGE('',*,*,#2807,.F.);
#2807 = EDGE_CURVE('',#2808,#2810,#2812,.T.);
#2808 = VERTEX_POINT('',#2809);
#2809 = CARTESIAN_POINT('',(28.64,84.51,5.54));
#2810 = VERTEX_POINT('',#2811);
#2811 = CARTESIAN_POINT('',(28.64,85.15,5.54));
#2812 = LINE('',#2813,#2814);
#2813 = CARTESIAN_POINT('',(28.64,82.765,5.54));
#2814 = VECTOR('',#2815,1.);
#2815 = DIRECTION('',(0.,1.,0.));
#2816 = ORIENTED_EDGE('',*,*,#2817,.T.);
#2817 = EDGE_CURVE('',#2808,#2818,#2820,.T.);
#2818 = VERTEX_POINT('',#2819);
#2819 = CARTESIAN_POINT('',(28.,84.51,5.54));
#2820 = LINE('',#2821,#2822);
#2821 = CARTESIAN_POINT('',(28.16,84.51,5.54));
#2822 = VECTOR('',#2823,1.);
#2823 = DIRECTION('',(-1.,0.,0.));
#2824 = ORIENTED_EDGE('',*,*,#2825,.T.);
#2825 = EDGE_CURVE('',#2818,#2826,#2828,.T.);
#2826 = VERTEX_POINT('',#2827);
#2827 = CARTESIAN_POINT('',(28.,85.15,5.54));
#2828 = LINE('',#2829,#2830);
#2829 = CARTESIAN_POINT('',(28.,82.765,5.54));
#2830 = VECTOR('',#2831,1.);
#2831 = DIRECTION('',(0.,1.,0.));
#2832 = ORIENTED_EDGE('',*,*,#2833,.F.);
#2833 = EDGE_CURVE('',#2810,#2826,#2834,.T.);
#2834 = LINE('',#2835,#2836);
#2835 = CARTESIAN_POINT('',(28.16,85.15,5.54));
#2836 = VECTOR('',#2837,1.);
#2837 = DIRECTION('',(-1.,0.,0.));
#2838 = FACE_BOUND('',#2839,.T.);
#2839 = EDGE_LOOP('',(#2840,#2850,#2858,#2866));
#2840 = ORIENTED_EDGE('',*,*,#2841,.F.);
#2841 = EDGE_CURVE('',#2842,#2844,#2846,.T.);
#2842 = VERTEX_POINT('',#2843);
#2843 = CARTESIAN_POINT('',(28.64,82.61,5.54));
#2844 = VERTEX_POINT('',#2845);
#2845 = CARTESIAN_POINT('',(28.,82.61,5.54));
#2846 = LINE('',#2847,#2848);
#2847 = CARTESIAN_POINT('',(28.16,82.61,5.54));
#2848 = VECTOR('',#2849,1.);
#2849 = DIRECTION('',(-1.,0.,0.));
#2850 = ORIENTED_EDGE('',*,*,#2851,.F.);
#2851 = EDGE_CURVE('',#2852,#2842,#2854,.T.);
#2852 = VERTEX_POINT('',#2853);
#2853 = CARTESIAN_POINT('',(28.64,81.97,5.54));
#2854 = LINE('',#2855,#2856);
#2855 = CARTESIAN_POINT('',(28.64,81.495,5.54));
#2856 = VECTOR('',#2857,1.);
#2857 = DIRECTION('',(0.,1.,0.));
#2858 = ORIENTED_EDGE('',*,*,#2859,.T.);
#2859 = EDGE_CURVE('',#2852,#2860,#2862,.T.);
#2860 = VERTEX_POINT('',#2861);
#2861 = CARTESIAN_POINT('',(28.,81.97,5.54));
#2862 = LINE('',#2863,#2864);
#2863 = CARTESIAN_POINT('',(28.16,81.97,5.54));
#2864 = VECTOR('',#2865,1.);
#2865 = DIRECTION('',(-1.,0.,0.));
#2866 = ORIENTED_EDGE('',*,*,#2867,.T.);
#2867 = EDGE_CURVE('',#2860,#2844,#2868,.T.);
#2868 = LINE('',#2869,#2870);
#2869 = CARTESIAN_POINT('',(28.,81.495,5.54));
#2870 = VECTOR('',#2871,1.);
#2871 = DIRECTION('',(0.,1.,0.));
#2872 = PLANE('',#2873);
#2873 = AXIS2_PLACEMENT_3D('',#2874,#2875,#2876);
#2874 = CARTESIAN_POINT('',(28.32,81.02,5.54));
#2875 = DIRECTION('',(0.,0.,1.));
#2876 = DIRECTION('',(1.,0.,0.));
#2877 = ADVANCED_FACE('',(#2878),#2889,.F.);
#2878 = FACE_BOUND('',#2879,.F.);
#2879 = EDGE_LOOP('',(#2880,#2886,#2887,#2888));
#2880 = ORIENTED_EDGE('',*,*,#2881,.T.);
#2881 = EDGE_CURVE('',#2394,#2723,#2882,.T.);
#2882 = LINE('',#2883,#2884);
#2883 = CARTESIAN_POINT('',(29.59,85.846,3.));
#2884 = VECTOR('',#2885,1.);
#2885 = DIRECTION('',(0.,0.,1.));
#2886 = ORIENTED_EDGE('',*,*,#2730,.T.);
#2887 = ORIENTED_EDGE('',*,*,#2161,.F.);
#2888 = ORIENTED_EDGE('',*,*,#2401,.F.);
#2889 = PLANE('',#2890);
#2890 = AXIS2_PLACEMENT_3D('',#2891,#2892,#2893);
#2891 = CARTESIAN_POINT('',(29.59,85.846,3.));
#2892 = DIRECTION('',(-0.707106781187,-0.707106781187,0.));
#2893 = DIRECTION('',(-0.707106781187,0.707106781187,0.));
#2894 = ADVANCED_FACE('',(#2895),#2906,.F.);
#2895 = FACE_BOUND('',#2896,.F.);
#2896 = EDGE_LOOP('',(#2897,#2898,#2899,#2905));
#2897 = ORIENTED_EDGE('',*,*,#2201,.T.);
#2898 = ORIENTED_EDGE('',*,*,#2554,.T.);
#2899 = ORIENTED_EDGE('',*,*,#2900,.F.);
#2900 = EDGE_CURVE('',#2226,#2555,#2901,.T.);
#2901 = LINE('',#2902,#2903);
#2902 = CARTESIAN_POINT('',(27.304,83.56,3.));
#2903 = VECTOR('',#2904,1.);
#2904 = DIRECTION('',(0.,0.,1.));
#2905 = ORIENTED_EDGE('',*,*,#2225,.F.);
#2906 = PLANE('',#2907);
#2907 = AXIS2_PLACEMENT_3D('',#2908,#2909,#2910);
#2908 = CARTESIAN_POINT('',(27.05,83.814,3.));
#2909 = DIRECTION('',(0.707106781187,0.707106781187,0.));
#2910 = DIRECTION('',(0.707106781187,-0.707106781187,0.));
#2911 = ADVANCED_FACE('',(#2912),#2923,.F.);
#2912 = FACE_BOUND('',#2913,.F.);
#2913 = EDGE_LOOP('',(#2914,#2920,#2921,#2922));
#2914 = ORIENTED_EDGE('',*,*,#2915,.T.);
#2915 = EDGE_CURVE('',#2386,#2715,#2916,.T.);
#2916 = LINE('',#2917,#2918);
#2917 = CARTESIAN_POINT('',(29.59,83.814,3.));
#2918 = VECTOR('',#2919,1.);
#2919 = DIRECTION('',(0.,0.,1.));
#2920 = ORIENTED_EDGE('',*,*,#2722,.T.);
#2921 = ORIENTED_EDGE('',*,*,#2881,.F.);
#2922 = ORIENTED_EDGE('',*,*,#2393,.F.);
#2923 = PLANE('',#2924);
#2924 = AXIS2_PLACEMENT_3D('',#2925,#2926,#2927);
#2925 = CARTESIAN_POINT('',(29.59,83.814,3.));
#2926 = DIRECTION('',(-1.,0.,0.));
#2927 = DIRECTION('',(0.,1.,0.));
#2928 = ADVANCED_FACE('',(#2929),#2940,.F.);
#2929 = FACE_BOUND('',#2930,.F.);
#2930 = EDGE_LOOP('',(#2931,#2932,#2933,#2939));
#2931 = ORIENTED_EDGE('',*,*,#2900,.T.);
#2932 = ORIENTED_EDGE('',*,*,#2562,.T.);
#2933 = ORIENTED_EDGE('',*,*,#2934,.F.);
#2934 = EDGE_CURVE('',#2234,#2563,#2935,.T.);
#2935 = LINE('',#2936,#2937);
#2936 = CARTESIAN_POINT('',(27.05,83.306,3.));
#2937 = VECTOR('',#2938,1.);
#2938 = DIRECTION('',(0.,0.,1.));
#2939 = ORIENTED_EDGE('',*,*,#2233,.F.);
#2940 = PLANE('',#2941);
#2941 = AXIS2_PLACEMENT_3D('',#2942,#2943,#2944);
#2942 = CARTESIAN_POINT('',(27.304,83.56,3.));
#2943 = DIRECTION('',(0.707106781187,-0.707106781187,0.));
#2944 = DIRECTION('',(-0.707106781187,-0.707106781187,0.));
#2945 = ADVANCED_FACE('',(#2946),#2957,.F.);
#2946 = FACE_BOUND('',#2947,.F.);
#2947 = EDGE_LOOP('',(#2948,#2954,#2955,#2956));
#2948 = ORIENTED_EDGE('',*,*,#2949,.T.);
#2949 = EDGE_CURVE('',#2378,#2707,#2950,.T.);
#2950 = LINE('',#2951,#2952);
#2951 = CARTESIAN_POINT('',(29.336,83.56,3.));
#2952 = VECTOR('',#2953,1.);
#2953 = DIRECTION('',(0.,0.,1.));
#2954 = ORIENTED_EDGE('',*,*,#2714,.T.);
#2955 = ORIENTED_EDGE('',*,*,#2915,.F.);
#2956 = ORIENTED_EDGE('',*,*,#2385,.F.);
#2957 = PLANE('',#2958);
#2958 = AXIS2_PLACEMENT_3D('',#2959,#2960,#2961);
#2959 = CARTESIAN_POINT('',(29.336,83.56,3.));
#2960 = DIRECTION('',(-0.707106781187,0.707106781187,0.));
#2961 = DIRECTION('',(0.707106781187,0.707106781187,0.));
#2962 = ADVANCED_FACE('',(#2963),#2974,.F.);
#2963 = FACE_BOUND('',#2964,.F.);
#2964 = EDGE_LOOP('',(#2965,#2966,#2967,#2973));
#2965 = ORIENTED_EDGE('',*,*,#2934,.T.);
#2966 = ORIENTED_EDGE('',*,*,#2570,.T.);
#2967 = ORIENTED_EDGE('',*,*,#2968,.F.);
#2968 = EDGE_CURVE('',#2242,#2571,#2969,.T.);
#2969 = LINE('',#2970,#2971);
#2970 = CARTESIAN_POINT('',(27.05,81.274,3.));
#2971 = VECTOR('',#2972,1.);
#2972 = DIRECTION('',(0.,0.,1.));
#2973 = ORIENTED_EDGE('',*,*,#2241,.F.);
#2974 = PLANE('',#2975);
#2975 = AXIS2_PLACEMENT_3D('',#2976,#2977,#2978);
#2976 = CARTESIAN_POINT('',(27.05,83.306,3.));
#2977 = DIRECTION('',(1.,0.,0.));
#2978 = DIRECTION('',(0.,-1.,0.));
#2979 = ADVANCED_FACE('',(#2980),#2991,.F.);
#2980 = FACE_BOUND('',#2981,.F.);
#2981 = EDGE_LOOP('',(#2982,#2988,#2989,#2990));
#2982 = ORIENTED_EDGE('',*,*,#2983,.T.);
#2983 = EDGE_CURVE('',#2370,#2699,#2984,.T.);
#2984 = LINE('',#2985,#2986);
#2985 = CARTESIAN_POINT('',(29.59,83.306,3.));
#2986 = VECTOR('',#2987,1.);
#2987 = DIRECTION('',(0.,0.,1.));
#2988 = ORIENTED_EDGE('',*,*,#2706,.T.);
#2989 = ORIENTED_EDGE('',*,*,#2949,.F.);
#2990 = ORIENTED_EDGE('',*,*,#2377,.F.);
#2991 = PLANE('',#2992);
#2992 = AXIS2_PLACEMENT_3D('',#2993,#2994,#2995);
#2993 = CARTESIAN_POINT('',(29.59,83.306,3.));
#2994 = DIRECTION('',(-0.707106781187,-0.707106781187,0.));
#2995 = DIRECTION('',(-0.707106781187,0.707106781187,0.));
#2996 = ADVANCED_FACE('',(#2997),#3008,.F.);
#2997 = FACE_BOUND('',#2998,.F.);
#2998 = EDGE_LOOP('',(#2999,#3000,#3001,#3007));
#2999 = ORIENTED_EDGE('',*,*,#2968,.T.);
#3000 = ORIENTED_EDGE('',*,*,#2578,.T.);
#3001 = ORIENTED_EDGE('',*,*,#3002,.F.);
#3002 = EDGE_CURVE('',#2250,#2579,#3003,.T.);
#3003 = LINE('',#3004,#3005);
#3004 = CARTESIAN_POINT('',(27.304,81.02,3.));
#3005 = VECTOR('',#3006,1.);
#3006 = DIRECTION('',(0.,0.,1.));
#3007 = ORIENTED_EDGE('',*,*,#2249,.F.);
#3008 = PLANE('',#3009);
#3009 = AXIS2_PLACEMENT_3D('',#3010,#3011,#3012);
#3010 = CARTESIAN_POINT('',(27.05,81.274,3.));
#3011 = DIRECTION('',(0.707106781187,0.707106781187,0.));
#3012 = DIRECTION('',(0.707106781187,-0.707106781187,0.));
#3013 = ADVANCED_FACE('',(#3014),#3025,.F.);
#3014 = FACE_BOUND('',#3015,.F.);
#3015 = EDGE_LOOP('',(#3016,#3022,#3023,#3024));
#3016 = ORIENTED_EDGE('',*,*,#3017,.T.);
#3017 = EDGE_CURVE('',#2362,#2691,#3018,.T.);
#3018 = LINE('',#3019,#3020);
#3019 = CARTESIAN_POINT('',(29.59,81.274,3.));
#3020 = VECTOR('',#3021,1.);
#3021 = DIRECTION('',(0.,0.,1.));
#3022 = ORIENTED_EDGE('',*,*,#2698,.T.);
#3023 = ORIENTED_EDGE('',*,*,#2983,.F.);
#3024 = ORIENTED_EDGE('',*,*,#2369,.F.);
#3025 = PLANE('',#3026);
#3026 = AXIS2_PLACEMENT_3D('',#3027,#3028,#3029);
#3027 = CARTESIAN_POINT('',(29.59,81.274,3.));
#3028 = DIRECTION('',(-1.,0.,0.));
#3029 = DIRECTION('',(0.,1.,0.));
#3030 = ADVANCED_FACE('',(#3031),#3042,.F.);
#3031 = FACE_BOUND('',#3032,.F.);
#3032 = EDGE_LOOP('',(#3033,#3034,#3035,#3041));
#3033 = ORIENTED_EDGE('',*,*,#3002,.T.);
#3034 = ORIENTED_EDGE('',*,*,#2586,.T.);
#3035 = ORIENTED_EDGE('',*,*,#3036,.F.);
#3036 = EDGE_CURVE('',#2258,#2587,#3037,.T.);
#3037 = LINE('',#3038,#3039);
#3038 = CARTESIAN_POINT('',(27.05,80.766,3.));
#3039 = VECTOR('',#3040,1.);
#3040 = DIRECTION('',(0.,0.,1.));
#3041 = ORIENTED_EDGE('',*,*,#2257,.F.);
#3042 = PLANE('',#3043);
#3043 = AXIS2_PLACEMENT_3D('',#3044,#3045,#3046);
#3044 = CARTESIAN_POINT('',(27.304,81.02,3.));
#3045 = DIRECTION('',(0.707106781187,-0.707106781187,0.));
#3046 = DIRECTION('',(-0.707106781187,-0.707106781187,0.));
#3047 = ADVANCED_FACE('',(#3048),#3059,.F.);
#3048 = FACE_BOUND('',#3049,.F.);
#3049 = EDGE_LOOP('',(#3050,#3056,#3057,#3058));
#3050 = ORIENTED_EDGE('',*,*,#3051,.T.);
#3051 = EDGE_CURVE('',#2354,#2683,#3052,.T.);
#3052 = LINE('',#3053,#3054);
#3053 = CARTESIAN_POINT('',(29.336,81.02,3.));
#3054 = VECTOR('',#3055,1.);
#3055 = DIRECTION('',(0.,0.,1.));
#3056 = ORIENTED_EDGE('',*,*,#2690,.T.);
#3057 = ORIENTED_EDGE('',*,*,#3017,.F.);
#3058 = ORIENTED_EDGE('',*,*,#2361,.F.);
#3059 = PLANE('',#3060);
#3060 = AXIS2_PLACEMENT_3D('',#3061,#3062,#3063);
#3061 = CARTESIAN_POINT('',(29.336,81.02,3.));
#3062 = DIRECTION('',(-0.707106781187,0.707106781187,0.));
#3063 = DIRECTION('',(0.707106781187,0.707106781187,0.));
#3064 = ADVANCED_FACE('',(#3065),#3076,.F.);
#3065 = FACE_BOUND('',#3066,.F.);
#3066 = EDGE_LOOP('',(#3067,#3068,#3069,#3075));
#3067 = ORIENTED_EDGE('',*,*,#3036,.T.);
#3068 = ORIENTED_EDGE('',*,*,#2594,.T.);
#3069 = ORIENTED_EDGE('',*,*,#3070,.F.);
#3070 = EDGE_CURVE('',#2266,#2595,#3071,.T.);
#3071 = LINE('',#3072,#3073);
#3072 = CARTESIAN_POINT('',(27.05,78.734,3.));
#3073 = VECTOR('',#3074,1.);
#3074 = DIRECTION('',(0.,0.,1.));
#3075 = ORIENTED_EDGE('',*,*,#2265,.F.);
#3076 = PLANE('',#3077);
#3077 = AXIS2_PLACEMENT_3D('',#3078,#3079,#3080);
#3078 = CARTESIAN_POINT('',(27.05,80.766,3.));
#3079 = DIRECTION('',(1.,0.,0.));
#3080 = DIRECTION('',(0.,-1.,0.));
#3081 = ADVANCED_FACE('',(#3082),#3093,.F.);
#3082 = FACE_BOUND('',#3083,.F.);
#3083 = EDGE_LOOP('',(#3084,#3090,#3091,#3092));
#3084 = ORIENTED_EDGE('',*,*,#3085,.T.);
#3085 = EDGE_CURVE('',#2346,#2675,#3086,.T.);
#3086 = LINE('',#3087,#3088);
#3087 = CARTESIAN_POINT('',(29.59,80.766,3.));
#3088 = VECTOR('',#3089,1.);
#3089 = DIRECTION('',(0.,0.,1.));
#3090 = ORIENTED_EDGE('',*,*,#2682,.T.);
#3091 = ORIENTED_EDGE('',*,*,#3051,.F.);
#3092 = ORIENTED_EDGE('',*,*,#2353,.F.);
#3093 = PLANE('',#3094);
#3094 = AXIS2_PLACEMENT_3D('',#3095,#3096,#3097);
#3095 = CARTESIAN_POINT('',(29.59,80.766,3.));
#3096 = DIRECTION('',(-0.707106781187,-0.707106781187,0.));
#3097 = DIRECTION('',(-0.707106781187,0.707106781187,0.));
#3098 = ADVANCED_FACE('',(#3099),#3110,.F.);
#3099 = FACE_BOUND('',#3100,.F.);
#3100 = EDGE_LOOP('',(#3101,#3102,#3103,#3109));
#3101 = ORIENTED_EDGE('',*,*,#3070,.T.);
#3102 = ORIENTED_EDGE('',*,*,#2602,.T.);
#3103 = ORIENTED_EDGE('',*,*,#3104,.F.);
#3104 = EDGE_CURVE('',#2274,#2603,#3105,.T.);
#3105 = LINE('',#3106,#3107);
#3106 = CARTESIAN_POINT('',(27.304,78.48,3.));
#3107 = VECTOR('',#3108,1.);
#3108 = DIRECTION('',(0.,0.,1.));
#3109 = ORIENTED_EDGE('',*,*,#2273,.F.);
#3110 = PLANE('',#3111);
#3111 = AXIS2_PLACEMENT_3D('',#3112,#3113,#3114);
#3112 = CARTESIAN_POINT('',(27.05,78.734,3.));
#3113 = DIRECTION('',(0.707106781187,0.707106781187,0.));
#3114 = DIRECTION('',(0.707106781187,-0.707106781187,0.));
#3115 = ADVANCED_FACE('',(#3116),#3127,.F.);
#3116 = FACE_BOUND('',#3117,.F.);
#3117 = EDGE_LOOP('',(#3118,#3124,#3125,#3126));
#3118 = ORIENTED_EDGE('',*,*,#3119,.T.);
#3119 = EDGE_CURVE('',#2338,#2667,#3120,.T.);
#3120 = LINE('',#3121,#3122);
#3121 = CARTESIAN_POINT('',(29.59,78.734,3.));
#3122 = VECTOR('',#3123,1.);
#3123 = DIRECTION('',(0.,0.,1.));
#3124 = ORIENTED_EDGE('',*,*,#2674,.T.);
#3125 = ORIENTED_EDGE('',*,*,#3085,.F.);
#3126 = ORIENTED_EDGE('',*,*,#2345,.F.);
#3127 = PLANE('',#3128);
#3128 = AXIS2_PLACEMENT_3D('',#3129,#3130,#3131);
#3129 = CARTESIAN_POINT('',(29.59,78.734,3.));
#3130 = DIRECTION('',(-1.,0.,0.));
#3131 = DIRECTION('',(0.,1.,0.));
#3132 = ADVANCED_FACE('',(#3133),#3144,.F.);
#3133 = FACE_BOUND('',#3134,.F.);
#3134 = EDGE_LOOP('',(#3135,#3136,#3137,#3143));
#3135 = ORIENTED_EDGE('',*,*,#3104,.T.);
#3136 = ORIENTED_EDGE('',*,*,#2610,.T.);
#3137 = ORIENTED_EDGE('',*,*,#3138,.F.);
#3138 = EDGE_CURVE('',#2282,#2611,#3139,.T.);
#3139 = LINE('',#3140,#3141);
#3140 = CARTESIAN_POINT('',(27.05,78.226,3.));
#3141 = VECTOR('',#3142,1.);
#3142 = DIRECTION('',(0.,0.,1.));
#3143 = ORIENTED_EDGE('',*,*,#2281,.F.);
#3144 = PLANE('',#3145);
#3145 = AXIS2_PLACEMENT_3D('',#3146,#3147,#3148);
#3146 = CARTESIAN_POINT('',(27.304,78.48,3.));
#3147 = DIRECTION('',(0.707106781187,-0.707106781187,0.));
#3148 = DIRECTION('',(-0.707106781187,-0.707106781187,0.));
#3149 = ADVANCED_FACE('',(#3150),#3161,.F.);
#3150 = FACE_BOUND('',#3151,.F.);
#3151 = EDGE_LOOP('',(#3152,#3158,#3159,#3160));
#3152 = ORIENTED_EDGE('',*,*,#3153,.T.);
#3153 = EDGE_CURVE('',#2330,#2659,#3154,.T.);
#3154 = LINE('',#3155,#3156);
#3155 = CARTESIAN_POINT('',(29.336,78.48,3.));
#3156 = VECTOR('',#3157,1.);
#3157 = DIRECTION('',(0.,0.,1.));
#3158 = ORIENTED_EDGE('',*,*,#2666,.T.);
#3159 = ORIENTED_EDGE('',*,*,#3119,.F.);
#3160 = ORIENTED_EDGE('',*,*,#2337,.F.);
#3161 = PLANE('',#3162);
#3162 = AXIS2_PLACEMENT_3D('',#3163,#3164,#3165);
#3163 = CARTESIAN_POINT('',(29.336,78.48,3.));
#3164 = DIRECTION('',(-0.707106781187,0.707106781187,0.));
#3165 = DIRECTION('',(0.707106781187,0.707106781187,0.));
#3166 = ADVANCED_FACE('',(#3167),#3178,.F.);
#3167 = FACE_BOUND('',#3168,.F.);
#3168 = EDGE_LOOP('',(#3169,#3170,#3171,#3177));
#3169 = ORIENTED_EDGE('',*,*,#3138,.T.);
#3170 = ORIENTED_EDGE('',*,*,#2618,.T.);
#3171 = ORIENTED_EDGE('',*,*,#3172,.F.);
#3172 = EDGE_CURVE('',#2290,#2619,#3173,.T.);
#3173 = LINE('',#3174,#3175);
#3174 = CARTESIAN_POINT('',(27.05,76.194,3.));
#3175 = VECTOR('',#3176,1.);
#3176 = DIRECTION('',(0.,0.,1.));
#3177 = ORIENTED_EDGE('',*,*,#2289,.F.);
#3178 = PLANE('',#3179);
#3179 = AXIS2_PLACEMENT_3D('',#3180,#3181,#3182);
#3180 = CARTESIAN_POINT('',(27.05,78.226,3.));
#3181 = DIRECTION('',(1.,0.,0.));
#3182 = DIRECTION('',(0.,-1.,0.));
#3183 = ADVANCED_FACE('',(#3184),#3195,.F.);
#3184 = FACE_BOUND('',#3185,.F.);
#3185 = EDGE_LOOP('',(#3186,#3192,#3193,#3194));
#3186 = ORIENTED_EDGE('',*,*,#3187,.T.);
#3187 = EDGE_CURVE('',#2322,#2651,#3188,.T.);
#3188 = LINE('',#3189,#3190);
#3189 = CARTESIAN_POINT('',(29.59,78.226,3.));
#3190 = VECTOR('',#3191,1.);
#3191 = DIRECTION('',(0.,0.,1.));
#3192 = ORIENTED_EDGE('',*,*,#2658,.T.);
#3193 = ORIENTED_EDGE('',*,*,#3153,.F.);
#3194 = ORIENTED_EDGE('',*,*,#2329,.F.);
#3195 = PLANE('',#3196);
#3196 = AXIS2_PLACEMENT_3D('',#3197,#3198,#3199);
#3197 = CARTESIAN_POINT('',(29.59,78.226,3.));
#3198 = DIRECTION('',(-0.707106781187,-0.707106781187,0.));
#3199 = DIRECTION('',(-0.707106781187,0.707106781187,0.));
#3200 = ADVANCED_FACE('',(#3201),#3212,.F.);
#3201 = FACE_BOUND('',#3202,.F.);
#3202 = EDGE_LOOP('',(#3203,#3204,#3205,#3211));
#3203 = ORIENTED_EDGE('',*,*,#3172,.T.);
#3204 = ORIENTED_EDGE('',*,*,#2626,.T.);
#3205 = ORIENTED_EDGE('',*,*,#3206,.F.);
#3206 = EDGE_CURVE('',#2298,#2627,#3207,.T.);
#3207 = LINE('',#3208,#3209);
#3208 = CARTESIAN_POINT('',(27.304,75.94,3.));
#3209 = VECTOR('',#3210,1.);
#3210 = DIRECTION('',(0.,0.,1.));
#3211 = ORIENTED_EDGE('',*,*,#2297,.F.);
#3212 = PLANE('',#3213);
#3213 = AXIS2_PLACEMENT_3D('',#3214,#3215,#3216);
#3214 = CARTESIAN_POINT('',(27.05,76.194,3.));
#3215 = DIRECTION('',(0.707106781187,0.707106781187,0.));
#3216 = DIRECTION('',(0.707106781187,-0.707106781187,0.));
#3217 = ADVANCED_FACE('',(#3218),#3229,.F.);
#3218 = FACE_BOUND('',#3219,.F.);
#3219 = EDGE_LOOP('',(#3220,#3226,#3227,#3228));
#3220 = ORIENTED_EDGE('',*,*,#3221,.T.);
#3221 = EDGE_CURVE('',#2314,#2643,#3222,.T.);
#3222 = LINE('',#3223,#3224);
#3223 = CARTESIAN_POINT('',(29.59,76.194,3.));
#3224 = VECTOR('',#3225,1.);
#3225 = DIRECTION('',(0.,0.,1.));
#3226 = ORIENTED_EDGE('',*,*,#2650,.T.);
#3227 = ORIENTED_EDGE('',*,*,#3187,.F.);
#3228 = ORIENTED_EDGE('',*,*,#2321,.F.);
#3229 = PLANE('',#3230);
#3230 = AXIS2_PLACEMENT_3D('',#3231,#3232,#3233);
#3231 = CARTESIAN_POINT('',(29.59,76.194,3.));
#3232 = DIRECTION('',(-1.,0.,0.));
#3233 = DIRECTION('',(0.,1.,0.));
#3234 = ADVANCED_FACE('',(#3235),#3246,.F.);
#3235 = FACE_BOUND('',#3236,.F.);
#3236 = EDGE_LOOP('',(#3237,#3238,#3239,#3245));
#3237 = ORIENTED_EDGE('',*,*,#3206,.T.);
#3238 = ORIENTED_EDGE('',*,*,#2634,.T.);
#3239 = ORIENTED_EDGE('',*,*,#3240,.F.);
#3240 = EDGE_CURVE('',#2306,#2635,#3241,.T.);
#3241 = LINE('',#3242,#3243);
#3242 = CARTESIAN_POINT('',(29.336,75.94,3.));
#3243 = VECTOR('',#3244,1.);
#3244 = DIRECTION('',(0.,0.,1.));
#3245 = ORIENTED_EDGE('',*,*,#2305,.F.);
#3246 = PLANE('',#3247);
#3247 = AXIS2_PLACEMENT_3D('',#3248,#3249,#3250);
#3248 = CARTESIAN_POINT('',(27.304,75.94,3.));
#3249 = DIRECTION('',(0.,1.,0.));
#3250 = DIRECTION('',(1.,0.,0.));
#3251 = ADVANCED_FACE('',(#3252),#3258,.F.);
#3252 = FACE_BOUND('',#3253,.F.);
#3253 = EDGE_LOOP('',(#3254,#3255,#3256,#3257));
#3254 = ORIENTED_EDGE('',*,*,#3240,.T.);
#3255 = ORIENTED_EDGE('',*,*,#2642,.T.);
#3256 = ORIENTED_EDGE('',*,*,#3221,.F.);
#3257 = ORIENTED_EDGE('',*,*,#2313,.F.);
#3258 = PLANE('',#3259);
#3259 = AXIS2_PLACEMENT_3D('',#3260,#3261,#3262);
#3260 = CARTESIAN_POINT('',(29.336,75.94,3.));
#3261 = DIRECTION('',(-0.707106781187,0.707106781187,0.));
#3262 = DIRECTION('',(0.707106781187,0.707106781187,0.));
#3263 = ADVANCED_FACE('',(#3264),#3289,.T.);
#3264 = FACE_BOUND('',#3265,.T.);
#3265 = EDGE_LOOP('',(#3266,#3274,#3282,#3288));
#3266 = ORIENTED_EDGE('',*,*,#3267,.F.);
#3267 = EDGE_CURVE('',#3268,#2411,#3270,.T.);
#3268 = VERTEX_POINT('',#3269);
#3269 = CARTESIAN_POINT('',(28.64,80.07,0.16));
#3270 = LINE('',#3271,#3272);
#3271 = CARTESIAN_POINT('',(28.64,80.07,2.202682480856E-13));
#3272 = VECTOR('',#3273,1.);
#3273 = DIRECTION('',(0.,0.,1.));
#3274 = ORIENTED_EDGE('',*,*,#3275,.F.);
#3275 = EDGE_CURVE('',#3276,#3268,#3278,.T.);
#3276 = VERTEX_POINT('',#3277);
#3277 = CARTESIAN_POINT('',(28.,80.07,0.16));
#3278 = LINE('',#3279,#3280);
#3279 = CARTESIAN_POINT('',(28.,80.07,0.16));
#3280 = VECTOR('',#3281,1.);
#3281 = DIRECTION('',(1.,0.,0.));
#3282 = ORIENTED_EDGE('',*,*,#3283,.T.);
#3283 = EDGE_CURVE('',#3276,#2413,#3284,.T.);
#3284 = LINE('',#3285,#3286);
#3285 = CARTESIAN_POINT('',(28.,80.07,2.202682480856E-13));
#3286 = VECTOR('',#3287,1.);
#3287 = DIRECTION('',(0.,0.,1.));
#3288 = ORIENTED_EDGE('',*,*,#2410,.F.);
#3289 = PLANE('',#3290);
#3290 = AXIS2_PLACEMENT_3D('',#3291,#3292,#3293);
#3291 = CARTESIAN_POINT('',(28.,80.07,2.202682480856E-13));
#3292 = DIRECTION('',(0.,1.,0.));
#3293 = DIRECTION('',(0.,0.,1.));
#3294 = ADVANCED_FACE('',(#3295),#3313,.F.);
#3295 = FACE_BOUND('',#3296,.F.);
#3296 = EDGE_LOOP('',(#3297,#3305,#3311,#3312));
#3297 = ORIENTED_EDGE('',*,*,#3298,.F.);
#3298 = EDGE_CURVE('',#3299,#2429,#3301,.T.);
#3299 = VERTEX_POINT('',#3300);
#3300 = CARTESIAN_POINT('',(28.,79.43,0.16));
#3301 = LINE('',#3302,#3303);
#3302 = CARTESIAN_POINT('',(28.,79.43,2.202682480856E-13));
#3303 = VECTOR('',#3304,1.);
#3304 = DIRECTION('',(0.,0.,1.));
#3305 = ORIENTED_EDGE('',*,*,#3306,.T.);
#3306 = EDGE_CURVE('',#3299,#3276,#3307,.T.);
#3307 = LINE('',#3308,#3309);
#3308 = CARTESIAN_POINT('',(28.,79.43,0.16));
#3309 = VECTOR('',#3310,1.);
#3310 = DIRECTION('',(0.,1.,0.));
#3311 = ORIENTED_EDGE('',*,*,#3283,.T.);
#3312 = ORIENTED_EDGE('',*,*,#2436,.F.);
#3313 = PLANE('',#3314);
#3314 = AXIS2_PLACEMENT_3D('',#3315,#3316,#3317);
#3315 = CARTESIAN_POINT('',(28.,79.43,2.202682480856E-13));
#3316 = DIRECTION('',(1.,0.,0.));
#3317 = DIRECTION('',(0.,0.,1.));
#3318 = ADVANCED_FACE('',(#3319),#3337,.F.);
#3319 = FACE_BOUND('',#3320,.F.);
#3320 = EDGE_LOOP('',(#3321,#3329,#3335,#3336));
#3321 = ORIENTED_EDGE('',*,*,#3322,.F.);
#3322 = EDGE_CURVE('',#3323,#2421,#3325,.T.);
#3323 = VERTEX_POINT('',#3324);
#3324 = CARTESIAN_POINT('',(28.64,79.43,0.16));
#3325 = LINE('',#3326,#3327);
#3326 = CARTESIAN_POINT('',(28.64,79.43,2.202682480856E-13));
#3327 = VECTOR('',#3328,1.);
#3328 = DIRECTION('',(0.,0.,1.));
#3329 = ORIENTED_EDGE('',*,*,#3330,.F.);
#3330 = EDGE_CURVE('',#3299,#3323,#3331,.T.);
#3331 = LINE('',#3332,#3333);
#3332 = CARTESIAN_POINT('',(28.,79.43,0.16));
#3333 = VECTOR('',#3334,1.);
#3334 = DIRECTION('',(1.,0.,0.));
#3335 = ORIENTED_EDGE('',*,*,#3298,.T.);
#3336 = ORIENTED_EDGE('',*,*,#2428,.F.);
#3337 = PLANE('',#3338);
#3338 = AXIS2_PLACEMENT_3D('',#3339,#3340,#3341);
#3339 = CARTESIAN_POINT('',(28.,79.43,2.202682480856E-13));
#3340 = DIRECTION('',(0.,1.,0.));
#3341 = DIRECTION('',(0.,0.,1.));
#3342 = ADVANCED_FACE('',(#3343),#3354,.T.);
#3343 = FACE_BOUND('',#3344,.T.);
#3344 = EDGE_LOOP('',(#3345,#3346,#3352,#3353));
#3345 = ORIENTED_EDGE('',*,*,#3322,.F.);
#3346 = ORIENTED_EDGE('',*,*,#3347,.T.);
#3347 = EDGE_CURVE('',#3323,#3268,#3348,.T.);
#3348 = LINE('',#3349,#3350);
#3349 = CARTESIAN_POINT('',(28.64,79.43,0.16));
#3350 = VECTOR('',#3351,1.);
#3351 = DIRECTION('',(0.,1.,0.));
#3352 = ORIENTED_EDGE('',*,*,#3267,.T.);
#3353 = ORIENTED_EDGE('',*,*,#2420,.F.);
#3354 = PLANE('',#3355);
#3355 = AXIS2_PLACEMENT_3D('',#3356,#3357,#3358);
#3356 = CARTESIAN_POINT('',(28.64,79.43,2.202682480856E-13));
#3357 = DIRECTION('',(1.,0.,0.));
#3358 = DIRECTION('',(0.,0.,1.));
#3359 = ADVANCED_FACE('',(#3360),#3385,.T.);
#3360 = FACE_BOUND('',#3361,.T.);
#3361 = EDGE_LOOP('',(#3362,#3370,#3378,#3384));
#3362 = ORIENTED_EDGE('',*,*,#3363,.F.);
#3363 = EDGE_CURVE('',#3364,#2445,#3366,.T.);
#3364 = VERTEX_POINT('',#3365);
#3365 = CARTESIAN_POINT('',(28.64,76.89,0.16));
#3366 = LINE('',#3367,#3368);
#3367 = CARTESIAN_POINT('',(28.64,76.89,2.202682480856E-13));
#3368 = VECTOR('',#3369,1.);
#3369 = DIRECTION('',(0.,0.,1.));
#3370 = ORIENTED_EDGE('',*,*,#3371,.T.);
#3371 = EDGE_CURVE('',#3364,#3372,#3374,.T.);
#3372 = VERTEX_POINT('',#3373);
#3373 = CARTESIAN_POINT('',(28.64,77.53,0.16));
#3374 = LINE('',#3375,#3376);
#3375 = CARTESIAN_POINT('',(28.64,76.89,0.16));
#3376 = VECTOR('',#3377,1.);
#3377 = DIRECTION('',(0.,1.,0.));
#3378 = ORIENTED_EDGE('',*,*,#3379,.T.);
#3379 = EDGE_CURVE('',#3372,#2447,#3380,.T.);
#3380 = LINE('',#3381,#3382);
#3381 = CARTESIAN_POINT('',(28.64,77.53,2.202682480856E-13));
#3382 = VECTOR('',#3383,1.);
#3383 = DIRECTION('',(0.,0.,1.));
#3384 = ORIENTED_EDGE('',*,*,#2444,.F.);
#3385 = PLANE('',#3386);
#3386 = AXIS2_PLACEMENT_3D('',#3387,#3388,#3389);
#3387 = CARTESIAN_POINT('',(28.64,76.89,2.202682480856E-13));
#3388 = DIRECTION('',(1.,0.,0.));
#3389 = DIRECTION('',(0.,0.,1.));
#3390 = ADVANCED_FACE('',(#3391),#3409,.T.);
#3391 = FACE_BOUND('',#3392,.T.);
#3392 = EDGE_LOOP('',(#3393,#3394,#3402,#3408));
#3393 = ORIENTED_EDGE('',*,*,#3379,.F.);
#3394 = ORIENTED_EDGE('',*,*,#3395,.F.);
#3395 = EDGE_CURVE('',#3396,#3372,#3398,.T.);
#3396 = VERTEX_POINT('',#3397);
#3397 = CARTESIAN_POINT('',(28.,77.53,0.16));
#3398 = LINE('',#3399,#3400);
#3399 = CARTESIAN_POINT('',(28.,77.53,0.16));
#3400 = VECTOR('',#3401,1.);
#3401 = DIRECTION('',(1.,0.,0.));
#3402 = ORIENTED_EDGE('',*,*,#3403,.T.);
#3403 = EDGE_CURVE('',#3396,#2463,#3404,.T.);
#3404 = LINE('',#3405,#3406);
#3405 = CARTESIAN_POINT('',(28.,77.53,2.202682480856E-13));
#3406 = VECTOR('',#3407,1.);
#3407 = DIRECTION('',(0.,0.,1.));
#3408 = ORIENTED_EDGE('',*,*,#2470,.F.);
#3409 = PLANE('',#3410);
#3410 = AXIS2_PLACEMENT_3D('',#3411,#3412,#3413);
#3411 = CARTESIAN_POINT('',(28.,77.53,2.202682480856E-13));
#3412 = DIRECTION('',(0.,1.,0.));
#3413 = DIRECTION('',(0.,0.,1.));
#3414 = ADVANCED_FACE('',(#3415),#3433,.F.);
#3415 = FACE_BOUND('',#3416,.F.);
#3416 = EDGE_LOOP('',(#3417,#3425,#3431,#3432));
#3417 = ORIENTED_EDGE('',*,*,#3418,.F.);
#3418 = EDGE_CURVE('',#3419,#2455,#3421,.T.);
#3419 = VERTEX_POINT('',#3420);
#3420 = CARTESIAN_POINT('',(28.,76.89,0.16));
#3421 = LINE('',#3422,#3423);
#3422 = CARTESIAN_POINT('',(28.,76.89,2.202682480856E-13));
#3423 = VECTOR('',#3424,1.);
#3424 = DIRECTION('',(0.,0.,1.));
#3425 = ORIENTED_EDGE('',*,*,#3426,.T.);
#3426 = EDGE_CURVE('',#3419,#3396,#3427,.T.);
#3427 = LINE('',#3428,#3429);
#3428 = CARTESIAN_POINT('',(28.,76.89,0.16));
#3429 = VECTOR('',#3430,1.);
#3430 = DIRECTION('',(0.,1.,0.));
#3431 = ORIENTED_EDGE('',*,*,#3403,.T.);
#3432 = ORIENTED_EDGE('',*,*,#2462,.F.);
#3433 = PLANE('',#3434);
#3434 = AXIS2_PLACEMENT_3D('',#3435,#3436,#3437);
#3435 = CARTESIAN_POINT('',(28.,76.89,2.202682480856E-13));
#3436 = DIRECTION('',(1.,0.,0.));
#3437 = DIRECTION('',(0.,0.,1.));
#3438 = ADVANCED_FACE('',(#3439),#3450,.F.);
#3439 = FACE_BOUND('',#3440,.F.);
#3440 = EDGE_LOOP('',(#3441,#3442,#3448,#3449));
#3441 = ORIENTED_EDGE('',*,*,#3363,.F.);
#3442 = ORIENTED_EDGE('',*,*,#3443,.F.);
#3443 = EDGE_CURVE('',#3419,#3364,#3444,.T.);
#3444 = LINE('',#3445,#3446);
#3445 = CARTESIAN_POINT('',(28.,76.89,0.16));
#3446 = VECTOR('',#3447,1.);
#3447 = DIRECTION('',(1.,0.,0.));
#3448 = ORIENTED_EDGE('',*,*,#3418,.T.);
#3449 = ORIENTED_EDGE('',*,*,#2454,.F.);
#3450 = PLANE('',#3451);
#3451 = AXIS2_PLACEMENT_3D('',#3452,#3453,#3454);
#3452 = CARTESIAN_POINT('',(28.,76.89,2.202682480856E-13));
#3453 = DIRECTION('',(0.,1.,0.));
#3454 = DIRECTION('',(0.,0.,1.));
#3455 = ADVANCED_FACE('',(#3456),#3481,.T.);
#3456 = FACE_BOUND('',#3457,.T.);
#3457 = EDGE_LOOP('',(#3458,#3466,#3474,#3480));
#3458 = ORIENTED_EDGE('',*,*,#3459,.F.);
#3459 = EDGE_CURVE('',#3460,#2479,#3462,.T.);
#3460 = VERTEX_POINT('',#3461);
#3461 = CARTESIAN_POINT('',(28.64,84.51,0.16));
#3462 = LINE('',#3463,#3464);
#3463 = CARTESIAN_POINT('',(28.64,84.51,2.202682480856E-13));
#3464 = VECTOR('',#3465,1.);
#3465 = DIRECTION('',(0.,0.,1.));
#3466 = ORIENTED_EDGE('',*,*,#3467,.T.);
#3467 = EDGE_CURVE('',#3460,#3468,#3470,.T.);
#3468 = VERTEX_POINT('',#3469);
#3469 = CARTESIAN_POINT('',(28.64,85.15,0.16));
#3470 = LINE('',#3471,#3472);
#3471 = CARTESIAN_POINT('',(28.64,84.51,0.16));
#3472 = VECTOR('',#3473,1.);
#3473 = DIRECTION('',(0.,1.,0.));
#3474 = ORIENTED_EDGE('',*,*,#3475,.T.);
#3475 = EDGE_CURVE('',#3468,#2481,#3476,.T.);
#3476 = LINE('',#3477,#3478);
#3477 = CARTESIAN_POINT('',(28.64,85.15,2.202682480856E-13));
#3478 = VECTOR('',#3479,1.);
#3479 = DIRECTION('',(0.,0.,1.));
#3480 = ORIENTED_EDGE('',*,*,#2478,.F.);
#3481 = PLANE('',#3482);
#3482 = AXIS2_PLACEMENT_3D('',#3483,#3484,#3485);
#3483 = CARTESIAN_POINT('',(28.64,84.51,2.202682480856E-13));
#3484 = DIRECTION('',(1.,0.,0.));
#3485 = DIRECTION('',(0.,0.,1.));
#3486 = ADVANCED_FACE('',(#3487),#3505,.T.);
#3487 = FACE_BOUND('',#3488,.T.);
#3488 = EDGE_LOOP('',(#3489,#3490,#3498,#3504));
#3489 = ORIENTED_EDGE('',*,*,#3475,.F.);
#3490 = ORIENTED_EDGE('',*,*,#3491,.F.);
#3491 = EDGE_CURVE('',#3492,#3468,#3494,.T.);
#3492 = VERTEX_POINT('',#3493);
#3493 = CARTESIAN_POINT('',(28.,85.15,0.16));
#3494 = LINE('',#3495,#3496);
#3495 = CARTESIAN_POINT('',(28.,85.15,0.16));
#3496 = VECTOR('',#3497,1.);
#3497 = DIRECTION('',(1.,0.,0.));
#3498 = ORIENTED_EDGE('',*,*,#3499,.T.);
#3499 = EDGE_CURVE('',#3492,#2497,#3500,.T.);
#3500 = LINE('',#3501,#3502);
#3501 = CARTESIAN_POINT('',(28.,85.15,2.202682480856E-13));
#3502 = VECTOR('',#3503,1.);
#3503 = DIRECTION('',(0.,0.,1.));
#3504 = ORIENTED_EDGE('',*,*,#2504,.F.);
#3505 = PLANE('',#3506);
#3506 = AXIS2_PLACEMENT_3D('',#3507,#3508,#3509);
#3507 = CARTESIAN_POINT('',(28.,85.15,2.202682480856E-13));
#3508 = DIRECTION('',(0.,1.,0.));
#3509 = DIRECTION('',(0.,0.,1.));
#3510 = ADVANCED_FACE('',(#3511),#3529,.F.);
#3511 = FACE_BOUND('',#3512,.F.);
#3512 = EDGE_LOOP('',(#3513,#3521,#3527,#3528));
#3513 = ORIENTED_EDGE('',*,*,#3514,.F.);
#3514 = EDGE_CURVE('',#3515,#2489,#3517,.T.);
#3515 = VERTEX_POINT('',#3516);
#3516 = CARTESIAN_POINT('',(28.,84.51,0.16));
#3517 = LINE('',#3518,#3519);
#3518 = CARTESIAN_POINT('',(28.,84.51,2.202682480856E-13));
#3519 = VECTOR('',#3520,1.);
#3520 = DIRECTION('',(0.,0.,1.));
#3521 = ORIENTED_EDGE('',*,*,#3522,.T.);
#3522 = EDGE_CURVE('',#3515,#3492,#3523,.T.);
#3523 = LINE('',#3524,#3525);
#3524 = CARTESIAN_POINT('',(28.,84.51,0.16));
#3525 = VECTOR('',#3526,1.);
#3526 = DIRECTION('',(0.,1.,0.));
#3527 = ORIENTED_EDGE('',*,*,#3499,.T.);
#3528 = ORIENTED_EDGE('',*,*,#2496,.F.);
#3529 = PLANE('',#3530);
#3530 = AXIS2_PLACEMENT_3D('',#3531,#3532,#3533);
#3531 = CARTESIAN_POINT('',(28.,84.51,2.202682480856E-13));
#3532 = DIRECTION('',(1.,0.,0.));
#3533 = DIRECTION('',(0.,0.,1.));
#3534 = ADVANCED_FACE('',(#3535),#3546,.F.);
#3535 = FACE_BOUND('',#3536,.F.);
#3536 = EDGE_LOOP('',(#3537,#3538,#3544,#3545));
#3537 = ORIENTED_EDGE('',*,*,#3459,.F.);
#3538 = ORIENTED_EDGE('',*,*,#3539,.F.);
#3539 = EDGE_CURVE('',#3515,#3460,#3540,.T.);
#3540 = LINE('',#3541,#3542);
#3541 = CARTESIAN_POINT('',(28.,84.51,0.16));
#3542 = VECTOR('',#3543,1.);
#3543 = DIRECTION('',(1.,0.,0.));
#3544 = ORIENTED_EDGE('',*,*,#3514,.T.);
#3545 = ORIENTED_EDGE('',*,*,#2488,.F.);
#3546 = PLANE('',#3547);
#3547 = AXIS2_PLACEMENT_3D('',#3548,#3549,#3550);
#3548 = CARTESIAN_POINT('',(28.,84.51,2.202682480856E-13));
#3549 = DIRECTION('',(0.,1.,0.));
#3550 = DIRECTION('',(0.,0.,1.));
#3551 = ADVANCED_FACE('',(#3552),#3577,.T.);
#3552 = FACE_BOUND('',#3553,.T.);
#3553 = EDGE_LOOP('',(#3554,#3562,#3570,#3576));
#3554 = ORIENTED_EDGE('',*,*,#3555,.F.);
#3555 = EDGE_CURVE('',#3556,#2513,#3558,.T.);
#3556 = VERTEX_POINT('',#3557);
#3557 = CARTESIAN_POINT('',(28.64,82.61,0.16));
#3558 = LINE('',#3559,#3560);
#3559 = CARTESIAN_POINT('',(28.64,82.61,2.202682480856E-13));
#3560 = VECTOR('',#3561,1.);
#3561 = DIRECTION('',(0.,0.,1.));
#3562 = ORIENTED_EDGE('',*,*,#3563,.F.);
#3563 = EDGE_CURVE('',#3564,#3556,#3566,.T.);
#3564 = VERTEX_POINT('',#3565);
#3565 = CARTESIAN_POINT('',(28.,82.61,0.16));
#3566 = LINE('',#3567,#3568);
#3567 = CARTESIAN_POINT('',(28.,82.61,0.16));
#3568 = VECTOR('',#3569,1.);
#3569 = DIRECTION('',(1.,0.,0.));
#3570 = ORIENTED_EDGE('',*,*,#3571,.T.);
#3571 = EDGE_CURVE('',#3564,#2515,#3572,.T.);
#3572 = LINE('',#3573,#3574);
#3573 = CARTESIAN_POINT('',(28.,82.61,2.202682480856E-13));
#3574 = VECTOR('',#3575,1.);
#3575 = DIRECTION('',(0.,0.,1.));
#3576 = ORIENTED_EDGE('',*,*,#2512,.F.);
#3577 = PLANE('',#3578);
#3578 = AXIS2_PLACEMENT_3D('',#3579,#3580,#3581);
#3579 = CARTESIAN_POINT('',(28.,82.61,2.202682480856E-13));
#3580 = DIRECTION('',(0.,1.,0.));
#3581 = DIRECTION('',(0.,0.,1.));
#3582 = ADVANCED_FACE('',(#3583),#3601,.F.);
#3583 = FACE_BOUND('',#3584,.F.);
#3584 = EDGE_LOOP('',(#3585,#3593,#3599,#3600));
#3585 = ORIENTED_EDGE('',*,*,#3586,.F.);
#3586 = EDGE_CURVE('',#3587,#2531,#3589,.T.);
#3587 = VERTEX_POINT('',#3588);
#3588 = CARTESIAN_POINT('',(28.,81.97,0.16));
#3589 = LINE('',#3590,#3591);
#3590 = CARTESIAN_POINT('',(28.,81.97,2.202682480856E-13));
#3591 = VECTOR('',#3592,1.);
#3592 = DIRECTION('',(0.,0.,1.));
#3593 = ORIENTED_EDGE('',*,*,#3594,.T.);
#3594 = EDGE_CURVE('',#3587,#3564,#3595,.T.);
#3595 = LINE('',#3596,#3597);
#3596 = CARTESIAN_POINT('',(28.,81.97,0.16));
#3597 = VECTOR('',#3598,1.);
#3598 = DIRECTION('',(0.,1.,0.));
#3599 = ORIENTED_EDGE('',*,*,#3571,.T.);
#3600 = ORIENTED_EDGE('',*,*,#2538,.F.);
#3601 = PLANE('',#3602);
#3602 = AXIS2_PLACEMENT_3D('',#3603,#3604,#3605);
#3603 = CARTESIAN_POINT('',(28.,81.97,2.202682480856E-13));
#3604 = DIRECTION('',(1.,0.,0.));
#3605 = DIRECTION('',(0.,0.,1.));
#3606 = ADVANCED_FACE('',(#3607),#3625,.F.);
#3607 = FACE_BOUND('',#3608,.F.);
#3608 = EDGE_LOOP('',(#3609,#3617,#3623,#3624));
#3609 = ORIENTED_EDGE('',*,*,#3610,.F.);
#3610 = EDGE_CURVE('',#3611,#2523,#3613,.T.);
#3611 = VERTEX_POINT('',#3612);
#3612 = CARTESIAN_POINT('',(28.64,81.97,0.16));
#3613 = LINE('',#3614,#3615);
#3614 = CARTESIAN_POINT('',(28.64,81.97,2.202682480856E-13));
#3615 = VECTOR('',#3616,1.);
#3616 = DIRECTION('',(0.,0.,1.));
#3617 = ORIENTED_EDGE('',*,*,#3618,.F.);
#3618 = EDGE_CURVE('',#3587,#3611,#3619,.T.);
#3619 = LINE('',#3620,#3621);
#3620 = CARTESIAN_POINT('',(28.,81.97,0.16));
#3621 = VECTOR('',#3622,1.);
#3622 = DIRECTION('',(1.,0.,0.));
#3623 = ORIENTED_EDGE('',*,*,#3586,.T.);
#3624 = ORIENTED_EDGE('',*,*,#2530,.F.);
#3625 = PLANE('',#3626);
#3626 = AXIS2_PLACEMENT_3D('',#3627,#3628,#3629);
#3627 = CARTESIAN_POINT('',(28.,81.97,2.202682480856E-13));
#3628 = DIRECTION('',(0.,1.,0.));
#3629 = DIRECTION('',(0.,0.,1.));
#3630 = ADVANCED_FACE('',(#3631),#3642,.T.);
#3631 = FACE_BOUND('',#3632,.T.);
#3632 = EDGE_LOOP('',(#3633,#3634,#3640,#3641));
#3633 = ORIENTED_EDGE('',*,*,#3610,.F.);
#3634 = ORIENTED_EDGE('',*,*,#3635,.T.);
#3635 = EDGE_CURVE('',#3611,#3556,#3636,.T.);
#3636 = LINE('',#3637,#3638);
#3637 = CARTESIAN_POINT('',(28.64,81.97,0.16));
#3638 = VECTOR('',#3639,1.);
#3639 = DIRECTION('',(0.,1.,0.));
#3640 = ORIENTED_EDGE('',*,*,#3555,.T.);
#3641 = ORIENTED_EDGE('',*,*,#2522,.F.);
#3642 = PLANE('',#3643);
#3643 = AXIS2_PLACEMENT_3D('',#3644,#3645,#3646);
#3644 = CARTESIAN_POINT('',(28.64,81.97,2.202682480856E-13));
#3645 = DIRECTION('',(1.,0.,0.));
#3646 = DIRECTION('',(0.,0.,1.));
#3647 = ADVANCED_FACE('',(#3648),#3673,.T.);
#3648 = FACE_BOUND('',#3649,.T.);
#3649 = EDGE_LOOP('',(#3650,#3658,#3659,#3667));
#3650 = ORIENTED_EDGE('',*,*,#3651,.F.);
#3651 = EDGE_CURVE('',#2740,#3652,#3654,.T.);
#3652 = VERTEX_POINT('',#3653);
#3653 = CARTESIAN_POINT('',(28.64,80.07,11.38));
#3654 = LINE('',#3655,#3656);
#3655 = CARTESIAN_POINT('',(28.64,80.07,2.202682480856E-13));
#3656 = VECTOR('',#3657,1.);
#3657 = DIRECTION('',(0.,0.,1.));
#3658 = ORIENTED_EDGE('',*,*,#2739,.T.);
#3659 = ORIENTED_EDGE('',*,*,#3660,.T.);
#3660 = EDGE_CURVE('',#2742,#3661,#3663,.T.);
#3661 = VERTEX_POINT('',#3662);
#3662 = CARTESIAN_POINT('',(28.,80.07,11.38));
#3663 = LINE('',#3664,#3665);
#3664 = CARTESIAN_POINT('',(28.,80.07,2.202682480856E-13));
#3665 = VECTOR('',#3666,1.);
#3666 = DIRECTION('',(0.,0.,1.));
#3667 = ORIENTED_EDGE('',*,*,#3668,.T.);
#3668 = EDGE_CURVE('',#3661,#3652,#3669,.T.);
#3669 = LINE('',#3670,#3671);
#3670 = CARTESIAN_POINT('',(28.,80.07,11.38));
#3671 = VECTOR('',#3672,1.);
#3672 = DIRECTION('',(1.,0.,0.));
#3673 = PLANE('',#3674);
#3674 = AXIS2_PLACEMENT_3D('',#3675,#3676,#3677);
#3675 = CARTESIAN_POINT('',(28.,80.07,2.202682480856E-13));
#3676 = DIRECTION('',(0.,1.,0.));
#3677 = DIRECTION('',(0.,0.,1.));
#3678 = ADVANCED_FACE('',(#3679),#3697,.F.);
#3679 = FACE_BOUND('',#3680,.F.);
#3680 = EDGE_LOOP('',(#3681,#3689,#3690,#3691));
#3681 = ORIENTED_EDGE('',*,*,#3682,.F.);
#3682 = EDGE_CURVE('',#2758,#3683,#3685,.T.);
#3683 = VERTEX_POINT('',#3684);
#3684 = CARTESIAN_POINT('',(28.,79.43,11.38));
#3685 = LINE('',#3686,#3687);
#3686 = CARTESIAN_POINT('',(28.,79.43,2.202682480856E-13));
#3687 = VECTOR('',#3688,1.);
#3688 = DIRECTION('',(0.,0.,1.));
#3689 = ORIENTED_EDGE('',*,*,#2765,.T.);
#3690 = ORIENTED_EDGE('',*,*,#3660,.T.);
#3691 = ORIENTED_EDGE('',*,*,#3692,.F.);
#3692 = EDGE_CURVE('',#3683,#3661,#3693,.T.);
#3693 = LINE('',#3694,#3695);
#3694 = CARTESIAN_POINT('',(28.,79.43,11.38));
#3695 = VECTOR('',#3696,1.);
#3696 = DIRECTION('',(0.,1.,0.));
#3697 = PLANE('',#3698);
#3698 = AXIS2_PLACEMENT_3D('',#3699,#3700,#3701);
#3699 = CARTESIAN_POINT('',(28.,79.43,2.202682480856E-13));
#3700 = DIRECTION('',(1.,0.,0.));
#3701 = DIRECTION('',(0.,0.,1.));
#3702 = ADVANCED_FACE('',(#3703),#3721,.F.);
#3703 = FACE_BOUND('',#3704,.F.);
#3704 = EDGE_LOOP('',(#3705,#3713,#3714,#3715));
#3705 = ORIENTED_EDGE('',*,*,#3706,.F.);
#3706 = EDGE_CURVE('',#2750,#3707,#3709,.T.);
#3707 = VERTEX_POINT('',#3708);
#3708 = CARTESIAN_POINT('',(28.64,79.43,11.38));
#3709 = LINE('',#3710,#3711);
#3710 = CARTESIAN_POINT('',(28.64,79.43,2.202682480856E-13));
#3711 = VECTOR('',#3712,1.);
#3712 = DIRECTION('',(0.,0.,1.));
#3713 = ORIENTED_EDGE('',*,*,#2757,.T.);
#3714 = ORIENTED_EDGE('',*,*,#3682,.T.);
#3715 = ORIENTED_EDGE('',*,*,#3716,.T.);
#3716 = EDGE_CURVE('',#3683,#3707,#3717,.T.);
#3717 = LINE('',#3718,#3719);
#3718 = CARTESIAN_POINT('',(28.,79.43,11.38));
#3719 = VECTOR('',#3720,1.);
#3720 = DIRECTION('',(1.,0.,0.));
#3721 = PLANE('',#3722);
#3722 = AXIS2_PLACEMENT_3D('',#3723,#3724,#3725);
#3723 = CARTESIAN_POINT('',(28.,79.43,2.202682480856E-13));
#3724 = DIRECTION('',(0.,1.,0.));
#3725 = DIRECTION('',(0.,0.,1.));
#3726 = ADVANCED_FACE('',(#3727),#3738,.T.);
#3727 = FACE_BOUND('',#3728,.T.);
#3728 = EDGE_LOOP('',(#3729,#3730,#3731,#3732));
#3729 = ORIENTED_EDGE('',*,*,#3706,.F.);
#3730 = ORIENTED_EDGE('',*,*,#2749,.T.);
#3731 = ORIENTED_EDGE('',*,*,#3651,.T.);
#3732 = ORIENTED_EDGE('',*,*,#3733,.F.);
#3733 = EDGE_CURVE('',#3707,#3652,#3734,.T.);
#3734 = LINE('',#3735,#3736);
#3735 = CARTESIAN_POINT('',(28.64,79.43,11.38));
#3736 = VECTOR('',#3737,1.);
#3737 = DIRECTION('',(0.,1.,0.));
#3738 = PLANE('',#3739);
#3739 = AXIS2_PLACEMENT_3D('',#3740,#3741,#3742);
#3740 = CARTESIAN_POINT('',(28.64,79.43,2.202682480856E-13));
#3741 = DIRECTION('',(1.,0.,0.));
#3742 = DIRECTION('',(0.,0.,1.));
#3743 = ADVANCED_FACE('',(#3744),#3769,.T.);
#3744 = FACE_BOUND('',#3745,.T.);
#3745 = EDGE_LOOP('',(#3746,#3754,#3755,#3763));
#3746 = ORIENTED_EDGE('',*,*,#3747,.F.);
#3747 = EDGE_CURVE('',#2774,#3748,#3750,.T.);
#3748 = VERTEX_POINT('',#3749);
#3749 = CARTESIAN_POINT('',(28.64,76.89,11.38));
#3750 = LINE('',#3751,#3752);
#3751 = CARTESIAN_POINT('',(28.64,76.89,2.202682480856E-13));
#3752 = VECTOR('',#3753,1.);
#3753 = DIRECTION('',(0.,0.,1.));
#3754 = ORIENTED_EDGE('',*,*,#2773,.T.);
#3755 = ORIENTED_EDGE('',*,*,#3756,.T.);
#3756 = EDGE_CURVE('',#2776,#3757,#3759,.T.);
#3757 = VERTEX_POINT('',#3758);
#3758 = CARTESIAN_POINT('',(28.64,77.53,11.38));
#3759 = LINE('',#3760,#3761);
#3760 = CARTESIAN_POINT('',(28.64,77.53,2.202682480856E-13));
#3761 = VECTOR('',#3762,1.);
#3762 = DIRECTION('',(0.,0.,1.));
#3763 = ORIENTED_EDGE('',*,*,#3764,.F.);
#3764 = EDGE_CURVE('',#3748,#3757,#3765,.T.);
#3765 = LINE('',#3766,#3767);
#3766 = CARTESIAN_POINT('',(28.64,76.89,11.38));
#3767 = VECTOR('',#3768,1.);
#3768 = DIRECTION('',(0.,1.,0.));
#3769 = PLANE('',#3770);
#3770 = AXIS2_PLACEMENT_3D('',#3771,#3772,#3773);
#3771 = CARTESIAN_POINT('',(28.64,76.89,2.202682480856E-13));
#3772 = DIRECTION('',(1.,0.,0.));
#3773 = DIRECTION('',(0.,0.,1.));
#3774 = ADVANCED_FACE('',(#3775),#3793,.T.);
#3775 = FACE_BOUND('',#3776,.T.);
#3776 = EDGE_LOOP('',(#3777,#3778,#3779,#3787));
#3777 = ORIENTED_EDGE('',*,*,#3756,.F.);
#3778 = ORIENTED_EDGE('',*,*,#2799,.T.);
#3779 = ORIENTED_EDGE('',*,*,#3780,.T.);
#3780 = EDGE_CURVE('',#2792,#3781,#3783,.T.);
#3781 = VERTEX_POINT('',#3782);
#3782 = CARTESIAN_POINT('',(28.,77.53,11.38));
#3783 = LINE('',#3784,#3785);
#3784 = CARTESIAN_POINT('',(28.,77.53,2.202682480856E-13));
#3785 = VECTOR('',#3786,1.);
#3786 = DIRECTION('',(0.,0.,1.));
#3787 = ORIENTED_EDGE('',*,*,#3788,.T.);
#3788 = EDGE_CURVE('',#3781,#3757,#3789,.T.);
#3789 = LINE('',#3790,#3791);
#3790 = CARTESIAN_POINT('',(28.,77.53,11.38));
#3791 = VECTOR('',#3792,1.);
#3792 = DIRECTION('',(1.,0.,0.));
#3793 = PLANE('',#3794);
#3794 = AXIS2_PLACEMENT_3D('',#3795,#3796,#3797);
#3795 = CARTESIAN_POINT('',(28.,77.53,2.202682480856E-13));
#3796 = DIRECTION('',(0.,1.,0.));
#3797 = DIRECTION('',(0.,0.,1.));
#3798 = ADVANCED_FACE('',(#3799),#3817,.F.);
#3799 = FACE_BOUND('',#3800,.F.);
#3800 = EDGE_LOOP('',(#3801,#3809,#3810,#3811));
#3801 = ORIENTED_EDGE('',*,*,#3802,.F.);
#3802 = EDGE_CURVE('',#2784,#3803,#3805,.T.);
#3803 = VERTEX_POINT('',#3804);
#3804 = CARTESIAN_POINT('',(28.,76.89,11.38));
#3805 = LINE('',#3806,#3807);
#3806 = CARTESIAN_POINT('',(28.,76.89,2.202682480856E-13));
#3807 = VECTOR('',#3808,1.);
#3808 = DIRECTION('',(0.,0.,1.));
#3809 = ORIENTED_EDGE('',*,*,#2791,.T.);
#3810 = ORIENTED_EDGE('',*,*,#3780,.T.);
#3811 = ORIENTED_EDGE('',*,*,#3812,.F.);
#3812 = EDGE_CURVE('',#3803,#3781,#3813,.T.);
#3813 = LINE('',#3814,#3815);
#3814 = CARTESIAN_POINT('',(28.,76.89,11.38));
#3815 = VECTOR('',#3816,1.);
#3816 = DIRECTION('',(0.,1.,0.));
#3817 = PLANE('',#3818);
#3818 = AXIS2_PLACEMENT_3D('',#3819,#3820,#3821);
#3819 = CARTESIAN_POINT('',(28.,76.89,2.202682480856E-13));
#3820 = DIRECTION('',(1.,0.,0.));
#3821 = DIRECTION('',(0.,0.,1.));
#3822 = ADVANCED_FACE('',(#3823),#3834,.F.);
#3823 = FACE_BOUND('',#3824,.F.);
#3824 = EDGE_LOOP('',(#3825,#3826,#3827,#3828));
#3825 = ORIENTED_EDGE('',*,*,#3747,.F.);
#3826 = ORIENTED_EDGE('',*,*,#2783,.T.);
#3827 = ORIENTED_EDGE('',*,*,#3802,.T.);
#3828 = ORIENTED_EDGE('',*,*,#3829,.T.);
#3829 = EDGE_CURVE('',#3803,#3748,#3830,.T.);
#3830 = LINE('',#3831,#3832);
#3831 = CARTESIAN_POINT('',(28.,76.89,11.38));
#3832 = VECTOR('',#3833,1.);
#3833 = DIRECTION('',(1.,0.,0.));
#3834 = PLANE('',#3835);
#3835 = AXIS2_PLACEMENT_3D('',#3836,#3837,#3838);
#3836 = CARTESIAN_POINT('',(28.,76.89,2.202682480856E-13));
#3837 = DIRECTION('',(0.,1.,0.));
#3838 = DIRECTION('',(0.,0.,1.));
#3839 = ADVANCED_FACE('',(#3840),#3865,.T.);
#3840 = FACE_BOUND('',#3841,.T.);
#3841 = EDGE_LOOP('',(#3842,#3850,#3851,#3859));
#3842 = ORIENTED_EDGE('',*,*,#3843,.F.);
#3843 = EDGE_CURVE('',#2808,#3844,#3846,.T.);
#3844 = VERTEX_POINT('',#3845);
#3845 = CARTESIAN_POINT('',(28.64,84.51,11.38));
#3846 = LINE('',#3847,#3848);
#3847 = CARTESIAN_POINT('',(28.64,84.51,2.202682480856E-13));
#3848 = VECTOR('',#3849,1.);
#3849 = DIRECTION('',(0.,0.,1.));
#3850 = ORIENTED_EDGE('',*,*,#2807,.T.);
#3851 = ORIENTED_EDGE('',*,*,#3852,.T.);
#3852 = EDGE_CURVE('',#2810,#3853,#3855,.T.);
#3853 = VERTEX_POINT('',#3854);
#3854 = CARTESIAN_POINT('',(28.64,85.15,11.38));
#3855 = LINE('',#3856,#3857);
#3856 = CARTESIAN_POINT('',(28.64,85.15,2.202682480856E-13));
#3857 = VECTOR('',#3858,1.);
#3858 = DIRECTION('',(0.,0.,1.));
#3859 = ORIENTED_EDGE('',*,*,#3860,.F.);
#3860 = EDGE_CURVE('',#3844,#3853,#3861,.T.);
#3861 = LINE('',#3862,#3863);
#3862 = CARTESIAN_POINT('',(28.64,84.51,11.38));
#3863 = VECTOR('',#3864,1.);
#3864 = DIRECTION('',(0.,1.,0.));
#3865 = PLANE('',#3866);
#3866 = AXIS2_PLACEMENT_3D('',#3867,#3868,#3869);
#3867 = CARTESIAN_POINT('',(28.64,84.51,2.202682480856E-13));
#3868 = DIRECTION('',(1.,0.,0.));
#3869 = DIRECTION('',(0.,0.,1.));
#3870 = ADVANCED_FACE('',(#3871),#3889,.T.);
#3871 = FACE_BOUND('',#3872,.T.);
#3872 = EDGE_LOOP('',(#3873,#3874,#3875,#3883));
#3873 = ORIENTED_EDGE('',*,*,#3852,.F.);
#3874 = ORIENTED_EDGE('',*,*,#2833,.T.);
#3875 = ORIENTED_EDGE('',*,*,#3876,.T.);
#3876 = EDGE_CURVE('',#2826,#3877,#3879,.T.);
#3877 = VERTEX_POINT('',#3878);
#3878 = CARTESIAN_POINT('',(28.,85.15,11.38));
#3879 = LINE('',#3880,#3881);
#3880 = CARTESIAN_POINT('',(28.,85.15,2.202682480856E-13));
#3881 = VECTOR('',#3882,1.);
#3882 = DIRECTION('',(0.,0.,1.));
#3883 = ORIENTED_EDGE('',*,*,#3884,.T.);
#3884 = EDGE_CURVE('',#3877,#3853,#3885,.T.);
#3885 = LINE('',#3886,#3887);
#3886 = CARTESIAN_POINT('',(28.,85.15,11.38));
#3887 = VECTOR('',#3888,1.);
#3888 = DIRECTION('',(1.,0.,0.));
#3889 = PLANE('',#3890);
#3890 = AXIS2_PLACEMENT_3D('',#3891,#3892,#3893);
#3891 = CARTESIAN_POINT('',(28.,85.15,2.202682480856E-13));
#3892 = DIRECTION('',(0.,1.,0.));
#3893 = DIRECTION('',(0.,0.,1.));
#3894 = ADVANCED_FACE('',(#3895),#3913,.F.);
#3895 = FACE_BOUND('',#3896,.F.);
#3896 = EDGE_LOOP('',(#3897,#3905,#3906,#3907));
#3897 = ORIENTED_EDGE('',*,*,#3898,.F.);
#3898 = EDGE_CURVE('',#2818,#3899,#3901,.T.);
#3899 = VERTEX_POINT('',#3900);
#3900 = CARTESIAN_POINT('',(28.,84.51,11.38));
#3901 = LINE('',#3902,#3903);
#3902 = CARTESIAN_POINT('',(28.,84.51,2.202682480856E-13));
#3903 = VECTOR('',#3904,1.);
#3904 = DIRECTION('',(0.,0.,1.));
#3905 = ORIENTED_EDGE('',*,*,#2825,.T.);
#3906 = ORIENTED_EDGE('',*,*,#3876,.T.);
#3907 = ORIENTED_EDGE('',*,*,#3908,.F.);
#3908 = EDGE_CURVE('',#3899,#3877,#3909,.T.);
#3909 = LINE('',#3910,#3911);
#3910 = CARTESIAN_POINT('',(28.,84.51,11.38));
#3911 = VECTOR('',#3912,1.);
#3912 = DIRECTION('',(0.,1.,0.));
#3913 = PLANE('',#3914);
#3914 = AXIS2_PLACEMENT_3D('',#3915,#3916,#3917);
#3915 = CARTESIAN_POINT('',(28.,84.51,2.202682480856E-13));
#3916 = DIRECTION('',(1.,0.,0.));
#3917 = DIRECTION('',(0.,0.,1.));
#3918 = ADVANCED_FACE('',(#3919),#3930,.F.);
#3919 = FACE_BOUND('',#3920,.F.);
#3920 = EDGE_LOOP('',(#3921,#3922,#3923,#3924));
#3921 = ORIENTED_EDGE('',*,*,#3843,.F.);
#3922 = ORIENTED_EDGE('',*,*,#2817,.T.);
#3923 = ORIENTED_EDGE('',*,*,#3898,.T.);
#3924 = ORIENTED_EDGE('',*,*,#3925,.T.);
#3925 = EDGE_CURVE('',#3899,#3844,#3926,.T.);
#3926 = LINE('',#3927,#3928);
#3927 = CARTESIAN_POINT('',(28.,84.51,11.38));
#3928 = VECTOR('',#3929,1.);
#3929 = DIRECTION('',(1.,0.,0.));
#3930 = PLANE('',#3931);
#3931 = AXIS2_PLACEMENT_3D('',#3932,#3933,#3934);
#3932 = CARTESIAN_POINT('',(28.,84.51,2.202682480856E-13));
#3933 = DIRECTION('',(0.,1.,0.));
#3934 = DIRECTION('',(0.,0.,1.));
#3935 = ADVANCED_FACE('',(#3936),#3961,.T.);
#3936 = FACE_BOUND('',#3937,.T.);
#3937 = EDGE_LOOP('',(#3938,#3946,#3947,#3955));
#3938 = ORIENTED_EDGE('',*,*,#3939,.F.);
#3939 = EDGE_CURVE('',#2842,#3940,#3942,.T.);
#3940 = VERTEX_POINT('',#3941);
#3941 = CARTESIAN_POINT('',(28.64,82.61,11.38));
#3942 = LINE('',#3943,#3944);
#3943 = CARTESIAN_POINT('',(28.64,82.61,2.202682480856E-13));
#3944 = VECTOR('',#3945,1.);
#3945 = DIRECTION('',(0.,0.,1.));
#3946 = ORIENTED_EDGE('',*,*,#2841,.T.);
#3947 = ORIENTED_EDGE('',*,*,#3948,.T.);
#3948 = EDGE_CURVE('',#2844,#3949,#3951,.T.);
#3949 = VERTEX_POINT('',#3950);
#3950 = CARTESIAN_POINT('',(28.,82.61,11.38));
#3951 = LINE('',#3952,#3953);
#3952 = CARTESIAN_POINT('',(28.,82.61,2.202682480856E-13));
#3953 = VECTOR('',#3954,1.);
#3954 = DIRECTION('',(0.,0.,1.));
#3955 = ORIENTED_EDGE('',*,*,#3956,.T.);
#3956 = EDGE_CURVE('',#3949,#3940,#3957,.T.);
#3957 = LINE('',#3958,#3959);
#3958 = CARTESIAN_POINT('',(28.,82.61,11.38));
#3959 = VECTOR('',#3960,1.);
#3960 = DIRECTION('',(1.,0.,0.));
#3961 = PLANE('',#3962);
#3962 = AXIS2_PLACEMENT_3D('',#3963,#3964,#3965);
#3963 = CARTESIAN_POINT('',(28.,82.61,2.202682480856E-13));
#3964 = DIRECTION('',(0.,1.,0.));
#3965 = DIRECTION('',(0.,0.,1.));
#3966 = ADVANCED_FACE('',(#3967),#3985,.F.);
#3967 = FACE_BOUND('',#3968,.F.);
#3968 = EDGE_LOOP('',(#3969,#3977,#3978,#3979));
#3969 = ORIENTED_EDGE('',*,*,#3970,.F.);
#3970 = EDGE_CURVE('',#2860,#3971,#3973,.T.);
#3971 = VERTEX_POINT('',#3972);
#3972 = CARTESIAN_POINT('',(28.,81.97,11.38));
#3973 = LINE('',#3974,#3975);
#3974 = CARTESIAN_POINT('',(28.,81.97,2.202682480856E-13));
#3975 = VECTOR('',#3976,1.);
#3976 = DIRECTION('',(0.,0.,1.));
#3977 = ORIENTED_EDGE('',*,*,#2867,.T.);
#3978 = ORIENTED_EDGE('',*,*,#3948,.T.);
#3979 = ORIENTED_EDGE('',*,*,#3980,.F.);
#3980 = EDGE_CURVE('',#3971,#3949,#3981,.T.);
#3981 = LINE('',#3982,#3983);
#3982 = CARTESIAN_POINT('',(28.,81.97,11.38));
#3983 = VECTOR('',#3984,1.);
#3984 = DIRECTION('',(0.,1.,0.));
#3985 = PLANE('',#3986);
#3986 = AXIS2_PLACEMENT_3D('',#3987,#3988,#3989);
#3987 = CARTESIAN_POINT('',(28.,81.97,2.202682480856E-13));
#3988 = DIRECTION('',(1.,0.,0.));
#3989 = DIRECTION('',(0.,0.,1.));
#3990 = ADVANCED_FACE('',(#3991),#4009,.F.);
#3991 = FACE_BOUND('',#3992,.F.);
#3992 = EDGE_LOOP('',(#3993,#4001,#4002,#4003));
#3993 = ORIENTED_EDGE('',*,*,#3994,.F.);
#3994 = EDGE_CURVE('',#2852,#3995,#3997,.T.);
#3995 = VERTEX_POINT('',#3996);
#3996 = CARTESIAN_POINT('',(28.64,81.97,11.38));
#3997 = LINE('',#3998,#3999);
#3998 = CARTESIAN_POINT('',(28.64,81.97,2.202682480856E-13));
#3999 = VECTOR('',#4000,1.);
#4000 = DIRECTION('',(0.,0.,1.));
#4001 = ORIENTED_EDGE('',*,*,#2859,.T.);
#4002 = ORIENTED_EDGE('',*,*,#3970,.T.);
#4003 = ORIENTED_EDGE('',*,*,#4004,.T.);
#4004 = EDGE_CURVE('',#3971,#3995,#4005,.T.);
#4005 = LINE('',#4006,#4007);
#4006 = CARTESIAN_POINT('',(28.,81.97,11.38));
#4007 = VECTOR('',#4008,1.);
#4008 = DIRECTION('',(1.,0.,0.));
#4009 = PLANE('',#4010);
#4010 = AXIS2_PLACEMENT_3D('',#4011,#4012,#4013);
#4011 = CARTESIAN_POINT('',(28.,81.97,2.202682480856E-13));
#4012 = DIRECTION('',(0.,1.,0.));
#4013 = DIRECTION('',(0.,0.,1.));
#4014 = ADVANCED_FACE('',(#4015),#4026,.T.);
#4015 = FACE_BOUND('',#4016,.T.);
#4016 = EDGE_LOOP('',(#4017,#4018,#4019,#4020));
#4017 = ORIENTED_EDGE('',*,*,#3994,.F.);
#4018 = ORIENTED_EDGE('',*,*,#2851,.T.);
#4019 = ORIENTED_EDGE('',*,*,#3939,.T.);
#4020 = ORIENTED_EDGE('',*,*,#4021,.F.);
#4021 = EDGE_CURVE('',#3995,#3940,#4022,.T.);
#4022 = LINE('',#4023,#4024);
#4023 = CARTESIAN_POINT('',(28.64,81.97,11.38));
#4024 = VECTOR('',#4025,1.);
#4025 = DIRECTION('',(0.,1.,0.));
#4026 = PLANE('',#4027);
#4027 = AXIS2_PLACEMENT_3D('',#4028,#4029,#4030);
#4028 = CARTESIAN_POINT('',(28.64,81.97,2.202682480856E-13));
#4029 = DIRECTION('',(1.,0.,0.));
#4030 = DIRECTION('',(0.,0.,1.));
#4031 = ADVANCED_FACE('',(#4032),#4057,.F.);
#4032 = FACE_BOUND('',#4033,.T.);
#4033 = EDGE_LOOP('',(#4034,#4042,#4043,#4051));
#4034 = ORIENTED_EDGE('',*,*,#4035,.F.);
#4035 = EDGE_CURVE('',#3276,#4036,#4038,.T.);
#4036 = VERTEX_POINT('',#4037);
#4037 = CARTESIAN_POINT('',(28.16,79.91,2.202682480856E-13));
#4038 = LINE('',#4039,#4040);
#4039 = CARTESIAN_POINT('',(28.16,79.91,2.202682480856E-13));
#4040 = VECTOR('',#4041,1.);
#4041 = DIRECTION('',(0.57735026919,-0.57735026919,-0.57735026919));
#4042 = ORIENTED_EDGE('',*,*,#3275,.T.);
#4043 = ORIENTED_EDGE('',*,*,#4044,.T.);
#4044 = EDGE_CURVE('',#3268,#4045,#4047,.T.);
#4045 = VERTEX_POINT('',#4046);
#4046 = CARTESIAN_POINT('',(28.48,79.91,2.202682480856E-13));
#4047 = LINE('',#4048,#4049);
#4048 = CARTESIAN_POINT('',(28.373333333333,79.803333333333,
    -0.106666666667));
#4049 = VECTOR('',#4050,1.);
#4050 = DIRECTION('',(-0.57735026919,-0.57735026919,-0.57735026919));
#4051 = ORIENTED_EDGE('',*,*,#4052,.F.);
#4052 = EDGE_CURVE('',#4036,#4045,#4053,.T.);
#4053 = LINE('',#4054,#4055);
#4054 = CARTESIAN_POINT('',(28.,79.91,2.202682480856E-13));
#4055 = VECTOR('',#4056,1.);
#4056 = DIRECTION('',(1.,0.,0.));
#4057 = PLANE('',#4058);
#4058 = AXIS2_PLACEMENT_3D('',#4059,#4060,#4061);
#4059 = CARTESIAN_POINT('',(28.,79.99,8.000000000022E-02));
#4060 = DIRECTION('',(-1.735167508356E-18,-0.707106781187,0.707106781187
    ));
#4061 = DIRECTION('',(-1.,1.226948711653E-18,-1.226948711653E-18));
#4062 = ADVANCED_FACE('',(#4063),#4081,.T.);
#4063 = FACE_BOUND('',#4064,.T.);
#4064 = EDGE_LOOP('',(#4065,#4073,#4074,#4075));
#4065 = ORIENTED_EDGE('',*,*,#4066,.F.);
#4066 = EDGE_CURVE('',#3299,#4067,#4069,.T.);
#4067 = VERTEX_POINT('',#4068);
#4068 = CARTESIAN_POINT('',(28.16,79.59,2.202682480856E-13));
#4069 = LINE('',#4070,#4071);
#4070 = CARTESIAN_POINT('',(28.053333333333,79.483333333333,
    0.106666666667));
#4071 = VECTOR('',#4072,1.);
#4072 = DIRECTION('',(0.57735026919,0.57735026919,-0.57735026919));
#4073 = ORIENTED_EDGE('',*,*,#3306,.T.);
#4074 = ORIENTED_EDGE('',*,*,#4035,.T.);
#4075 = ORIENTED_EDGE('',*,*,#4076,.F.);
#4076 = EDGE_CURVE('',#4067,#4036,#4077,.T.);
#4077 = LINE('',#4078,#4079);
#4078 = CARTESIAN_POINT('',(28.16,79.43,2.202682480856E-13));
#4079 = VECTOR('',#4080,1.);
#4080 = DIRECTION('',(0.,1.,0.));
#4081 = PLANE('',#4082);
#4082 = AXIS2_PLACEMENT_3D('',#4083,#4084,#4085);
#4083 = CARTESIAN_POINT('',(28.08,79.43,8.000000000022E-02));
#4084 = DIRECTION('',(-0.707106781187,-1.735167508356E-18,
    -0.707106781187));
#4085 = DIRECTION('',(-1.226948711653E-18,1.,-1.226948711653E-18));
#4086 = ADVANCED_FACE('',(#4087),#4105,.T.);
#4087 = FACE_BOUND('',#4088,.F.);
#4088 = EDGE_LOOP('',(#4089,#4090,#4091,#4099));
#4089 = ORIENTED_EDGE('',*,*,#4066,.F.);
#4090 = ORIENTED_EDGE('',*,*,#3330,.T.);
#4091 = ORIENTED_EDGE('',*,*,#4092,.T.);
#4092 = EDGE_CURVE('',#3323,#4093,#4095,.T.);
#4093 = VERTEX_POINT('',#4094);
#4094 = CARTESIAN_POINT('',(28.48,79.59,2.202682480856E-13));
#4095 = LINE('',#4096,#4097);
#4096 = CARTESIAN_POINT('',(28.48,79.59,2.202682480856E-13));
#4097 = VECTOR('',#4098,1.);
#4098 = DIRECTION('',(-0.57735026919,0.57735026919,-0.57735026919));
#4099 = ORIENTED_EDGE('',*,*,#4100,.F.);
#4100 = EDGE_CURVE('',#4067,#4093,#4101,.T.);
#4101 = LINE('',#4102,#4103);
#4102 = CARTESIAN_POINT('',(28.,79.59,2.202682480856E-13));
#4103 = VECTOR('',#4104,1.);
#4104 = DIRECTION('',(1.,0.,0.));
#4105 = PLANE('',#4106);
#4106 = AXIS2_PLACEMENT_3D('',#4107,#4108,#4109);
#4107 = CARTESIAN_POINT('',(28.,79.51,8.000000000022E-02));
#4108 = DIRECTION('',(1.735167508356E-18,-0.707106781187,-0.707106781187
    ));
#4109 = DIRECTION('',(-1.,-1.226948711653E-18,-1.226948711653E-18));
#4110 = ADVANCED_FACE('',(#4111),#4122,.F.);
#4111 = FACE_BOUND('',#4112,.F.);
#4112 = EDGE_LOOP('',(#4113,#4114,#4115,#4116));
#4113 = ORIENTED_EDGE('',*,*,#4092,.F.);
#4114 = ORIENTED_EDGE('',*,*,#3347,.T.);
#4115 = ORIENTED_EDGE('',*,*,#4044,.T.);
#4116 = ORIENTED_EDGE('',*,*,#4117,.F.);
#4117 = EDGE_CURVE('',#4093,#4045,#4118,.T.);
#4118 = LINE('',#4119,#4120);
#4119 = CARTESIAN_POINT('',(28.48,79.43,2.202682480856E-13));
#4120 = VECTOR('',#4121,1.);
#4121 = DIRECTION('',(0.,1.,0.));
#4122 = PLANE('',#4123);
#4123 = AXIS2_PLACEMENT_3D('',#4124,#4125,#4126);
#4124 = CARTESIAN_POINT('',(28.56,79.43,8.000000000022E-02));
#4125 = DIRECTION('',(-0.707106781187,1.735167508356E-18,0.707106781187)
  );
#4126 = DIRECTION('',(1.226948711653E-18,1.,-1.226948711653E-18));
#4127 = ADVANCED_FACE('',(#4128),#4153,.F.);
#4128 = FACE_BOUND('',#4129,.F.);
#4129 = EDGE_LOOP('',(#4130,#4138,#4139,#4147));
#4130 = ORIENTED_EDGE('',*,*,#4131,.F.);
#4131 = EDGE_CURVE('',#3364,#4132,#4134,.T.);
#4132 = VERTEX_POINT('',#4133);
#4133 = CARTESIAN_POINT('',(28.48,77.05,2.202682480856E-13));
#4134 = LINE('',#4135,#4136);
#4135 = CARTESIAN_POINT('',(28.48,77.05,2.202682480856E-13));
#4136 = VECTOR('',#4137,1.);
#4137 = DIRECTION('',(-0.57735026919,0.57735026919,-0.57735026919));
#4138 = ORIENTED_EDGE('',*,*,#3371,.T.);
#4139 = ORIENTED_EDGE('',*,*,#4140,.T.);
#4140 = EDGE_CURVE('',#3372,#4141,#4143,.T.);
#4141 = VERTEX_POINT('',#4142);
#4142 = CARTESIAN_POINT('',(28.48,77.37,2.202682480856E-13));
#4143 = LINE('',#4144,#4145);
#4144 = CARTESIAN_POINT('',(28.373333333333,77.263333333333,
    -0.106666666667));
#4145 = VECTOR('',#4146,1.);
#4146 = DIRECTION('',(-0.57735026919,-0.57735026919,-0.57735026919));
#4147 = ORIENTED_EDGE('',*,*,#4148,.F.);
#4148 = EDGE_CURVE('',#4132,#4141,#4149,.T.);
#4149 = LINE('',#4150,#4151);
#4150 = CARTESIAN_POINT('',(28.48,76.89,2.202682480856E-13));
#4151 = VECTOR('',#4152,1.);
#4152 = DIRECTION('',(0.,1.,0.));
#4153 = PLANE('',#4154);
#4154 = AXIS2_PLACEMENT_3D('',#4155,#4156,#4157);
#4155 = CARTESIAN_POINT('',(28.56,76.89,8.000000000022E-02));
#4156 = DIRECTION('',(-0.707106781187,1.735167508356E-18,0.707106781187)
  );
#4157 = DIRECTION('',(1.226948711653E-18,1.,-1.226948711653E-18));
#4158 = ADVANCED_FACE('',(#4159),#4177,.F.);
#4159 = FACE_BOUND('',#4160,.T.);
#4160 = EDGE_LOOP('',(#4161,#4169,#4170,#4171));
#4161 = ORIENTED_EDGE('',*,*,#4162,.F.);
#4162 = EDGE_CURVE('',#3396,#4163,#4165,.T.);
#4163 = VERTEX_POINT('',#4164);
#4164 = CARTESIAN_POINT('',(28.16,77.37,2.202682480856E-13));
#4165 = LINE('',#4166,#4167);
#4166 = CARTESIAN_POINT('',(28.16,77.37,2.202682480856E-13));
#4167 = VECTOR('',#4168,1.);
#4168 = DIRECTION('',(0.57735026919,-0.57735026919,-0.57735026919));
#4169 = ORIENTED_EDGE('',*,*,#3395,.T.);
#4170 = ORIENTED_EDGE('',*,*,#4140,.T.);
#4171 = ORIENTED_EDGE('',*,*,#4172,.F.);
#4172 = EDGE_CURVE('',#4163,#4141,#4173,.T.);
#4173 = LINE('',#4174,#4175);
#4174 = CARTESIAN_POINT('',(28.,77.37,2.202682480856E-13));
#4175 = VECTOR('',#4176,1.);
#4176 = DIRECTION('',(1.,0.,0.));
#4177 = PLANE('',#4178);
#4178 = AXIS2_PLACEMENT_3D('',#4179,#4180,#4181);
#4179 = CARTESIAN_POINT('',(28.,77.45,8.000000000022E-02));
#4180 = DIRECTION('',(-1.735167508356E-18,-0.707106781187,0.707106781187
    ));
#4181 = DIRECTION('',(-1.,1.226948711653E-18,-1.226948711653E-18));
#4182 = ADVANCED_FACE('',(#4183),#4201,.T.);
#4183 = FACE_BOUND('',#4184,.T.);
#4184 = EDGE_LOOP('',(#4185,#4193,#4194,#4195));
#4185 = ORIENTED_EDGE('',*,*,#4186,.F.);
#4186 = EDGE_CURVE('',#3419,#4187,#4189,.T.);
#4187 = VERTEX_POINT('',#4188);
#4188 = CARTESIAN_POINT('',(28.16,77.05,2.202682480856E-13));
#4189 = LINE('',#4190,#4191);
#4190 = CARTESIAN_POINT('',(28.053333333333,76.943333333333,
    0.106666666667));
#4191 = VECTOR('',#4192,1.);
#4192 = DIRECTION('',(0.57735026919,0.57735026919,-0.57735026919));
#4193 = ORIENTED_EDGE('',*,*,#3426,.T.);
#4194 = ORIENTED_EDGE('',*,*,#4162,.T.);
#4195 = ORIENTED_EDGE('',*,*,#4196,.F.);
#4196 = EDGE_CURVE('',#4187,#4163,#4197,.T.);
#4197 = LINE('',#4198,#4199);
#4198 = CARTESIAN_POINT('',(28.16,76.89,2.202682480856E-13));
#4199 = VECTOR('',#4200,1.);
#4200 = DIRECTION('',(0.,1.,0.));
#4201 = PLANE('',#4202);
#4202 = AXIS2_PLACEMENT_3D('',#4203,#4204,#4205);
#4203 = CARTESIAN_POINT('',(28.08,76.89,8.000000000022E-02));
#4204 = DIRECTION('',(-0.707106781187,-1.735167508356E-18,
    -0.707106781187));
#4205 = DIRECTION('',(-1.226948711653E-18,1.,-1.226948711653E-18));
#4206 = ADVANCED_FACE('',(#4207),#4218,.T.);
#4207 = FACE_BOUND('',#4208,.F.);
#4208 = EDGE_LOOP('',(#4209,#4210,#4211,#4212));
#4209 = ORIENTED_EDGE('',*,*,#4186,.F.);
#4210 = ORIENTED_EDGE('',*,*,#3443,.T.);
#4211 = ORIENTED_EDGE('',*,*,#4131,.T.);
#4212 = ORIENTED_EDGE('',*,*,#4213,.F.);
#4213 = EDGE_CURVE('',#4187,#4132,#4214,.T.);
#4214 = LINE('',#4215,#4216);
#4215 = CARTESIAN_POINT('',(28.,77.05,2.202682480856E-13));
#4216 = VECTOR('',#4217,1.);
#4217 = DIRECTION('',(1.,0.,0.));
#4218 = PLANE('',#4219);
#4219 = AXIS2_PLACEMENT_3D('',#4220,#4221,#4222);
#4220 = CARTESIAN_POINT('',(28.,76.97,8.000000000022E-02));
#4221 = DIRECTION('',(1.735167508356E-18,-0.707106781187,-0.707106781187
    ));
#4222 = DIRECTION('',(-1.,-1.226948711653E-18,-1.226948711653E-18));
#4223 = ADVANCED_FACE('',(#4224),#4249,.F.);
#4224 = FACE_BOUND('',#4225,.F.);
#4225 = EDGE_LOOP('',(#4226,#4234,#4235,#4243));
#4226 = ORIENTED_EDGE('',*,*,#4227,.F.);
#4227 = EDGE_CURVE('',#3460,#4228,#4230,.T.);
#4228 = VERTEX_POINT('',#4229);
#4229 = CARTESIAN_POINT('',(28.48,84.67,2.202682480856E-13));
#4230 = LINE('',#4231,#4232);
#4231 = CARTESIAN_POINT('',(28.48,84.67,2.202682480856E-13));
#4232 = VECTOR('',#4233,1.);
#4233 = DIRECTION('',(-0.57735026919,0.57735026919,-0.57735026919));
#4234 = ORIENTED_EDGE('',*,*,#3467,.T.);
#4235 = ORIENTED_EDGE('',*,*,#4236,.T.);
#4236 = EDGE_CURVE('',#3468,#4237,#4239,.T.);
#4237 = VERTEX_POINT('',#4238);
#4238 = CARTESIAN_POINT('',(28.48,84.99,2.202682480856E-13));
#4239 = LINE('',#4240,#4241);
#4240 = CARTESIAN_POINT('',(28.373333333333,84.883333333333,
    -0.106666666667));
#4241 = VECTOR('',#4242,1.);
#4242 = DIRECTION('',(-0.57735026919,-0.57735026919,-0.57735026919));
#4243 = ORIENTED_EDGE('',*,*,#4244,.F.);
#4244 = EDGE_CURVE('',#4228,#4237,#4245,.T.);
#4245 = LINE('',#4246,#4247);
#4246 = CARTESIAN_POINT('',(28.48,84.51,2.202682480856E-13));
#4247 = VECTOR('',#4248,1.);
#4248 = DIRECTION('',(0.,1.,0.));
#4249 = PLANE('',#4250);
#4250 = AXIS2_PLACEMENT_3D('',#4251,#4252,#4253);
#4251 = CARTESIAN_POINT('',(28.56,84.51,8.000000000022E-02));
#4252 = DIRECTION('',(-0.707106781187,1.735167508356E-18,0.707106781187)
  );
#4253 = DIRECTION('',(1.226948711653E-18,1.,-1.226948711653E-18));
#4254 = ADVANCED_FACE('',(#4255),#4273,.F.);
#4255 = FACE_BOUND('',#4256,.T.);
#4256 = EDGE_LOOP('',(#4257,#4265,#4266,#4267));
#4257 = ORIENTED_EDGE('',*,*,#4258,.F.);
#4258 = EDGE_CURVE('',#3492,#4259,#4261,.T.);
#4259 = VERTEX_POINT('',#4260);
#4260 = CARTESIAN_POINT('',(28.16,84.99,2.202682480856E-13));
#4261 = LINE('',#4262,#4263);
#4262 = CARTESIAN_POINT('',(28.16,84.99,2.202682480856E-13));
#4263 = VECTOR('',#4264,1.);
#4264 = DIRECTION('',(0.57735026919,-0.57735026919,-0.57735026919));
#4265 = ORIENTED_EDGE('',*,*,#3491,.T.);
#4266 = ORIENTED_EDGE('',*,*,#4236,.T.);
#4267 = ORIENTED_EDGE('',*,*,#4268,.F.);
#4268 = EDGE_CURVE('',#4259,#4237,#4269,.T.);
#4269 = LINE('',#4270,#4271);
#4270 = CARTESIAN_POINT('',(28.,84.99,2.202682480856E-13));
#4271 = VECTOR('',#4272,1.);
#4272 = DIRECTION('',(1.,0.,0.));
#4273 = PLANE('',#4274);
#4274 = AXIS2_PLACEMENT_3D('',#4275,#4276,#4277);
#4275 = CARTESIAN_POINT('',(28.,85.07,8.000000000022E-02));
#4276 = DIRECTION('',(-1.735167508356E-18,-0.707106781187,0.707106781187
    ));
#4277 = DIRECTION('',(-1.,1.226948711653E-18,-1.226948711653E-18));
#4278 = ADVANCED_FACE('',(#4279),#4297,.T.);
#4279 = FACE_BOUND('',#4280,.T.);
#4280 = EDGE_LOOP('',(#4281,#4289,#4290,#4291));
#4281 = ORIENTED_EDGE('',*,*,#4282,.F.);
#4282 = EDGE_CURVE('',#3515,#4283,#4285,.T.);
#4283 = VERTEX_POINT('',#4284);
#4284 = CARTESIAN_POINT('',(28.16,84.67,2.202682480856E-13));
#4285 = LINE('',#4286,#4287);
#4286 = CARTESIAN_POINT('',(28.053333333333,84.563333333333,
    0.106666666667));
#4287 = VECTOR('',#4288,1.);
#4288 = DIRECTION('',(0.57735026919,0.57735026919,-0.57735026919));
#4289 = ORIENTED_EDGE('',*,*,#3522,.T.);
#4290 = ORIENTED_EDGE('',*,*,#4258,.T.);
#4291 = ORIENTED_EDGE('',*,*,#4292,.F.);
#4292 = EDGE_CURVE('',#4283,#4259,#4293,.T.);
#4293 = LINE('',#4294,#4295);
#4294 = CARTESIAN_POINT('',(28.16,84.51,2.202682480856E-13));
#4295 = VECTOR('',#4296,1.);
#4296 = DIRECTION('',(0.,1.,0.));
#4297 = PLANE('',#4298);
#4298 = AXIS2_PLACEMENT_3D('',#4299,#4300,#4301);
#4299 = CARTESIAN_POINT('',(28.08,84.51,8.000000000022E-02));
#4300 = DIRECTION('',(-0.707106781187,-1.735167508356E-18,
    -0.707106781187));
#4301 = DIRECTION('',(-1.226948711653E-18,1.,-1.226948711653E-18));
#4302 = ADVANCED_FACE('',(#4303),#4314,.T.);
#4303 = FACE_BOUND('',#4304,.F.);
#4304 = EDGE_LOOP('',(#4305,#4306,#4307,#4308));
#4305 = ORIENTED_EDGE('',*,*,#4282,.F.);
#4306 = ORIENTED_EDGE('',*,*,#3539,.T.);
#4307 = ORIENTED_EDGE('',*,*,#4227,.T.);
#4308 = ORIENTED_EDGE('',*,*,#4309,.F.);
#4309 = EDGE_CURVE('',#4283,#4228,#4310,.T.);
#4310 = LINE('',#4311,#4312);
#4311 = CARTESIAN_POINT('',(28.,84.67,2.202682480856E-13));
#4312 = VECTOR('',#4313,1.);
#4313 = DIRECTION('',(1.,0.,0.));
#4314 = PLANE('',#4315);
#4315 = AXIS2_PLACEMENT_3D('',#4316,#4317,#4318);
#4316 = CARTESIAN_POINT('',(28.,84.59,8.000000000022E-02));
#4317 = DIRECTION('',(1.735167508356E-18,-0.707106781187,-0.707106781187
    ));
#4318 = DIRECTION('',(-1.,-1.226948711653E-18,-1.226948711653E-18));
#4319 = ADVANCED_FACE('',(#4320),#4345,.F.);
#4320 = FACE_BOUND('',#4321,.T.);
#4321 = EDGE_LOOP('',(#4322,#4330,#4331,#4339));
#4322 = ORIENTED_EDGE('',*,*,#4323,.F.);
#4323 = EDGE_CURVE('',#3564,#4324,#4326,.T.);
#4324 = VERTEX_POINT('',#4325);
#4325 = CARTESIAN_POINT('',(28.16,82.45,2.202682480856E-13));
#4326 = LINE('',#4327,#4328);
#4327 = CARTESIAN_POINT('',(28.16,82.45,2.202682480856E-13));
#4328 = VECTOR('',#4329,1.);
#4329 = DIRECTION('',(0.57735026919,-0.57735026919,-0.57735026919));
#4330 = ORIENTED_EDGE('',*,*,#3563,.T.);
#4331 = ORIENTED_EDGE('',*,*,#4332,.T.);
#4332 = EDGE_CURVE('',#3556,#4333,#4335,.T.);
#4333 = VERTEX_POINT('',#4334);
#4334 = CARTESIAN_POINT('',(28.48,82.45,2.202682480856E-13));
#4335 = LINE('',#4336,#4337);
#4336 = CARTESIAN_POINT('',(28.373333333333,82.343333333333,
    -0.106666666667));
#4337 = VECTOR('',#4338,1.);
#4338 = DIRECTION('',(-0.57735026919,-0.57735026919,-0.57735026919));
#4339 = ORIENTED_EDGE('',*,*,#4340,.F.);
#4340 = EDGE_CURVE('',#4324,#4333,#4341,.T.);
#4341 = LINE('',#4342,#4343);
#4342 = CARTESIAN_POINT('',(28.,82.45,2.202682480856E-13));
#4343 = VECTOR('',#4344,1.);
#4344 = DIRECTION('',(1.,0.,0.));
#4345 = PLANE('',#4346);
#4346 = AXIS2_PLACEMENT_3D('',#4347,#4348,#4349);
#4347 = CARTESIAN_POINT('',(28.,82.53,8.000000000022E-02));
#4348 = DIRECTION('',(-1.735167508356E-18,-0.707106781187,0.707106781187
    ));
#4349 = DIRECTION('',(-1.,1.226948711653E-18,-1.226948711653E-18));
#4350 = ADVANCED_FACE('',(#4351),#4369,.T.);
#4351 = FACE_BOUND('',#4352,.T.);
#4352 = EDGE_LOOP('',(#4353,#4361,#4362,#4363));
#4353 = ORIENTED_EDGE('',*,*,#4354,.F.);
#4354 = EDGE_CURVE('',#3587,#4355,#4357,.T.);
#4355 = VERTEX_POINT('',#4356);
#4356 = CARTESIAN_POINT('',(28.16,82.13,2.202682480856E-13));
#4357 = LINE('',#4358,#4359);
#4358 = CARTESIAN_POINT('',(28.053333333333,82.023333333333,
    0.106666666667));
#4359 = VECTOR('',#4360,1.);
#4360 = DIRECTION('',(0.57735026919,0.57735026919,-0.57735026919));
#4361 = ORIENTED_EDGE('',*,*,#3594,.T.);
#4362 = ORIENTED_EDGE('',*,*,#4323,.T.);
#4363 = ORIENTED_EDGE('',*,*,#4364,.F.);
#4364 = EDGE_CURVE('',#4355,#4324,#4365,.T.);
#4365 = LINE('',#4366,#4367);
#4366 = CARTESIAN_POINT('',(28.16,81.97,2.202682480856E-13));
#4367 = VECTOR('',#4368,1.);
#4368 = DIRECTION('',(0.,1.,0.));
#4369 = PLANE('',#4370);
#4370 = AXIS2_PLACEMENT_3D('',#4371,#4372,#4373);
#4371 = CARTESIAN_POINT('',(28.08,81.97,8.000000000022E-02));
#4372 = DIRECTION('',(-0.707106781187,-1.735167508356E-18,
    -0.707106781187));
#4373 = DIRECTION('',(-1.226948711653E-18,1.,-1.226948711653E-18));
#4374 = ADVANCED_FACE('',(#4375),#4393,.T.);
#4375 = FACE_BOUND('',#4376,.F.);
#4376 = EDGE_LOOP('',(#4377,#4378,#4379,#4387));
#4377 = ORIENTED_EDGE('',*,*,#4354,.F.);
#4378 = ORIENTED_EDGE('',*,*,#3618,.T.);
#4379 = ORIENTED_EDGE('',*,*,#4380,.T.);
#4380 = EDGE_CURVE('',#3611,#4381,#4383,.T.);
#4381 = VERTEX_POINT('',#4382);
#4382 = CARTESIAN_POINT('',(28.48,82.13,2.202682480856E-13));
#4383 = LINE('',#4384,#4385);
#4384 = CARTESIAN_POINT('',(28.48,82.13,2.202682480856E-13));
#4385 = VECTOR('',#4386,1.);
#4386 = DIRECTION('',(-0.57735026919,0.57735026919,-0.57735026919));
#4387 = ORIENTED_EDGE('',*,*,#4388,.F.);
#4388 = EDGE_CURVE('',#4355,#4381,#4389,.T.);
#4389 = LINE('',#4390,#4391);
#4390 = CARTESIAN_POINT('',(28.,82.13,2.202682480856E-13));
#4391 = VECTOR('',#4392,1.);
#4392 = DIRECTION('',(1.,0.,0.));
#4393 = PLANE('',#4394);
#4394 = AXIS2_PLACEMENT_3D('',#4395,#4396,#4397);
#4395 = CARTESIAN_POINT('',(28.,82.05,8.000000000022E-02));
#4396 = DIRECTION('',(1.735167508356E-18,-0.707106781187,-0.707106781187
    ));
#4397 = DIRECTION('',(-1.,-1.226948711653E-18,-1.226948711653E-18));
#4398 = ADVANCED_FACE('',(#4399),#4410,.F.);
#4399 = FACE_BOUND('',#4400,.F.);
#4400 = EDGE_LOOP('',(#4401,#4402,#4403,#4404));
#4401 = ORIENTED_EDGE('',*,*,#4380,.F.);
#4402 = ORIENTED_EDGE('',*,*,#3635,.T.);
#4403 = ORIENTED_EDGE('',*,*,#4332,.T.);
#4404 = ORIENTED_EDGE('',*,*,#4405,.F.);
#4405 = EDGE_CURVE('',#4381,#4333,#4406,.T.);
#4406 = LINE('',#4407,#4408);
#4407 = CARTESIAN_POINT('',(28.48,81.97,2.202682480856E-13));
#4408 = VECTOR('',#4409,1.);
#4409 = DIRECTION('',(0.,1.,0.));
#4410 = PLANE('',#4411);
#4411 = AXIS2_PLACEMENT_3D('',#4412,#4413,#4414);
#4412 = CARTESIAN_POINT('',(28.56,81.97,8.000000000022E-02));
#4413 = DIRECTION('',(-0.707106781187,1.735167508356E-18,0.707106781187)
  );
#4414 = DIRECTION('',(1.226948711653E-18,1.,-1.226948711653E-18));
#4415 = ADVANCED_FACE('',(#4416),#4441,.T.);
#4416 = FACE_BOUND('',#4417,.F.);
#4417 = EDGE_LOOP('',(#4418,#4426,#4427,#4435));
#4418 = ORIENTED_EDGE('',*,*,#4419,.F.);
#4419 = EDGE_CURVE('',#3661,#4420,#4422,.T.);
#4420 = VERTEX_POINT('',#4421);
#4421 = CARTESIAN_POINT('',(28.16,79.91,11.54));
#4422 = LINE('',#4423,#4424);
#4423 = CARTESIAN_POINT('',(28.16,79.91,11.54));
#4424 = VECTOR('',#4425,1.);
#4425 = DIRECTION('',(0.57735026919,-0.57735026919,0.57735026919));
#4426 = ORIENTED_EDGE('',*,*,#3668,.T.);
#4427 = ORIENTED_EDGE('',*,*,#4428,.T.);
#4428 = EDGE_CURVE('',#3652,#4429,#4431,.T.);
#4429 = VERTEX_POINT('',#4430);
#4430 = CARTESIAN_POINT('',(28.48,79.91,11.54));
#4431 = LINE('',#4432,#4433);
#4432 = CARTESIAN_POINT('',(28.373333333333,79.803333333333,
    11.646666666667));
#4433 = VECTOR('',#4434,1.);
#4434 = DIRECTION('',(-0.57735026919,-0.57735026919,0.57735026919));
#4435 = ORIENTED_EDGE('',*,*,#4436,.F.);
#4436 = EDGE_CURVE('',#4420,#4429,#4437,.T.);
#4437 = LINE('',#4438,#4439);
#4438 = CARTESIAN_POINT('',(28.,79.91,11.54));
#4439 = VECTOR('',#4440,1.);
#4440 = DIRECTION('',(1.,0.,0.));
#4441 = PLANE('',#4442);
#4442 = AXIS2_PLACEMENT_3D('',#4443,#4444,#4445);
#4443 = CARTESIAN_POINT('',(28.,79.99,11.46));
#4444 = DIRECTION('',(1.735167508356E-18,0.707106781187,0.707106781187)
  );
#4445 = DIRECTION('',(-1.,1.226948711653E-18,1.226948711653E-18));
#4446 = ADVANCED_FACE('',(#4447),#4465,.F.);
#4447 = FACE_BOUND('',#4448,.F.);
#4448 = EDGE_LOOP('',(#4449,#4457,#4458,#4459));
#4449 = ORIENTED_EDGE('',*,*,#4450,.F.);
#4450 = EDGE_CURVE('',#3683,#4451,#4453,.T.);
#4451 = VERTEX_POINT('',#4452);
#4452 = CARTESIAN_POINT('',(28.16,79.59,11.54));
#4453 = LINE('',#4454,#4455);
#4454 = CARTESIAN_POINT('',(28.053333333333,79.483333333333,
    11.433333333333));
#4455 = VECTOR('',#4456,1.);
#4456 = DIRECTION('',(0.57735026919,0.57735026919,0.57735026919));
#4457 = ORIENTED_EDGE('',*,*,#3692,.T.);
#4458 = ORIENTED_EDGE('',*,*,#4419,.T.);
#4459 = ORIENTED_EDGE('',*,*,#4460,.F.);
#4460 = EDGE_CURVE('',#4451,#4420,#4461,.T.);
#4461 = LINE('',#4462,#4463);
#4462 = CARTESIAN_POINT('',(28.16,79.43,11.54));
#4463 = VECTOR('',#4464,1.);
#4464 = DIRECTION('',(0.,1.,0.));
#4465 = PLANE('',#4466);
#4466 = AXIS2_PLACEMENT_3D('',#4467,#4468,#4469);
#4467 = CARTESIAN_POINT('',(28.08,79.43,11.46));
#4468 = DIRECTION('',(0.707106781187,1.735167508356E-18,-0.707106781187)
  );
#4469 = DIRECTION('',(-1.226948711653E-18,1.,1.226948711653E-18));
#4470 = ADVANCED_FACE('',(#4471),#4489,.F.);
#4471 = FACE_BOUND('',#4472,.T.);
#4472 = EDGE_LOOP('',(#4473,#4474,#4475,#4483));
#4473 = ORIENTED_EDGE('',*,*,#4450,.F.);
#4474 = ORIENTED_EDGE('',*,*,#3716,.T.);
#4475 = ORIENTED_EDGE('',*,*,#4476,.T.);
#4476 = EDGE_CURVE('',#3707,#4477,#4479,.T.);
#4477 = VERTEX_POINT('',#4478);
#4478 = CARTESIAN_POINT('',(28.48,79.59,11.54));
#4479 = LINE('',#4480,#4481);
#4480 = CARTESIAN_POINT('',(28.48,79.59,11.54));
#4481 = VECTOR('',#4482,1.);
#4482 = DIRECTION('',(-0.57735026919,0.57735026919,0.57735026919));
#4483 = ORIENTED_EDGE('',*,*,#4484,.F.);
#4484 = EDGE_CURVE('',#4451,#4477,#4485,.T.);
#4485 = LINE('',#4486,#4487);
#4486 = CARTESIAN_POINT('',(28.,79.59,11.54));
#4487 = VECTOR('',#4488,1.);
#4488 = DIRECTION('',(1.,0.,0.));
#4489 = PLANE('',#4490);
#4490 = AXIS2_PLACEMENT_3D('',#4491,#4492,#4493);
#4491 = CARTESIAN_POINT('',(28.,79.51,11.46));
#4492 = DIRECTION('',(-1.735167508356E-18,0.707106781187,-0.707106781187
    ));
#4493 = DIRECTION('',(-1.,-1.226948711653E-18,1.226948711653E-18));
#4494 = ADVANCED_FACE('',(#4495),#4506,.T.);
#4495 = FACE_BOUND('',#4496,.T.);
#4496 = EDGE_LOOP('',(#4497,#4498,#4499,#4500));
#4497 = ORIENTED_EDGE('',*,*,#4476,.F.);
#4498 = ORIENTED_EDGE('',*,*,#3733,.T.);
#4499 = ORIENTED_EDGE('',*,*,#4428,.T.);
#4500 = ORIENTED_EDGE('',*,*,#4501,.F.);
#4501 = EDGE_CURVE('',#4477,#4429,#4502,.T.);
#4502 = LINE('',#4503,#4504);
#4503 = CARTESIAN_POINT('',(28.48,79.43,11.54));
#4504 = VECTOR('',#4505,1.);
#4505 = DIRECTION('',(0.,1.,0.));
#4506 = PLANE('',#4507);
#4507 = AXIS2_PLACEMENT_3D('',#4508,#4509,#4510);
#4508 = CARTESIAN_POINT('',(28.56,79.43,11.46));
#4509 = DIRECTION('',(0.707106781187,-1.735167508356E-18,0.707106781187)
  );
#4510 = DIRECTION('',(1.226948711653E-18,1.,1.226948711653E-18));
#4511 = ADVANCED_FACE('',(#4512),#4537,.T.);
#4512 = FACE_BOUND('',#4513,.T.);
#4513 = EDGE_LOOP('',(#4514,#4522,#4523,#4531));
#4514 = ORIENTED_EDGE('',*,*,#4515,.F.);
#4515 = EDGE_CURVE('',#3748,#4516,#4518,.T.);
#4516 = VERTEX_POINT('',#4517);
#4517 = CARTESIAN_POINT('',(28.48,77.05,11.54));
#4518 = LINE('',#4519,#4520);
#4519 = CARTESIAN_POINT('',(28.48,77.05,11.54));
#4520 = VECTOR('',#4521,1.);
#4521 = DIRECTION('',(-0.57735026919,0.57735026919,0.57735026919));
#4522 = ORIENTED_EDGE('',*,*,#3764,.T.);
#4523 = ORIENTED_EDGE('',*,*,#4524,.T.);
#4524 = EDGE_CURVE('',#3757,#4525,#4527,.T.);
#4525 = VERTEX_POINT('',#4526);
#4526 = CARTESIAN_POINT('',(28.48,77.37,11.54));
#4527 = LINE('',#4528,#4529);
#4528 = CARTESIAN_POINT('',(28.373333333333,77.263333333333,
    11.646666666667));
#4529 = VECTOR('',#4530,1.);
#4530 = DIRECTION('',(-0.57735026919,-0.57735026919,0.57735026919));
#4531 = ORIENTED_EDGE('',*,*,#4532,.F.);
#4532 = EDGE_CURVE('',#4516,#4525,#4533,.T.);
#4533 = LINE('',#4534,#4535);
#4534 = CARTESIAN_POINT('',(28.48,76.89,11.54));
#4535 = VECTOR('',#4536,1.);
#4536 = DIRECTION('',(0.,1.,0.));
#4537 = PLANE('',#4538);
#4538 = AXIS2_PLACEMENT_3D('',#4539,#4540,#4541);
#4539 = CARTESIAN_POINT('',(28.56,76.89,11.46));
#4540 = DIRECTION('',(0.707106781187,-1.735167508356E-18,0.707106781187)
  );
#4541 = DIRECTION('',(1.226948711653E-18,1.,1.226948711653E-18));
#4542 = ADVANCED_FACE('',(#4543),#4561,.T.);
#4543 = FACE_BOUND('',#4544,.F.);
#4544 = EDGE_LOOP('',(#4545,#4553,#4554,#4555));
#4545 = ORIENTED_EDGE('',*,*,#4546,.F.);
#4546 = EDGE_CURVE('',#3781,#4547,#4549,.T.);
#4547 = VERTEX_POINT('',#4548);
#4548 = CARTESIAN_POINT('',(28.16,77.37,11.54));
#4549 = LINE('',#4550,#4551);
#4550 = CARTESIAN_POINT('',(28.16,77.37,11.54));
#4551 = VECTOR('',#4552,1.);
#4552 = DIRECTION('',(0.57735026919,-0.57735026919,0.57735026919));
#4553 = ORIENTED_EDGE('',*,*,#3788,.T.);
#4554 = ORIENTED_EDGE('',*,*,#4524,.T.);
#4555 = ORIENTED_EDGE('',*,*,#4556,.F.);
#4556 = EDGE_CURVE('',#4547,#4525,#4557,.T.);
#4557 = LINE('',#4558,#4559);
#4558 = CARTESIAN_POINT('',(28.,77.37,11.54));
#4559 = VECTOR('',#4560,1.);
#4560 = DIRECTION('',(1.,0.,0.));
#4561 = PLANE('',#4562);
#4562 = AXIS2_PLACEMENT_3D('',#4563,#4564,#4565);
#4563 = CARTESIAN_POINT('',(28.,77.45,11.46));
#4564 = DIRECTION('',(1.735167508356E-18,0.707106781187,0.707106781187)
  );
#4565 = DIRECTION('',(-1.,1.226948711653E-18,1.226948711653E-18));
#4566 = ADVANCED_FACE('',(#4567),#4585,.F.);
#4567 = FACE_BOUND('',#4568,.F.);
#4568 = EDGE_LOOP('',(#4569,#4577,#4578,#4579));
#4569 = ORIENTED_EDGE('',*,*,#4570,.F.);
#4570 = EDGE_CURVE('',#3803,#4571,#4573,.T.);
#4571 = VERTEX_POINT('',#4572);
#4572 = CARTESIAN_POINT('',(28.16,77.05,11.54));
#4573 = LINE('',#4574,#4575);
#4574 = CARTESIAN_POINT('',(28.053333333333,76.943333333333,
    11.433333333333));
#4575 = VECTOR('',#4576,1.);
#4576 = DIRECTION('',(0.57735026919,0.57735026919,0.57735026919));
#4577 = ORIENTED_EDGE('',*,*,#3812,.T.);
#4578 = ORIENTED_EDGE('',*,*,#4546,.T.);
#4579 = ORIENTED_EDGE('',*,*,#4580,.F.);
#4580 = EDGE_CURVE('',#4571,#4547,#4581,.T.);
#4581 = LINE('',#4582,#4583);
#4582 = CARTESIAN_POINT('',(28.16,76.89,11.54));
#4583 = VECTOR('',#4584,1.);
#4584 = DIRECTION('',(0.,1.,0.));
#4585 = PLANE('',#4586);
#4586 = AXIS2_PLACEMENT_3D('',#4587,#4588,#4589);
#4587 = CARTESIAN_POINT('',(28.08,76.89,11.46));
#4588 = DIRECTION('',(0.707106781187,1.735167508356E-18,-0.707106781187)
  );
#4589 = DIRECTION('',(-1.226948711653E-18,1.,1.226948711653E-18));
#4590 = ADVANCED_FACE('',(#4591),#4602,.F.);
#4591 = FACE_BOUND('',#4592,.T.);
#4592 = EDGE_LOOP('',(#4593,#4594,#4595,#4596));
#4593 = ORIENTED_EDGE('',*,*,#4570,.F.);
#4594 = ORIENTED_EDGE('',*,*,#3829,.T.);
#4595 = ORIENTED_EDGE('',*,*,#4515,.T.);
#4596 = ORIENTED_EDGE('',*,*,#4597,.F.);
#4597 = EDGE_CURVE('',#4571,#4516,#4598,.T.);
#4598 = LINE('',#4599,#4600);
#4599 = CARTESIAN_POINT('',(28.,77.05,11.54));
#4600 = VECTOR('',#4601,1.);
#4601 = DIRECTION('',(1.,0.,0.));
#4602 = PLANE('',#4603);
#4603 = AXIS2_PLACEMENT_3D('',#4604,#4605,#4606);
#4604 = CARTESIAN_POINT('',(28.,76.97,11.46));
#4605 = DIRECTION('',(-1.735167508356E-18,0.707106781187,-0.707106781187
    ));
#4606 = DIRECTION('',(-1.,-1.226948711653E-18,1.226948711653E-18));
#4607 = ADVANCED_FACE('',(#4608),#4633,.T.);
#4608 = FACE_BOUND('',#4609,.T.);
#4609 = EDGE_LOOP('',(#4610,#4618,#4619,#4627));
#4610 = ORIENTED_EDGE('',*,*,#4611,.F.);
#4611 = EDGE_CURVE('',#3844,#4612,#4614,.T.);
#4612 = VERTEX_POINT('',#4613);
#4613 = CARTESIAN_POINT('',(28.48,84.67,11.54));
#4614 = LINE('',#4615,#4616);
#4615 = CARTESIAN_POINT('',(28.48,84.67,11.54));
#4616 = VECTOR('',#4617,1.);
#4617 = DIRECTION('',(-0.57735026919,0.57735026919,0.57735026919));
#4618 = ORIENTED_EDGE('',*,*,#3860,.T.);
#4619 = ORIENTED_EDGE('',*,*,#4620,.T.);
#4620 = EDGE_CURVE('',#3853,#4621,#4623,.T.);
#4621 = VERTEX_POINT('',#4622);
#4622 = CARTESIAN_POINT('',(28.48,84.99,11.54));
#4623 = LINE('',#4624,#4625);
#4624 = CARTESIAN_POINT('',(28.373333333333,84.883333333333,
    11.646666666667));
#4625 = VECTOR('',#4626,1.);
#4626 = DIRECTION('',(-0.57735026919,-0.57735026919,0.57735026919));
#4627 = ORIENTED_EDGE('',*,*,#4628,.F.);
#4628 = EDGE_CURVE('',#4612,#4621,#4629,.T.);
#4629 = LINE('',#4630,#4631);
#4630 = CARTESIAN_POINT('',(28.48,84.51,11.54));
#4631 = VECTOR('',#4632,1.);
#4632 = DIRECTION('',(0.,1.,0.));
#4633 = PLANE('',#4634);
#4634 = AXIS2_PLACEMENT_3D('',#4635,#4636,#4637);
#4635 = CARTESIAN_POINT('',(28.56,84.51,11.46));
#4636 = DIRECTION('',(0.707106781187,-1.735167508356E-18,0.707106781187)
  );
#4637 = DIRECTION('',(1.226948711653E-18,1.,1.226948711653E-18));
#4638 = ADVANCED_FACE('',(#4639),#4657,.T.);
#4639 = FACE_BOUND('',#4640,.F.);
#4640 = EDGE_LOOP('',(#4641,#4649,#4650,#4651));
#4641 = ORIENTED_EDGE('',*,*,#4642,.F.);
#4642 = EDGE_CURVE('',#3877,#4643,#4645,.T.);
#4643 = VERTEX_POINT('',#4644);
#4644 = CARTESIAN_POINT('',(28.16,84.99,11.54));
#4645 = LINE('',#4646,#4647);
#4646 = CARTESIAN_POINT('',(28.16,84.99,11.54));
#4647 = VECTOR('',#4648,1.);
#4648 = DIRECTION('',(0.57735026919,-0.57735026919,0.57735026919));
#4649 = ORIENTED_EDGE('',*,*,#3884,.T.);
#4650 = ORIENTED_EDGE('',*,*,#4620,.T.);
#4651 = ORIENTED_EDGE('',*,*,#4652,.F.);
#4652 = EDGE_CURVE('',#4643,#4621,#4653,.T.);
#4653 = LINE('',#4654,#4655);
#4654 = CARTESIAN_POINT('',(28.,84.99,11.54));
#4655 = VECTOR('',#4656,1.);
#4656 = DIRECTION('',(1.,0.,0.));
#4657 = PLANE('',#4658);
#4658 = AXIS2_PLACEMENT_3D('',#4659,#4660,#4661);
#4659 = CARTESIAN_POINT('',(28.,85.07,11.46));
#4660 = DIRECTION('',(1.735167508356E-18,0.707106781187,0.707106781187)
  );
#4661 = DIRECTION('',(-1.,1.226948711653E-18,1.226948711653E-18));
#4662 = ADVANCED_FACE('',(#4663),#4681,.F.);
#4663 = FACE_BOUND('',#4664,.F.);
#4664 = EDGE_LOOP('',(#4665,#4673,#4674,#4675));
#4665 = ORIENTED_EDGE('',*,*,#4666,.F.);
#4666 = EDGE_CURVE('',#3899,#4667,#4669,.T.);
#4667 = VERTEX_POINT('',#4668);
#4668 = CARTESIAN_POINT('',(28.16,84.67,11.54));
#4669 = LINE('',#4670,#4671);
#4670 = CARTESIAN_POINT('',(28.053333333333,84.563333333333,
    11.433333333333));
#4671 = VECTOR('',#4672,1.);
#4672 = DIRECTION('',(0.57735026919,0.57735026919,0.57735026919));
#4673 = ORIENTED_EDGE('',*,*,#3908,.T.);
#4674 = ORIENTED_EDGE('',*,*,#4642,.T.);
#4675 = ORIENTED_EDGE('',*,*,#4676,.F.);
#4676 = EDGE_CURVE('',#4667,#4643,#4677,.T.);
#4677 = LINE('',#4678,#4679);
#4678 = CARTESIAN_POINT('',(28.16,84.51,11.54));
#4679 = VECTOR('',#4680,1.);
#4680 = DIRECTION('',(0.,1.,0.));
#4681 = PLANE('',#4682);
#4682 = AXIS2_PLACEMENT_3D('',#4683,#4684,#4685);
#4683 = CARTESIAN_POINT('',(28.08,84.51,11.46));
#4684 = DIRECTION('',(0.707106781187,1.735167508356E-18,-0.707106781187)
  );
#4685 = DIRECTION('',(-1.226948711653E-18,1.,1.226948711653E-18));
#4686 = ADVANCED_FACE('',(#4687),#4698,.F.);
#4687 = FACE_BOUND('',#4688,.T.);
#4688 = EDGE_LOOP('',(#4689,#4690,#4691,#4692));
#4689 = ORIENTED_EDGE('',*,*,#4666,.F.);
#4690 = ORIENTED_EDGE('',*,*,#3925,.T.);
#4691 = ORIENTED_EDGE('',*,*,#4611,.T.);
#4692 = ORIENTED_EDGE('',*,*,#4693,.F.);
#4693 = EDGE_CURVE('',#4667,#4612,#4694,.T.);
#4694 = LINE('',#4695,#4696);
#4695 = CARTESIAN_POINT('',(28.,84.67,11.54));
#4696 = VECTOR('',#4697,1.);
#4697 = DIRECTION('',(1.,0.,0.));
#4698 = PLANE('',#4699);
#4699 = AXIS2_PLACEMENT_3D('',#4700,#4701,#4702);
#4700 = CARTESIAN_POINT('',(28.,84.59,11.46));
#4701 = DIRECTION('',(-1.735167508356E-18,0.707106781187,-0.707106781187
    ));
#4702 = DIRECTION('',(-1.,-1.226948711653E-18,1.226948711653E-18));
#4703 = ADVANCED_FACE('',(#4704),#4729,.T.);
#4704 = FACE_BOUND('',#4705,.F.);
#4705 = EDGE_LOOP('',(#4706,#4714,#4715,#4723));
#4706 = ORIENTED_EDGE('',*,*,#4707,.F.);
#4707 = EDGE_CURVE('',#3949,#4708,#4710,.T.);
#4708 = VERTEX_POINT('',#4709);
#4709 = CARTESIAN_POINT('',(28.16,82.45,11.54));
#4710 = LINE('',#4711,#4712);
#4711 = CARTESIAN_POINT('',(28.16,82.45,11.54));
#4712 = VECTOR('',#4713,1.);
#4713 = DIRECTION('',(0.57735026919,-0.57735026919,0.57735026919));
#4714 = ORIENTED_EDGE('',*,*,#3956,.T.);
#4715 = ORIENTED_EDGE('',*,*,#4716,.T.);
#4716 = EDGE_CURVE('',#3940,#4717,#4719,.T.);
#4717 = VERTEX_POINT('',#4718);
#4718 = CARTESIAN_POINT('',(28.48,82.45,11.54));
#4719 = LINE('',#4720,#4721);
#4720 = CARTESIAN_POINT('',(28.373333333333,82.343333333333,
    11.646666666667));
#4721 = VECTOR('',#4722,1.);
#4722 = DIRECTION('',(-0.57735026919,-0.57735026919,0.57735026919));
#4723 = ORIENTED_EDGE('',*,*,#4724,.F.);
#4724 = EDGE_CURVE('',#4708,#4717,#4725,.T.);
#4725 = LINE('',#4726,#4727);
#4726 = CARTESIAN_POINT('',(28.,82.45,11.54));
#4727 = VECTOR('',#4728,1.);
#4728 = DIRECTION('',(1.,0.,0.));
#4729 = PLANE('',#4730);
#4730 = AXIS2_PLACEMENT_3D('',#4731,#4732,#4733);
#4731 = CARTESIAN_POINT('',(28.,82.53,11.46));
#4732 = DIRECTION('',(1.735167508356E-18,0.707106781187,0.707106781187)
  );
#4733 = DIRECTION('',(-1.,1.226948711653E-18,1.226948711653E-18));
#4734 = ADVANCED_FACE('',(#4735),#4753,.F.);
#4735 = FACE_BOUND('',#4736,.F.);
#4736 = EDGE_LOOP('',(#4737,#4745,#4746,#4747));
#4737 = ORIENTED_EDGE('',*,*,#4738,.F.);
#4738 = EDGE_CURVE('',#3971,#4739,#4741,.T.);
#4739 = VERTEX_POINT('',#4740);
#4740 = CARTESIAN_POINT('',(28.16,82.13,11.54));
#4741 = LINE('',#4742,#4743);
#4742 = CARTESIAN_POINT('',(28.053333333333,82.023333333333,
    11.433333333333));
#4743 = VECTOR('',#4744,1.);
#4744 = DIRECTION('',(0.57735026919,0.57735026919,0.57735026919));
#4745 = ORIENTED_EDGE('',*,*,#3980,.T.);
#4746 = ORIENTED_EDGE('',*,*,#4707,.T.);
#4747 = ORIENTED_EDGE('',*,*,#4748,.F.);
#4748 = EDGE_CURVE('',#4739,#4708,#4749,.T.);
#4749 = LINE('',#4750,#4751);
#4750 = CARTESIAN_POINT('',(28.16,81.97,11.54));
#4751 = VECTOR('',#4752,1.);
#4752 = DIRECTION('',(0.,1.,0.));
#4753 = PLANE('',#4754);
#4754 = AXIS2_PLACEMENT_3D('',#4755,#4756,#4757);
#4755 = CARTESIAN_POINT('',(28.08,81.97,11.46));
#4756 = DIRECTION('',(0.707106781187,1.735167508356E-18,-0.707106781187)
  );
#4757 = DIRECTION('',(-1.226948711653E-18,1.,1.226948711653E-18));
#4758 = ADVANCED_FACE('',(#4759),#4777,.F.);
#4759 = FACE_BOUND('',#4760,.T.);
#4760 = EDGE_LOOP('',(#4761,#4762,#4763,#4771));
#4761 = ORIENTED_EDGE('',*,*,#4738,.F.);
#4762 = ORIENTED_EDGE('',*,*,#4004,.T.);
#4763 = ORIENTED_EDGE('',*,*,#4764,.T.);
#4764 = EDGE_CURVE('',#3995,#4765,#4767,.T.);
#4765 = VERTEX_POINT('',#4766);
#4766 = CARTESIAN_POINT('',(28.48,82.13,11.54));
#4767 = LINE('',#4768,#4769);
#4768 = CARTESIAN_POINT('',(28.48,82.13,11.54));
#4769 = VECTOR('',#4770,1.);
#4770 = DIRECTION('',(-0.57735026919,0.57735026919,0.57735026919));
#4771 = ORIENTED_EDGE('',*,*,#4772,.F.);
#4772 = EDGE_CURVE('',#4739,#4765,#4773,.T.);
#4773 = LINE('',#4774,#4775);
#4774 = CARTESIAN_POINT('',(28.,82.13,11.54));
#4775 = VECTOR('',#4776,1.);
#4776 = DIRECTION('',(1.,0.,0.));
#4777 = PLANE('',#4778);
#4778 = AXIS2_PLACEMENT_3D('',#4779,#4780,#4781);
#4779 = CARTESIAN_POINT('',(28.,82.05,11.46));
#4780 = DIRECTION('',(-1.735167508356E-18,0.707106781187,-0.707106781187
    ));
#4781 = DIRECTION('',(-1.,-1.226948711653E-18,1.226948711653E-18));
#4782 = ADVANCED_FACE('',(#4783),#4794,.T.);
#4783 = FACE_BOUND('',#4784,.T.);
#4784 = EDGE_LOOP('',(#4785,#4786,#4787,#4788));
#4785 = ORIENTED_EDGE('',*,*,#4764,.F.);
#4786 = ORIENTED_EDGE('',*,*,#4021,.T.);
#4787 = ORIENTED_EDGE('',*,*,#4716,.T.);
#4788 = ORIENTED_EDGE('',*,*,#4789,.F.);
#4789 = EDGE_CURVE('',#4765,#4717,#4790,.T.);
#4790 = LINE('',#4791,#4792);
#4791 = CARTESIAN_POINT('',(28.48,81.97,11.54));
#4792 = VECTOR('',#4793,1.);
#4793 = DIRECTION('',(0.,1.,0.));
#4794 = PLANE('',#4795);
#4795 = AXIS2_PLACEMENT_3D('',#4796,#4797,#4798);
#4796 = CARTESIAN_POINT('',(28.56,81.97,11.46));
#4797 = DIRECTION('',(0.707106781187,-1.735167508356E-18,0.707106781187)
  );
#4798 = DIRECTION('',(1.226948711653E-18,1.,1.226948711653E-18));
#4799 = ADVANCED_FACE('',(#4800),#4806,.F.);
#4800 = FACE_BOUND('',#4801,.F.);
#4801 = EDGE_LOOP('',(#4802,#4803,#4804,#4805));
#4802 = ORIENTED_EDGE('',*,*,#4117,.T.);
#4803 = ORIENTED_EDGE('',*,*,#4052,.F.);
#4804 = ORIENTED_EDGE('',*,*,#4076,.F.);
#4805 = ORIENTED_EDGE('',*,*,#4100,.T.);
#4806 = PLANE('',#4807);
#4807 = AXIS2_PLACEMENT_3D('',#4808,#4809,#4810);
#4808 = CARTESIAN_POINT('',(28.,79.43,2.202682480856E-13));
#4809 = DIRECTION('',(0.,0.,1.));
#4810 = DIRECTION('',(1.,0.,0.));
#4811 = ADVANCED_FACE('',(#4812),#4818,.F.);
#4812 = FACE_BOUND('',#4813,.F.);
#4813 = EDGE_LOOP('',(#4814,#4815,#4816,#4817));
#4814 = ORIENTED_EDGE('',*,*,#4148,.T.);
#4815 = ORIENTED_EDGE('',*,*,#4172,.F.);
#4816 = ORIENTED_EDGE('',*,*,#4196,.F.);
#4817 = ORIENTED_EDGE('',*,*,#4213,.T.);
#4818 = PLANE('',#4819);
#4819 = AXIS2_PLACEMENT_3D('',#4820,#4821,#4822);
#4820 = CARTESIAN_POINT('',(28.,76.89,2.202682480856E-13));
#4821 = DIRECTION('',(0.,0.,1.));
#4822 = DIRECTION('',(1.,0.,0.));
#4823 = ADVANCED_FACE('',(#4824),#4830,.F.);
#4824 = FACE_BOUND('',#4825,.F.);
#4825 = EDGE_LOOP('',(#4826,#4827,#4828,#4829));
#4826 = ORIENTED_EDGE('',*,*,#4244,.T.);
#4827 = ORIENTED_EDGE('',*,*,#4268,.F.);
#4828 = ORIENTED_EDGE('',*,*,#4292,.F.);
#4829 = ORIENTED_EDGE('',*,*,#4309,.T.);
#4830 = PLANE('',#4831);
#4831 = AXIS2_PLACEMENT_3D('',#4832,#4833,#4834);
#4832 = CARTESIAN_POINT('',(28.,84.51,2.202682480856E-13));
#4833 = DIRECTION('',(0.,0.,1.));
#4834 = DIRECTION('',(1.,0.,0.));
#4835 = ADVANCED_FACE('',(#4836),#4842,.F.);
#4836 = FACE_BOUND('',#4837,.F.);
#4837 = EDGE_LOOP('',(#4838,#4839,#4840,#4841));
#4838 = ORIENTED_EDGE('',*,*,#4405,.T.);
#4839 = ORIENTED_EDGE('',*,*,#4340,.F.);
#4840 = ORIENTED_EDGE('',*,*,#4364,.F.);
#4841 = ORIENTED_EDGE('',*,*,#4388,.T.);
#4842 = PLANE('',#4843);
#4843 = AXIS2_PLACEMENT_3D('',#4844,#4845,#4846);
#4844 = CARTESIAN_POINT('',(28.,81.97,2.202682480856E-13));
#4845 = DIRECTION('',(0.,0.,1.));
#4846 = DIRECTION('',(1.,0.,0.));
#4847 = ADVANCED_FACE('',(#4848),#4854,.T.);
#4848 = FACE_BOUND('',#4849,.T.);
#4849 = EDGE_LOOP('',(#4850,#4851,#4852,#4853));
#4850 = ORIENTED_EDGE('',*,*,#4501,.T.);
#4851 = ORIENTED_EDGE('',*,*,#4436,.F.);
#4852 = ORIENTED_EDGE('',*,*,#4460,.F.);
#4853 = ORIENTED_EDGE('',*,*,#4484,.T.);
#4854 = PLANE('',#4855);
#4855 = AXIS2_PLACEMENT_3D('',#4856,#4857,#4858);
#4856 = CARTESIAN_POINT('',(28.,79.43,11.54));
#4857 = DIRECTION('',(0.,0.,1.));
#4858 = DIRECTION('',(1.,0.,0.));
#4859 = ADVANCED_FACE('',(#4860),#4866,.T.);
#4860 = FACE_BOUND('',#4861,.T.);
#4861 = EDGE_LOOP('',(#4862,#4863,#4864,#4865));
#4862 = ORIENTED_EDGE('',*,*,#4532,.T.);
#4863 = ORIENTED_EDGE('',*,*,#4556,.F.);
#4864 = ORIENTED_EDGE('',*,*,#4580,.F.);
#4865 = ORIENTED_EDGE('',*,*,#4597,.T.);
#4866 = PLANE('',#4867);
#4867 = AXIS2_PLACEMENT_3D('',#4868,#4869,#4870);
#4868 = CARTESIAN_POINT('',(28.,76.89,11.54));
#4869 = DIRECTION('',(0.,0.,1.));
#4870 = DIRECTION('',(1.,0.,0.));
#4871 = ADVANCED_FACE('',(#4872),#4878,.T.);
#4872 = FACE_BOUND('',#4873,.T.);
#4873 = EDGE_LOOP('',(#4874,#4875,#4876,#4877));
#4874 = ORIENTED_EDGE('',*,*,#4628,.T.);
#4875 = ORIENTED_EDGE('',*,*,#4652,.F.);
#4876 = ORIENTED_EDGE('',*,*,#4676,.F.);
#4877 = ORIENTED_EDGE('',*,*,#4693,.T.);
#4878 = PLANE('',#4879);
#4879 = AXIS2_PLACEMENT_3D('',#4880,#4881,#4882);
#4880 = CARTESIAN_POINT('',(28.,84.51,11.54));
#4881 = DIRECTION('',(0.,0.,1.));
#4882 = DIRECTION('',(1.,0.,0.));
#4883 = ADVANCED_FACE('',(#4884),#4890,.T.);
#4884 = FACE_BOUND('',#4885,.T.);
#4885 = EDGE_LOOP('',(#4886,#4887,#4888,#4889));
#4886 = ORIENTED_EDGE('',*,*,#4789,.T.);
#4887 = ORIENTED_EDGE('',*,*,#4724,.F.);
#4888 = ORIENTED_EDGE('',*,*,#4748,.F.);
#4889 = ORIENTED_EDGE('',*,*,#4772,.T.);
#4890 = PLANE('',#4891);
#4891 = AXIS2_PLACEMENT_3D('',#4892,#4893,#4894);
#4892 = CARTESIAN_POINT('',(28.,81.97,11.54));
#4893 = DIRECTION('',(0.,0.,1.));
#4894 = DIRECTION('',(1.,0.,0.));
#4895 = MANIFOLD_SOLID_BREP('',#4896);
#4896 = CLOSED_SHELL('',(#4897,#4930,#4956,#4981,#5007,#5032,#5041));
#4897 = ADVANCED_FACE('',(#4898),#4925,.T.);
#4898 = FACE_BOUND('',#4899,.T.);
#4899 = EDGE_LOOP('',(#4900,#4910,#4917,#4918));
#4900 = ORIENTED_EDGE('',*,*,#4901,.T.);
#4901 = EDGE_CURVE('',#4902,#4904,#4906,.T.);
#4902 = VERTEX_POINT('',#4903);
#4903 = CARTESIAN_POINT('',(28.63,13.,0.5));
#4904 = VERTEX_POINT('',#4905);
#4905 = CARTESIAN_POINT('',(28.63,13.,4.));
#4906 = LINE('',#4907,#4908);
#4907 = CARTESIAN_POINT('',(28.63,13.,4.));
#4908 = VECTOR('',#4909,1.);
#4909 = DIRECTION('',(0.,2.2E-16,1.));
#4910 = ORIENTED_EDGE('',*,*,#4911,.F.);
#4911 = EDGE_CURVE('',#4904,#4904,#4912,.T.);
#4912 = CIRCLE('',#4913,0.25);
#4913 = AXIS2_PLACEMENT_3D('',#4914,#4915,#4916);
#4914 = CARTESIAN_POINT('',(28.38,13.,4.));
#4915 = DIRECTION('',(-0.,2.2E-16,1.));
#4916 = DIRECTION('',(1.,0.,0.));
#4917 = ORIENTED_EDGE('',*,*,#4901,.F.);
#4918 = ORIENTED_EDGE('',*,*,#4919,.T.);
#4919 = EDGE_CURVE('',#4902,#4902,#4920,.T.);
#4920 = CIRCLE('',#4921,0.25);
#4921 = AXIS2_PLACEMENT_3D('',#4922,#4923,#4924);
#4922 = CARTESIAN_POINT('',(28.38,13.,0.5));
#4923 = DIRECTION('',(-0.,2.2E-16,1.));
#4924 = DIRECTION('',(1.,0.,0.));
#4925 = CYLINDRICAL_SURFACE('',#4926,0.25);
#4926 = AXIS2_PLACEMENT_3D('',#4927,#4928,#4929);
#4927 = CARTESIAN_POINT('',(28.38,13.,4.));
#4928 = DIRECTION('',(0.,2.2E-16,1.));
#4929 = DIRECTION('',(1.,0.,0.));
#4930 = ADVANCED_FACE('',(#4931),#4951,.T.);
#4931 = FACE_BOUND('',#4932,.T.);
#4932 = EDGE_LOOP('',(#4933,#4942,#4949,#4950));
#4933 = ORIENTED_EDGE('',*,*,#4934,.T.);
#4934 = EDGE_CURVE('',#4904,#4935,#4937,.T.);
#4935 = VERTEX_POINT('',#4936);
#4936 = CARTESIAN_POINT('',(28.88,13.,4.25));
#4937 = CIRCLE('',#4938,0.25);
#4938 = AXIS2_PLACEMENT_3D('',#4939,#4940,#4941);
#4939 = CARTESIAN_POINT('',(28.88,13.,4.));
#4940 = DIRECTION('',(0.,1.,-2.2E-16));
#4941 = DIRECTION('',(1.,0.,0.));
#4942 = ORIENTED_EDGE('',*,*,#4943,.T.);
#4943 = EDGE_CURVE('',#4935,#4935,#4944,.T.);
#4944 = CIRCLE('',#4945,0.25);
#4945 = AXIS2_PLACEMENT_3D('',#4946,#4947,#4948);
#4946 = CARTESIAN_POINT('',(28.88,13.,4.5));
#4947 = DIRECTION('',(-1.,0.,-1.8E-16));
#4948 = DIRECTION('',(-1.8E-16,2.2E-16,1.));
#4949 = ORIENTED_EDGE('',*,*,#4934,.F.);
#4950 = ORIENTED_EDGE('',*,*,#4911,.T.);
#4951 = TOROIDAL_SURFACE('',#4952,0.5,0.25);
#4952 = AXIS2_PLACEMENT_3D('',#4953,#4954,#4955);
#4953 = CARTESIAN_POINT('',(28.88,13.,4.));
#4954 = DIRECTION('',(0.,1.,-2.2E-16));
#4955 = DIRECTION('',(1.,0.,0.));
#4956 = ADVANCED_FACE('',(#4957),#4976,.T.);
#4957 = FACE_BOUND('',#4958,.T.);
#4958 = EDGE_LOOP('',(#4959,#4967,#4974,#4975));
#4959 = ORIENTED_EDGE('',*,*,#4960,.T.);
#4960 = EDGE_CURVE('',#4935,#4961,#4963,.T.);
#4961 = VERTEX_POINT('',#4962);
#4962 = CARTESIAN_POINT('',(35.5,13.,4.25));
#4963 = LINE('',#4964,#4965);
#4964 = CARTESIAN_POINT('',(28.88,13.,4.25));
#4965 = VECTOR('',#4966,1.);
#4966 = DIRECTION('',(1.,0.,0.));
#4967 = ORIENTED_EDGE('',*,*,#4968,.F.);
#4968 = EDGE_CURVE('',#4961,#4961,#4969,.T.);
#4969 = CIRCLE('',#4970,0.25);
#4970 = AXIS2_PLACEMENT_3D('',#4971,#4972,#4973);
#4971 = CARTESIAN_POINT('',(35.5,13.,4.5));
#4972 = DIRECTION('',(1.,0.,0.));
#4973 = DIRECTION('',(0.,-2.2E-16,-1.));
#4974 = ORIENTED_EDGE('',*,*,#4960,.F.);
#4975 = ORIENTED_EDGE('',*,*,#4943,.F.);
#4976 = CYLINDRICAL_SURFACE('',#4977,0.25);
#4977 = AXIS2_PLACEMENT_3D('',#4978,#4979,#4980);
#4978 = CARTESIAN_POINT('',(28.88,13.,4.5));
#4979 = DIRECTION('',(1.,0.,0.));
#4980 = DIRECTION('',(0.,-2.2E-16,-1.));
#4981 = ADVANCED_FACE('',(#4982),#5002,.T.);
#4982 = FACE_BOUND('',#4983,.T.);
#4983 = EDGE_LOOP('',(#4984,#4993,#5000,#5001));
#4984 = ORIENTED_EDGE('',*,*,#4985,.T.);
#4985 = EDGE_CURVE('',#4961,#4986,#4988,.T.);
#4986 = VERTEX_POINT('',#4987);
#4987 = CARTESIAN_POINT('',(35.75,13.,4.));
#4988 = CIRCLE('',#4989,0.25);
#4989 = AXIS2_PLACEMENT_3D('',#4990,#4991,#4992);
#4990 = CARTESIAN_POINT('',(35.5,13.,4.));
#4991 = DIRECTION('',(0.,1.,-2.2E-16));
#4992 = DIRECTION('',(1.,0.,0.));
#4993 = ORIENTED_EDGE('',*,*,#4994,.T.);
#4994 = EDGE_CURVE('',#4986,#4986,#4995,.T.);
#4995 = CIRCLE('',#4996,0.25);
#4996 = AXIS2_PLACEMENT_3D('',#4997,#4998,#4999);
#4997 = CARTESIAN_POINT('',(36.,13.,4.));
#4998 = DIRECTION('',(-2.4E-16,2.2E-16,1.));
#4999 = DIRECTION('',(1.,0.,2.4E-16));
#5000 = ORIENTED_EDGE('',*,*,#4985,.F.);
#5001 = ORIENTED_EDGE('',*,*,#4968,.T.);
#5002 = TOROIDAL_SURFACE('',#5003,0.5,0.25);
#5003 = AXIS2_PLACEMENT_3D('',#5004,#5005,#5006);
#5004 = CARTESIAN_POINT('',(35.5,13.,4.));
#5005 = DIRECTION('',(0.,1.,-2.2E-16));
#5006 = DIRECTION('',(1.,0.,0.));
#5007 = ADVANCED_FACE('',(#5008),#5027,.T.);
#5008 = FACE_BOUND('',#5009,.T.);
#5009 = EDGE_LOOP('',(#5010,#5018,#5025,#5026));
#5010 = ORIENTED_EDGE('',*,*,#5011,.T.);
#5011 = EDGE_CURVE('',#4986,#5012,#5014,.T.);
#5012 = VERTEX_POINT('',#5013);
#5013 = CARTESIAN_POINT('',(35.75,13.,0.5));
#5014 = LINE('',#5015,#5016);
#5015 = CARTESIAN_POINT('',(35.75,13.,4.));
#5016 = VECTOR('',#5017,1.);
#5017 = DIRECTION('',(0.,-2.2E-16,-1.));
#5018 = ORIENTED_EDGE('',*,*,#5019,.F.);
#5019 = EDGE_CURVE('',#5012,#5012,#5020,.T.);
#5020 = CIRCLE('',#5021,0.25);
#5021 = AXIS2_PLACEMENT_3D('',#5022,#5023,#5024);
#5022 = CARTESIAN_POINT('',(36.,13.,0.5));
#5023 = DIRECTION('',(-0.,-2.2E-16,-1.));
#5024 = DIRECTION('',(-1.,0.,0.));
#5025 = ORIENTED_EDGE('',*,*,#5011,.F.);
#5026 = ORIENTED_EDGE('',*,*,#4994,.F.);
#5027 = CYLINDRICAL_SURFACE('',#5028,0.25);
#5028 = AXIS2_PLACEMENT_3D('',#5029,#5030,#5031);
#5029 = CARTESIAN_POINT('',(36.,13.,4.));
#5030 = DIRECTION('',(0.,-2.2E-16,-1.));
#5031 = DIRECTION('',(-1.,0.,0.));
#5032 = ADVANCED_FACE('',(#5033),#5036,.T.);
#5033 = FACE_BOUND('',#5034,.F.);
#5034 = EDGE_LOOP('',(#5035));
#5035 = ORIENTED_EDGE('',*,*,#4919,.T.);
#5036 = PLANE('',#5037);
#5037 = AXIS2_PLACEMENT_3D('',#5038,#5039,#5040);
#5038 = CARTESIAN_POINT('',(28.63,13.,0.5));
#5039 = DIRECTION('',(0.,0.,-1.));
#5040 = DIRECTION('',(-1.,0.,0.));
#5041 = ADVANCED_FACE('',(#5042),#5045,.F.);
#5042 = FACE_BOUND('',#5043,.T.);
#5043 = EDGE_LOOP('',(#5044));
#5044 = ORIENTED_EDGE('',*,*,#5019,.T.);
#5045 = PLANE('',#5046);
#5046 = AXIS2_PLACEMENT_3D('',#5047,#5048,#5049);
#5047 = CARTESIAN_POINT('',(35.75,13.,0.5));
#5048 = DIRECTION('',(0.,0.,1.));
#5049 = DIRECTION('',(1.,0.,0.));
#5050 = MANIFOLD_SOLID_BREP('',#5051);
#5051 = CLOSED_SHELL('',(#5052,#5085,#5105,#5125,#5150,#5175,#5201,#5227
    ,#5236));
#5052 = ADVANCED_FACE('',(#5053),#5080,.T.);
#5053 = FACE_BOUND('',#5054,.T.);
#5054 = EDGE_LOOP('',(#5055,#5064,#5072,#5079));
#5055 = ORIENTED_EDGE('',*,*,#5056,.T.);
#5056 = EDGE_CURVE('',#5057,#5057,#5059,.T.);
#5057 = VERTEX_POINT('',#5058);
#5058 = CARTESIAN_POINT('',(30.79,13.,5.51));
#5059 = CIRCLE('',#5060,1.01);
#5060 = AXIS2_PLACEMENT_3D('',#5061,#5062,#5063);
#5061 = CARTESIAN_POINT('',(30.79,13.,4.5));
#5062 = DIRECTION('',(1.,0.,-0.));
#5063 = DIRECTION('',(0.,9.92044604925E-16,1.));
#5064 = ORIENTED_EDGE('',*,*,#5065,.T.);
#5065 = EDGE_CURVE('',#5057,#5066,#5068,.T.);
#5066 = VERTEX_POINT('',#5067);
#5067 = CARTESIAN_POINT('',(31.79,13.,5.51));
#5068 = LINE('',#5069,#5070);
#5069 = CARTESIAN_POINT('',(30.79,13.,5.51));
#5070 = VECTOR('',#5071,1.);
#5071 = DIRECTION('',(1.,0.,0.));
#5072 = ORIENTED_EDGE('',*,*,#5073,.F.);
#5073 = EDGE_CURVE('',#5066,#5066,#5074,.T.);
#5074 = CIRCLE('',#5075,1.01);
#5075 = AXIS2_PLACEMENT_3D('',#5076,#5077,#5078);
#5076 = CARTESIAN_POINT('',(31.79,13.,4.5));
#5077 = DIRECTION('',(1.,0.,-0.));
#5078 = DIRECTION('',(0.,9.92044604925E-16,1.));
#5079 = ORIENTED_EDGE('',*,*,#5065,.F.);
#5080 = CYLINDRICAL_SURFACE('',#5081,1.01);
#5081 = AXIS2_PLACEMENT_3D('',#5082,#5083,#5084);
#5082 = CARTESIAN_POINT('',(30.79,13.,4.5));
#5083 = DIRECTION('',(1.,0.,0.));
#5084 = DIRECTION('',(0.,9.92044604925E-16,1.));
#5085 = ADVANCED_FACE('',(#5086,#5089),#5100,.F.);
#5086 = FACE_BOUND('',#5087,.T.);
#5087 = EDGE_LOOP('',(#5088));
#5088 = ORIENTED_EDGE('',*,*,#5056,.F.);
#5089 = FACE_BOUND('',#5090,.T.);
#5090 = EDGE_LOOP('',(#5091));
#5091 = ORIENTED_EDGE('',*,*,#5092,.T.);
#5092 = EDGE_CURVE('',#5093,#5093,#5095,.T.);
#5093 = VERTEX_POINT('',#5094);
#5094 = CARTESIAN_POINT('',(30.79,13.,5.5));
#5095 = CIRCLE('',#5096,1.);
#5096 = AXIS2_PLACEMENT_3D('',#5097,#5098,#5099);
#5097 = CARTESIAN_POINT('',(30.79,13.,4.5));
#5098 = DIRECTION('',(1.,0.,-0.));
#5099 = DIRECTION('',(0.,1.002044604925E-15,1.));
#5100 = PLANE('',#5101);
#5101 = AXIS2_PLACEMENT_3D('',#5102,#5103,#5104);
#5102 = CARTESIAN_POINT('',(30.79,13.,4.5));
#5103 = DIRECTION('',(1.,0.,0.));
#5104 = DIRECTION('',(0.,1.002044604925E-15,1.));
#5105 = ADVANCED_FACE('',(#5106,#5109),#5120,.T.);
#5106 = FACE_BOUND('',#5107,.T.);
#5107 = EDGE_LOOP('',(#5108));
#5108 = ORIENTED_EDGE('',*,*,#5073,.T.);
#5109 = FACE_BOUND('',#5110,.T.);
#5110 = EDGE_LOOP('',(#5111));
#5111 = ORIENTED_EDGE('',*,*,#5112,.F.);
#5112 = EDGE_CURVE('',#5113,#5113,#5115,.T.);
#5113 = VERTEX_POINT('',#5114);
#5114 = CARTESIAN_POINT('',(31.79,13.,5.5));
#5115 = CIRCLE('',#5116,1.);
#5116 = AXIS2_PLACEMENT_3D('',#5117,#5118,#5119);
#5117 = CARTESIAN_POINT('',(31.79,13.,4.5));
#5118 = DIRECTION('',(1.,0.,-0.));
#5119 = DIRECTION('',(0.,1.002044604925E-15,1.));
#5120 = PLANE('',#5121);
#5121 = AXIS2_PLACEMENT_3D('',#5122,#5123,#5124);
#5122 = CARTESIAN_POINT('',(31.79,13.,4.5));
#5123 = DIRECTION('',(1.,0.,0.));
#5124 = DIRECTION('',(0.,9.92044604925E-16,1.));
#5125 = ADVANCED_FACE('',(#5126),#5145,.T.);
#5126 = FACE_BOUND('',#5127,.T.);
#5127 = EDGE_LOOP('',(#5128,#5137,#5143,#5144));
#5128 = ORIENTED_EDGE('',*,*,#5129,.T.);
#5129 = EDGE_CURVE('',#5130,#5130,#5132,.T.);
#5130 = VERTEX_POINT('',#5131);
#5131 = CARTESIAN_POINT('',(30.59,13.,5.5));
#5132 = CIRCLE('',#5133,1.);
#5133 = AXIS2_PLACEMENT_3D('',#5134,#5135,#5136);
#5134 = CARTESIAN_POINT('',(30.59,13.,4.5));
#5135 = DIRECTION('',(1.,0.,-0.));
#5136 = DIRECTION('',(0.,1.002044604925E-15,1.));
#5137 = ORIENTED_EDGE('',*,*,#5138,.T.);
#5138 = EDGE_CURVE('',#5130,#5093,#5139,.T.);
#5139 = LINE('',#5140,#5141);
#5140 = CARTESIAN_POINT('',(30.19,13.,5.5));
#5141 = VECTOR('',#5142,1.);
#5142 = DIRECTION('',(1.,0.,0.));
#5143 = ORIENTED_EDGE('',*,*,#5092,.F.);
#5144 = ORIENTED_EDGE('',*,*,#5138,.F.);
#5145 = CYLINDRICAL_SURFACE('',#5146,1.);
#5146 = AXIS2_PLACEMENT_3D('',#5147,#5148,#5149);
#5147 = CARTESIAN_POINT('',(30.19,13.,4.5));
#5148 = DIRECTION('',(1.,0.,0.));
#5149 = DIRECTION('',(0.,1.002044604925E-15,1.));
#5150 = ADVANCED_FACE('',(#5151),#5170,.T.);
#5151 = FACE_BOUND('',#5152,.T.);
#5152 = EDGE_LOOP('',(#5153,#5154,#5162,#5169));
#5153 = ORIENTED_EDGE('',*,*,#5112,.T.);
#5154 = ORIENTED_EDGE('',*,*,#5155,.T.);
#5155 = EDGE_CURVE('',#5113,#5156,#5158,.T.);
#5156 = VERTEX_POINT('',#5157);
#5157 = CARTESIAN_POINT('',(33.79,13.,5.5));
#5158 = LINE('',#5159,#5160);
#5159 = CARTESIAN_POINT('',(30.19,13.,5.5));
#5160 = VECTOR('',#5161,1.);
#5161 = DIRECTION('',(1.,0.,0.));
#5162 = ORIENTED_EDGE('',*,*,#5163,.F.);
#5163 = EDGE_CURVE('',#5156,#5156,#5164,.T.);
#5164 = CIRCLE('',#5165,1.);
#5165 = AXIS2_PLACEMENT_3D('',#5166,#5167,#5168);
#5166 = CARTESIAN_POINT('',(33.79,13.,4.5));
#5167 = DIRECTION('',(1.,0.,-0.));
#5168 = DIRECTION('',(0.,1.002044604925E-15,1.));
#5169 = ORIENTED_EDGE('',*,*,#5155,.F.);
#5170 = CYLINDRICAL_SURFACE('',#5171,1.);
#5171 = AXIS2_PLACEMENT_3D('',#5172,#5173,#5174);
#5172 = CARTESIAN_POINT('',(30.19,13.,4.5));
#5173 = DIRECTION('',(1.,0.,0.));
#5174 = DIRECTION('',(0.,1.002044604925E-15,1.));
#5175 = ADVANCED_FACE('',(#5176),#5196,.T.);
#5176 = FACE_BOUND('',#5177,.T.);
#5177 = EDGE_LOOP('',(#5178,#5187,#5194,#5195));
#5178 = ORIENTED_EDGE('',*,*,#5179,.T.);
#5179 = EDGE_CURVE('',#5180,#5180,#5182,.T.);
#5180 = VERTEX_POINT('',#5181);
#5181 = CARTESIAN_POINT('',(30.19,13.,5.1));
#5182 = CIRCLE('',#5183,0.6);
#5183 = AXIS2_PLACEMENT_3D('',#5184,#5185,#5186);
#5184 = CARTESIAN_POINT('',(30.19,13.,4.5));
#5185 = DIRECTION('',(1.,0.,-0.));
#5186 = DIRECTION('',(0.,1.002044604925E-15,1.));
#5187 = ORIENTED_EDGE('',*,*,#5188,.F.);
#5188 = EDGE_CURVE('',#5130,#5180,#5189,.T.);
#5189 = CIRCLE('',#5190,0.4);
#5190 = AXIS2_PLACEMENT_3D('',#5191,#5192,#5193);
#5191 = CARTESIAN_POINT('',(30.59,13.,5.1));
#5192 = DIRECTION('',(0.,-1.,1.002044604925E-15));
#5193 = DIRECTION('',(0.,1.002044604925E-15,1.));
#5194 = ORIENTED_EDGE('',*,*,#5129,.F.);
#5195 = ORIENTED_EDGE('',*,*,#5188,.T.);
#5196 = TOROIDAL_SURFACE('',#5197,0.6,0.4);
#5197 = AXIS2_PLACEMENT_3D('',#5198,#5199,#5200);
#5198 = CARTESIAN_POINT('',(30.59,13.,4.5));
#5199 = DIRECTION('',(-1.,0.,0.));
#5200 = DIRECTION('',(0.,1.002044604925E-15,1.));
#5201 = ADVANCED_FACE('',(#5202),#5222,.T.);
#5202 = FACE_BOUND('',#5203,.T.);
#5203 = EDGE_LOOP('',(#5204,#5205,#5214,#5221));
#5204 = ORIENTED_EDGE('',*,*,#5163,.T.);
#5205 = ORIENTED_EDGE('',*,*,#5206,.F.);
#5206 = EDGE_CURVE('',#5207,#5156,#5209,.T.);
#5207 = VERTEX_POINT('',#5208);
#5208 = CARTESIAN_POINT('',(34.19,13.,5.1));
#5209 = CIRCLE('',#5210,0.4);
#5210 = AXIS2_PLACEMENT_3D('',#5211,#5212,#5213);
#5211 = CARTESIAN_POINT('',(33.79,13.,5.1));
#5212 = DIRECTION('',(0.,-1.,1.002044604925E-15));
#5213 = DIRECTION('',(0.,1.002044604925E-15,1.));
#5214 = ORIENTED_EDGE('',*,*,#5215,.F.);
#5215 = EDGE_CURVE('',#5207,#5207,#5216,.T.);
#5216 = CIRCLE('',#5217,0.6);
#5217 = AXIS2_PLACEMENT_3D('',#5218,#5219,#5220);
#5218 = CARTESIAN_POINT('',(34.19,13.,4.5));
#5219 = DIRECTION('',(1.,0.,-0.));
#5220 = DIRECTION('',(0.,1.002044604925E-15,1.));
#5221 = ORIENTED_EDGE('',*,*,#5206,.T.);
#5222 = TOROIDAL_SURFACE('',#5223,0.6,0.4);
#5223 = AXIS2_PLACEMENT_3D('',#5224,#5225,#5226);
#5224 = CARTESIAN_POINT('',(33.79,13.,4.5));
#5225 = DIRECTION('',(-1.,0.,0.));
#5226 = DIRECTION('',(0.,1.002044604925E-15,1.));
#5227 = ADVANCED_FACE('',(#5228),#5231,.F.);
#5228 = FACE_BOUND('',#5229,.T.);
#5229 = EDGE_LOOP('',(#5230));
#5230 = ORIENTED_EDGE('',*,*,#5179,.F.);
#5231 = PLANE('',#5232);
#5232 = AXIS2_PLACEMENT_3D('',#5233,#5234,#5235);
#5233 = CARTESIAN_POINT('',(30.19,13.,4.5));
#5234 = DIRECTION('',(1.,0.,0.));
#5235 = DIRECTION('',(0.,1.002044604925E-15,1.));
#5236 = ADVANCED_FACE('',(#5237),#5240,.T.);
#5237 = FACE_BOUND('',#5238,.F.);
#5238 = EDGE_LOOP('',(#5239));
#5239 = ORIENTED_EDGE('',*,*,#5215,.F.);
#5240 = PLANE('',#5241);
#5241 = AXIS2_PLACEMENT_3D('',#5242,#5243,#5244);
#5242 = CARTESIAN_POINT('',(34.19,13.,4.5));
#5243 = DIRECTION('',(1.,0.,0.));
#5244 = DIRECTION('',(0.,1.002044604925E-15,1.));
#5245 = MANIFOLD_SOLID_BREP('',#5246);
#5246 = CLOSED_SHELL('',(#5247,#5280,#5306,#5331,#5357,#5382,#5391));
#5247 = ADVANCED_FACE('',(#5248),#5275,.T.);
#5248 = FACE_BOUND('',#5249,.T.);
#5249 = EDGE_LOOP('',(#5250,#5260,#5267,#5268));
#5250 = ORIENTED_EDGE('',*,*,#5251,.T.);
#5251 = EDGE_CURVE('',#5252,#5254,#5256,.T.);
#5252 = VERTEX_POINT('',#5253);
#5253 = CARTESIAN_POINT('',(47.63,51.,0.5));
#5254 = VERTEX_POINT('',#5255);
#5255 = CARTESIAN_POINT('',(47.63,51.,4.));
#5256 = LINE('',#5257,#5258);
#5257 = CARTESIAN_POINT('',(47.63,51.,4.));
#5258 = VECTOR('',#5259,1.);
#5259 = DIRECTION('',(0.,2.2E-16,1.));
#5260 = ORIENTED_EDGE('',*,*,#5261,.F.);
#5261 = EDGE_CURVE('',#5254,#5254,#5262,.T.);
#5262 = CIRCLE('',#5263,0.25);
#5263 = AXIS2_PLACEMENT_3D('',#5264,#5265,#5266);
#5264 = CARTESIAN_POINT('',(47.38,51.,4.));
#5265 = DIRECTION('',(-0.,2.2E-16,1.));
#5266 = DIRECTION('',(1.,0.,0.));
#5267 = ORIENTED_EDGE('',*,*,#5251,.F.);
#5268 = ORIENTED_EDGE('',*,*,#5269,.T.);
#5269 = EDGE_CURVE('',#5252,#5252,#5270,.T.);
#5270 = CIRCLE('',#5271,0.25);
#5271 = AXIS2_PLACEMENT_3D('',#5272,#5273,#5274);
#5272 = CARTESIAN_POINT('',(47.38,51.,0.5));
#5273 = DIRECTION('',(-0.,2.2E-16,1.));
#5274 = DIRECTION('',(1.,0.,0.));
#5275 = CYLINDRICAL_SURFACE('',#5276,0.25);
#5276 = AXIS2_PLACEMENT_3D('',#5277,#5278,#5279);
#5277 = CARTESIAN_POINT('',(47.38,51.,4.));
#5278 = DIRECTION('',(0.,2.2E-16,1.));
#5279 = DIRECTION('',(1.,0.,0.));
#5280 = ADVANCED_FACE('',(#5281),#5301,.T.);
#5281 = FACE_BOUND('',#5282,.T.);
#5282 = EDGE_LOOP('',(#5283,#5292,#5299,#5300));
#5283 = ORIENTED_EDGE('',*,*,#5284,.T.);
#5284 = EDGE_CURVE('',#5254,#5285,#5287,.T.);
#5285 = VERTEX_POINT('',#5286);
#5286 = CARTESIAN_POINT('',(47.88,51.,4.25));
#5287 = CIRCLE('',#5288,0.25);
#5288 = AXIS2_PLACEMENT_3D('',#5289,#5290,#5291);
#5289 = CARTESIAN_POINT('',(47.88,51.,4.));
#5290 = DIRECTION('',(0.,1.,-2.2E-16));
#5291 = DIRECTION('',(1.,0.,0.));
#5292 = ORIENTED_EDGE('',*,*,#5293,.T.);
#5293 = EDGE_CURVE('',#5285,#5285,#5294,.T.);
#5294 = CIRCLE('',#5295,0.25);
#5295 = AXIS2_PLACEMENT_3D('',#5296,#5297,#5298);
#5296 = CARTESIAN_POINT('',(47.88,51.,4.5));
#5297 = DIRECTION('',(-1.,0.,-1.8E-16));
#5298 = DIRECTION('',(-1.8E-16,2.2E-16,1.));
#5299 = ORIENTED_EDGE('',*,*,#5284,.F.);
#5300 = ORIENTED_EDGE('',*,*,#5261,.T.);
#5301 = TOROIDAL_SURFACE('',#5302,0.5,0.25);
#5302 = AXIS2_PLACEMENT_3D('',#5303,#5304,#5305);
#5303 = CARTESIAN_POINT('',(47.88,51.,4.));
#5304 = DIRECTION('',(0.,1.,-2.2E-16));
#5305 = DIRECTION('',(1.,0.,0.));
#5306 = ADVANCED_FACE('',(#5307),#5326,.T.);
#5307 = FACE_BOUND('',#5308,.T.);
#5308 = EDGE_LOOP('',(#5309,#5317,#5324,#5325));
#5309 = ORIENTED_EDGE('',*,*,#5310,.T.);
#5310 = EDGE_CURVE('',#5285,#5311,#5313,.T.);
#5311 = VERTEX_POINT('',#5312);
#5312 = CARTESIAN_POINT('',(54.5,51.,4.25));
#5313 = LINE('',#5314,#5315);
#5314 = CARTESIAN_POINT('',(47.88,51.,4.25));
#5315 = VECTOR('',#5316,1.);
#5316 = DIRECTION('',(1.,0.,0.));
#5317 = ORIENTED_EDGE('',*,*,#5318,.F.);
#5318 = EDGE_CURVE('',#5311,#5311,#5319,.T.);
#5319 = CIRCLE('',#5320,0.25);
#5320 = AXIS2_PLACEMENT_3D('',#5321,#5322,#5323);
#5321 = CARTESIAN_POINT('',(54.5,51.,4.5));
#5322 = DIRECTION('',(1.,0.,0.));
#5323 = DIRECTION('',(0.,-2.2E-16,-1.));
#5324 = ORIENTED_EDGE('',*,*,#5310,.F.);
#5325 = ORIENTED_EDGE('',*,*,#5293,.F.);
#5326 = CYLINDRICAL_SURFACE('',#5327,0.25);
#5327 = AXIS2_PLACEMENT_3D('',#5328,#5329,#5330);
#5328 = CARTESIAN_POINT('',(47.88,51.,4.5));
#5329 = DIRECTION('',(1.,0.,0.));
#5330 = DIRECTION('',(0.,-2.2E-16,-1.));
#5331 = ADVANCED_FACE('',(#5332),#5352,.T.);
#5332 = FACE_BOUND('',#5333,.T.);
#5333 = EDGE_LOOP('',(#5334,#5343,#5350,#5351));
#5334 = ORIENTED_EDGE('',*,*,#5335,.T.);
#5335 = EDGE_CURVE('',#5311,#5336,#5338,.T.);
#5336 = VERTEX_POINT('',#5337);
#5337 = CARTESIAN_POINT('',(54.75,51.,4.));
#5338 = CIRCLE('',#5339,0.25);
#5339 = AXIS2_PLACEMENT_3D('',#5340,#5341,#5342);
#5340 = CARTESIAN_POINT('',(54.5,51.,4.));
#5341 = DIRECTION('',(0.,1.,-2.2E-16));
#5342 = DIRECTION('',(1.,0.,0.));
#5343 = ORIENTED_EDGE('',*,*,#5344,.T.);
#5344 = EDGE_CURVE('',#5336,#5336,#5345,.T.);
#5345 = CIRCLE('',#5346,0.25);
#5346 = AXIS2_PLACEMENT_3D('',#5347,#5348,#5349);
#5347 = CARTESIAN_POINT('',(55.,51.,4.));
#5348 = DIRECTION('',(-2.4E-16,2.2E-16,1.));
#5349 = DIRECTION('',(1.,0.,2.4E-16));
#5350 = ORIENTED_EDGE('',*,*,#5335,.F.);
#5351 = ORIENTED_EDGE('',*,*,#5318,.T.);
#5352 = TOROIDAL_SURFACE('',#5353,0.5,0.25);
#5353 = AXIS2_PLACEMENT_3D('',#5354,#5355,#5356);
#5354 = CARTESIAN_POINT('',(54.5,51.,4.));
#5355 = DIRECTION('',(0.,1.,-2.2E-16));
#5356 = DIRECTION('',(1.,0.,0.));
#5357 = ADVANCED_FACE('',(#5358),#5377,.T.);
#5358 = FACE_BOUND('',#5359,.T.);
#5359 = EDGE_LOOP('',(#5360,#5368,#5375,#5376));
#5360 = ORIENTED_EDGE('',*,*,#5361,.T.);
#5361 = EDGE_CURVE('',#5336,#5362,#5364,.T.);
#5362 = VERTEX_POINT('',#5363);
#5363 = CARTESIAN_POINT('',(54.75,51.,0.5));
#5364 = LINE('',#5365,#5366);
#5365 = CARTESIAN_POINT('',(54.75,51.,4.));
#5366 = VECTOR('',#5367,1.);
#5367 = DIRECTION('',(0.,-2.2E-16,-1.));
#5368 = ORIENTED_EDGE('',*,*,#5369,.F.);
#5369 = EDGE_CURVE('',#5362,#5362,#5370,.T.);
#5370 = CIRCLE('',#5371,0.25);
#5371 = AXIS2_PLACEMENT_3D('',#5372,#5373,#5374);
#5372 = CARTESIAN_POINT('',(55.,51.,0.5));
#5373 = DIRECTION('',(-0.,-2.2E-16,-1.));
#5374 = DIRECTION('',(-1.,0.,0.));
#5375 = ORIENTED_EDGE('',*,*,#5361,.F.);
#5376 = ORIENTED_EDGE('',*,*,#5344,.F.);
#5377 = CYLINDRICAL_SURFACE('',#5378,0.25);
#5378 = AXIS2_PLACEMENT_3D('',#5379,#5380,#5381);
#5379 = CARTESIAN_POINT('',(55.,51.,4.));
#5380 = DIRECTION('',(0.,-2.2E-16,-1.));
#5381 = DIRECTION('',(-1.,0.,0.));
#5382 = ADVANCED_FACE('',(#5383),#5386,.T.);
#5383 = FACE_BOUND('',#5384,.F.);
#5384 = EDGE_LOOP('',(#5385));
#5385 = ORIENTED_EDGE('',*,*,#5269,.T.);
#5386 = PLANE('',#5387);
#5387 = AXIS2_PLACEMENT_3D('',#5388,#5389,#5390);
#5388 = CARTESIAN_POINT('',(47.63,51.,0.5));
#5389 = DIRECTION('',(0.,0.,-1.));
#5390 = DIRECTION('',(-1.,0.,0.));
#5391 = ADVANCED_FACE('',(#5392),#5395,.F.);
#5392 = FACE_BOUND('',#5393,.T.);
#5393 = EDGE_LOOP('',(#5394));
#5394 = ORIENTED_EDGE('',*,*,#5369,.T.);
#5395 = PLANE('',#5396);
#5396 = AXIS2_PLACEMENT_3D('',#5397,#5398,#5399);
#5397 = CARTESIAN_POINT('',(54.75,51.,0.5));
#5398 = DIRECTION('',(0.,0.,1.));
#5399 = DIRECTION('',(1.,0.,0.));
#5400 = MANIFOLD_SOLID_BREP('',#5401);
#5401 = CLOSED_SHELL('',(#5402,#5435,#5455,#5475,#5500,#5525,#5551,#5577
    ,#5586));
#5402 = ADVANCED_FACE('',(#5403),#5430,.T.);
#5403 = FACE_BOUND('',#5404,.T.);
#5404 = EDGE_LOOP('',(#5405,#5414,#5422,#5429));
#5405 = ORIENTED_EDGE('',*,*,#5406,.T.);
#5406 = EDGE_CURVE('',#5407,#5407,#5409,.T.);
#5407 = VERTEX_POINT('',#5408);
#5408 = CARTESIAN_POINT('',(49.79,51.,5.51));
#5409 = CIRCLE('',#5410,1.01);
#5410 = AXIS2_PLACEMENT_3D('',#5411,#5412,#5413);
#5411 = CARTESIAN_POINT('',(49.79,51.,4.5));
#5412 = DIRECTION('',(1.,0.,-0.));
#5413 = DIRECTION('',(0.,9.92044604925E-16,1.));
#5414 = ORIENTED_EDGE('',*,*,#5415,.T.);
#5415 = EDGE_CURVE('',#5407,#5416,#5418,.T.);
#5416 = VERTEX_POINT('',#5417);
#5417 = CARTESIAN_POINT('',(50.79,51.,5.51));
#5418 = LINE('',#5419,#5420);
#5419 = CARTESIAN_POINT('',(49.79,51.,5.51));
#5420 = VECTOR('',#5421,1.);
#5421 = DIRECTION('',(1.,0.,0.));
#5422 = ORIENTED_EDGE('',*,*,#5423,.F.);
#5423 = EDGE_CURVE('',#5416,#5416,#5424,.T.);
#5424 = CIRCLE('',#5425,1.01);
#5425 = AXIS2_PLACEMENT_3D('',#5426,#5427,#5428);
#5426 = CARTESIAN_POINT('',(50.79,51.,4.5));
#5427 = DIRECTION('',(1.,0.,-0.));
#5428 = DIRECTION('',(0.,9.92044604925E-16,1.));
#5429 = ORIENTED_EDGE('',*,*,#5415,.F.);
#5430 = CYLINDRICAL_SURFACE('',#5431,1.01);
#5431 = AXIS2_PLACEMENT_3D('',#5432,#5433,#5434);
#5432 = CARTESIAN_POINT('',(49.79,51.,4.5));
#5433 = DIRECTION('',(1.,0.,0.));
#5434 = DIRECTION('',(0.,9.92044604925E-16,1.));
#5435 = ADVANCED_FACE('',(#5436,#5439),#5450,.F.);
#5436 = FACE_BOUND('',#5437,.T.);
#5437 = EDGE_LOOP('',(#5438));
#5438 = ORIENTED_EDGE('',*,*,#5406,.F.);
#5439 = FACE_BOUND('',#5440,.T.);
#5440 = EDGE_LOOP('',(#5441));
#5441 = ORIENTED_EDGE('',*,*,#5442,.T.);
#5442 = EDGE_CURVE('',#5443,#5443,#5445,.T.);
#5443 = VERTEX_POINT('',#5444);
#5444 = CARTESIAN_POINT('',(49.79,51.,5.5));
#5445 = CIRCLE('',#5446,1.);
#5446 = AXIS2_PLACEMENT_3D('',#5447,#5448,#5449);
#5447 = CARTESIAN_POINT('',(49.79,51.,4.5));
#5448 = DIRECTION('',(1.,0.,-0.));
#5449 = DIRECTION('',(0.,1.002044604925E-15,1.));
#5450 = PLANE('',#5451);
#5451 = AXIS2_PLACEMENT_3D('',#5452,#5453,#5454);
#5452 = CARTESIAN_POINT('',(49.79,51.,4.5));
#5453 = DIRECTION('',(1.,0.,0.));
#5454 = DIRECTION('',(0.,1.002044604925E-15,1.));
#5455 = ADVANCED_FACE('',(#5456,#5459),#5470,.T.);
#5456 = FACE_BOUND('',#5457,.T.);
#5457 = EDGE_LOOP('',(#5458));
#5458 = ORIENTED_EDGE('',*,*,#5423,.T.);
#5459 = FACE_BOUND('',#5460,.T.);
#5460 = EDGE_LOOP('',(#5461));
#5461 = ORIENTED_EDGE('',*,*,#5462,.F.);
#5462 = EDGE_CURVE('',#5463,#5463,#5465,.T.);
#5463 = VERTEX_POINT('',#5464);
#5464 = CARTESIAN_POINT('',(50.79,51.,5.5));
#5465 = CIRCLE('',#5466,1.);
#5466 = AXIS2_PLACEMENT_3D('',#5467,#5468,#5469);
#5467 = CARTESIAN_POINT('',(50.79,51.,4.5));
#5468 = DIRECTION('',(1.,0.,-0.));
#5469 = DIRECTION('',(0.,1.002044604925E-15,1.));
#5470 = PLANE('',#5471);
#5471 = AXIS2_PLACEMENT_3D('',#5472,#5473,#5474);
#5472 = CARTESIAN_POINT('',(50.79,51.,4.5));
#5473 = DIRECTION('',(1.,0.,0.));
#5474 = DIRECTION('',(0.,9.92044604925E-16,1.));
#5475 = ADVANCED_FACE('',(#5476),#5495,.T.);
#5476 = FACE_BOUND('',#5477,.T.);
#5477 = EDGE_LOOP('',(#5478,#5487,#5493,#5494));
#5478 = ORIENTED_EDGE('',*,*,#5479,.T.);
#5479 = EDGE_CURVE('',#5480,#5480,#5482,.T.);
#5480 = VERTEX_POINT('',#5481);
#5481 = CARTESIAN_POINT('',(49.59,51.,5.5));
#5482 = CIRCLE('',#5483,1.);
#5483 = AXIS2_PLACEMENT_3D('',#5484,#5485,#5486);
#5484 = CARTESIAN_POINT('',(49.59,51.,4.5));
#5485 = DIRECTION('',(1.,0.,-0.));
#5486 = DIRECTION('',(0.,1.002044604925E-15,1.));
#5487 = ORIENTED_EDGE('',*,*,#5488,.T.);
#5488 = EDGE_CURVE('',#5480,#5443,#5489,.T.);
#5489 = LINE('',#5490,#5491);
#5490 = CARTESIAN_POINT('',(49.19,51.,5.5));
#5491 = VECTOR('',#5492,1.);
#5492 = DIRECTION('',(1.,0.,0.));
#5493 = ORIENTED_EDGE('',*,*,#5442,.F.);
#5494 = ORIENTED_EDGE('',*,*,#5488,.F.);
#5495 = CYLINDRICAL_SURFACE('',#5496,1.);
#5496 = AXIS2_PLACEMENT_3D('',#5497,#5498,#5499);
#5497 = CARTESIAN_POINT('',(49.19,51.,4.5));
#5498 = DIRECTION('',(1.,0.,0.));
#5499 = DIRECTION('',(0.,1.002044604925E-15,1.));
#5500 = ADVANCED_FACE('',(#5501),#5520,.T.);
#5501 = FACE_BOUND('',#5502,.T.);
#5502 = EDGE_LOOP('',(#5503,#5504,#5512,#5519));
#5503 = ORIENTED_EDGE('',*,*,#5462,.T.);
#5504 = ORIENTED_EDGE('',*,*,#5505,.T.);
#5505 = EDGE_CURVE('',#5463,#5506,#5508,.T.);
#5506 = VERTEX_POINT('',#5507);
#5507 = CARTESIAN_POINT('',(52.79,51.,5.5));
#5508 = LINE('',#5509,#5510);
#5509 = CARTESIAN_POINT('',(49.19,51.,5.5));
#5510 = VECTOR('',#5511,1.);
#5511 = DIRECTION('',(1.,0.,0.));
#5512 = ORIENTED_EDGE('',*,*,#5513,.F.);
#5513 = EDGE_CURVE('',#5506,#5506,#5514,.T.);
#5514 = CIRCLE('',#5515,1.);
#5515 = AXIS2_PLACEMENT_3D('',#5516,#5517,#5518);
#5516 = CARTESIAN_POINT('',(52.79,51.,4.5));
#5517 = DIRECTION('',(1.,0.,-0.));
#5518 = DIRECTION('',(0.,1.002044604925E-15,1.));
#5519 = ORIENTED_EDGE('',*,*,#5505,.F.);
#5520 = CYLINDRICAL_SURFACE('',#5521,1.);
#5521 = AXIS2_PLACEMENT_3D('',#5522,#5523,#5524);
#5522 = CARTESIAN_POINT('',(49.19,51.,4.5));
#5523 = DIRECTION('',(1.,0.,0.));
#5524 = DIRECTION('',(0.,1.002044604925E-15,1.));
#5525 = ADVANCED_FACE('',(#5526),#5546,.T.);
#5526 = FACE_BOUND('',#5527,.T.);
#5527 = EDGE_LOOP('',(#5528,#5537,#5544,#5545));
#5528 = ORIENTED_EDGE('',*,*,#5529,.T.);
#5529 = EDGE_CURVE('',#5530,#5530,#5532,.T.);
#5530 = VERTEX_POINT('',#5531);
#5531 = CARTESIAN_POINT('',(49.19,51.,5.1));
#5532 = CIRCLE('',#5533,0.6);
#5533 = AXIS2_PLACEMENT_3D('',#5534,#5535,#5536);
#5534 = CARTESIAN_POINT('',(49.19,51.,4.5));
#5535 = DIRECTION('',(1.,0.,-0.));
#5536 = DIRECTION('',(0.,1.002044604925E-15,1.));
#5537 = ORIENTED_EDGE('',*,*,#5538,.F.);
#5538 = EDGE_CURVE('',#5480,#5530,#5539,.T.);
#5539 = CIRCLE('',#5540,0.4);
#5540 = AXIS2_PLACEMENT_3D('',#5541,#5542,#5543);
#5541 = CARTESIAN_POINT('',(49.59,51.,5.1));
#5542 = DIRECTION('',(0.,-1.,1.002044604925E-15));
#5543 = DIRECTION('',(0.,1.002044604925E-15,1.));
#5544 = ORIENTED_EDGE('',*,*,#5479,.F.);
#5545 = ORIENTED_EDGE('',*,*,#5538,.T.);
#5546 = TOROIDAL_SURFACE('',#5547,0.6,0.4);
#5547 = AXIS2_PLACEMENT_3D('',#5548,#5549,#5550);
#5548 = CARTESIAN_POINT('',(49.59,51.,4.5));
#5549 = DIRECTION('',(-1.,0.,0.));
#5550 = DIRECTION('',(0.,1.002044604925E-15,1.));
#5551 = ADVANCED_FACE('',(#5552),#5572,.T.);
#5552 = FACE_BOUND('',#5553,.T.);
#5553 = EDGE_LOOP('',(#5554,#5555,#5564,#5571));
#5554 = ORIENTED_EDGE('',*,*,#5513,.T.);
#5555 = ORIENTED_EDGE('',*,*,#5556,.F.);
#5556 = EDGE_CURVE('',#5557,#5506,#5559,.T.);
#5557 = VERTEX_POINT('',#5558);
#5558 = CARTESIAN_POINT('',(53.19,51.,5.1));
#5559 = CIRCLE('',#5560,0.4);
#5560 = AXIS2_PLACEMENT_3D('',#5561,#5562,#5563);
#5561 = CARTESIAN_POINT('',(52.79,51.,5.1));
#5562 = DIRECTION('',(0.,-1.,1.002044604925E-15));
#5563 = DIRECTION('',(0.,1.002044604925E-15,1.));
#5564 = ORIENTED_EDGE('',*,*,#5565,.F.);
#5565 = EDGE_CURVE('',#5557,#5557,#5566,.T.);
#5566 = CIRCLE('',#5567,0.6);
#5567 = AXIS2_PLACEMENT_3D('',#5568,#5569,#5570);
#5568 = CARTESIAN_POINT('',(53.19,51.,4.5));
#5569 = DIRECTION('',(1.,0.,-0.));
#5570 = DIRECTION('',(0.,1.002044604925E-15,1.));
#5571 = ORIENTED_EDGE('',*,*,#5556,.T.);
#5572 = TOROIDAL_SURFACE('',#5573,0.6,0.4);
#5573 = AXIS2_PLACEMENT_3D('',#5574,#5575,#5576);
#5574 = CARTESIAN_POINT('',(52.79,51.,4.5));
#5575 = DIRECTION('',(-1.,0.,0.));
#5576 = DIRECTION('',(0.,1.002044604925E-15,1.));
#5577 = ADVANCED_FACE('',(#5578),#5581,.F.);
#5578 = FACE_BOUND('',#5579,.T.);
#5579 = EDGE_LOOP('',(#5580));
#5580 = ORIENTED_EDGE('',*,*,#5529,.F.);
#5581 = PLANE('',#5582);
#5582 = AXIS2_PLACEMENT_3D('',#5583,#5584,#5585);
#5583 = CARTESIAN_POINT('',(49.19,51.,4.5));
#5584 = DIRECTION('',(1.,0.,0.));
#5585 = DIRECTION('',(0.,1.002044604925E-15,1.));
#5586 = ADVANCED_FACE('',(#5587),#5590,.T.);
#5587 = FACE_BOUND('',#5588,.F.);
#5588 = EDGE_LOOP('',(#5589));
#5589 = ORIENTED_EDGE('',*,*,#5565,.F.);
#5590 = PLANE('',#5591);
#5591 = AXIS2_PLACEMENT_3D('',#5592,#5593,#5594);
#5592 = CARTESIAN_POINT('',(53.19,51.,4.5));
#5593 = DIRECTION('',(1.,0.,0.));
#5594 = DIRECTION('',(0.,1.002044604925E-15,1.));
#5595 = MANIFOLD_SOLID_BREP('',#5596);
#5596 = CLOSED_SHELL('',(#5597,#5630,#5656,#5681,#5707,#5732,#5741));
#5597 = ADVANCED_FACE('',(#5598),#5625,.T.);
#5598 = FACE_BOUND('',#5599,.T.);
#5599 = EDGE_LOOP('',(#5600,#5610,#5617,#5618));
#5600 = ORIENTED_EDGE('',*,*,#5601,.T.);
#5601 = EDGE_CURVE('',#5602,#5604,#5606,.T.);
#5602 = VERTEX_POINT('',#5603);
#5603 = CARTESIAN_POINT('',(28.63,51.,0.5));
#5604 = VERTEX_POINT('',#5605);
#5605 = CARTESIAN_POINT('',(28.63,51.,4.));
#5606 = LINE('',#5607,#5608);
#5607 = CARTESIAN_POINT('',(28.63,51.,4.));
#5608 = VECTOR('',#5609,1.);
#5609 = DIRECTION('',(0.,2.2E-16,1.));
#5610 = ORIENTED_EDGE('',*,*,#5611,.F.);
#5611 = EDGE_CURVE('',#5604,#5604,#5612,.T.);
#5612 = CIRCLE('',#5613,0.25);
#5613 = AXIS2_PLACEMENT_3D('',#5614,#5615,#5616);
#5614 = CARTESIAN_POINT('',(28.38,51.,4.));
#5615 = DIRECTION('',(-0.,2.2E-16,1.));
#5616 = DIRECTION('',(1.,0.,0.));
#5617 = ORIENTED_EDGE('',*,*,#5601,.F.);
#5618 = ORIENTED_EDGE('',*,*,#5619,.T.);
#5619 = EDGE_CURVE('',#5602,#5602,#5620,.T.);
#5620 = CIRCLE('',#5621,0.25);
#5621 = AXIS2_PLACEMENT_3D('',#5622,#5623,#5624);
#5622 = CARTESIAN_POINT('',(28.38,51.,0.5));
#5623 = DIRECTION('',(-0.,2.2E-16,1.));
#5624 = DIRECTION('',(1.,0.,0.));
#5625 = CYLINDRICAL_SURFACE('',#5626,0.25);
#5626 = AXIS2_PLACEMENT_3D('',#5627,#5628,#5629);
#5627 = CARTESIAN_POINT('',(28.38,51.,4.));
#5628 = DIRECTION('',(0.,2.2E-16,1.));
#5629 = DIRECTION('',(1.,0.,0.));
#5630 = ADVANCED_FACE('',(#5631),#5651,.T.);
#5631 = FACE_BOUND('',#5632,.T.);
#5632 = EDGE_LOOP('',(#5633,#5642,#5649,#5650));
#5633 = ORIENTED_EDGE('',*,*,#5634,.T.);
#5634 = EDGE_CURVE('',#5604,#5635,#5637,.T.);
#5635 = VERTEX_POINT('',#5636);
#5636 = CARTESIAN_POINT('',(28.88,51.,4.25));
#5637 = CIRCLE('',#5638,0.25);
#5638 = AXIS2_PLACEMENT_3D('',#5639,#5640,#5641);
#5639 = CARTESIAN_POINT('',(28.88,51.,4.));
#5640 = DIRECTION('',(0.,1.,-2.2E-16));
#5641 = DIRECTION('',(1.,0.,0.));
#5642 = ORIENTED_EDGE('',*,*,#5643,.T.);
#5643 = EDGE_CURVE('',#5635,#5635,#5644,.T.);
#5644 = CIRCLE('',#5645,0.25);
#5645 = AXIS2_PLACEMENT_3D('',#5646,#5647,#5648);
#5646 = CARTESIAN_POINT('',(28.88,51.,4.5));
#5647 = DIRECTION('',(-1.,0.,-1.8E-16));
#5648 = DIRECTION('',(-1.8E-16,2.2E-16,1.));
#5649 = ORIENTED_EDGE('',*,*,#5634,.F.);
#5650 = ORIENTED_EDGE('',*,*,#5611,.T.);
#5651 = TOROIDAL_SURFACE('',#5652,0.5,0.25);
#5652 = AXIS2_PLACEMENT_3D('',#5653,#5654,#5655);
#5653 = CARTESIAN_POINT('',(28.88,51.,4.));
#5654 = DIRECTION('',(0.,1.,-2.2E-16));
#5655 = DIRECTION('',(1.,0.,0.));
#5656 = ADVANCED_FACE('',(#5657),#5676,.T.);
#5657 = FACE_BOUND('',#5658,.T.);
#5658 = EDGE_LOOP('',(#5659,#5667,#5674,#5675));
#5659 = ORIENTED_EDGE('',*,*,#5660,.T.);
#5660 = EDGE_CURVE('',#5635,#5661,#5663,.T.);
#5661 = VERTEX_POINT('',#5662);
#5662 = CARTESIAN_POINT('',(35.5,51.,4.25));
#5663 = LINE('',#5664,#5665);
#5664 = CARTESIAN_POINT('',(28.88,51.,4.25));
#5665 = VECTOR('',#5666,1.);
#5666 = DIRECTION('',(1.,0.,0.));
#5667 = ORIENTED_EDGE('',*,*,#5668,.F.);
#5668 = EDGE_CURVE('',#5661,#5661,#5669,.T.);
#5669 = CIRCLE('',#5670,0.25);
#5670 = AXIS2_PLACEMENT_3D('',#5671,#5672,#5673);
#5671 = CARTESIAN_POINT('',(35.5,51.,4.5));
#5672 = DIRECTION('',(1.,0.,0.));
#5673 = DIRECTION('',(0.,-2.2E-16,-1.));
#5674 = ORIENTED_EDGE('',*,*,#5660,.F.);
#5675 = ORIENTED_EDGE('',*,*,#5643,.F.);
#5676 = CYLINDRICAL_SURFACE('',#5677,0.25);
#5677 = AXIS2_PLACEMENT_3D('',#5678,#5679,#5680);
#5678 = CARTESIAN_POINT('',(28.88,51.,4.5));
#5679 = DIRECTION('',(1.,0.,0.));
#5680 = DIRECTION('',(0.,-2.2E-16,-1.));
#5681 = ADVANCED_FACE('',(#5682),#5702,.T.);
#5682 = FACE_BOUND('',#5683,.T.);
#5683 = EDGE_LOOP('',(#5684,#5693,#5700,#5701));
#5684 = ORIENTED_EDGE('',*,*,#5685,.T.);
#5685 = EDGE_CURVE('',#5661,#5686,#5688,.T.);
#5686 = VERTEX_POINT('',#5687);
#5687 = CARTESIAN_POINT('',(35.75,51.,4.));
#5688 = CIRCLE('',#5689,0.25);
#5689 = AXIS2_PLACEMENT_3D('',#5690,#5691,#5692);
#5690 = CARTESIAN_POINT('',(35.5,51.,4.));
#5691 = DIRECTION('',(0.,1.,-2.2E-16));
#5692 = DIRECTION('',(1.,0.,0.));
#5693 = ORIENTED_EDGE('',*,*,#5694,.T.);
#5694 = EDGE_CURVE('',#5686,#5686,#5695,.T.);
#5695 = CIRCLE('',#5696,0.25);
#5696 = AXIS2_PLACEMENT_3D('',#5697,#5698,#5699);
#5697 = CARTESIAN_POINT('',(36.,51.,4.));
#5698 = DIRECTION('',(-2.4E-16,2.2E-16,1.));
#5699 = DIRECTION('',(1.,0.,2.4E-16));
#5700 = ORIENTED_EDGE('',*,*,#5685,.F.);
#5701 = ORIENTED_EDGE('',*,*,#5668,.T.);
#5702 = TOROIDAL_SURFACE('',#5703,0.5,0.25);
#5703 = AXIS2_PLACEMENT_3D('',#5704,#5705,#5706);
#5704 = CARTESIAN_POINT('',(35.5,51.,4.));
#5705 = DIRECTION('',(0.,1.,-2.2E-16));
#5706 = DIRECTION('',(1.,0.,0.));
#5707 = ADVANCED_FACE('',(#5708),#5727,.T.);
#5708 = FACE_BOUND('',#5709,.T.);
#5709 = EDGE_LOOP('',(#5710,#5718,#5725,#5726));
#5710 = ORIENTED_EDGE('',*,*,#5711,.T.);
#5711 = EDGE_CURVE('',#5686,#5712,#5714,.T.);
#5712 = VERTEX_POINT('',#5713);
#5713 = CARTESIAN_POINT('',(35.75,51.,0.5));
#5714 = LINE('',#5715,#5716);
#5715 = CARTESIAN_POINT('',(35.75,51.,4.));
#5716 = VECTOR('',#5717,1.);
#5717 = DIRECTION('',(0.,-2.2E-16,-1.));
#5718 = ORIENTED_EDGE('',*,*,#5719,.F.);
#5719 = EDGE_CURVE('',#5712,#5712,#5720,.T.);
#5720 = CIRCLE('',#5721,0.25);
#5721 = AXIS2_PLACEMENT_3D('',#5722,#5723,#5724);
#5722 = CARTESIAN_POINT('',(36.,51.,0.5));
#5723 = DIRECTION('',(-0.,-2.2E-16,-1.));
#5724 = DIRECTION('',(-1.,0.,0.));
#5725 = ORIENTED_EDGE('',*,*,#5711,.F.);
#5726 = ORIENTED_EDGE('',*,*,#5694,.F.);
#5727 = CYLINDRICAL_SURFACE('',#5728,0.25);
#5728 = AXIS2_PLACEMENT_3D('',#5729,#5730,#5731);
#5729 = CARTESIAN_POINT('',(36.,51.,4.));
#5730 = DIRECTION('',(0.,-2.2E-16,-1.));
#5731 = DIRECTION('',(-1.,0.,0.));
#5732 = ADVANCED_FACE('',(#5733),#5736,.T.);
#5733 = FACE_BOUND('',#5734,.F.);
#5734 = EDGE_LOOP('',(#5735));
#5735 = ORIENTED_EDGE('',*,*,#5619,.T.);
#5736 = PLANE('',#5737);
#5737 = AXIS2_PLACEMENT_3D('',#5738,#5739,#5740);
#5738 = CARTESIAN_POINT('',(28.63,51.,0.5));
#5739 = DIRECTION('',(0.,0.,-1.));
#5740 = DIRECTION('',(-1.,0.,0.));
#5741 = ADVANCED_FACE('',(#5742),#5745,.F.);
#5742 = FACE_BOUND('',#5743,.T.);
#5743 = EDGE_LOOP('',(#5744));
#5744 = ORIENTED_EDGE('',*,*,#5719,.T.);
#5745 = PLANE('',#5746);
#5746 = AXIS2_PLACEMENT_3D('',#5747,#5748,#5749);
#5747 = CARTESIAN_POINT('',(35.75,51.,0.5));
#5748 = DIRECTION('',(0.,0.,1.));
#5749 = DIRECTION('',(1.,0.,0.));
#5750 = MANIFOLD_SOLID_BREP('',#5751);
#5751 = CLOSED_SHELL('',(#5752,#5785,#5805,#5825,#5850,#5875,#5901,#5927
    ,#5936));
#5752 = ADVANCED_FACE('',(#5753),#5780,.T.);
#5753 = FACE_BOUND('',#5754,.T.);
#5754 = EDGE_LOOP('',(#5755,#5764,#5772,#5779));
#5755 = ORIENTED_EDGE('',*,*,#5756,.T.);
#5756 = EDGE_CURVE('',#5757,#5757,#5759,.T.);
#5757 = VERTEX_POINT('',#5758);
#5758 = CARTESIAN_POINT('',(30.79,51.,5.51));
#5759 = CIRCLE('',#5760,1.01);
#5760 = AXIS2_PLACEMENT_3D('',#5761,#5762,#5763);
#5761 = CARTESIAN_POINT('',(30.79,51.,4.5));
#5762 = DIRECTION('',(1.,0.,-0.));
#5763 = DIRECTION('',(0.,9.92044604925E-16,1.));
#5764 = ORIENTED_EDGE('',*,*,#5765,.T.);
#5765 = EDGE_CURVE('',#5757,#5766,#5768,.T.);
#5766 = VERTEX_POINT('',#5767);
#5767 = CARTESIAN_POINT('',(31.79,51.,5.51));
#5768 = LINE('',#5769,#5770);
#5769 = CARTESIAN_POINT('',(30.79,51.,5.51));
#5770 = VECTOR('',#5771,1.);
#5771 = DIRECTION('',(1.,0.,0.));
#5772 = ORIENTED_EDGE('',*,*,#5773,.F.);
#5773 = EDGE_CURVE('',#5766,#5766,#5774,.T.);
#5774 = CIRCLE('',#5775,1.01);
#5775 = AXIS2_PLACEMENT_3D('',#5776,#5777,#5778);
#5776 = CARTESIAN_POINT('',(31.79,51.,4.5));
#5777 = DIRECTION('',(1.,0.,-0.));
#5778 = DIRECTION('',(0.,9.92044604925E-16,1.));
#5779 = ORIENTED_EDGE('',*,*,#5765,.F.);
#5780 = CYLINDRICAL_SURFACE('',#5781,1.01);
#5781 = AXIS2_PLACEMENT_3D('',#5782,#5783,#5784);
#5782 = CARTESIAN_POINT('',(30.79,51.,4.5));
#5783 = DIRECTION('',(1.,0.,0.));
#5784 = DIRECTION('',(0.,9.92044604925E-16,1.));
#5785 = ADVANCED_FACE('',(#5786,#5789),#5800,.F.);
#5786 = FACE_BOUND('',#5787,.T.);
#5787 = EDGE_LOOP('',(#5788));
#5788 = ORIENTED_EDGE('',*,*,#5756,.F.);
#5789 = FACE_BOUND('',#5790,.T.);
#5790 = EDGE_LOOP('',(#5791));
#5791 = ORIENTED_EDGE('',*,*,#5792,.T.);
#5792 = EDGE_CURVE('',#5793,#5793,#5795,.T.);
#5793 = VERTEX_POINT('',#5794);
#5794 = CARTESIAN_POINT('',(30.79,51.,5.5));
#5795 = CIRCLE('',#5796,1.);
#5796 = AXIS2_PLACEMENT_3D('',#5797,#5798,#5799);
#5797 = CARTESIAN_POINT('',(30.79,51.,4.5));
#5798 = DIRECTION('',(1.,0.,-0.));
#5799 = DIRECTION('',(0.,1.002044604925E-15,1.));
#5800 = PLANE('',#5801);
#5801 = AXIS2_PLACEMENT_3D('',#5802,#5803,#5804);
#5802 = CARTESIAN_POINT('',(30.79,51.,4.5));
#5803 = DIRECTION('',(1.,0.,0.));
#5804 = DIRECTION('',(0.,1.002044604925E-15,1.));
#5805 = ADVANCED_FACE('',(#5806,#5809),#5820,.T.);
#5806 = FACE_BOUND('',#5807,.T.);
#5807 = EDGE_LOOP('',(#5808));
#5808 = ORIENTED_EDGE('',*,*,#5773,.T.);
#5809 = FACE_BOUND('',#5810,.T.);
#5810 = EDGE_LOOP('',(#5811));
#5811 = ORIENTED_EDGE('',*,*,#5812,.F.);
#5812 = EDGE_CURVE('',#5813,#5813,#5815,.T.);
#5813 = VERTEX_POINT('',#5814);
#5814 = CARTESIAN_POINT('',(31.79,51.,5.5));
#5815 = CIRCLE('',#5816,1.);
#5816 = AXIS2_PLACEMENT_3D('',#5817,#5818,#5819);
#5817 = CARTESIAN_POINT('',(31.79,51.,4.5));
#5818 = DIRECTION('',(1.,0.,-0.));
#5819 = DIRECTION('',(0.,1.002044604925E-15,1.));
#5820 = PLANE('',#5821);
#5821 = AXIS2_PLACEMENT_3D('',#5822,#5823,#5824);
#5822 = CARTESIAN_POINT('',(31.79,51.,4.5));
#5823 = DIRECTION('',(1.,0.,0.));
#5824 = DIRECTION('',(0.,9.92044604925E-16,1.));
#5825 = ADVANCED_FACE('',(#5826),#5845,.T.);
#5826 = FACE_BOUND('',#5827,.T.);
#5827 = EDGE_LOOP('',(#5828,#5837,#5843,#5844));
#5828 = ORIENTED_EDGE('',*,*,#5829,.T.);
#5829 = EDGE_CURVE('',#5830,#5830,#5832,.T.);
#5830 = VERTEX_POINT('',#5831);
#5831 = CARTESIAN_POINT('',(30.59,51.,5.5));
#5832 = CIRCLE('',#5833,1.);
#5833 = AXIS2_PLACEMENT_3D('',#5834,#5835,#5836);
#5834 = CARTESIAN_POINT('',(30.59,51.,4.5));
#5835 = DIRECTION('',(1.,0.,-0.));
#5836 = DIRECTION('',(0.,1.002044604925E-15,1.));
#5837 = ORIENTED_EDGE('',*,*,#5838,.T.);
#5838 = EDGE_CURVE('',#5830,#5793,#5839,.T.);
#5839 = LINE('',#5840,#5841);
#5840 = CARTESIAN_POINT('',(30.19,51.,5.5));
#5841 = VECTOR('',#5842,1.);
#5842 = DIRECTION('',(1.,0.,0.));
#5843 = ORIENTED_EDGE('',*,*,#5792,.F.);
#5844 = ORIENTED_EDGE('',*,*,#5838,.F.);
#5845 = CYLINDRICAL_SURFACE('',#5846,1.);
#5846 = AXIS2_PLACEMENT_3D('',#5847,#5848,#5849);
#5847 = CARTESIAN_POINT('',(30.19,51.,4.5));
#5848 = DIRECTION('',(1.,0.,0.));
#5849 = DIRECTION('',(0.,1.002044604925E-15,1.));
#5850 = ADVANCED_FACE('',(#5851),#5870,.T.);
#5851 = FACE_BOUND('',#5852,.T.);
#5852 = EDGE_LOOP('',(#5853,#5854,#5862,#5869));
#5853 = ORIENTED_EDGE('',*,*,#5812,.T.);
#5854 = ORIENTED_EDGE('',*,*,#5855,.T.);
#5855 = EDGE_CURVE('',#5813,#5856,#5858,.T.);
#5856 = VERTEX_POINT('',#5857);
#5857 = CARTESIAN_POINT('',(33.79,51.,5.5));
#5858 = LINE('',#5859,#5860);
#5859 = CARTESIAN_POINT('',(30.19,51.,5.5));
#5860 = VECTOR('',#5861,1.);
#5861 = DIRECTION('',(1.,0.,0.));
#5862 = ORIENTED_EDGE('',*,*,#5863,.F.);
#5863 = EDGE_CURVE('',#5856,#5856,#5864,.T.);
#5864 = CIRCLE('',#5865,1.);
#5865 = AXIS2_PLACEMENT_3D('',#5866,#5867,#5868);
#5866 = CARTESIAN_POINT('',(33.79,51.,4.5));
#5867 = DIRECTION('',(1.,0.,-0.));
#5868 = DIRECTION('',(0.,1.002044604925E-15,1.));
#5869 = ORIENTED_EDGE('',*,*,#5855,.F.);
#5870 = CYLINDRICAL_SURFACE('',#5871,1.);
#5871 = AXIS2_PLACEMENT_3D('',#5872,#5873,#5874);
#5872 = CARTESIAN_POINT('',(30.19,51.,4.5));
#5873 = DIRECTION('',(1.,0.,0.));
#5874 = DIRECTION('',(0.,1.002044604925E-15,1.));
#5875 = ADVANCED_FACE('',(#5876),#5896,.T.);
#5876 = FACE_BOUND('',#5877,.T.);
#5877 = EDGE_LOOP('',(#5878,#5887,#5894,#5895));
#5878 = ORIENTED_EDGE('',*,*,#5879,.T.);
#5879 = EDGE_CURVE('',#5880,#5880,#5882,.T.);
#5880 = VERTEX_POINT('',#5881);
#5881 = CARTESIAN_POINT('',(30.19,51.,5.1));
#5882 = CIRCLE('',#5883,0.6);
#5883 = AXIS2_PLACEMENT_3D('',#5884,#5885,#5886);
#5884 = CARTESIAN_POINT('',(30.19,51.,4.5));
#5885 = DIRECTION('',(1.,0.,-0.));
#5886 = DIRECTION('',(0.,1.002044604925E-15,1.));
#5887 = ORIENTED_EDGE('',*,*,#5888,.F.);
#5888 = EDGE_CURVE('',#5830,#5880,#5889,.T.);
#5889 = CIRCLE('',#5890,0.4);
#5890 = AXIS2_PLACEMENT_3D('',#5891,#5892,#5893);
#5891 = CARTESIAN_POINT('',(30.59,51.,5.1));
#5892 = DIRECTION('',(0.,-1.,1.002044604925E-15));
#5893 = DIRECTION('',(0.,1.002044604925E-15,1.));
#5894 = ORIENTED_EDGE('',*,*,#5829,.F.);
#5895 = ORIENTED_EDGE('',*,*,#5888,.T.);
#5896 = TOROIDAL_SURFACE('',#5897,0.6,0.4);
#5897 = AXIS2_PLACEMENT_3D('',#5898,#5899,#5900);
#5898 = CARTESIAN_POINT('',(30.59,51.,4.5));
#5899 = DIRECTION('',(-1.,0.,0.));
#5900 = DIRECTION('',(0.,1.002044604925E-15,1.));
#5901 = ADVANCED_FACE('',(#5902),#5922,.T.);
#5902 = FACE_BOUND('',#5903,.T.);
#5903 = EDGE_LOOP('',(#5904,#5905,#5914,#5921));
#5904 = ORIENTED_EDGE('',*,*,#5863,.T.);
#5905 = ORIENTED_EDGE('',*,*,#5906,.F.);
#5906 = EDGE_CURVE('',#5907,#5856,#5909,.T.);
#5907 = VERTEX_POINT('',#5908);
#5908 = CARTESIAN_POINT('',(34.19,51.,5.1));
#5909 = CIRCLE('',#5910,0.4);
#5910 = AXIS2_PLACEMENT_3D('',#5911,#5912,#5913);
#5911 = CARTESIAN_POINT('',(33.79,51.,5.1));
#5912 = DIRECTION('',(0.,-1.,1.002044604925E-15));
#5913 = DIRECTION('',(0.,1.002044604925E-15,1.));
#5914 = ORIENTED_EDGE('',*,*,#5915,.F.);
#5915 = EDGE_CURVE('',#5907,#5907,#5916,.T.);
#5916 = CIRCLE('',#5917,0.6);
#5917 = AXIS2_PLACEMENT_3D('',#5918,#5919,#5920);
#5918 = CARTESIAN_POINT('',(34.19,51.,4.5));
#5919 = DIRECTION('',(1.,0.,-0.));
#5920 = DIRECTION('',(0.,1.002044604925E-15,1.));
#5921 = ORIENTED_EDGE('',*,*,#5906,.T.);
#5922 = TOROIDAL_SURFACE('',#5923,0.6,0.4);
#5923 = AXIS2_PLACEMENT_3D('',#5924,#5925,#5926);
#5924 = CARTESIAN_POINT('',(33.79,51.,4.5));
#5925 = DIRECTION('',(-1.,0.,0.));
#5926 = DIRECTION('',(0.,1.002044604925E-15,1.));
#5927 = ADVANCED_FACE('',(#5928),#5931,.F.);
#5928 = FACE_BOUND('',#5929,.T.);
#5929 = EDGE_LOOP('',(#5930));
#5930 = ORIENTED_EDGE('',*,*,#5879,.F.);
#5931 = PLANE('',#5932);
#5932 = AXIS2_PLACEMENT_3D('',#5933,#5934,#5935);
#5933 = CARTESIAN_POINT('',(30.19,51.,4.5));
#5934 = DIRECTION('',(1.,0.,0.));
#5935 = DIRECTION('',(0.,1.002044604925E-15,1.));
#5936 = ADVANCED_FACE('',(#5937),#5940,.T.);
#5937 = FACE_BOUND('',#5938,.F.);
#5938 = EDGE_LOOP('',(#5939));
#5939 = ORIENTED_EDGE('',*,*,#5915,.F.);
#5940 = PLANE('',#5941);
#5941 = AXIS2_PLACEMENT_3D('',#5942,#5943,#5944);
#5942 = CARTESIAN_POINT('',(34.19,51.,4.5));
#5943 = DIRECTION('',(1.,0.,0.));
#5944 = DIRECTION('',(0.,1.002044604925E-15,1.));
#5945 = MANIFOLD_SOLID_BREP('',#5946);
#5946 = CLOSED_SHELL('',(#5947,#5987,#6018,#6049,#7150,#8251,#8263,#8280
    ,#8297,#8314,#8331,#8348,#8365,#8382,#8399,#8416,#8433,#8450,#8467,
    #8484,#8501,#8518,#8535,#8552,#8569,#8586,#8603,#8620,#8637,#8654,
    #8671,#8688,#8705,#8722,#8739,#8756,#8773,#8790,#8807,#8824,#8841,
    #8858,#8875,#8892,#8909,#8926,#8943,#8960,#8977,#8994,#9011,#9028,
    #9045,#9062,#9079,#9096,#9113,#9130,#9147,#9164,#9181,#9198,#9215,
    #9232,#9249,#9266,#9283,#9305,#9322,#9339,#9351,#9368,#9385,#9407,
    #9424,#9441,#9453,#9470,#9487,#9504,#9521,#9538,#9555,#9572,#9589,
    #9606,#9623,#9640,#9657,#9674,#9691,#9708,#9725,#9742,#9759,#9776,
    #9793,#9810,#9827,#9844,#9861,#9878,#9895,#9912,#9929,#9946));
#5947 = ADVANCED_FACE('',(#5948),#5982,.T.);
#5948 = FACE_BOUND('',#5949,.T.);
#5949 = EDGE_LOOP('',(#5950,#5960,#5968,#5976));
#5950 = ORIENTED_EDGE('',*,*,#5951,.T.);
#5951 = EDGE_CURVE('',#5952,#5954,#5956,.T.);
#5952 = VERTEX_POINT('',#5953);
#5953 = CARTESIAN_POINT('',(75.,0.,1.405));
#5954 = VERTEX_POINT('',#5955);
#5955 = CARTESIAN_POINT('',(75.,0.,2.915));
#5956 = LINE('',#5957,#5958);
#5957 = CARTESIAN_POINT('',(75.,0.,1.405));
#5958 = VECTOR('',#5959,1.);
#5959 = DIRECTION('',(0.,0.,1.));
#5960 = ORIENTED_EDGE('',*,*,#5961,.T.);
#5961 = EDGE_CURVE('',#5954,#5962,#5964,.T.);
#5962 = VERTEX_POINT('',#5963);
#5963 = CARTESIAN_POINT('',(0.,0.,2.915));
#5964 = LINE('',#5965,#5966);
#5965 = CARTESIAN_POINT('',(75.,0.,2.915));
#5966 = VECTOR('',#5967,1.);
#5967 = DIRECTION('',(-1.,0.,0.));
#5968 = ORIENTED_EDGE('',*,*,#5969,.F.);
#5969 = EDGE_CURVE('',#5970,#5962,#5972,.T.);
#5970 = VERTEX_POINT('',#5971);
#5971 = CARTESIAN_POINT('',(0.,0.,1.405));
#5972 = LINE('',#5973,#5974);
#5973 = CARTESIAN_POINT('',(0.,0.,1.405));
#5974 = VECTOR('',#5975,1.);
#5975 = DIRECTION('',(0.,0.,1.));
#5976 = ORIENTED_EDGE('',*,*,#5977,.F.);
#5977 = EDGE_CURVE('',#5952,#5970,#5978,.T.);
#5978 = LINE('',#5979,#5980);
#5979 = CARTESIAN_POINT('',(75.,0.,1.405));
#5980 = VECTOR('',#5981,1.);
#5981 = DIRECTION('',(-1.,0.,0.));
#5982 = PLANE('',#5983);
#5983 = AXIS2_PLACEMENT_3D('',#5984,#5985,#5986);
#5984 = CARTESIAN_POINT('',(75.,0.,1.405));
#5985 = DIRECTION('',(0.,-1.,0.));
#5986 = DIRECTION('',(-1.,0.,0.));
#5987 = ADVANCED_FACE('',(#5988),#6013,.T.);
#5988 = FACE_BOUND('',#5989,.T.);
#5989 = EDGE_LOOP('',(#5990,#6000,#6006,#6007));
#5990 = ORIENTED_EDGE('',*,*,#5991,.T.);
#5991 = EDGE_CURVE('',#5992,#5994,#5996,.T.);
#5992 = VERTEX_POINT('',#5993);
#5993 = CARTESIAN_POINT('',(75.,95.,1.405));
#5994 = VERTEX_POINT('',#5995);
#5995 = CARTESIAN_POINT('',(75.,95.,2.915));
#5996 = LINE('',#5997,#5998);
#5997 = CARTESIAN_POINT('',(75.,95.,1.405));
#5998 = VECTOR('',#5999,1.);
#5999 = DIRECTION('',(0.,0.,1.));
#6000 = ORIENTED_EDGE('',*,*,#6001,.T.);
#6001 = EDGE_CURVE('',#5994,#5954,#6002,.T.);
#6002 = LINE('',#6003,#6004);
#6003 = CARTESIAN_POINT('',(75.,95.,2.915));
#6004 = VECTOR('',#6005,1.);
#6005 = DIRECTION('',(0.,-1.,0.));
#6006 = ORIENTED_EDGE('',*,*,#5951,.F.);
#6007 = ORIENTED_EDGE('',*,*,#6008,.F.);
#6008 = EDGE_CURVE('',#5992,#5952,#6009,.T.);
#6009 = LINE('',#6010,#6011);
#6010 = CARTESIAN_POINT('',(75.,95.,1.405));
#6011 = VECTOR('',#6012,1.);
#6012 = DIRECTION('',(0.,-1.,0.));
#6013 = PLANE('',#6014);
#6014 = AXIS2_PLACEMENT_3D('',#6015,#6016,#6017);
#6015 = CARTESIAN_POINT('',(75.,95.,1.405));
#6016 = DIRECTION('',(1.,0.,0.));
#6017 = DIRECTION('',(0.,-1.,0.));
#6018 = ADVANCED_FACE('',(#6019),#6044,.T.);
#6019 = FACE_BOUND('',#6020,.T.);
#6020 = EDGE_LOOP('',(#6021,#6022,#6030,#6038));
#6021 = ORIENTED_EDGE('',*,*,#5969,.T.);
#6022 = ORIENTED_EDGE('',*,*,#6023,.T.);
#6023 = EDGE_CURVE('',#5962,#6024,#6026,.T.);
#6024 = VERTEX_POINT('',#6025);
#6025 = CARTESIAN_POINT('',(0.,95.,2.915));
#6026 = LINE('',#6027,#6028);
#6027 = CARTESIAN_POINT('',(0.,0.,2.915));
#6028 = VECTOR('',#6029,1.);
#6029 = DIRECTION('',(0.,1.,0.));
#6030 = ORIENTED_EDGE('',*,*,#6031,.F.);
#6031 = EDGE_CURVE('',#6032,#6024,#6034,.T.);
#6032 = VERTEX_POINT('',#6033);
#6033 = CARTESIAN_POINT('',(0.,95.,1.405));
#6034 = LINE('',#6035,#6036);
#6035 = CARTESIAN_POINT('',(0.,95.,1.405));
#6036 = VECTOR('',#6037,1.);
#6037 = DIRECTION('',(0.,0.,1.));
#6038 = ORIENTED_EDGE('',*,*,#6039,.F.);
#6039 = EDGE_CURVE('',#5970,#6032,#6040,.T.);
#6040 = LINE('',#6041,#6042);
#6041 = CARTESIAN_POINT('',(0.,0.,1.405));
#6042 = VECTOR('',#6043,1.);
#6043 = DIRECTION('',(0.,1.,0.));
#6044 = PLANE('',#6045);
#6045 = AXIS2_PLACEMENT_3D('',#6046,#6047,#6048);
#6046 = CARTESIAN_POINT('',(0.,0.,1.405));
#6047 = DIRECTION('',(-1.,0.,0.));
#6048 = DIRECTION('',(0.,1.,0.));
#6049 = ADVANCED_FACE('',(#6050,#6061,#6072,#6083,#6094,#6105,#6116,
    #6127,#6138,#6149,#6160,#6171,#6182,#6193,#6204,#6215,#6226,#6237,
    #6248,#6259,#6270,#6281,#6292,#6303,#6314,#6325,#6336,#6347,#6358,
    #6369,#6380,#6391,#6402,#6413,#6424,#6435,#6446,#6457,#6468,#6479,
    #6490,#6501,#6512,#6523,#6534,#6545,#6556,#6567,#6578,#6589,#6600,
    #6611,#6622,#6633,#6644,#6655,#6666,#6677,#6688,#6699,#6710,#6721,
    #6757,#6768,#6779,#6815,#6826,#6837,#6848,#6859,#6870,#6881,#6892,
    #6903,#6914,#6925,#6936,#6947,#6958,#6969,#6980,#6991,#7002,#7013,
    #7024,#7035,#7046,#7057,#7068,#7079,#7090,#7101,#7112,#7123,#7134),
  #7145,.F.);
#6050 = FACE_BOUND('',#6051,.F.);
#6051 = EDGE_LOOP('',(#6052,#6053,#6054,#6060));
#6052 = ORIENTED_EDGE('',*,*,#5977,.F.);
#6053 = ORIENTED_EDGE('',*,*,#6008,.F.);
#6054 = ORIENTED_EDGE('',*,*,#6055,.F.);
#6055 = EDGE_CURVE('',#6032,#5992,#6056,.T.);
#6056 = LINE('',#6057,#6058);
#6057 = CARTESIAN_POINT('',(0.,95.,1.405));
#6058 = VECTOR('',#6059,1.);
#6059 = DIRECTION('',(1.,0.,0.));
#6060 = ORIENTED_EDGE('',*,*,#6039,.F.);
#6061 = FACE_BOUND('',#6062,.F.);
#6062 = EDGE_LOOP('',(#6063));
#6063 = ORIENTED_EDGE('',*,*,#6064,.T.);
#6064 = EDGE_CURVE('',#6065,#6065,#6067,.T.);
#6065 = VERTEX_POINT('',#6066);
#6066 = CARTESIAN_POINT('',(4.,3.4,1.405));
#6067 = CIRCLE('',#6068,1.6);
#6068 = AXIS2_PLACEMENT_3D('',#6069,#6070,#6071);
#6069 = CARTESIAN_POINT('',(4.,5.,1.405));
#6070 = DIRECTION('',(-0.,-0.,-1.));
#6071 = DIRECTION('',(0.,-1.,0.));
#6072 = FACE_BOUND('',#6073,.F.);
#6073 = EDGE_LOOP('',(#6074));
#6074 = ORIENTED_EDGE('',*,*,#6075,.T.);
#6075 = EDGE_CURVE('',#6076,#6076,#6078,.T.);
#6076 = VERTEX_POINT('',#6077);
#6077 = CARTESIAN_POINT('',(9.19,12.6,1.405));
#6078 = CIRCLE('',#6079,0.4);
#6079 = AXIS2_PLACEMENT_3D('',#6080,#6081,#6082);
#6080 = CARTESIAN_POINT('',(9.19,13.,1.405));
#6081 = DIRECTION('',(-0.,-0.,-1.));
#6082 = DIRECTION('',(0.,-1.,0.));
#6083 = FACE_BOUND('',#6084,.F.);
#6084 = EDGE_LOOP('',(#6085));
#6085 = ORIENTED_EDGE('',*,*,#6086,.T.);
#6086 = EDGE_CURVE('',#6087,#6087,#6089,.T.);
#6087 = VERTEX_POINT('',#6088);
#6088 = CARTESIAN_POINT('',(16.81,12.6,1.405));
#6089 = CIRCLE('',#6090,0.4);
#6090 = AXIS2_PLACEMENT_3D('',#6091,#6092,#6093);
#6091 = CARTESIAN_POINT('',(16.81,13.,1.405));
#6092 = DIRECTION('',(-0.,-0.,-1.));
#6093 = DIRECTION('',(0.,-1.,0.));
#6094 = FACE_BOUND('',#6095,.F.);
#6095 = EDGE_LOOP('',(#6096));
#6096 = ORIENTED_EDGE('',*,*,#6097,.T.);
#6097 = EDGE_CURVE('',#6098,#6098,#6100,.T.);
#6098 = VERTEX_POINT('',#6099);
#6099 = CARTESIAN_POINT('',(12.38,20.97,1.405));
#6100 = CIRCLE('',#6101,0.85);
#6101 = AXIS2_PLACEMENT_3D('',#6102,#6103,#6104);
#6102 = CARTESIAN_POINT('',(12.38,21.82,1.405));
#6103 = DIRECTION('',(-0.,-0.,-1.));
#6104 = DIRECTION('',(0.,-1.,0.));
#6105 = FACE_BOUND('',#6106,.F.);
#6106 = EDGE_LOOP('',(#6107));
#6107 = ORIENTED_EDGE('',*,*,#6108,.T.);
#6108 = EDGE_CURVE('',#6109,#6109,#6111,.T.);
#6109 = VERTEX_POINT('',#6110);
#6110 = CARTESIAN_POINT('',(13.65,23.61,1.405));
#6111 = CIRCLE('',#6112,0.75);
#6112 = AXIS2_PLACEMENT_3D('',#6113,#6114,#6115);
#6113 = CARTESIAN_POINT('',(13.65,24.36,1.405));
#6114 = DIRECTION('',(-0.,-0.,-1.));
#6115 = DIRECTION('',(0.,-1.,0.));
#6116 = FACE_BOUND('',#6117,.F.);
#6117 = EDGE_LOOP('',(#6118));
#6118 = ORIENTED_EDGE('',*,*,#6119,.T.);
#6119 = EDGE_CURVE('',#6120,#6120,#6122,.T.);
#6120 = VERTEX_POINT('',#6121);
#6121 = CARTESIAN_POINT('',(17.46,19.82,1.405));
#6122 = CIRCLE('',#6123,2.);
#6123 = AXIS2_PLACEMENT_3D('',#6124,#6125,#6126);
#6124 = CARTESIAN_POINT('',(17.46,21.82,1.405));
#6125 = DIRECTION('',(-0.,-0.,-1.));
#6126 = DIRECTION('',(0.,-1.,0.));
#6127 = FACE_BOUND('',#6128,.F.);
#6128 = EDGE_LOOP('',(#6129));
#6129 = ORIENTED_EDGE('',*,*,#6130,.T.);
#6130 = EDGE_CURVE('',#6131,#6131,#6133,.T.);
#6131 = VERTEX_POINT('',#6132);
#6132 = CARTESIAN_POINT('',(27.5,3.4,1.405));
#6133 = CIRCLE('',#6134,1.6);
#6134 = AXIS2_PLACEMENT_3D('',#6135,#6136,#6137);
#6135 = CARTESIAN_POINT('',(27.5,5.,1.405));
#6136 = DIRECTION('',(-0.,-0.,-1.));
#6137 = DIRECTION('',(0.,-1.,0.));
#6138 = FACE_BOUND('',#6139,.F.);
#6139 = EDGE_LOOP('',(#6140));
#6140 = ORIENTED_EDGE('',*,*,#6141,.T.);
#6141 = EDGE_CURVE('',#6142,#6142,#6144,.T.);
#6142 = VERTEX_POINT('',#6143);
#6143 = CARTESIAN_POINT('',(28.38,12.6,1.405));
#6144 = CIRCLE('',#6145,0.4);
#6145 = AXIS2_PLACEMENT_3D('',#6146,#6147,#6148);
#6146 = CARTESIAN_POINT('',(28.38,13.,1.405));
#6147 = DIRECTION('',(-0.,-0.,-1.));
#6148 = DIRECTION('',(0.,-1.,0.));
#6149 = FACE_BOUND('',#6150,.F.);
#6150 = EDGE_LOOP('',(#6151));
#6151 = ORIENTED_EDGE('',*,*,#6152,.T.);
#6152 = EDGE_CURVE('',#6153,#6153,#6155,.T.);
#6153 = VERTEX_POINT('',#6154);
#6154 = CARTESIAN_POINT('',(36.,12.6,1.405));
#6155 = CIRCLE('',#6156,0.4);
#6156 = AXIS2_PLACEMENT_3D('',#6157,#6158,#6159);
#6157 = CARTESIAN_POINT('',(36.,13.,1.405));
#6158 = DIRECTION('',(-0.,-0.,-1.));
#6159 = DIRECTION('',(0.,-1.,0.));
#6160 = FACE_BOUND('',#6161,.F.);
#6161 = EDGE_LOOP('',(#6162));
#6162 = ORIENTED_EDGE('',*,*,#6163,.T.);
#6163 = EDGE_CURVE('',#6164,#6164,#6166,.T.);
#6164 = VERTEX_POINT('',#6165);
#6165 = CARTESIAN_POINT('',(22.54,20.97,1.405));
#6166 = CIRCLE('',#6167,0.85);
#6167 = AXIS2_PLACEMENT_3D('',#6168,#6169,#6170);
#6168 = CARTESIAN_POINT('',(22.54,21.82,1.405));
#6169 = DIRECTION('',(0.,-0.,-1.));
#6170 = DIRECTION('',(1.671865260612E-14,-1.,0.));
#6171 = FACE_BOUND('',#6172,.F.);
#6172 = EDGE_LOOP('',(#6173));
#6173 = ORIENTED_EDGE('',*,*,#6174,.T.);
#6174 = EDGE_CURVE('',#6175,#6175,#6177,.T.);
#6175 = VERTEX_POINT('',#6176);
#6176 = CARTESIAN_POINT('',(31.43,20.97,1.405));
#6177 = CIRCLE('',#6178,0.85);
#6178 = AXIS2_PLACEMENT_3D('',#6179,#6180,#6181);
#6179 = CARTESIAN_POINT('',(31.43,21.82,1.405));
#6180 = DIRECTION('',(-0.,-0.,-1.));
#6181 = DIRECTION('',(0.,-1.,0.));
#6182 = FACE_BOUND('',#6183,.F.);
#6183 = EDGE_LOOP('',(#6184));
#6184 = ORIENTED_EDGE('',*,*,#6185,.T.);
#6185 = EDGE_CURVE('',#6186,#6186,#6188,.T.);
#6186 = VERTEX_POINT('',#6187);
#6187 = CARTESIAN_POINT('',(36.51,19.82,1.405));
#6188 = CIRCLE('',#6189,2.);
#6189 = AXIS2_PLACEMENT_3D('',#6190,#6191,#6192);
#6190 = CARTESIAN_POINT('',(36.51,21.82,1.405));
#6191 = DIRECTION('',(-0.,-0.,-1.));
#6192 = DIRECTION('',(0.,-1.,0.));
#6193 = FACE_BOUND('',#6194,.F.);
#6194 = EDGE_LOOP('',(#6195));
#6195 = ORIENTED_EDGE('',*,*,#6196,.T.);
#6196 = EDGE_CURVE('',#6197,#6197,#6199,.T.);
#6197 = VERTEX_POINT('',#6198);
#6198 = CARTESIAN_POINT('',(32.7,23.61,1.405));
#6199 = CIRCLE('',#6200,0.75);
#6200 = AXIS2_PLACEMENT_3D('',#6201,#6202,#6203);
#6201 = CARTESIAN_POINT('',(32.7,24.36,1.405));
#6202 = DIRECTION('',(-0.,-0.,-1.));
#6203 = DIRECTION('',(0.,-1.,0.));
#6204 = FACE_BOUND('',#6205,.F.);
#6205 = EDGE_LOOP('',(#6206));
#6206 = ORIENTED_EDGE('',*,*,#6207,.T.);
#6207 = EDGE_CURVE('',#6208,#6208,#6210,.T.);
#6208 = VERTEX_POINT('',#6209);
#6209 = CARTESIAN_POINT('',(9.19,31.6,1.405));
#6210 = CIRCLE('',#6211,0.4);
#6211 = AXIS2_PLACEMENT_3D('',#6212,#6213,#6214);
#6212 = CARTESIAN_POINT('',(9.19,32.,1.405));
#6213 = DIRECTION('',(-0.,-0.,-1.));
#6214 = DIRECTION('',(0.,-1.,0.));
#6215 = FACE_BOUND('',#6216,.F.);
#6216 = EDGE_LOOP('',(#6217));
#6217 = ORIENTED_EDGE('',*,*,#6218,.T.);
#6218 = EDGE_CURVE('',#6219,#6219,#6221,.T.);
#6219 = VERTEX_POINT('',#6220);
#6220 = CARTESIAN_POINT('',(16.81,31.6,1.405));
#6221 = CIRCLE('',#6222,0.4);
#6222 = AXIS2_PLACEMENT_3D('',#6223,#6224,#6225);
#6223 = CARTESIAN_POINT('',(16.81,32.,1.405));
#6224 = DIRECTION('',(-0.,-0.,-1.));
#6225 = DIRECTION('',(0.,-1.,0.));
#6226 = FACE_BOUND('',#6227,.F.);
#6227 = EDGE_LOOP('',(#6228));
#6228 = ORIENTED_EDGE('',*,*,#6229,.T.);
#6229 = EDGE_CURVE('',#6230,#6230,#6232,.T.);
#6230 = VERTEX_POINT('',#6231);
#6231 = CARTESIAN_POINT('',(12.38,40.02,1.405));
#6232 = CIRCLE('',#6233,0.85);
#6233 = AXIS2_PLACEMENT_3D('',#6234,#6235,#6236);
#6234 = CARTESIAN_POINT('',(12.38,40.87,1.405));
#6235 = DIRECTION('',(-0.,-0.,-1.));
#6236 = DIRECTION('',(0.,-1.,0.));
#6237 = FACE_BOUND('',#6238,.F.);
#6238 = EDGE_LOOP('',(#6239));
#6239 = ORIENTED_EDGE('',*,*,#6240,.T.);
#6240 = EDGE_CURVE('',#6241,#6241,#6243,.T.);
#6241 = VERTEX_POINT('',#6242);
#6242 = CARTESIAN_POINT('',(17.46,38.87,1.405));
#6243 = CIRCLE('',#6244,2.);
#6244 = AXIS2_PLACEMENT_3D('',#6245,#6246,#6247);
#6245 = CARTESIAN_POINT('',(17.46,40.87,1.405));
#6246 = DIRECTION('',(-0.,-0.,-1.));
#6247 = DIRECTION('',(0.,-1.,0.));
#6248 = FACE_BOUND('',#6249,.F.);
#6249 = EDGE_LOOP('',(#6250));
#6250 = ORIENTED_EDGE('',*,*,#6251,.T.);
#6251 = EDGE_CURVE('',#6252,#6252,#6254,.T.);
#6252 = VERTEX_POINT('',#6253);
#6253 = CARTESIAN_POINT('',(13.65,42.66,1.405));
#6254 = CIRCLE('',#6255,0.75);
#6255 = AXIS2_PLACEMENT_3D('',#6256,#6257,#6258);
#6256 = CARTESIAN_POINT('',(13.65,43.41,1.405));
#6257 = DIRECTION('',(-0.,-0.,-1.));
#6258 = DIRECTION('',(0.,-1.,0.));
#6259 = FACE_BOUND('',#6260,.F.);
#6260 = EDGE_LOOP('',(#6261));
#6261 = ORIENTED_EDGE('',*,*,#6262,.T.);
#6262 = EDGE_CURVE('',#6263,#6263,#6265,.T.);
#6263 = VERTEX_POINT('',#6264);
#6264 = CARTESIAN_POINT('',(20.,26.15,1.405));
#6265 = CIRCLE('',#6266,0.75);
#6266 = AXIS2_PLACEMENT_3D('',#6267,#6268,#6269);
#6267 = CARTESIAN_POINT('',(20.,26.9,1.405));
#6268 = DIRECTION('',(-0.,-0.,-1.));
#6269 = DIRECTION('',(0.,-1.,0.));
#6270 = FACE_BOUND('',#6271,.F.);
#6271 = EDGE_LOOP('',(#6272));
#6272 = ORIENTED_EDGE('',*,*,#6273,.T.);
#6273 = EDGE_CURVE('',#6274,#6274,#6276,.T.);
#6274 = VERTEX_POINT('',#6275);
#6275 = CARTESIAN_POINT('',(28.38,31.6,1.405));
#6276 = CIRCLE('',#6277,0.4);
#6277 = AXIS2_PLACEMENT_3D('',#6278,#6279,#6280);
#6278 = CARTESIAN_POINT('',(28.38,32.,1.405));
#6279 = DIRECTION('',(-0.,-0.,-1.));
#6280 = DIRECTION('',(0.,-1.,0.));
#6281 = FACE_BOUND('',#6282,.F.);
#6282 = EDGE_LOOP('',(#6283));
#6283 = ORIENTED_EDGE('',*,*,#6284,.T.);
#6284 = EDGE_CURVE('',#6285,#6285,#6287,.T.);
#6285 = VERTEX_POINT('',#6286);
#6286 = CARTESIAN_POINT('',(36.,31.6,1.405));
#6287 = CIRCLE('',#6288,0.4);
#6288 = AXIS2_PLACEMENT_3D('',#6289,#6290,#6291);
#6289 = CARTESIAN_POINT('',(36.,32.,1.405));
#6290 = DIRECTION('',(-0.,-0.,-1.));
#6291 = DIRECTION('',(0.,-1.,0.));
#6292 = FACE_BOUND('',#6293,.F.);
#6293 = EDGE_LOOP('',(#6294));
#6294 = ORIENTED_EDGE('',*,*,#6295,.T.);
#6295 = EDGE_CURVE('',#6296,#6296,#6298,.T.);
#6296 = VERTEX_POINT('',#6297);
#6297 = CARTESIAN_POINT('',(22.54,40.02,1.405));
#6298 = CIRCLE('',#6299,0.85);
#6299 = AXIS2_PLACEMENT_3D('',#6300,#6301,#6302);
#6300 = CARTESIAN_POINT('',(22.54,40.87,1.405));
#6301 = DIRECTION('',(0.,-0.,-1.));
#6302 = DIRECTION('',(1.671865260612E-14,-1.,0.));
#6303 = FACE_BOUND('',#6304,.F.);
#6304 = EDGE_LOOP('',(#6305));
#6305 = ORIENTED_EDGE('',*,*,#6306,.T.);
#6306 = EDGE_CURVE('',#6307,#6307,#6309,.T.);
#6307 = VERTEX_POINT('',#6308);
#6308 = CARTESIAN_POINT('',(20.,45.2,1.405));
#6309 = CIRCLE('',#6310,0.75);
#6310 = AXIS2_PLACEMENT_3D('',#6311,#6312,#6313);
#6311 = CARTESIAN_POINT('',(20.,45.95,1.405));
#6312 = DIRECTION('',(-0.,-0.,-1.));
#6313 = DIRECTION('',(0.,-1.,0.));
#6314 = FACE_BOUND('',#6315,.F.);
#6315 = EDGE_LOOP('',(#6316));
#6316 = ORIENTED_EDGE('',*,*,#6317,.T.);
#6317 = EDGE_CURVE('',#6318,#6318,#6320,.T.);
#6318 = VERTEX_POINT('',#6319);
#6319 = CARTESIAN_POINT('',(31.43,40.02,1.405));
#6320 = CIRCLE('',#6321,0.85);
#6321 = AXIS2_PLACEMENT_3D('',#6322,#6323,#6324);
#6322 = CARTESIAN_POINT('',(31.43,40.87,1.405));
#6323 = DIRECTION('',(-0.,-0.,-1.));
#6324 = DIRECTION('',(0.,-1.,0.));
#6325 = FACE_BOUND('',#6326,.F.);
#6326 = EDGE_LOOP('',(#6327));
#6327 = ORIENTED_EDGE('',*,*,#6328,.T.);
#6328 = EDGE_CURVE('',#6329,#6329,#6331,.T.);
#6329 = VERTEX_POINT('',#6330);
#6330 = CARTESIAN_POINT('',(36.51,38.87,1.405));
#6331 = CIRCLE('',#6332,2.);
#6332 = AXIS2_PLACEMENT_3D('',#6333,#6334,#6335);
#6333 = CARTESIAN_POINT('',(36.51,40.87,1.405));
#6334 = DIRECTION('',(-0.,-0.,-1.));
#6335 = DIRECTION('',(0.,-1.,0.));
#6336 = FACE_BOUND('',#6337,.F.);
#6337 = EDGE_LOOP('',(#6338));
#6338 = ORIENTED_EDGE('',*,*,#6339,.T.);
#6339 = EDGE_CURVE('',#6340,#6340,#6342,.T.);
#6340 = VERTEX_POINT('',#6341);
#6341 = CARTESIAN_POINT('',(32.7,42.66,1.405));
#6342 = CIRCLE('',#6343,0.75);
#6343 = AXIS2_PLACEMENT_3D('',#6344,#6345,#6346);
#6344 = CARTESIAN_POINT('',(32.7,43.41,1.405));
#6345 = DIRECTION('',(-0.,-0.,-1.));
#6346 = DIRECTION('',(0.,-1.,0.));
#6347 = FACE_BOUND('',#6348,.F.);
#6348 = EDGE_LOOP('',(#6349));
#6349 = ORIENTED_EDGE('',*,*,#6350,.T.);
#6350 = EDGE_CURVE('',#6351,#6351,#6353,.T.);
#6351 = VERTEX_POINT('',#6352);
#6352 = CARTESIAN_POINT('',(47.38,12.6,1.405));
#6353 = CIRCLE('',#6354,0.4);
#6354 = AXIS2_PLACEMENT_3D('',#6355,#6356,#6357);
#6355 = CARTESIAN_POINT('',(47.38,13.,1.405));
#6356 = DIRECTION('',(-0.,-0.,-1.));
#6357 = DIRECTION('',(0.,-1.,0.));
#6358 = FACE_BOUND('',#6359,.F.);
#6359 = EDGE_LOOP('',(#6360));
#6360 = ORIENTED_EDGE('',*,*,#6361,.T.);
#6361 = EDGE_CURVE('',#6362,#6362,#6364,.T.);
#6362 = VERTEX_POINT('',#6363);
#6363 = CARTESIAN_POINT('',(41.59,20.97,1.405));
#6364 = CIRCLE('',#6365,0.85);
#6365 = AXIS2_PLACEMENT_3D('',#6366,#6367,#6368);
#6366 = CARTESIAN_POINT('',(41.59,21.82,1.405));
#6367 = DIRECTION('',(-0.,-0.,-1.));
#6368 = DIRECTION('',(0.,-1.,0.));
#6369 = FACE_BOUND('',#6370,.F.);
#6370 = EDGE_LOOP('',(#6371));
#6371 = ORIENTED_EDGE('',*,*,#6372,.T.);
#6372 = EDGE_CURVE('',#6373,#6373,#6375,.T.);
#6373 = VERTEX_POINT('',#6374);
#6374 = CARTESIAN_POINT('',(50.48,20.97,1.405));
#6375 = CIRCLE('',#6376,0.85);
#6376 = AXIS2_PLACEMENT_3D('',#6377,#6378,#6379);
#6377 = CARTESIAN_POINT('',(50.48,21.82,1.405));
#6378 = DIRECTION('',(-0.,0.,-1.));
#6379 = DIRECTION('',(-3.343730521224E-14,-1.,0.));
#6380 = FACE_BOUND('',#6381,.F.);
#6381 = EDGE_LOOP('',(#6382));
#6382 = ORIENTED_EDGE('',*,*,#6383,.T.);
#6383 = EDGE_CURVE('',#6384,#6384,#6386,.T.);
#6384 = VERTEX_POINT('',#6385);
#6385 = CARTESIAN_POINT('',(51.75,23.61,1.405));
#6386 = CIRCLE('',#6387,0.75);
#6387 = AXIS2_PLACEMENT_3D('',#6388,#6389,#6390);
#6388 = CARTESIAN_POINT('',(51.75,24.36,1.405));
#6389 = DIRECTION('',(-0.,-0.,-1.));
#6390 = DIRECTION('',(0.,-1.,0.));
#6391 = FACE_BOUND('',#6392,.F.);
#6392 = EDGE_LOOP('',(#6393));
#6393 = ORIENTED_EDGE('',*,*,#6394,.T.);
#6394 = EDGE_CURVE('',#6395,#6395,#6397,.T.);
#6395 = VERTEX_POINT('',#6396);
#6396 = CARTESIAN_POINT('',(55.,12.6,1.405));
#6397 = CIRCLE('',#6398,0.4);
#6398 = AXIS2_PLACEMENT_3D('',#6399,#6400,#6401);
#6399 = CARTESIAN_POINT('',(55.,13.,1.405));
#6400 = DIRECTION('',(-0.,-0.,-1.));
#6401 = DIRECTION('',(0.,-1.,0.));
#6402 = FACE_BOUND('',#6403,.F.);
#6403 = EDGE_LOOP('',(#6404));
#6404 = ORIENTED_EDGE('',*,*,#6405,.T.);
#6405 = EDGE_CURVE('',#6406,#6406,#6408,.T.);
#6406 = VERTEX_POINT('',#6407);
#6407 = CARTESIAN_POINT('',(70.,3.4,1.405));
#6408 = CIRCLE('',#6409,1.6);
#6409 = AXIS2_PLACEMENT_3D('',#6410,#6411,#6412);
#6410 = CARTESIAN_POINT('',(70.,5.,1.405));
#6411 = DIRECTION('',(-0.,-0.,-1.));
#6412 = DIRECTION('',(0.,-1.,0.));
#6413 = FACE_BOUND('',#6414,.F.);
#6414 = EDGE_LOOP('',(#6415));
#6415 = ORIENTED_EDGE('',*,*,#6416,.T.);
#6416 = EDGE_CURVE('',#6417,#6417,#6419,.T.);
#6417 = VERTEX_POINT('',#6418);
#6418 = CARTESIAN_POINT('',(55.56,19.82,1.405));
#6419 = CIRCLE('',#6420,2.);
#6420 = AXIS2_PLACEMENT_3D('',#6421,#6422,#6423);
#6421 = CARTESIAN_POINT('',(55.56,21.82,1.405));
#6422 = DIRECTION('',(-0.,-0.,-1.));
#6423 = DIRECTION('',(0.,-1.,0.));
#6424 = FACE_BOUND('',#6425,.F.);
#6425 = EDGE_LOOP('',(#6426));
#6426 = ORIENTED_EDGE('',*,*,#6427,.T.);
#6427 = EDGE_CURVE('',#6428,#6428,#6430,.T.);
#6428 = VERTEX_POINT('',#6429);
#6429 = CARTESIAN_POINT('',(60.64,20.97,1.405));
#6430 = CIRCLE('',#6431,0.85);
#6431 = AXIS2_PLACEMENT_3D('',#6432,#6433,#6434);
#6432 = CARTESIAN_POINT('',(60.64,21.82,1.405));
#6433 = DIRECTION('',(-0.,-0.,-1.));
#6434 = DIRECTION('',(0.,-1.,0.));
#6435 = FACE_BOUND('',#6436,.F.);
#6436 = EDGE_LOOP('',(#6437));
#6437 = ORIENTED_EDGE('',*,*,#6438,.T.);
#6438 = EDGE_CURVE('',#6439,#6439,#6441,.T.);
#6439 = VERTEX_POINT('',#6440);
#6440 = CARTESIAN_POINT('',(39.05,26.15,1.405));
#6441 = CIRCLE('',#6442,0.75);
#6442 = AXIS2_PLACEMENT_3D('',#6443,#6444,#6445);
#6443 = CARTESIAN_POINT('',(39.05,26.9,1.405));
#6444 = DIRECTION('',(-0.,-0.,-1.));
#6445 = DIRECTION('',(0.,-1.,0.));
#6446 = FACE_BOUND('',#6447,.F.);
#6447 = EDGE_LOOP('',(#6448));
#6448 = ORIENTED_EDGE('',*,*,#6449,.T.);
#6449 = EDGE_CURVE('',#6450,#6450,#6452,.T.);
#6450 = VERTEX_POINT('',#6451);
#6451 = CARTESIAN_POINT('',(47.38,31.6,1.405));
#6452 = CIRCLE('',#6453,0.4);
#6453 = AXIS2_PLACEMENT_3D('',#6454,#6455,#6456);
#6454 = CARTESIAN_POINT('',(47.38,32.,1.405));
#6455 = DIRECTION('',(-0.,-0.,-1.));
#6456 = DIRECTION('',(0.,-1.,0.));
#6457 = FACE_BOUND('',#6458,.F.);
#6458 = EDGE_LOOP('',(#6459));
#6459 = ORIENTED_EDGE('',*,*,#6460,.T.);
#6460 = EDGE_CURVE('',#6461,#6461,#6463,.T.);
#6461 = VERTEX_POINT('',#6462);
#6462 = CARTESIAN_POINT('',(41.59,40.02,1.405));
#6463 = CIRCLE('',#6464,0.85);
#6464 = AXIS2_PLACEMENT_3D('',#6465,#6466,#6467);
#6465 = CARTESIAN_POINT('',(41.59,40.87,1.405));
#6466 = DIRECTION('',(-0.,-0.,-1.));
#6467 = DIRECTION('',(0.,-1.,0.));
#6468 = FACE_BOUND('',#6469,.F.);
#6469 = EDGE_LOOP('',(#6470));
#6470 = ORIENTED_EDGE('',*,*,#6471,.T.);
#6471 = EDGE_CURVE('',#6472,#6472,#6474,.T.);
#6472 = VERTEX_POINT('',#6473);
#6473 = CARTESIAN_POINT('',(39.05,45.2,1.405));
#6474 = CIRCLE('',#6475,0.75);
#6475 = AXIS2_PLACEMENT_3D('',#6476,#6477,#6478);
#6476 = CARTESIAN_POINT('',(39.05,45.95,1.405));
#6477 = DIRECTION('',(-0.,-0.,-1.));
#6478 = DIRECTION('',(0.,-1.,0.));
#6479 = FACE_BOUND('',#6480,.F.);
#6480 = EDGE_LOOP('',(#6481));
#6481 = ORIENTED_EDGE('',*,*,#6482,.T.);
#6482 = EDGE_CURVE('',#6483,#6483,#6485,.T.);
#6483 = VERTEX_POINT('',#6484);
#6484 = CARTESIAN_POINT('',(50.48,40.02,1.405));
#6485 = CIRCLE('',#6486,0.85);
#6486 = AXIS2_PLACEMENT_3D('',#6487,#6488,#6489);
#6487 = CARTESIAN_POINT('',(50.48,40.87,1.405));
#6488 = DIRECTION('',(-0.,0.,-1.));
#6489 = DIRECTION('',(-3.343730521224E-14,-1.,0.));
#6490 = FACE_BOUND('',#6491,.F.);
#6491 = EDGE_LOOP('',(#6492));
#6492 = ORIENTED_EDGE('',*,*,#6493,.T.);
#6493 = EDGE_CURVE('',#6494,#6494,#6496,.T.);
#6494 = VERTEX_POINT('',#6495);
#6495 = CARTESIAN_POINT('',(51.75,42.66,1.405));
#6496 = CIRCLE('',#6497,0.75);
#6497 = AXIS2_PLACEMENT_3D('',#6498,#6499,#6500);
#6498 = CARTESIAN_POINT('',(51.75,43.41,1.405));
#6499 = DIRECTION('',(-0.,-0.,-1.));
#6500 = DIRECTION('',(0.,-1.,0.));
#6501 = FACE_BOUND('',#6502,.F.);
#6502 = EDGE_LOOP('',(#6503));
#6503 = ORIENTED_EDGE('',*,*,#6504,.T.);
#6504 = EDGE_CURVE('',#6505,#6505,#6507,.T.);
#6505 = VERTEX_POINT('',#6506);
#6506 = CARTESIAN_POINT('',(58.1,26.15,1.405));
#6507 = CIRCLE('',#6508,0.75);
#6508 = AXIS2_PLACEMENT_3D('',#6509,#6510,#6511);
#6509 = CARTESIAN_POINT('',(58.1,26.9,1.405));
#6510 = DIRECTION('',(-0.,-0.,-1.));
#6511 = DIRECTION('',(0.,-1.,0.));
#6512 = FACE_BOUND('',#6513,.F.);
#6513 = EDGE_LOOP('',(#6514));
#6514 = ORIENTED_EDGE('',*,*,#6515,.T.);
#6515 = EDGE_CURVE('',#6516,#6516,#6518,.T.);
#6516 = VERTEX_POINT('',#6517);
#6517 = CARTESIAN_POINT('',(55.,31.6,1.405));
#6518 = CIRCLE('',#6519,0.4);
#6519 = AXIS2_PLACEMENT_3D('',#6520,#6521,#6522);
#6520 = CARTESIAN_POINT('',(55.,32.,1.405));
#6521 = DIRECTION('',(-0.,-0.,-1.));
#6522 = DIRECTION('',(0.,-1.,0.));
#6523 = FACE_BOUND('',#6524,.F.);
#6524 = EDGE_LOOP('',(#6525));
#6525 = ORIENTED_EDGE('',*,*,#6526,.T.);
#6526 = EDGE_CURVE('',#6527,#6527,#6529,.T.);
#6527 = VERTEX_POINT('',#6528);
#6528 = CARTESIAN_POINT('',(55.56,38.87,1.405));
#6529 = CIRCLE('',#6530,2.);
#6530 = AXIS2_PLACEMENT_3D('',#6531,#6532,#6533);
#6531 = CARTESIAN_POINT('',(55.56,40.87,1.405));
#6532 = DIRECTION('',(-0.,-0.,-1.));
#6533 = DIRECTION('',(0.,-1.,0.));
#6534 = FACE_BOUND('',#6535,.F.);
#6535 = EDGE_LOOP('',(#6536));
#6536 = ORIENTED_EDGE('',*,*,#6537,.T.);
#6537 = EDGE_CURVE('',#6538,#6538,#6540,.T.);
#6538 = VERTEX_POINT('',#6539);
#6539 = CARTESIAN_POINT('',(60.64,40.02,1.405));
#6540 = CIRCLE('',#6541,0.85);
#6541 = AXIS2_PLACEMENT_3D('',#6542,#6543,#6544);
#6542 = CARTESIAN_POINT('',(60.64,40.87,1.405));
#6543 = DIRECTION('',(-0.,-0.,-1.));
#6544 = DIRECTION('',(0.,-1.,0.));
#6545 = FACE_BOUND('',#6546,.F.);
#6546 = EDGE_LOOP('',(#6547));
#6547 = ORIENTED_EDGE('',*,*,#6548,.T.);
#6548 = EDGE_CURVE('',#6549,#6549,#6551,.T.);
#6549 = VERTEX_POINT('',#6550);
#6550 = CARTESIAN_POINT('',(58.1,45.2,1.405));
#6551 = CIRCLE('',#6552,0.75);
#6552 = AXIS2_PLACEMENT_3D('',#6553,#6554,#6555);
#6553 = CARTESIAN_POINT('',(58.1,45.95,1.405));
#6554 = DIRECTION('',(-0.,-0.,-1.));
#6555 = DIRECTION('',(0.,-1.,0.));
#6556 = FACE_BOUND('',#6557,.F.);
#6557 = EDGE_LOOP('',(#6558));
#6558 = ORIENTED_EDGE('',*,*,#6559,.T.);
#6559 = EDGE_CURVE('',#6560,#6560,#6562,.T.);
#6560 = VERTEX_POINT('',#6561);
#6561 = CARTESIAN_POINT('',(70.,45.4,1.405));
#6562 = CIRCLE('',#6563,1.6);
#6563 = AXIS2_PLACEMENT_3D('',#6564,#6565,#6566);
#6564 = CARTESIAN_POINT('',(70.,47.,1.405));
#6565 = DIRECTION('',(-0.,-0.,-1.));
#6566 = DIRECTION('',(0.,-1.,0.));
#6567 = FACE_BOUND('',#6568,.F.);
#6568 = EDGE_LOOP('',(#6569));
#6569 = ORIENTED_EDGE('',*,*,#6570,.T.);
#6570 = EDGE_CURVE('',#6571,#6571,#6573,.T.);
#6571 = VERTEX_POINT('',#6572);
#6572 = CARTESIAN_POINT('',(9.19,50.6,1.405));
#6573 = CIRCLE('',#6574,0.4);
#6574 = AXIS2_PLACEMENT_3D('',#6575,#6576,#6577);
#6575 = CARTESIAN_POINT('',(9.19,51.,1.405));
#6576 = DIRECTION('',(-0.,-0.,-1.));
#6577 = DIRECTION('',(0.,-1.,0.));
#6578 = FACE_BOUND('',#6579,.F.);
#6579 = EDGE_LOOP('',(#6580));
#6580 = ORIENTED_EDGE('',*,*,#6581,.T.);
#6581 = EDGE_CURVE('',#6582,#6582,#6584,.T.);
#6582 = VERTEX_POINT('',#6583);
#6583 = CARTESIAN_POINT('',(16.81,50.6,1.405));
#6584 = CIRCLE('',#6585,0.4);
#6585 = AXIS2_PLACEMENT_3D('',#6586,#6587,#6588);
#6586 = CARTESIAN_POINT('',(16.81,51.,1.405));
#6587 = DIRECTION('',(-0.,-0.,-1.));
#6588 = DIRECTION('',(0.,-1.,0.));
#6589 = FACE_BOUND('',#6590,.F.);
#6590 = EDGE_LOOP('',(#6591));
#6591 = ORIENTED_EDGE('',*,*,#6592,.T.);
#6592 = EDGE_CURVE('',#6593,#6593,#6595,.T.);
#6593 = VERTEX_POINT('',#6594);
#6594 = CARTESIAN_POINT('',(12.38,59.07,1.405));
#6595 = CIRCLE('',#6596,0.85);
#6596 = AXIS2_PLACEMENT_3D('',#6597,#6598,#6599);
#6597 = CARTESIAN_POINT('',(12.38,59.92,1.405));
#6598 = DIRECTION('',(-0.,-0.,-1.));
#6599 = DIRECTION('',(0.,-1.,0.));
#6600 = FACE_BOUND('',#6601,.F.);
#6601 = EDGE_LOOP('',(#6602));
#6602 = ORIENTED_EDGE('',*,*,#6603,.T.);
#6603 = EDGE_CURVE('',#6604,#6604,#6606,.T.);
#6604 = VERTEX_POINT('',#6605);
#6605 = CARTESIAN_POINT('',(13.65,61.71,1.405));
#6606 = CIRCLE('',#6607,0.75);
#6607 = AXIS2_PLACEMENT_3D('',#6608,#6609,#6610);
#6608 = CARTESIAN_POINT('',(13.65,62.46,1.405));
#6609 = DIRECTION('',(-0.,-0.,-1.));
#6610 = DIRECTION('',(0.,-1.,0.));
#6611 = FACE_BOUND('',#6612,.F.);
#6612 = EDGE_LOOP('',(#6613));
#6613 = ORIENTED_EDGE('',*,*,#6614,.T.);
#6614 = EDGE_CURVE('',#6615,#6615,#6617,.T.);
#6615 = VERTEX_POINT('',#6616);
#6616 = CARTESIAN_POINT('',(17.46,57.92,1.405));
#6617 = CIRCLE('',#6618,2.);
#6618 = AXIS2_PLACEMENT_3D('',#6619,#6620,#6621);
#6619 = CARTESIAN_POINT('',(17.46,59.92,1.405));
#6620 = DIRECTION('',(-0.,-0.,-1.));
#6621 = DIRECTION('',(0.,-1.,0.));
#6622 = FACE_BOUND('',#6623,.F.);
#6623 = EDGE_LOOP('',(#6624));
#6624 = ORIENTED_EDGE('',*,*,#6625,.T.);
#6625 = EDGE_CURVE('',#6626,#6626,#6628,.T.);
#6626 = VERTEX_POINT('',#6627);
#6627 = CARTESIAN_POINT('',(28.38,50.6,1.405));
#6628 = CIRCLE('',#6629,0.4);
#6629 = AXIS2_PLACEMENT_3D('',#6630,#6631,#6632);
#6630 = CARTESIAN_POINT('',(28.38,51.,1.405));
#6631 = DIRECTION('',(-0.,-0.,-1.));
#6632 = DIRECTION('',(0.,-1.,0.));
#6633 = FACE_BOUND('',#6634,.F.);
#6634 = EDGE_LOOP('',(#6635));
#6635 = ORIENTED_EDGE('',*,*,#6636,.T.);
#6636 = EDGE_CURVE('',#6637,#6637,#6639,.T.);
#6637 = VERTEX_POINT('',#6638);
#6638 = CARTESIAN_POINT('',(36.,50.6,1.405));
#6639 = CIRCLE('',#6640,0.4);
#6640 = AXIS2_PLACEMENT_3D('',#6641,#6642,#6643);
#6641 = CARTESIAN_POINT('',(36.,51.,1.405));
#6642 = DIRECTION('',(-0.,-0.,-1.));
#6643 = DIRECTION('',(0.,-1.,0.));
#6644 = FACE_BOUND('',#6645,.F.);
#6645 = EDGE_LOOP('',(#6646));
#6646 = ORIENTED_EDGE('',*,*,#6647,.T.);
#6647 = EDGE_CURVE('',#6648,#6648,#6650,.T.);
#6648 = VERTEX_POINT('',#6649);
#6649 = CARTESIAN_POINT('',(22.54,59.07,1.405));
#6650 = CIRCLE('',#6651,0.85);
#6651 = AXIS2_PLACEMENT_3D('',#6652,#6653,#6654);
#6652 = CARTESIAN_POINT('',(22.54,59.92,1.405));
#6653 = DIRECTION('',(0.,-0.,-1.));
#6654 = DIRECTION('',(1.671865260612E-14,-1.,0.));
#6655 = FACE_BOUND('',#6656,.F.);
#6656 = EDGE_LOOP('',(#6657));
#6657 = ORIENTED_EDGE('',*,*,#6658,.T.);
#6658 = EDGE_CURVE('',#6659,#6659,#6661,.T.);
#6659 = VERTEX_POINT('',#6660);
#6660 = CARTESIAN_POINT('',(20.,64.25,1.405));
#6661 = CIRCLE('',#6662,0.75);
#6662 = AXIS2_PLACEMENT_3D('',#6663,#6664,#6665);
#6663 = CARTESIAN_POINT('',(20.,65.,1.405));
#6664 = DIRECTION('',(-0.,-0.,-1.));
#6665 = DIRECTION('',(0.,-1.,0.));
#6666 = FACE_BOUND('',#6667,.F.);
#6667 = EDGE_LOOP('',(#6668));
#6668 = ORIENTED_EDGE('',*,*,#6669,.T.);
#6669 = EDGE_CURVE('',#6670,#6670,#6672,.T.);
#6670 = VERTEX_POINT('',#6671);
#6671 = CARTESIAN_POINT('',(31.43,59.07,1.405));
#6672 = CIRCLE('',#6673,0.85);
#6673 = AXIS2_PLACEMENT_3D('',#6674,#6675,#6676);
#6674 = CARTESIAN_POINT('',(31.43,59.92,1.405));
#6675 = DIRECTION('',(-0.,-0.,-1.));
#6676 = DIRECTION('',(0.,-1.,0.));
#6677 = FACE_BOUND('',#6678,.F.);
#6678 = EDGE_LOOP('',(#6679));
#6679 = ORIENTED_EDGE('',*,*,#6680,.T.);
#6680 = EDGE_CURVE('',#6681,#6681,#6683,.T.);
#6681 = VERTEX_POINT('',#6682);
#6682 = CARTESIAN_POINT('',(36.51,57.92,1.405));
#6683 = CIRCLE('',#6684,2.);
#6684 = AXIS2_PLACEMENT_3D('',#6685,#6686,#6687);
#6685 = CARTESIAN_POINT('',(36.51,59.92,1.405));
#6686 = DIRECTION('',(-0.,-0.,-1.));
#6687 = DIRECTION('',(0.,-1.,0.));
#6688 = FACE_BOUND('',#6689,.F.);
#6689 = EDGE_LOOP('',(#6690));
#6690 = ORIENTED_EDGE('',*,*,#6691,.T.);
#6691 = EDGE_CURVE('',#6692,#6692,#6694,.T.);
#6692 = VERTEX_POINT('',#6693);
#6693 = CARTESIAN_POINT('',(32.7,61.71,1.405));
#6694 = CIRCLE('',#6695,0.75);
#6695 = AXIS2_PLACEMENT_3D('',#6696,#6697,#6698);
#6696 = CARTESIAN_POINT('',(32.7,62.46,1.405));
#6697 = DIRECTION('',(-0.,-0.,-1.));
#6698 = DIRECTION('',(0.,-1.,0.));
#6699 = FACE_BOUND('',#6700,.F.);
#6700 = EDGE_LOOP('',(#6701));
#6701 = ORIENTED_EDGE('',*,*,#6702,.T.);
#6702 = EDGE_CURVE('',#6703,#6703,#6705,.T.);
#6703 = VERTEX_POINT('',#6704);
#6704 = CARTESIAN_POINT('',(9.5,76.5,1.405));
#6705 = CIRCLE('',#6706,0.5);
#6706 = AXIS2_PLACEMENT_3D('',#6707,#6708,#6709);
#6707 = CARTESIAN_POINT('',(9.5,77.,1.405));
#6708 = DIRECTION('',(-0.,-0.,-1.));
#6709 = DIRECTION('',(0.,-1.,0.));
#6710 = FACE_BOUND('',#6711,.F.);
#6711 = EDGE_LOOP('',(#6712));
#6712 = ORIENTED_EDGE('',*,*,#6713,.T.);
#6713 = EDGE_CURVE('',#6714,#6714,#6716,.T.);
#6714 = VERTEX_POINT('',#6715);
#6715 = CARTESIAN_POINT('',(9.5,79.,1.405));
#6716 = CIRCLE('',#6717,0.5);
#6717 = AXIS2_PLACEMENT_3D('',#6718,#6719,#6720);
#6718 = CARTESIAN_POINT('',(9.5,79.5,1.405));
#6719 = DIRECTION('',(-0.,-0.,-1.));
#6720 = DIRECTION('',(0.,-1.,0.));
#6721 = FACE_BOUND('',#6722,.F.);
#6722 = EDGE_LOOP('',(#6723,#6734,#6742,#6751));
#6723 = ORIENTED_EDGE('',*,*,#6724,.T.);
#6724 = EDGE_CURVE('',#6725,#6727,#6729,.T.);
#6725 = VERTEX_POINT('',#6726);
#6726 = CARTESIAN_POINT('',(17.65,74.65,1.405));
#6727 = VERTEX_POINT('',#6728);
#6728 = CARTESIAN_POINT('',(17.65,73.15,1.405));
#6729 = CIRCLE('',#6730,0.75);
#6730 = AXIS2_PLACEMENT_3D('',#6731,#6732,#6733);
#6731 = CARTESIAN_POINT('',(17.65,73.9,1.405));
#6732 = DIRECTION('',(-0.,-0.,-1.));
#6733 = DIRECTION('',(0.,-1.,0.));
#6734 = ORIENTED_EDGE('',*,*,#6735,.T.);
#6735 = EDGE_CURVE('',#6727,#6736,#6738,.T.);
#6736 = VERTEX_POINT('',#6737);
#6737 = CARTESIAN_POINT('',(16.35,73.15,1.405));
#6738 = LINE('',#6739,#6740);
#6739 = CARTESIAN_POINT('',(-31.825,73.15,1.405));
#6740 = VECTOR('',#6741,1.);
#6741 = DIRECTION('',(-1.,0.,0.));
#6742 = ORIENTED_EDGE('',*,*,#6743,.T.);
#6743 = EDGE_CURVE('',#6736,#6744,#6746,.T.);
#6744 = VERTEX_POINT('',#6745);
#6745 = CARTESIAN_POINT('',(16.35,74.65,1.405));
#6746 = CIRCLE('',#6747,0.75);
#6747 = AXIS2_PLACEMENT_3D('',#6748,#6749,#6750);
#6748 = CARTESIAN_POINT('',(16.35,73.9,1.405));
#6749 = DIRECTION('',(0.,0.,-1.));
#6750 = DIRECTION('',(0.,1.,0.));
#6751 = ORIENTED_EDGE('',*,*,#6752,.T.);
#6752 = EDGE_CURVE('',#6744,#6725,#6753,.T.);
#6753 = LINE('',#6754,#6755);
#6754 = CARTESIAN_POINT('',(-31.175,74.65,1.405));
#6755 = VECTOR('',#6756,1.);
#6756 = DIRECTION('',(1.,0.,0.));
#6757 = FACE_BOUND('',#6758,.F.);
#6758 = EDGE_LOOP('',(#6759));
#6759 = ORIENTED_EDGE('',*,*,#6760,.T.);
#6760 = EDGE_CURVE('',#6761,#6761,#6763,.T.);
#6761 = VERTEX_POINT('',#6762);
#6762 = CARTESIAN_POINT('',(9.5,81.5,1.405));
#6763 = CIRCLE('',#6764,0.5);
#6764 = AXIS2_PLACEMENT_3D('',#6765,#6766,#6767);
#6765 = CARTESIAN_POINT('',(9.5,82.,1.405));
#6766 = DIRECTION('',(-0.,-0.,-1.));
#6767 = DIRECTION('',(0.,-1.,0.));
#6768 = FACE_BOUND('',#6769,.F.);
#6769 = EDGE_LOOP('',(#6770));
#6770 = ORIENTED_EDGE('',*,*,#6771,.T.);
#6771 = EDGE_CURVE('',#6772,#6772,#6774,.T.);
#6772 = VERTEX_POINT('',#6773);
#6773 = CARTESIAN_POINT('',(4.,88.4,1.405));
#6774 = CIRCLE('',#6775,1.6);
#6775 = AXIS2_PLACEMENT_3D('',#6776,#6777,#6778);
#6776 = CARTESIAN_POINT('',(4.,90.,1.405));
#6777 = DIRECTION('',(-0.,-0.,-1.));
#6778 = DIRECTION('',(0.,-1.,0.));
#6779 = FACE_BOUND('',#6780,.F.);
#6780 = EDGE_LOOP('',(#6781,#6792,#6800,#6809));
#6781 = ORIENTED_EDGE('',*,*,#6782,.T.);
#6782 = EDGE_CURVE('',#6783,#6785,#6787,.T.);
#6783 = VERTEX_POINT('',#6784);
#6784 = CARTESIAN_POINT('',(17.65,85.85,1.405));
#6785 = VERTEX_POINT('',#6786);
#6786 = CARTESIAN_POINT('',(17.65,84.35,1.405));
#6787 = CIRCLE('',#6788,0.75);
#6788 = AXIS2_PLACEMENT_3D('',#6789,#6790,#6791);
#6789 = CARTESIAN_POINT('',(17.65,85.1,1.405));
#6790 = DIRECTION('',(-0.,-0.,-1.));
#6791 = DIRECTION('',(0.,-1.,0.));
#6792 = ORIENTED_EDGE('',*,*,#6793,.T.);
#6793 = EDGE_CURVE('',#6785,#6794,#6796,.T.);
#6794 = VERTEX_POINT('',#6795);
#6795 = CARTESIAN_POINT('',(16.35,84.35,1.405));
#6796 = LINE('',#6797,#6798);
#6797 = CARTESIAN_POINT('',(-31.825,84.35,1.405));
#6798 = VECTOR('',#6799,1.);
#6799 = DIRECTION('',(-1.,0.,0.));
#6800 = ORIENTED_EDGE('',*,*,#6801,.T.);
#6801 = EDGE_CURVE('',#6794,#6802,#6804,.T.);
#6802 = VERTEX_POINT('',#6803);
#6803 = CARTESIAN_POINT('',(16.35,85.85,1.405));
#6804 = CIRCLE('',#6805,0.75);
#6805 = AXIS2_PLACEMENT_3D('',#6806,#6807,#6808);
#6806 = CARTESIAN_POINT('',(16.35,85.1,1.405));
#6807 = DIRECTION('',(0.,0.,-1.));
#6808 = DIRECTION('',(0.,1.,0.));
#6809 = ORIENTED_EDGE('',*,*,#6810,.T.);
#6810 = EDGE_CURVE('',#6802,#6783,#6811,.T.);
#6811 = LINE('',#6812,#6813);
#6812 = CARTESIAN_POINT('',(-31.175,85.85,1.405));
#6813 = VECTOR('',#6814,1.);
#6814 = DIRECTION('',(1.,0.,0.));
#6815 = FACE_BOUND('',#6816,.F.);
#6816 = EDGE_LOOP('',(#6817));
#6817 = ORIENTED_EDGE('',*,*,#6818,.T.);
#6818 = EDGE_CURVE('',#6819,#6819,#6821,.T.);
#6819 = VERTEX_POINT('',#6820);
#6820 = CARTESIAN_POINT('',(24.,76.5,1.405));
#6821 = CIRCLE('',#6822,0.5);
#6822 = AXIS2_PLACEMENT_3D('',#6823,#6824,#6825);
#6823 = CARTESIAN_POINT('',(24.,77.,1.405));
#6824 = DIRECTION('',(-0.,-0.,-1.));
#6825 = DIRECTION('',(0.,-1.,0.));
#6826 = FACE_BOUND('',#6827,.F.);
#6827 = EDGE_LOOP('',(#6828));
#6828 = ORIENTED_EDGE('',*,*,#6829,.T.);
#6829 = EDGE_CURVE('',#6830,#6830,#6832,.T.);
#6830 = VERTEX_POINT('',#6831);
#6831 = CARTESIAN_POINT('',(28.32,76.71,1.405));
#6832 = CIRCLE('',#6833,0.5);
#6833 = AXIS2_PLACEMENT_3D('',#6834,#6835,#6836);
#6834 = CARTESIAN_POINT('',(28.32,77.21,1.405));
#6835 = DIRECTION('',(-0.,-0.,-1.));
#6836 = DIRECTION('',(0.,-1.,0.));
#6837 = FACE_BOUND('',#6838,.F.);
#6838 = EDGE_LOOP('',(#6839));
#6839 = ORIENTED_EDGE('',*,*,#6840,.T.);
#6840 = EDGE_CURVE('',#6841,#6841,#6843,.T.);
#6841 = VERTEX_POINT('',#6842);
#6842 = CARTESIAN_POINT('',(28.32,79.25,1.405));
#6843 = CIRCLE('',#6844,0.5);
#6844 = AXIS2_PLACEMENT_3D('',#6845,#6846,#6847);
#6845 = CARTESIAN_POINT('',(28.32,79.75,1.405));
#6846 = DIRECTION('',(-0.,-0.,-1.));
#6847 = DIRECTION('',(0.,-1.,0.));
#6848 = FACE_BOUND('',#6849,.F.);
#6849 = EDGE_LOOP('',(#6850));
#6850 = ORIENTED_EDGE('',*,*,#6851,.T.);
#6851 = EDGE_CURVE('',#6852,#6852,#6854,.T.);
#6852 = VERTEX_POINT('',#6853);
#6853 = CARTESIAN_POINT('',(24.,81.5,1.405));
#6854 = CIRCLE('',#6855,0.5);
#6855 = AXIS2_PLACEMENT_3D('',#6856,#6857,#6858);
#6856 = CARTESIAN_POINT('',(24.,82.,1.405));
#6857 = DIRECTION('',(-0.,-0.,-1.));
#6858 = DIRECTION('',(0.,-1.,0.));
#6859 = FACE_BOUND('',#6860,.F.);
#6860 = EDGE_LOOP('',(#6861));
#6861 = ORIENTED_EDGE('',*,*,#6862,.T.);
#6862 = EDGE_CURVE('',#6863,#6863,#6865,.T.);
#6863 = VERTEX_POINT('',#6864);
#6864 = CARTESIAN_POINT('',(28.32,81.79,1.405));
#6865 = CIRCLE('',#6866,0.5);
#6866 = AXIS2_PLACEMENT_3D('',#6867,#6868,#6869);
#6867 = CARTESIAN_POINT('',(28.32,82.29,1.405));
#6868 = DIRECTION('',(-0.,-0.,-1.));
#6869 = DIRECTION('',(0.,-1.,0.));
#6870 = FACE_BOUND('',#6871,.F.);
#6871 = EDGE_LOOP('',(#6872));
#6872 = ORIENTED_EDGE('',*,*,#6873,.T.);
#6873 = EDGE_CURVE('',#6874,#6874,#6876,.T.);
#6874 = VERTEX_POINT('',#6875);
#6875 = CARTESIAN_POINT('',(28.32,84.33,1.405));
#6876 = CIRCLE('',#6877,0.5);
#6877 = AXIS2_PLACEMENT_3D('',#6878,#6879,#6880);
#6878 = CARTESIAN_POINT('',(28.32,84.83,1.405));
#6879 = DIRECTION('',(-0.,-0.,-1.));
#6880 = DIRECTION('',(0.,-1.,0.));
#6881 = FACE_BOUND('',#6882,.F.);
#6882 = EDGE_LOOP('',(#6883));
#6883 = ORIENTED_EDGE('',*,*,#6884,.T.);
#6884 = EDGE_CURVE('',#6885,#6885,#6887,.T.);
#6885 = VERTEX_POINT('',#6886);
#6886 = CARTESIAN_POINT('',(47.38,50.6,1.405));
#6887 = CIRCLE('',#6888,0.4);
#6888 = AXIS2_PLACEMENT_3D('',#6889,#6890,#6891);
#6889 = CARTESIAN_POINT('',(47.38,51.,1.405));
#6890 = DIRECTION('',(-0.,-0.,-1.));
#6891 = DIRECTION('',(0.,-1.,0.));
#6892 = FACE_BOUND('',#6893,.F.);
#6893 = EDGE_LOOP('',(#6894));
#6894 = ORIENTED_EDGE('',*,*,#6895,.T.);
#6895 = EDGE_CURVE('',#6896,#6896,#6898,.T.);
#6896 = VERTEX_POINT('',#6897);
#6897 = CARTESIAN_POINT('',(41.59,59.07,1.405));
#6898 = CIRCLE('',#6899,0.85);
#6899 = AXIS2_PLACEMENT_3D('',#6900,#6901,#6902);
#6900 = CARTESIAN_POINT('',(41.59,59.92,1.405));
#6901 = DIRECTION('',(-0.,-0.,-1.));
#6902 = DIRECTION('',(0.,-1.,0.));
#6903 = FACE_BOUND('',#6904,.F.);
#6904 = EDGE_LOOP('',(#6905));
#6905 = ORIENTED_EDGE('',*,*,#6906,.T.);
#6906 = EDGE_CURVE('',#6907,#6907,#6909,.T.);
#6907 = VERTEX_POINT('',#6908);
#6908 = CARTESIAN_POINT('',(39.05,64.25,1.405));
#6909 = CIRCLE('',#6910,0.75);
#6910 = AXIS2_PLACEMENT_3D('',#6911,#6912,#6913);
#6911 = CARTESIAN_POINT('',(39.05,65.,1.405));
#6912 = DIRECTION('',(-0.,-0.,-1.));
#6913 = DIRECTION('',(0.,-1.,0.));
#6914 = FACE_BOUND('',#6915,.F.);
#6915 = EDGE_LOOP('',(#6916));
#6916 = ORIENTED_EDGE('',*,*,#6917,.T.);
#6917 = EDGE_CURVE('',#6918,#6918,#6920,.T.);
#6918 = VERTEX_POINT('',#6919);
#6919 = CARTESIAN_POINT('',(50.48,59.07,1.405));
#6920 = CIRCLE('',#6921,0.85);
#6921 = AXIS2_PLACEMENT_3D('',#6922,#6923,#6924);
#6922 = CARTESIAN_POINT('',(50.48,59.92,1.405));
#6923 = DIRECTION('',(-0.,0.,-1.));
#6924 = DIRECTION('',(-3.343730521224E-14,-1.,0.));
#6925 = FACE_BOUND('',#6926,.F.);
#6926 = EDGE_LOOP('',(#6927));
#6927 = ORIENTED_EDGE('',*,*,#6928,.T.);
#6928 = EDGE_CURVE('',#6929,#6929,#6931,.T.);
#6929 = VERTEX_POINT('',#6930);
#6930 = CARTESIAN_POINT('',(51.75,61.71,1.405));
#6931 = CIRCLE('',#6932,0.75);
#6932 = AXIS2_PLACEMENT_3D('',#6933,#6934,#6935);
#6933 = CARTESIAN_POINT('',(51.75,62.46,1.405));
#6934 = DIRECTION('',(-0.,-0.,-1.));
#6935 = DIRECTION('',(0.,-1.,0.));
#6936 = FACE_BOUND('',#6937,.F.);
#6937 = EDGE_LOOP('',(#6938));
#6938 = ORIENTED_EDGE('',*,*,#6939,.T.);
#6939 = EDGE_CURVE('',#6940,#6940,#6942,.T.);
#6940 = VERTEX_POINT('',#6941);
#6941 = CARTESIAN_POINT('',(55.,50.6,1.405));
#6942 = CIRCLE('',#6943,0.4);
#6943 = AXIS2_PLACEMENT_3D('',#6944,#6945,#6946);
#6944 = CARTESIAN_POINT('',(55.,51.,1.405));
#6945 = DIRECTION('',(-0.,-0.,-1.));
#6946 = DIRECTION('',(0.,-1.,0.));
#6947 = FACE_BOUND('',#6948,.F.);
#6948 = EDGE_LOOP('',(#6949));
#6949 = ORIENTED_EDGE('',*,*,#6950,.T.);
#6950 = EDGE_CURVE('',#6951,#6951,#6953,.T.);
#6951 = VERTEX_POINT('',#6952);
#6952 = CARTESIAN_POINT('',(55.56,57.92,1.405));
#6953 = CIRCLE('',#6954,2.);
#6954 = AXIS2_PLACEMENT_3D('',#6955,#6956,#6957);
#6955 = CARTESIAN_POINT('',(55.56,59.92,1.405));
#6956 = DIRECTION('',(-0.,-0.,-1.));
#6957 = DIRECTION('',(0.,-1.,0.));
#6958 = FACE_BOUND('',#6959,.F.);
#6959 = EDGE_LOOP('',(#6960));
#6960 = ORIENTED_EDGE('',*,*,#6961,.T.);
#6961 = EDGE_CURVE('',#6962,#6962,#6964,.T.);
#6962 = VERTEX_POINT('',#6963);
#6963 = CARTESIAN_POINT('',(60.64,59.07,1.405));
#6964 = CIRCLE('',#6965,0.85);
#6965 = AXIS2_PLACEMENT_3D('',#6966,#6967,#6968);
#6966 = CARTESIAN_POINT('',(60.64,59.92,1.405));
#6967 = DIRECTION('',(-0.,-0.,-1.));
#6968 = DIRECTION('',(0.,-1.,0.));
#6969 = FACE_BOUND('',#6970,.F.);
#6970 = EDGE_LOOP('',(#6971));
#6971 = ORIENTED_EDGE('',*,*,#6972,.T.);
#6972 = EDGE_CURVE('',#6973,#6973,#6975,.T.);
#6973 = VERTEX_POINT('',#6974);
#6974 = CARTESIAN_POINT('',(58.1,64.25,1.405));
#6975 = CIRCLE('',#6976,0.75);
#6976 = AXIS2_PLACEMENT_3D('',#6977,#6978,#6979);
#6977 = CARTESIAN_POINT('',(58.1,65.,1.405));
#6978 = DIRECTION('',(-0.,-0.,-1.));
#6979 = DIRECTION('',(0.,-1.,0.));
#6980 = FACE_BOUND('',#6981,.F.);
#6981 = EDGE_LOOP('',(#6982));
#6982 = ORIENTED_EDGE('',*,*,#6983,.T.);
#6983 = EDGE_CURVE('',#6984,#6984,#6986,.T.);
#6984 = VERTEX_POINT('',#6985);
#6985 = CARTESIAN_POINT('',(44.75,75.26,1.405));
#6986 = CIRCLE('',#6987,0.5);
#6987 = AXIS2_PLACEMENT_3D('',#6988,#6989,#6990);
#6988 = CARTESIAN_POINT('',(44.75,75.76,1.405));
#6989 = DIRECTION('',(-0.,-0.,-1.));
#6990 = DIRECTION('',(0.,-1.,0.));
#6991 = FACE_BOUND('',#6992,.F.);
#6992 = EDGE_LOOP('',(#6993));
#6993 = ORIENTED_EDGE('',*,*,#6994,.T.);
#6994 = EDGE_CURVE('',#6995,#6995,#6997,.T.);
#6995 = VERTEX_POINT('',#6996);
#6996 = CARTESIAN_POINT('',(44.75,77.8,1.405));
#6997 = CIRCLE('',#6998,0.5);
#6998 = AXIS2_PLACEMENT_3D('',#6999,#7000,#7001);
#6999 = CARTESIAN_POINT('',(44.75,78.3,1.405));
#7000 = DIRECTION('',(-0.,-0.,-1.));
#7001 = DIRECTION('',(0.,-1.,0.));
#7002 = FACE_BOUND('',#7003,.F.);
#7003 = EDGE_LOOP('',(#7004));
#7004 = ORIENTED_EDGE('',*,*,#7005,.T.);
#7005 = EDGE_CURVE('',#7006,#7006,#7008,.T.);
#7006 = VERTEX_POINT('',#7007);
#7007 = CARTESIAN_POINT('',(44.75,80.34,1.405));
#7008 = CIRCLE('',#7009,0.5);
#7009 = AXIS2_PLACEMENT_3D('',#7010,#7011,#7012);
#7010 = CARTESIAN_POINT('',(44.75,80.84,1.405));
#7011 = DIRECTION('',(-0.,-0.,-1.));
#7012 = DIRECTION('',(0.,-1.,0.));
#7013 = FACE_BOUND('',#7014,.F.);
#7014 = EDGE_LOOP('',(#7015));
#7015 = ORIENTED_EDGE('',*,*,#7016,.T.);
#7016 = EDGE_CURVE('',#7017,#7017,#7019,.T.);
#7017 = VERTEX_POINT('',#7018);
#7018 = CARTESIAN_POINT('',(44.75,82.88,1.405));
#7019 = CIRCLE('',#7020,0.5);
#7020 = AXIS2_PLACEMENT_3D('',#7021,#7022,#7023);
#7021 = CARTESIAN_POINT('',(44.75,83.38,1.405));
#7022 = DIRECTION('',(-0.,-0.,-1.));
#7023 = DIRECTION('',(0.,-1.,0.));
#7024 = FACE_BOUND('',#7025,.F.);
#7025 = EDGE_LOOP('',(#7026));
#7026 = ORIENTED_EDGE('',*,*,#7027,.T.);
#7027 = EDGE_CURVE('',#7028,#7028,#7030,.T.);
#7028 = VERTEX_POINT('',#7029);
#7029 = CARTESIAN_POINT('',(44.75,85.42,1.405));
#7030 = CIRCLE('',#7031,0.5);
#7031 = AXIS2_PLACEMENT_3D('',#7032,#7033,#7034);
#7032 = CARTESIAN_POINT('',(44.75,85.92,1.405));
#7033 = DIRECTION('',(-0.,-0.,-1.));
#7034 = DIRECTION('',(0.,-1.,0.));
#7035 = FACE_BOUND('',#7036,.F.);
#7036 = EDGE_LOOP('',(#7037));
#7037 = ORIENTED_EDGE('',*,*,#7038,.T.);
#7038 = EDGE_CURVE('',#7039,#7039,#7041,.T.);
#7039 = VERTEX_POINT('',#7040);
#7040 = CARTESIAN_POINT('',(44.75,87.96,1.405));
#7041 = CIRCLE('',#7042,0.5);
#7042 = AXIS2_PLACEMENT_3D('',#7043,#7044,#7045);
#7043 = CARTESIAN_POINT('',(44.75,88.46,1.405));
#7044 = DIRECTION('',(-0.,-0.,-1.));
#7045 = DIRECTION('',(0.,-1.,0.));
#7046 = FACE_BOUND('',#7047,.F.);
#7047 = EDGE_LOOP('',(#7048));
#7048 = ORIENTED_EDGE('',*,*,#7049,.T.);
#7049 = EDGE_CURVE('',#7050,#7050,#7052,.T.);
#7050 = VERTEX_POINT('',#7051);
#7051 = CARTESIAN_POINT('',(44.75,90.5,1.405));
#7052 = CIRCLE('',#7053,0.5);
#7053 = AXIS2_PLACEMENT_3D('',#7054,#7055,#7056);
#7054 = CARTESIAN_POINT('',(44.75,91.,1.405));
#7055 = DIRECTION('',(-0.,-0.,-1.));
#7056 = DIRECTION('',(0.,-1.,0.));
#7057 = FACE_BOUND('',#7058,.F.);
#7058 = EDGE_LOOP('',(#7059));
#7059 = ORIENTED_EDGE('',*,*,#7060,.T.);
#7060 = EDGE_CURVE('',#7061,#7061,#7063,.T.);
#7061 = VERTEX_POINT('',#7062);
#7062 = CARTESIAN_POINT('',(60.,75.26,1.405));
#7063 = CIRCLE('',#7064,0.5);
#7064 = AXIS2_PLACEMENT_3D('',#7065,#7066,#7067);
#7065 = CARTESIAN_POINT('',(60.,75.76,1.405));
#7066 = DIRECTION('',(-0.,-0.,-1.));
#7067 = DIRECTION('',(0.,-1.,0.));
#7068 = FACE_BOUND('',#7069,.F.);
#7069 = EDGE_LOOP('',(#7070));
#7070 = ORIENTED_EDGE('',*,*,#7071,.T.);
#7071 = EDGE_CURVE('',#7072,#7072,#7074,.T.);
#7072 = VERTEX_POINT('',#7073);
#7073 = CARTESIAN_POINT('',(60.,77.8,1.405));
#7074 = CIRCLE('',#7075,0.5);
#7075 = AXIS2_PLACEMENT_3D('',#7076,#7077,#7078);
#7076 = CARTESIAN_POINT('',(60.,78.3,1.405));
#7077 = DIRECTION('',(-0.,-0.,-1.));
#7078 = DIRECTION('',(0.,-1.,0.));
#7079 = FACE_BOUND('',#7080,.F.);
#7080 = EDGE_LOOP('',(#7081));
#7081 = ORIENTED_EDGE('',*,*,#7082,.T.);
#7082 = EDGE_CURVE('',#7083,#7083,#7085,.T.);
#7083 = VERTEX_POINT('',#7084);
#7084 = CARTESIAN_POINT('',(60.,80.34,1.405));
#7085 = CIRCLE('',#7086,0.5);
#7086 = AXIS2_PLACEMENT_3D('',#7087,#7088,#7089);
#7087 = CARTESIAN_POINT('',(60.,80.84,1.405));
#7088 = DIRECTION('',(-0.,-0.,-1.));
#7089 = DIRECTION('',(0.,-1.,0.));
#7090 = FACE_BOUND('',#7091,.F.);
#7091 = EDGE_LOOP('',(#7092));
#7092 = ORIENTED_EDGE('',*,*,#7093,.T.);
#7093 = EDGE_CURVE('',#7094,#7094,#7096,.T.);
#7094 = VERTEX_POINT('',#7095);
#7095 = CARTESIAN_POINT('',(60.,82.88,1.405));
#7096 = CIRCLE('',#7097,0.5);
#7097 = AXIS2_PLACEMENT_3D('',#7098,#7099,#7100);
#7098 = CARTESIAN_POINT('',(60.,83.38,1.405));
#7099 = DIRECTION('',(-0.,-0.,-1.));
#7100 = DIRECTION('',(0.,-1.,0.));
#7101 = FACE_BOUND('',#7102,.F.);
#7102 = EDGE_LOOP('',(#7103));
#7103 = ORIENTED_EDGE('',*,*,#7104,.T.);
#7104 = EDGE_CURVE('',#7105,#7105,#7107,.T.);
#7105 = VERTEX_POINT('',#7106);
#7106 = CARTESIAN_POINT('',(60.,85.42,1.405));
#7107 = CIRCLE('',#7108,0.5);
#7108 = AXIS2_PLACEMENT_3D('',#7109,#7110,#7111);
#7109 = CARTESIAN_POINT('',(60.,85.92,1.405));
#7110 = DIRECTION('',(-0.,-0.,-1.));
#7111 = DIRECTION('',(0.,-1.,0.));
#7112 = FACE_BOUND('',#7113,.F.);
#7113 = EDGE_LOOP('',(#7114));
#7114 = ORIENTED_EDGE('',*,*,#7115,.T.);
#7115 = EDGE_CURVE('',#7116,#7116,#7118,.T.);
#7116 = VERTEX_POINT('',#7117);
#7117 = CARTESIAN_POINT('',(60.,87.96,1.405));
#7118 = CIRCLE('',#7119,0.5);
#7119 = AXIS2_PLACEMENT_3D('',#7120,#7121,#7122);
#7120 = CARTESIAN_POINT('',(60.,88.46,1.405));
#7121 = DIRECTION('',(-0.,-0.,-1.));
#7122 = DIRECTION('',(0.,-1.,0.));
#7123 = FACE_BOUND('',#7124,.F.);
#7124 = EDGE_LOOP('',(#7125));
#7125 = ORIENTED_EDGE('',*,*,#7126,.T.);
#7126 = EDGE_CURVE('',#7127,#7127,#7129,.T.);
#7127 = VERTEX_POINT('',#7128);
#7128 = CARTESIAN_POINT('',(60.,90.5,1.405));
#7129 = CIRCLE('',#7130,0.5);
#7130 = AXIS2_PLACEMENT_3D('',#7131,#7132,#7133);
#7131 = CARTESIAN_POINT('',(60.,91.,1.405));
#7132 = DIRECTION('',(-0.,-0.,-1.));
#7133 = DIRECTION('',(0.,-1.,0.));
#7134 = FACE_BOUND('',#7135,.F.);
#7135 = EDGE_LOOP('',(#7136));
#7136 = ORIENTED_EDGE('',*,*,#7137,.T.);
#7137 = EDGE_CURVE('',#7138,#7138,#7140,.T.);
#7138 = VERTEX_POINT('',#7139);
#7139 = CARTESIAN_POINT('',(70.,88.4,1.405));
#7140 = CIRCLE('',#7141,1.6);
#7141 = AXIS2_PLACEMENT_3D('',#7142,#7143,#7144);
#7142 = CARTESIAN_POINT('',(70.,90.,1.405));
#7143 = DIRECTION('',(-0.,-0.,-1.));
#7144 = DIRECTION('',(0.,-1.,0.));
#7145 = PLANE('',#7146);
#7146 = AXIS2_PLACEMENT_3D('',#7147,#7148,#7149);
#7147 = CARTESIAN_POINT('',(-80.,165.,1.405));
#7148 = DIRECTION('',(0.,0.,1.));
#7149 = DIRECTION('',(1.,0.,0.));
#7150 = ADVANCED_FACE('',(#7151,#7162,#7173,#7184,#7195,#7206,#7217,
    #7228,#7239,#7250,#7261,#7272,#7283,#7294,#7305,#7316,#7327,#7338,
    #7349,#7360,#7371,#7382,#7393,#7404,#7415,#7426,#7437,#7448,#7459,
    #7470,#7481,#7492,#7503,#7514,#7525,#7536,#7547,#7558,#7569,#7580,
    #7591,#7602,#7613,#7624,#7635,#7646,#7657,#7668,#7679,#7690,#7701,
    #7712,#7723,#7734,#7745,#7756,#7767,#7778,#7789,#7800,#7811,#7822,
    #7858,#7869,#7880,#7916,#7927,#7938,#7949,#7960,#7971,#7982,#7993,
    #8004,#8015,#8026,#8037,#8048,#8059,#8070,#8081,#8092,#8103,#8114,
    #8125,#8136,#8147,#8158,#8169,#8180,#8191,#8202,#8213,#8224,#8235),
  #8246,.T.);
#7151 = FACE_BOUND('',#7152,.T.);
#7152 = EDGE_LOOP('',(#7153,#7154,#7155,#7161));
#7153 = ORIENTED_EDGE('',*,*,#5961,.F.);
#7154 = ORIENTED_EDGE('',*,*,#6001,.F.);
#7155 = ORIENTED_EDGE('',*,*,#7156,.F.);
#7156 = EDGE_CURVE('',#6024,#5994,#7157,.T.);
#7157 = LINE('',#7158,#7159);
#7158 = CARTESIAN_POINT('',(0.,95.,2.915));
#7159 = VECTOR('',#7160,1.);
#7160 = DIRECTION('',(1.,0.,0.));
#7161 = ORIENTED_EDGE('',*,*,#6023,.F.);
#7162 = FACE_BOUND('',#7163,.T.);
#7163 = EDGE_LOOP('',(#7164));
#7164 = ORIENTED_EDGE('',*,*,#7165,.T.);
#7165 = EDGE_CURVE('',#7166,#7166,#7168,.T.);
#7166 = VERTEX_POINT('',#7167);
#7167 = CARTESIAN_POINT('',(4.,3.4,2.915));
#7168 = CIRCLE('',#7169,1.6);
#7169 = AXIS2_PLACEMENT_3D('',#7170,#7171,#7172);
#7170 = CARTESIAN_POINT('',(4.,5.,2.915));
#7171 = DIRECTION('',(-0.,-0.,-1.));
#7172 = DIRECTION('',(0.,-1.,0.));
#7173 = FACE_BOUND('',#7174,.T.);
#7174 = EDGE_LOOP('',(#7175));
#7175 = ORIENTED_EDGE('',*,*,#7176,.T.);
#7176 = EDGE_CURVE('',#7177,#7177,#7179,.T.);
#7177 = VERTEX_POINT('',#7178);
#7178 = CARTESIAN_POINT('',(9.19,12.6,2.915));
#7179 = CIRCLE('',#7180,0.4);
#7180 = AXIS2_PLACEMENT_3D('',#7181,#7182,#7183);
#7181 = CARTESIAN_POINT('',(9.19,13.,2.915));
#7182 = DIRECTION('',(-0.,-0.,-1.));
#7183 = DIRECTION('',(0.,-1.,0.));
#7184 = FACE_BOUND('',#7185,.T.);
#7185 = EDGE_LOOP('',(#7186));
#7186 = ORIENTED_EDGE('',*,*,#7187,.T.);
#7187 = EDGE_CURVE('',#7188,#7188,#7190,.T.);
#7188 = VERTEX_POINT('',#7189);
#7189 = CARTESIAN_POINT('',(16.81,12.6,2.915));
#7190 = CIRCLE('',#7191,0.4);
#7191 = AXIS2_PLACEMENT_3D('',#7192,#7193,#7194);
#7192 = CARTESIAN_POINT('',(16.81,13.,2.915));
#7193 = DIRECTION('',(-0.,-0.,-1.));
#7194 = DIRECTION('',(0.,-1.,0.));
#7195 = FACE_BOUND('',#7196,.T.);
#7196 = EDGE_LOOP('',(#7197));
#7197 = ORIENTED_EDGE('',*,*,#7198,.T.);
#7198 = EDGE_CURVE('',#7199,#7199,#7201,.T.);
#7199 = VERTEX_POINT('',#7200);
#7200 = CARTESIAN_POINT('',(12.38,20.97,2.915));
#7201 = CIRCLE('',#7202,0.85);
#7202 = AXIS2_PLACEMENT_3D('',#7203,#7204,#7205);
#7203 = CARTESIAN_POINT('',(12.38,21.82,2.915));
#7204 = DIRECTION('',(-0.,-0.,-1.));
#7205 = DIRECTION('',(0.,-1.,0.));
#7206 = FACE_BOUND('',#7207,.T.);
#7207 = EDGE_LOOP('',(#7208));
#7208 = ORIENTED_EDGE('',*,*,#7209,.T.);
#7209 = EDGE_CURVE('',#7210,#7210,#7212,.T.);
#7210 = VERTEX_POINT('',#7211);
#7211 = CARTESIAN_POINT('',(13.65,23.61,2.915));
#7212 = CIRCLE('',#7213,0.75);
#7213 = AXIS2_PLACEMENT_3D('',#7214,#7215,#7216);
#7214 = CARTESIAN_POINT('',(13.65,24.36,2.915));
#7215 = DIRECTION('',(-0.,-0.,-1.));
#7216 = DIRECTION('',(0.,-1.,0.));
#7217 = FACE_BOUND('',#7218,.T.);
#7218 = EDGE_LOOP('',(#7219));
#7219 = ORIENTED_EDGE('',*,*,#7220,.T.);
#7220 = EDGE_CURVE('',#7221,#7221,#7223,.T.);
#7221 = VERTEX_POINT('',#7222);
#7222 = CARTESIAN_POINT('',(17.46,19.82,2.915));
#7223 = CIRCLE('',#7224,2.);
#7224 = AXIS2_PLACEMENT_3D('',#7225,#7226,#7227);
#7225 = CARTESIAN_POINT('',(17.46,21.82,2.915));
#7226 = DIRECTION('',(-0.,-0.,-1.));
#7227 = DIRECTION('',(0.,-1.,0.));
#7228 = FACE_BOUND('',#7229,.T.);
#7229 = EDGE_LOOP('',(#7230));
#7230 = ORIENTED_EDGE('',*,*,#7231,.T.);
#7231 = EDGE_CURVE('',#7232,#7232,#7234,.T.);
#7232 = VERTEX_POINT('',#7233);
#7233 = CARTESIAN_POINT('',(27.5,3.4,2.915));
#7234 = CIRCLE('',#7235,1.6);
#7235 = AXIS2_PLACEMENT_3D('',#7236,#7237,#7238);
#7236 = CARTESIAN_POINT('',(27.5,5.,2.915));
#7237 = DIRECTION('',(-0.,-0.,-1.));
#7238 = DIRECTION('',(0.,-1.,0.));
#7239 = FACE_BOUND('',#7240,.T.);
#7240 = EDGE_LOOP('',(#7241));
#7241 = ORIENTED_EDGE('',*,*,#7242,.T.);
#7242 = EDGE_CURVE('',#7243,#7243,#7245,.T.);
#7243 = VERTEX_POINT('',#7244);
#7244 = CARTESIAN_POINT('',(28.38,12.6,2.915));
#7245 = CIRCLE('',#7246,0.4);
#7246 = AXIS2_PLACEMENT_3D('',#7247,#7248,#7249);
#7247 = CARTESIAN_POINT('',(28.38,13.,2.915));
#7248 = DIRECTION('',(-0.,-0.,-1.));
#7249 = DIRECTION('',(0.,-1.,0.));
#7250 = FACE_BOUND('',#7251,.T.);
#7251 = EDGE_LOOP('',(#7252));
#7252 = ORIENTED_EDGE('',*,*,#7253,.T.);
#7253 = EDGE_CURVE('',#7254,#7254,#7256,.T.);
#7254 = VERTEX_POINT('',#7255);
#7255 = CARTESIAN_POINT('',(36.,12.6,2.915));
#7256 = CIRCLE('',#7257,0.4);
#7257 = AXIS2_PLACEMENT_3D('',#7258,#7259,#7260);
#7258 = CARTESIAN_POINT('',(36.,13.,2.915));
#7259 = DIRECTION('',(-0.,-0.,-1.));
#7260 = DIRECTION('',(0.,-1.,0.));
#7261 = FACE_BOUND('',#7262,.T.);
#7262 = EDGE_LOOP('',(#7263));
#7263 = ORIENTED_EDGE('',*,*,#7264,.T.);
#7264 = EDGE_CURVE('',#7265,#7265,#7267,.T.);
#7265 = VERTEX_POINT('',#7266);
#7266 = CARTESIAN_POINT('',(22.54,20.97,2.915));
#7267 = CIRCLE('',#7268,0.85);
#7268 = AXIS2_PLACEMENT_3D('',#7269,#7270,#7271);
#7269 = CARTESIAN_POINT('',(22.54,21.82,2.915));
#7270 = DIRECTION('',(0.,-0.,-1.));
#7271 = DIRECTION('',(1.671865260612E-14,-1.,0.));
#7272 = FACE_BOUND('',#7273,.T.);
#7273 = EDGE_LOOP('',(#7274));
#7274 = ORIENTED_EDGE('',*,*,#7275,.T.);
#7275 = EDGE_CURVE('',#7276,#7276,#7278,.T.);
#7276 = VERTEX_POINT('',#7277);
#7277 = CARTESIAN_POINT('',(31.43,20.97,2.915));
#7278 = CIRCLE('',#7279,0.85);
#7279 = AXIS2_PLACEMENT_3D('',#7280,#7281,#7282);
#7280 = CARTESIAN_POINT('',(31.43,21.82,2.915));
#7281 = DIRECTION('',(-0.,-0.,-1.));
#7282 = DIRECTION('',(0.,-1.,0.));
#7283 = FACE_BOUND('',#7284,.T.);
#7284 = EDGE_LOOP('',(#7285));
#7285 = ORIENTED_EDGE('',*,*,#7286,.T.);
#7286 = EDGE_CURVE('',#7287,#7287,#7289,.T.);
#7287 = VERTEX_POINT('',#7288);
#7288 = CARTESIAN_POINT('',(36.51,19.82,2.915));
#7289 = CIRCLE('',#7290,2.);
#7290 = AXIS2_PLACEMENT_3D('',#7291,#7292,#7293);
#7291 = CARTESIAN_POINT('',(36.51,21.82,2.915));
#7292 = DIRECTION('',(-0.,-0.,-1.));
#7293 = DIRECTION('',(0.,-1.,0.));
#7294 = FACE_BOUND('',#7295,.T.);
#7295 = EDGE_LOOP('',(#7296));
#7296 = ORIENTED_EDGE('',*,*,#7297,.T.);
#7297 = EDGE_CURVE('',#7298,#7298,#7300,.T.);
#7298 = VERTEX_POINT('',#7299);
#7299 = CARTESIAN_POINT('',(32.7,23.61,2.915));
#7300 = CIRCLE('',#7301,0.75);
#7301 = AXIS2_PLACEMENT_3D('',#7302,#7303,#7304);
#7302 = CARTESIAN_POINT('',(32.7,24.36,2.915));
#7303 = DIRECTION('',(-0.,-0.,-1.));
#7304 = DIRECTION('',(0.,-1.,0.));
#7305 = FACE_BOUND('',#7306,.T.);
#7306 = EDGE_LOOP('',(#7307));
#7307 = ORIENTED_EDGE('',*,*,#7308,.T.);
#7308 = EDGE_CURVE('',#7309,#7309,#7311,.T.);
#7309 = VERTEX_POINT('',#7310);
#7310 = CARTESIAN_POINT('',(9.19,31.6,2.915));
#7311 = CIRCLE('',#7312,0.4);
#7312 = AXIS2_PLACEMENT_3D('',#7313,#7314,#7315);
#7313 = CARTESIAN_POINT('',(9.19,32.,2.915));
#7314 = DIRECTION('',(-0.,-0.,-1.));
#7315 = DIRECTION('',(0.,-1.,0.));
#7316 = FACE_BOUND('',#7317,.T.);
#7317 = EDGE_LOOP('',(#7318));
#7318 = ORIENTED_EDGE('',*,*,#7319,.T.);
#7319 = EDGE_CURVE('',#7320,#7320,#7322,.T.);
#7320 = VERTEX_POINT('',#7321);
#7321 = CARTESIAN_POINT('',(16.81,31.6,2.915));
#7322 = CIRCLE('',#7323,0.4);
#7323 = AXIS2_PLACEMENT_3D('',#7324,#7325,#7326);
#7324 = CARTESIAN_POINT('',(16.81,32.,2.915));
#7325 = DIRECTION('',(-0.,-0.,-1.));
#7326 = DIRECTION('',(0.,-1.,0.));
#7327 = FACE_BOUND('',#7328,.T.);
#7328 = EDGE_LOOP('',(#7329));
#7329 = ORIENTED_EDGE('',*,*,#7330,.T.);
#7330 = EDGE_CURVE('',#7331,#7331,#7333,.T.);
#7331 = VERTEX_POINT('',#7332);
#7332 = CARTESIAN_POINT('',(12.38,40.02,2.915));
#7333 = CIRCLE('',#7334,0.85);
#7334 = AXIS2_PLACEMENT_3D('',#7335,#7336,#7337);
#7335 = CARTESIAN_POINT('',(12.38,40.87,2.915));
#7336 = DIRECTION('',(-0.,-0.,-1.));
#7337 = DIRECTION('',(0.,-1.,0.));
#7338 = FACE_BOUND('',#7339,.T.);
#7339 = EDGE_LOOP('',(#7340));
#7340 = ORIENTED_EDGE('',*,*,#7341,.T.);
#7341 = EDGE_CURVE('',#7342,#7342,#7344,.T.);
#7342 = VERTEX_POINT('',#7343);
#7343 = CARTESIAN_POINT('',(17.46,38.87,2.915));
#7344 = CIRCLE('',#7345,2.);
#7345 = AXIS2_PLACEMENT_3D('',#7346,#7347,#7348);
#7346 = CARTESIAN_POINT('',(17.46,40.87,2.915));
#7347 = DIRECTION('',(-0.,-0.,-1.));
#7348 = DIRECTION('',(0.,-1.,0.));
#7349 = FACE_BOUND('',#7350,.T.);
#7350 = EDGE_LOOP('',(#7351));
#7351 = ORIENTED_EDGE('',*,*,#7352,.T.);
#7352 = EDGE_CURVE('',#7353,#7353,#7355,.T.);
#7353 = VERTEX_POINT('',#7354);
#7354 = CARTESIAN_POINT('',(13.65,42.66,2.915));
#7355 = CIRCLE('',#7356,0.75);
#7356 = AXIS2_PLACEMENT_3D('',#7357,#7358,#7359);
#7357 = CARTESIAN_POINT('',(13.65,43.41,2.915));
#7358 = DIRECTION('',(-0.,-0.,-1.));
#7359 = DIRECTION('',(0.,-1.,0.));
#7360 = FACE_BOUND('',#7361,.T.);
#7361 = EDGE_LOOP('',(#7362));
#7362 = ORIENTED_EDGE('',*,*,#7363,.T.);
#7363 = EDGE_CURVE('',#7364,#7364,#7366,.T.);
#7364 = VERTEX_POINT('',#7365);
#7365 = CARTESIAN_POINT('',(20.,26.15,2.915));
#7366 = CIRCLE('',#7367,0.75);
#7367 = AXIS2_PLACEMENT_3D('',#7368,#7369,#7370);
#7368 = CARTESIAN_POINT('',(20.,26.9,2.915));
#7369 = DIRECTION('',(-0.,-0.,-1.));
#7370 = DIRECTION('',(0.,-1.,0.));
#7371 = FACE_BOUND('',#7372,.T.);
#7372 = EDGE_LOOP('',(#7373));
#7373 = ORIENTED_EDGE('',*,*,#7374,.T.);
#7374 = EDGE_CURVE('',#7375,#7375,#7377,.T.);
#7375 = VERTEX_POINT('',#7376);
#7376 = CARTESIAN_POINT('',(28.38,31.6,2.915));
#7377 = CIRCLE('',#7378,0.4);
#7378 = AXIS2_PLACEMENT_3D('',#7379,#7380,#7381);
#7379 = CARTESIAN_POINT('',(28.38,32.,2.915));
#7380 = DIRECTION('',(-0.,-0.,-1.));
#7381 = DIRECTION('',(0.,-1.,0.));
#7382 = FACE_BOUND('',#7383,.T.);
#7383 = EDGE_LOOP('',(#7384));
#7384 = ORIENTED_EDGE('',*,*,#7385,.T.);
#7385 = EDGE_CURVE('',#7386,#7386,#7388,.T.);
#7386 = VERTEX_POINT('',#7387);
#7387 = CARTESIAN_POINT('',(36.,31.6,2.915));
#7388 = CIRCLE('',#7389,0.4);
#7389 = AXIS2_PLACEMENT_3D('',#7390,#7391,#7392);
#7390 = CARTESIAN_POINT('',(36.,32.,2.915));
#7391 = DIRECTION('',(-0.,-0.,-1.));
#7392 = DIRECTION('',(0.,-1.,0.));
#7393 = FACE_BOUND('',#7394,.T.);
#7394 = EDGE_LOOP('',(#7395));
#7395 = ORIENTED_EDGE('',*,*,#7396,.T.);
#7396 = EDGE_CURVE('',#7397,#7397,#7399,.T.);
#7397 = VERTEX_POINT('',#7398);
#7398 = CARTESIAN_POINT('',(22.54,40.02,2.915));
#7399 = CIRCLE('',#7400,0.85);
#7400 = AXIS2_PLACEMENT_3D('',#7401,#7402,#7403);
#7401 = CARTESIAN_POINT('',(22.54,40.87,2.915));
#7402 = DIRECTION('',(0.,-0.,-1.));
#7403 = DIRECTION('',(1.671865260612E-14,-1.,0.));
#7404 = FACE_BOUND('',#7405,.T.);
#7405 = EDGE_LOOP('',(#7406));
#7406 = ORIENTED_EDGE('',*,*,#7407,.T.);
#7407 = EDGE_CURVE('',#7408,#7408,#7410,.T.);
#7408 = VERTEX_POINT('',#7409);
#7409 = CARTESIAN_POINT('',(20.,45.2,2.915));
#7410 = CIRCLE('',#7411,0.75);
#7411 = AXIS2_PLACEMENT_3D('',#7412,#7413,#7414);
#7412 = CARTESIAN_POINT('',(20.,45.95,2.915));
#7413 = DIRECTION('',(-0.,-0.,-1.));
#7414 = DIRECTION('',(0.,-1.,0.));
#7415 = FACE_BOUND('',#7416,.T.);
#7416 = EDGE_LOOP('',(#7417));
#7417 = ORIENTED_EDGE('',*,*,#7418,.T.);
#7418 = EDGE_CURVE('',#7419,#7419,#7421,.T.);
#7419 = VERTEX_POINT('',#7420);
#7420 = CARTESIAN_POINT('',(31.43,40.02,2.915));
#7421 = CIRCLE('',#7422,0.85);
#7422 = AXIS2_PLACEMENT_3D('',#7423,#7424,#7425);
#7423 = CARTESIAN_POINT('',(31.43,40.87,2.915));
#7424 = DIRECTION('',(-0.,-0.,-1.));
#7425 = DIRECTION('',(0.,-1.,0.));
#7426 = FACE_BOUND('',#7427,.T.);
#7427 = EDGE_LOOP('',(#7428));
#7428 = ORIENTED_EDGE('',*,*,#7429,.T.);
#7429 = EDGE_CURVE('',#7430,#7430,#7432,.T.);
#7430 = VERTEX_POINT('',#7431);
#7431 = CARTESIAN_POINT('',(36.51,38.87,2.915));
#7432 = CIRCLE('',#7433,2.);
#7433 = AXIS2_PLACEMENT_3D('',#7434,#7435,#7436);
#7434 = CARTESIAN_POINT('',(36.51,40.87,2.915));
#7435 = DIRECTION('',(-0.,-0.,-1.));
#7436 = DIRECTION('',(0.,-1.,0.));
#7437 = FACE_BOUND('',#7438,.T.);
#7438 = EDGE_LOOP('',(#7439));
#7439 = ORIENTED_EDGE('',*,*,#7440,.T.);
#7440 = EDGE_CURVE('',#7441,#7441,#7443,.T.);
#7441 = VERTEX_POINT('',#7442);
#7442 = CARTESIAN_POINT('',(32.7,42.66,2.915));
#7443 = CIRCLE('',#7444,0.75);
#7444 = AXIS2_PLACEMENT_3D('',#7445,#7446,#7447);
#7445 = CARTESIAN_POINT('',(32.7,43.41,2.915));
#7446 = DIRECTION('',(-0.,-0.,-1.));
#7447 = DIRECTION('',(0.,-1.,0.));
#7448 = FACE_BOUND('',#7449,.T.);
#7449 = EDGE_LOOP('',(#7450));
#7450 = ORIENTED_EDGE('',*,*,#7451,.T.);
#7451 = EDGE_CURVE('',#7452,#7452,#7454,.T.);
#7452 = VERTEX_POINT('',#7453);
#7453 = CARTESIAN_POINT('',(47.38,12.6,2.915));
#7454 = CIRCLE('',#7455,0.4);
#7455 = AXIS2_PLACEMENT_3D('',#7456,#7457,#7458);
#7456 = CARTESIAN_POINT('',(47.38,13.,2.915));
#7457 = DIRECTION('',(-0.,-0.,-1.));
#7458 = DIRECTION('',(0.,-1.,0.));
#7459 = FACE_BOUND('',#7460,.T.);
#7460 = EDGE_LOOP('',(#7461));
#7461 = ORIENTED_EDGE('',*,*,#7462,.T.);
#7462 = EDGE_CURVE('',#7463,#7463,#7465,.T.);
#7463 = VERTEX_POINT('',#7464);
#7464 = CARTESIAN_POINT('',(41.59,20.97,2.915));
#7465 = CIRCLE('',#7466,0.85);
#7466 = AXIS2_PLACEMENT_3D('',#7467,#7468,#7469);
#7467 = CARTESIAN_POINT('',(41.59,21.82,2.915));
#7468 = DIRECTION('',(-0.,-0.,-1.));
#7469 = DIRECTION('',(0.,-1.,0.));
#7470 = FACE_BOUND('',#7471,.T.);
#7471 = EDGE_LOOP('',(#7472));
#7472 = ORIENTED_EDGE('',*,*,#7473,.T.);
#7473 = EDGE_CURVE('',#7474,#7474,#7476,.T.);
#7474 = VERTEX_POINT('',#7475);
#7475 = CARTESIAN_POINT('',(50.48,20.97,2.915));
#7476 = CIRCLE('',#7477,0.85);
#7477 = AXIS2_PLACEMENT_3D('',#7478,#7479,#7480);
#7478 = CARTESIAN_POINT('',(50.48,21.82,2.915));
#7479 = DIRECTION('',(-0.,0.,-1.));
#7480 = DIRECTION('',(-3.343730521224E-14,-1.,0.));
#7481 = FACE_BOUND('',#7482,.T.);
#7482 = EDGE_LOOP('',(#7483));
#7483 = ORIENTED_EDGE('',*,*,#7484,.T.);
#7484 = EDGE_CURVE('',#7485,#7485,#7487,.T.);
#7485 = VERTEX_POINT('',#7486);
#7486 = CARTESIAN_POINT('',(51.75,23.61,2.915));
#7487 = CIRCLE('',#7488,0.75);
#7488 = AXIS2_PLACEMENT_3D('',#7489,#7490,#7491);
#7489 = CARTESIAN_POINT('',(51.75,24.36,2.915));
#7490 = DIRECTION('',(-0.,-0.,-1.));
#7491 = DIRECTION('',(0.,-1.,0.));
#7492 = FACE_BOUND('',#7493,.T.);
#7493 = EDGE_LOOP('',(#7494));
#7494 = ORIENTED_EDGE('',*,*,#7495,.T.);
#7495 = EDGE_CURVE('',#7496,#7496,#7498,.T.);
#7496 = VERTEX_POINT('',#7497);
#7497 = CARTESIAN_POINT('',(55.,12.6,2.915));
#7498 = CIRCLE('',#7499,0.4);
#7499 = AXIS2_PLACEMENT_3D('',#7500,#7501,#7502);
#7500 = CARTESIAN_POINT('',(55.,13.,2.915));
#7501 = DIRECTION('',(-0.,-0.,-1.));
#7502 = DIRECTION('',(0.,-1.,0.));
#7503 = FACE_BOUND('',#7504,.T.);
#7504 = EDGE_LOOP('',(#7505));
#7505 = ORIENTED_EDGE('',*,*,#7506,.T.);
#7506 = EDGE_CURVE('',#7507,#7507,#7509,.T.);
#7507 = VERTEX_POINT('',#7508);
#7508 = CARTESIAN_POINT('',(70.,3.4,2.915));
#7509 = CIRCLE('',#7510,1.6);
#7510 = AXIS2_PLACEMENT_3D('',#7511,#7512,#7513);
#7511 = CARTESIAN_POINT('',(70.,5.,2.915));
#7512 = DIRECTION('',(-0.,-0.,-1.));
#7513 = DIRECTION('',(0.,-1.,0.));
#7514 = FACE_BOUND('',#7515,.T.);
#7515 = EDGE_LOOP('',(#7516));
#7516 = ORIENTED_EDGE('',*,*,#7517,.T.);
#7517 = EDGE_CURVE('',#7518,#7518,#7520,.T.);
#7518 = VERTEX_POINT('',#7519);
#7519 = CARTESIAN_POINT('',(55.56,19.82,2.915));
#7520 = CIRCLE('',#7521,2.);
#7521 = AXIS2_PLACEMENT_3D('',#7522,#7523,#7524);
#7522 = CARTESIAN_POINT('',(55.56,21.82,2.915));
#7523 = DIRECTION('',(-0.,-0.,-1.));
#7524 = DIRECTION('',(0.,-1.,0.));
#7525 = FACE_BOUND('',#7526,.T.);
#7526 = EDGE_LOOP('',(#7527));
#7527 = ORIENTED_EDGE('',*,*,#7528,.T.);
#7528 = EDGE_CURVE('',#7529,#7529,#7531,.T.);
#7529 = VERTEX_POINT('',#7530);
#7530 = CARTESIAN_POINT('',(60.64,20.97,2.915));
#7531 = CIRCLE('',#7532,0.85);
#7532 = AXIS2_PLACEMENT_3D('',#7533,#7534,#7535);
#7533 = CARTESIAN_POINT('',(60.64,21.82,2.915));
#7534 = DIRECTION('',(-0.,-0.,-1.));
#7535 = DIRECTION('',(0.,-1.,0.));
#7536 = FACE_BOUND('',#7537,.T.);
#7537 = EDGE_LOOP('',(#7538));
#7538 = ORIENTED_EDGE('',*,*,#7539,.T.);
#7539 = EDGE_CURVE('',#7540,#7540,#7542,.T.);
#7540 = VERTEX_POINT('',#7541);
#7541 = CARTESIAN_POINT('',(39.05,26.15,2.915));
#7542 = CIRCLE('',#7543,0.75);
#7543 = AXIS2_PLACEMENT_3D('',#7544,#7545,#7546);
#7544 = CARTESIAN_POINT('',(39.05,26.9,2.915));
#7545 = DIRECTION('',(-0.,-0.,-1.));
#7546 = DIRECTION('',(0.,-1.,0.));
#7547 = FACE_BOUND('',#7548,.T.);
#7548 = EDGE_LOOP('',(#7549));
#7549 = ORIENTED_EDGE('',*,*,#7550,.T.);
#7550 = EDGE_CURVE('',#7551,#7551,#7553,.T.);
#7551 = VERTEX_POINT('',#7552);
#7552 = CARTESIAN_POINT('',(47.38,31.6,2.915));
#7553 = CIRCLE('',#7554,0.4);
#7554 = AXIS2_PLACEMENT_3D('',#7555,#7556,#7557);
#7555 = CARTESIAN_POINT('',(47.38,32.,2.915));
#7556 = DIRECTION('',(-0.,-0.,-1.));
#7557 = DIRECTION('',(0.,-1.,0.));
#7558 = FACE_BOUND('',#7559,.T.);
#7559 = EDGE_LOOP('',(#7560));
#7560 = ORIENTED_EDGE('',*,*,#7561,.T.);
#7561 = EDGE_CURVE('',#7562,#7562,#7564,.T.);
#7562 = VERTEX_POINT('',#7563);
#7563 = CARTESIAN_POINT('',(41.59,40.02,2.915));
#7564 = CIRCLE('',#7565,0.85);
#7565 = AXIS2_PLACEMENT_3D('',#7566,#7567,#7568);
#7566 = CARTESIAN_POINT('',(41.59,40.87,2.915));
#7567 = DIRECTION('',(-0.,-0.,-1.));
#7568 = DIRECTION('',(0.,-1.,0.));
#7569 = FACE_BOUND('',#7570,.T.);
#7570 = EDGE_LOOP('',(#7571));
#7571 = ORIENTED_EDGE('',*,*,#7572,.T.);
#7572 = EDGE_CURVE('',#7573,#7573,#7575,.T.);
#7573 = VERTEX_POINT('',#7574);
#7574 = CARTESIAN_POINT('',(39.05,45.2,2.915));
#7575 = CIRCLE('',#7576,0.75);
#7576 = AXIS2_PLACEMENT_3D('',#7577,#7578,#7579);
#7577 = CARTESIAN_POINT('',(39.05,45.95,2.915));
#7578 = DIRECTION('',(-0.,-0.,-1.));
#7579 = DIRECTION('',(0.,-1.,0.));
#7580 = FACE_BOUND('',#7581,.T.);
#7581 = EDGE_LOOP('',(#7582));
#7582 = ORIENTED_EDGE('',*,*,#7583,.T.);
#7583 = EDGE_CURVE('',#7584,#7584,#7586,.T.);
#7584 = VERTEX_POINT('',#7585);
#7585 = CARTESIAN_POINT('',(50.48,40.02,2.915));
#7586 = CIRCLE('',#7587,0.85);
#7587 = AXIS2_PLACEMENT_3D('',#7588,#7589,#7590);
#7588 = CARTESIAN_POINT('',(50.48,40.87,2.915));
#7589 = DIRECTION('',(-0.,0.,-1.));
#7590 = DIRECTION('',(-3.343730521224E-14,-1.,0.));
#7591 = FACE_BOUND('',#7592,.T.);
#7592 = EDGE_LOOP('',(#7593));
#7593 = ORIENTED_EDGE('',*,*,#7594,.T.);
#7594 = EDGE_CURVE('',#7595,#7595,#7597,.T.);
#7595 = VERTEX_POINT('',#7596);
#7596 = CARTESIAN_POINT('',(51.75,42.66,2.915));
#7597 = CIRCLE('',#7598,0.75);
#7598 = AXIS2_PLACEMENT_3D('',#7599,#7600,#7601);
#7599 = CARTESIAN_POINT('',(51.75,43.41,2.915));
#7600 = DIRECTION('',(-0.,-0.,-1.));
#7601 = DIRECTION('',(0.,-1.,0.));
#7602 = FACE_BOUND('',#7603,.T.);
#7603 = EDGE_LOOP('',(#7604));
#7604 = ORIENTED_EDGE('',*,*,#7605,.T.);
#7605 = EDGE_CURVE('',#7606,#7606,#7608,.T.);
#7606 = VERTEX_POINT('',#7607);
#7607 = CARTESIAN_POINT('',(58.1,26.15,2.915));
#7608 = CIRCLE('',#7609,0.75);
#7609 = AXIS2_PLACEMENT_3D('',#7610,#7611,#7612);
#7610 = CARTESIAN_POINT('',(58.1,26.9,2.915));
#7611 = DIRECTION('',(-0.,-0.,-1.));
#7612 = DIRECTION('',(0.,-1.,0.));
#7613 = FACE_BOUND('',#7614,.T.);
#7614 = EDGE_LOOP('',(#7615));
#7615 = ORIENTED_EDGE('',*,*,#7616,.T.);
#7616 = EDGE_CURVE('',#7617,#7617,#7619,.T.);
#7617 = VERTEX_POINT('',#7618);
#7618 = CARTESIAN_POINT('',(55.,31.6,2.915));
#7619 = CIRCLE('',#7620,0.4);
#7620 = AXIS2_PLACEMENT_3D('',#7621,#7622,#7623);
#7621 = CARTESIAN_POINT('',(55.,32.,2.915));
#7622 = DIRECTION('',(-0.,-0.,-1.));
#7623 = DIRECTION('',(0.,-1.,0.));
#7624 = FACE_BOUND('',#7625,.T.);
#7625 = EDGE_LOOP('',(#7626));
#7626 = ORIENTED_EDGE('',*,*,#7627,.T.);
#7627 = EDGE_CURVE('',#7628,#7628,#7630,.T.);
#7628 = VERTEX_POINT('',#7629);
#7629 = CARTESIAN_POINT('',(55.56,38.87,2.915));
#7630 = CIRCLE('',#7631,2.);
#7631 = AXIS2_PLACEMENT_3D('',#7632,#7633,#7634);
#7632 = CARTESIAN_POINT('',(55.56,40.87,2.915));
#7633 = DIRECTION('',(-0.,-0.,-1.));
#7634 = DIRECTION('',(0.,-1.,0.));
#7635 = FACE_BOUND('',#7636,.T.);
#7636 = EDGE_LOOP('',(#7637));
#7637 = ORIENTED_EDGE('',*,*,#7638,.T.);
#7638 = EDGE_CURVE('',#7639,#7639,#7641,.T.);
#7639 = VERTEX_POINT('',#7640);
#7640 = CARTESIAN_POINT('',(60.64,40.02,2.915));
#7641 = CIRCLE('',#7642,0.85);
#7642 = AXIS2_PLACEMENT_3D('',#7643,#7644,#7645);
#7643 = CARTESIAN_POINT('',(60.64,40.87,2.915));
#7644 = DIRECTION('',(-0.,-0.,-1.));
#7645 = DIRECTION('',(0.,-1.,0.));
#7646 = FACE_BOUND('',#7647,.T.);
#7647 = EDGE_LOOP('',(#7648));
#7648 = ORIENTED_EDGE('',*,*,#7649,.T.);
#7649 = EDGE_CURVE('',#7650,#7650,#7652,.T.);
#7650 = VERTEX_POINT('',#7651);
#7651 = CARTESIAN_POINT('',(58.1,45.2,2.915));
#7652 = CIRCLE('',#7653,0.75);
#7653 = AXIS2_PLACEMENT_3D('',#7654,#7655,#7656);
#7654 = CARTESIAN_POINT('',(58.1,45.95,2.915));
#7655 = DIRECTION('',(-0.,-0.,-1.));
#7656 = DIRECTION('',(0.,-1.,0.));
#7657 = FACE_BOUND('',#7658,.T.);
#7658 = EDGE_LOOP('',(#7659));
#7659 = ORIENTED_EDGE('',*,*,#7660,.T.);
#7660 = EDGE_CURVE('',#7661,#7661,#7663,.T.);
#7661 = VERTEX_POINT('',#7662);
#7662 = CARTESIAN_POINT('',(70.,45.4,2.915));
#7663 = CIRCLE('',#7664,1.6);
#7664 = AXIS2_PLACEMENT_3D('',#7665,#7666,#7667);
#7665 = CARTESIAN_POINT('',(70.,47.,2.915));
#7666 = DIRECTION('',(-0.,-0.,-1.));
#7667 = DIRECTION('',(0.,-1.,0.));
#7668 = FACE_BOUND('',#7669,.T.);
#7669 = EDGE_LOOP('',(#7670));
#7670 = ORIENTED_EDGE('',*,*,#7671,.T.);
#7671 = EDGE_CURVE('',#7672,#7672,#7674,.T.);
#7672 = VERTEX_POINT('',#7673);
#7673 = CARTESIAN_POINT('',(9.19,50.6,2.915));
#7674 = CIRCLE('',#7675,0.4);
#7675 = AXIS2_PLACEMENT_3D('',#7676,#7677,#7678);
#7676 = CARTESIAN_POINT('',(9.19,51.,2.915));
#7677 = DIRECTION('',(-0.,-0.,-1.));
#7678 = DIRECTION('',(0.,-1.,0.));
#7679 = FACE_BOUND('',#7680,.T.);
#7680 = EDGE_LOOP('',(#7681));
#7681 = ORIENTED_EDGE('',*,*,#7682,.T.);
#7682 = EDGE_CURVE('',#7683,#7683,#7685,.T.);
#7683 = VERTEX_POINT('',#7684);
#7684 = CARTESIAN_POINT('',(16.81,50.6,2.915));
#7685 = CIRCLE('',#7686,0.4);
#7686 = AXIS2_PLACEMENT_3D('',#7687,#7688,#7689);
#7687 = CARTESIAN_POINT('',(16.81,51.,2.915));
#7688 = DIRECTION('',(-0.,-0.,-1.));
#7689 = DIRECTION('',(0.,-1.,0.));
#7690 = FACE_BOUND('',#7691,.T.);
#7691 = EDGE_LOOP('',(#7692));
#7692 = ORIENTED_EDGE('',*,*,#7693,.T.);
#7693 = EDGE_CURVE('',#7694,#7694,#7696,.T.);
#7694 = VERTEX_POINT('',#7695);
#7695 = CARTESIAN_POINT('',(12.38,59.07,2.915));
#7696 = CIRCLE('',#7697,0.85);
#7697 = AXIS2_PLACEMENT_3D('',#7698,#7699,#7700);
#7698 = CARTESIAN_POINT('',(12.38,59.92,2.915));
#7699 = DIRECTION('',(-0.,-0.,-1.));
#7700 = DIRECTION('',(0.,-1.,0.));
#7701 = FACE_BOUND('',#7702,.T.);
#7702 = EDGE_LOOP('',(#7703));
#7703 = ORIENTED_EDGE('',*,*,#7704,.T.);
#7704 = EDGE_CURVE('',#7705,#7705,#7707,.T.);
#7705 = VERTEX_POINT('',#7706);
#7706 = CARTESIAN_POINT('',(13.65,61.71,2.915));
#7707 = CIRCLE('',#7708,0.75);
#7708 = AXIS2_PLACEMENT_3D('',#7709,#7710,#7711);
#7709 = CARTESIAN_POINT('',(13.65,62.46,2.915));
#7710 = DIRECTION('',(-0.,-0.,-1.));
#7711 = DIRECTION('',(0.,-1.,0.));
#7712 = FACE_BOUND('',#7713,.T.);
#7713 = EDGE_LOOP('',(#7714));
#7714 = ORIENTED_EDGE('',*,*,#7715,.T.);
#7715 = EDGE_CURVE('',#7716,#7716,#7718,.T.);
#7716 = VERTEX_POINT('',#7717);
#7717 = CARTESIAN_POINT('',(17.46,57.92,2.915));
#7718 = CIRCLE('',#7719,2.);
#7719 = AXIS2_PLACEMENT_3D('',#7720,#7721,#7722);
#7720 = CARTESIAN_POINT('',(17.46,59.92,2.915));
#7721 = DIRECTION('',(-0.,-0.,-1.));
#7722 = DIRECTION('',(0.,-1.,0.));
#7723 = FACE_BOUND('',#7724,.T.);
#7724 = EDGE_LOOP('',(#7725));
#7725 = ORIENTED_EDGE('',*,*,#7726,.T.);
#7726 = EDGE_CURVE('',#7727,#7727,#7729,.T.);
#7727 = VERTEX_POINT('',#7728);
#7728 = CARTESIAN_POINT('',(28.38,50.6,2.915));
#7729 = CIRCLE('',#7730,0.4);
#7730 = AXIS2_PLACEMENT_3D('',#7731,#7732,#7733);
#7731 = CARTESIAN_POINT('',(28.38,51.,2.915));
#7732 = DIRECTION('',(-0.,-0.,-1.));
#7733 = DIRECTION('',(0.,-1.,0.));
#7734 = FACE_BOUND('',#7735,.T.);
#7735 = EDGE_LOOP('',(#7736));
#7736 = ORIENTED_EDGE('',*,*,#7737,.T.);
#7737 = EDGE_CURVE('',#7738,#7738,#7740,.T.);
#7738 = VERTEX_POINT('',#7739);
#7739 = CARTESIAN_POINT('',(36.,50.6,2.915));
#7740 = CIRCLE('',#7741,0.4);
#7741 = AXIS2_PLACEMENT_3D('',#7742,#7743,#7744);
#7742 = CARTESIAN_POINT('',(36.,51.,2.915));
#7743 = DIRECTION('',(-0.,-0.,-1.));
#7744 = DIRECTION('',(0.,-1.,0.));
#7745 = FACE_BOUND('',#7746,.T.);
#7746 = EDGE_LOOP('',(#7747));
#7747 = ORIENTED_EDGE('',*,*,#7748,.T.);
#7748 = EDGE_CURVE('',#7749,#7749,#7751,.T.);
#7749 = VERTEX_POINT('',#7750);
#7750 = CARTESIAN_POINT('',(22.54,59.07,2.915));
#7751 = CIRCLE('',#7752,0.85);
#7752 = AXIS2_PLACEMENT_3D('',#7753,#7754,#7755);
#7753 = CARTESIAN_POINT('',(22.54,59.92,2.915));
#7754 = DIRECTION('',(0.,-0.,-1.));
#7755 = DIRECTION('',(1.671865260612E-14,-1.,0.));
#7756 = FACE_BOUND('',#7757,.T.);
#7757 = EDGE_LOOP('',(#7758));
#7758 = ORIENTED_EDGE('',*,*,#7759,.T.);
#7759 = EDGE_CURVE('',#7760,#7760,#7762,.T.);
#7760 = VERTEX_POINT('',#7761);
#7761 = CARTESIAN_POINT('',(20.,64.25,2.915));
#7762 = CIRCLE('',#7763,0.75);
#7763 = AXIS2_PLACEMENT_3D('',#7764,#7765,#7766);
#7764 = CARTESIAN_POINT('',(20.,65.,2.915));
#7765 = DIRECTION('',(-0.,-0.,-1.));
#7766 = DIRECTION('',(0.,-1.,0.));
#7767 = FACE_BOUND('',#7768,.T.);
#7768 = EDGE_LOOP('',(#7769));
#7769 = ORIENTED_EDGE('',*,*,#7770,.T.);
#7770 = EDGE_CURVE('',#7771,#7771,#7773,.T.);
#7771 = VERTEX_POINT('',#7772);
#7772 = CARTESIAN_POINT('',(31.43,59.07,2.915));
#7773 = CIRCLE('',#7774,0.85);
#7774 = AXIS2_PLACEMENT_3D('',#7775,#7776,#7777);
#7775 = CARTESIAN_POINT('',(31.43,59.92,2.915));
#7776 = DIRECTION('',(-0.,-0.,-1.));
#7777 = DIRECTION('',(0.,-1.,0.));
#7778 = FACE_BOUND('',#7779,.T.);
#7779 = EDGE_LOOP('',(#7780));
#7780 = ORIENTED_EDGE('',*,*,#7781,.T.);
#7781 = EDGE_CURVE('',#7782,#7782,#7784,.T.);
#7782 = VERTEX_POINT('',#7783);
#7783 = CARTESIAN_POINT('',(36.51,57.92,2.915));
#7784 = CIRCLE('',#7785,2.);
#7785 = AXIS2_PLACEMENT_3D('',#7786,#7787,#7788);
#7786 = CARTESIAN_POINT('',(36.51,59.92,2.915));
#7787 = DIRECTION('',(-0.,-0.,-1.));
#7788 = DIRECTION('',(0.,-1.,0.));
#7789 = FACE_BOUND('',#7790,.T.);
#7790 = EDGE_LOOP('',(#7791));
#7791 = ORIENTED_EDGE('',*,*,#7792,.T.);
#7792 = EDGE_CURVE('',#7793,#7793,#7795,.T.);
#7793 = VERTEX_POINT('',#7794);
#7794 = CARTESIAN_POINT('',(32.7,61.71,2.915));
#7795 = CIRCLE('',#7796,0.75);
#7796 = AXIS2_PLACEMENT_3D('',#7797,#7798,#7799);
#7797 = CARTESIAN_POINT('',(32.7,62.46,2.915));
#7798 = DIRECTION('',(-0.,-0.,-1.));
#7799 = DIRECTION('',(0.,-1.,0.));
#7800 = FACE_BOUND('',#7801,.T.);
#7801 = EDGE_LOOP('',(#7802));
#7802 = ORIENTED_EDGE('',*,*,#7803,.T.);
#7803 = EDGE_CURVE('',#7804,#7804,#7806,.T.);
#7804 = VERTEX_POINT('',#7805);
#7805 = CARTESIAN_POINT('',(9.5,76.5,2.915));
#7806 = CIRCLE('',#7807,0.5);
#7807 = AXIS2_PLACEMENT_3D('',#7808,#7809,#7810);
#7808 = CARTESIAN_POINT('',(9.5,77.,2.915));
#7809 = DIRECTION('',(-0.,-0.,-1.));
#7810 = DIRECTION('',(0.,-1.,0.));
#7811 = FACE_BOUND('',#7812,.T.);
#7812 = EDGE_LOOP('',(#7813));
#7813 = ORIENTED_EDGE('',*,*,#7814,.T.);
#7814 = EDGE_CURVE('',#7815,#7815,#7817,.T.);
#7815 = VERTEX_POINT('',#7816);
#7816 = CARTESIAN_POINT('',(9.5,79.,2.915));
#7817 = CIRCLE('',#7818,0.5);
#7818 = AXIS2_PLACEMENT_3D('',#7819,#7820,#7821);
#7819 = CARTESIAN_POINT('',(9.5,79.5,2.915));
#7820 = DIRECTION('',(-0.,-0.,-1.));
#7821 = DIRECTION('',(0.,-1.,0.));
#7822 = FACE_BOUND('',#7823,.T.);
#7823 = EDGE_LOOP('',(#7824,#7835,#7843,#7852));
#7824 = ORIENTED_EDGE('',*,*,#7825,.T.);
#7825 = EDGE_CURVE('',#7826,#7828,#7830,.T.);
#7826 = VERTEX_POINT('',#7827);
#7827 = CARTESIAN_POINT('',(17.65,74.65,2.915));
#7828 = VERTEX_POINT('',#7829);
#7829 = CARTESIAN_POINT('',(17.65,73.15,2.915));
#7830 = CIRCLE('',#7831,0.75);
#7831 = AXIS2_PLACEMENT_3D('',#7832,#7833,#7834);
#7832 = CARTESIAN_POINT('',(17.65,73.9,2.915));
#7833 = DIRECTION('',(-0.,-0.,-1.));
#7834 = DIRECTION('',(0.,-1.,0.));
#7835 = ORIENTED_EDGE('',*,*,#7836,.T.);
#7836 = EDGE_CURVE('',#7828,#7837,#7839,.T.);
#7837 = VERTEX_POINT('',#7838);
#7838 = CARTESIAN_POINT('',(16.35,73.15,2.915));
#7839 = LINE('',#7840,#7841);
#7840 = CARTESIAN_POINT('',(-31.825,73.15,2.915));
#7841 = VECTOR('',#7842,1.);
#7842 = DIRECTION('',(-1.,0.,0.));
#7843 = ORIENTED_EDGE('',*,*,#7844,.T.);
#7844 = EDGE_CURVE('',#7837,#7845,#7847,.T.);
#7845 = VERTEX_POINT('',#7846);
#7846 = CARTESIAN_POINT('',(16.35,74.65,2.915));
#7847 = CIRCLE('',#7848,0.75);
#7848 = AXIS2_PLACEMENT_3D('',#7849,#7850,#7851);
#7849 = CARTESIAN_POINT('',(16.35,73.9,2.915));
#7850 = DIRECTION('',(0.,0.,-1.));
#7851 = DIRECTION('',(0.,1.,0.));
#7852 = ORIENTED_EDGE('',*,*,#7853,.T.);
#7853 = EDGE_CURVE('',#7845,#7826,#7854,.T.);
#7854 = LINE('',#7855,#7856);
#7855 = CARTESIAN_POINT('',(-31.175,74.65,2.915));
#7856 = VECTOR('',#7857,1.);
#7857 = DIRECTION('',(1.,0.,0.));
#7858 = FACE_BOUND('',#7859,.T.);
#7859 = EDGE_LOOP('',(#7860));
#7860 = ORIENTED_EDGE('',*,*,#7861,.T.);
#7861 = EDGE_CURVE('',#7862,#7862,#7864,.T.);
#7862 = VERTEX_POINT('',#7863);
#7863 = CARTESIAN_POINT('',(9.5,81.5,2.915));
#7864 = CIRCLE('',#7865,0.5);
#7865 = AXIS2_PLACEMENT_3D('',#7866,#7867,#7868);
#7866 = CARTESIAN_POINT('',(9.5,82.,2.915));
#7867 = DIRECTION('',(-0.,-0.,-1.));
#7868 = DIRECTION('',(0.,-1.,0.));
#7869 = FACE_BOUND('',#7870,.T.);
#7870 = EDGE_LOOP('',(#7871));
#7871 = ORIENTED_EDGE('',*,*,#7872,.T.);
#7872 = EDGE_CURVE('',#7873,#7873,#7875,.T.);
#7873 = VERTEX_POINT('',#7874);
#7874 = CARTESIAN_POINT('',(4.,88.4,2.915));
#7875 = CIRCLE('',#7876,1.6);
#7876 = AXIS2_PLACEMENT_3D('',#7877,#7878,#7879);
#7877 = CARTESIAN_POINT('',(4.,90.,2.915));
#7878 = DIRECTION('',(-0.,-0.,-1.));
#7879 = DIRECTION('',(0.,-1.,0.));
#7880 = FACE_BOUND('',#7881,.T.);
#7881 = EDGE_LOOP('',(#7882,#7893,#7901,#7910));
#7882 = ORIENTED_EDGE('',*,*,#7883,.T.);
#7883 = EDGE_CURVE('',#7884,#7886,#7888,.T.);
#7884 = VERTEX_POINT('',#7885);
#7885 = CARTESIAN_POINT('',(17.65,85.85,2.915));
#7886 = VERTEX_POINT('',#7887);
#7887 = CARTESIAN_POINT('',(17.65,84.35,2.915));
#7888 = CIRCLE('',#7889,0.75);
#7889 = AXIS2_PLACEMENT_3D('',#7890,#7891,#7892);
#7890 = CARTESIAN_POINT('',(17.65,85.1,2.915));
#7891 = DIRECTION('',(-0.,-0.,-1.));
#7892 = DIRECTION('',(0.,-1.,0.));
#7893 = ORIENTED_EDGE('',*,*,#7894,.T.);
#7894 = EDGE_CURVE('',#7886,#7895,#7897,.T.);
#7895 = VERTEX_POINT('',#7896);
#7896 = CARTESIAN_POINT('',(16.35,84.35,2.915));
#7897 = LINE('',#7898,#7899);
#7898 = CARTESIAN_POINT('',(-31.825,84.35,2.915));
#7899 = VECTOR('',#7900,1.);
#7900 = DIRECTION('',(-1.,0.,0.));
#7901 = ORIENTED_EDGE('',*,*,#7902,.T.);
#7902 = EDGE_CURVE('',#7895,#7903,#7905,.T.);
#7903 = VERTEX_POINT('',#7904);
#7904 = CARTESIAN_POINT('',(16.35,85.85,2.915));
#7905 = CIRCLE('',#7906,0.75);
#7906 = AXIS2_PLACEMENT_3D('',#7907,#7908,#7909);
#7907 = CARTESIAN_POINT('',(16.35,85.1,2.915));
#7908 = DIRECTION('',(0.,0.,-1.));
#7909 = DIRECTION('',(0.,1.,0.));
#7910 = ORIENTED_EDGE('',*,*,#7911,.T.);
#7911 = EDGE_CURVE('',#7903,#7884,#7912,.T.);
#7912 = LINE('',#7913,#7914);
#7913 = CARTESIAN_POINT('',(-31.175,85.85,2.915));
#7914 = VECTOR('',#7915,1.);
#7915 = DIRECTION('',(1.,0.,0.));
#7916 = FACE_BOUND('',#7917,.T.);
#7917 = EDGE_LOOP('',(#7918));
#7918 = ORIENTED_EDGE('',*,*,#7919,.T.);
#7919 = EDGE_CURVE('',#7920,#7920,#7922,.T.);
#7920 = VERTEX_POINT('',#7921);
#7921 = CARTESIAN_POINT('',(24.,76.5,2.915));
#7922 = CIRCLE('',#7923,0.5);
#7923 = AXIS2_PLACEMENT_3D('',#7924,#7925,#7926);
#7924 = CARTESIAN_POINT('',(24.,77.,2.915));
#7925 = DIRECTION('',(-0.,-0.,-1.));
#7926 = DIRECTION('',(0.,-1.,0.));
#7927 = FACE_BOUND('',#7928,.T.);
#7928 = EDGE_LOOP('',(#7929));
#7929 = ORIENTED_EDGE('',*,*,#7930,.T.);
#7930 = EDGE_CURVE('',#7931,#7931,#7933,.T.);
#7931 = VERTEX_POINT('',#7932);
#7932 = CARTESIAN_POINT('',(28.32,76.71,2.915));
#7933 = CIRCLE('',#7934,0.5);
#7934 = AXIS2_PLACEMENT_3D('',#7935,#7936,#7937);
#7935 = CARTESIAN_POINT('',(28.32,77.21,2.915));
#7936 = DIRECTION('',(-0.,-0.,-1.));
#7937 = DIRECTION('',(0.,-1.,0.));
#7938 = FACE_BOUND('',#7939,.T.);
#7939 = EDGE_LOOP('',(#7940));
#7940 = ORIENTED_EDGE('',*,*,#7941,.T.);
#7941 = EDGE_CURVE('',#7942,#7942,#7944,.T.);
#7942 = VERTEX_POINT('',#7943);
#7943 = CARTESIAN_POINT('',(28.32,79.25,2.915));
#7944 = CIRCLE('',#7945,0.5);
#7945 = AXIS2_PLACEMENT_3D('',#7946,#7947,#7948);
#7946 = CARTESIAN_POINT('',(28.32,79.75,2.915));
#7947 = DIRECTION('',(-0.,-0.,-1.));
#7948 = DIRECTION('',(0.,-1.,0.));
#7949 = FACE_BOUND('',#7950,.T.);
#7950 = EDGE_LOOP('',(#7951));
#7951 = ORIENTED_EDGE('',*,*,#7952,.T.);
#7952 = EDGE_CURVE('',#7953,#7953,#7955,.T.);
#7953 = VERTEX_POINT('',#7954);
#7954 = CARTESIAN_POINT('',(24.,81.5,2.915));
#7955 = CIRCLE('',#7956,0.5);
#7956 = AXIS2_PLACEMENT_3D('',#7957,#7958,#7959);
#7957 = CARTESIAN_POINT('',(24.,82.,2.915));
#7958 = DIRECTION('',(-0.,-0.,-1.));
#7959 = DIRECTION('',(0.,-1.,0.));
#7960 = FACE_BOUND('',#7961,.T.);
#7961 = EDGE_LOOP('',(#7962));
#7962 = ORIENTED_EDGE('',*,*,#7963,.T.);
#7963 = EDGE_CURVE('',#7964,#7964,#7966,.T.);
#7964 = VERTEX_POINT('',#7965);
#7965 = CARTESIAN_POINT('',(28.32,81.79,2.915));
#7966 = CIRCLE('',#7967,0.5);
#7967 = AXIS2_PLACEMENT_3D('',#7968,#7969,#7970);
#7968 = CARTESIAN_POINT('',(28.32,82.29,2.915));
#7969 = DIRECTION('',(-0.,-0.,-1.));
#7970 = DIRECTION('',(0.,-1.,0.));
#7971 = FACE_BOUND('',#7972,.T.);
#7972 = EDGE_LOOP('',(#7973));
#7973 = ORIENTED_EDGE('',*,*,#7974,.T.);
#7974 = EDGE_CURVE('',#7975,#7975,#7977,.T.);
#7975 = VERTEX_POINT('',#7976);
#7976 = CARTESIAN_POINT('',(28.32,84.33,2.915));
#7977 = CIRCLE('',#7978,0.5);
#7978 = AXIS2_PLACEMENT_3D('',#7979,#7980,#7981);
#7979 = CARTESIAN_POINT('',(28.32,84.83,2.915));
#7980 = DIRECTION('',(-0.,-0.,-1.));
#7981 = DIRECTION('',(0.,-1.,0.));
#7982 = FACE_BOUND('',#7983,.T.);
#7983 = EDGE_LOOP('',(#7984));
#7984 = ORIENTED_EDGE('',*,*,#7985,.T.);
#7985 = EDGE_CURVE('',#7986,#7986,#7988,.T.);
#7986 = VERTEX_POINT('',#7987);
#7987 = CARTESIAN_POINT('',(47.38,50.6,2.915));
#7988 = CIRCLE('',#7989,0.4);
#7989 = AXIS2_PLACEMENT_3D('',#7990,#7991,#7992);
#7990 = CARTESIAN_POINT('',(47.38,51.,2.915));
#7991 = DIRECTION('',(-0.,-0.,-1.));
#7992 = DIRECTION('',(0.,-1.,0.));
#7993 = FACE_BOUND('',#7994,.T.);
#7994 = EDGE_LOOP('',(#7995));
#7995 = ORIENTED_EDGE('',*,*,#7996,.T.);
#7996 = EDGE_CURVE('',#7997,#7997,#7999,.T.);
#7997 = VERTEX_POINT('',#7998);
#7998 = CARTESIAN_POINT('',(41.59,59.07,2.915));
#7999 = CIRCLE('',#8000,0.85);
#8000 = AXIS2_PLACEMENT_3D('',#8001,#8002,#8003);
#8001 = CARTESIAN_POINT('',(41.59,59.92,2.915));
#8002 = DIRECTION('',(-0.,-0.,-1.));
#8003 = DIRECTION('',(0.,-1.,0.));
#8004 = FACE_BOUND('',#8005,.T.);
#8005 = EDGE_LOOP('',(#8006));
#8006 = ORIENTED_EDGE('',*,*,#8007,.T.);
#8007 = EDGE_CURVE('',#8008,#8008,#8010,.T.);
#8008 = VERTEX_POINT('',#8009);
#8009 = CARTESIAN_POINT('',(39.05,64.25,2.915));
#8010 = CIRCLE('',#8011,0.75);
#8011 = AXIS2_PLACEMENT_3D('',#8012,#8013,#8014);
#8012 = CARTESIAN_POINT('',(39.05,65.,2.915));
#8013 = DIRECTION('',(-0.,-0.,-1.));
#8014 = DIRECTION('',(0.,-1.,0.));
#8015 = FACE_BOUND('',#8016,.T.);
#8016 = EDGE_LOOP('',(#8017));
#8017 = ORIENTED_EDGE('',*,*,#8018,.T.);
#8018 = EDGE_CURVE('',#8019,#8019,#8021,.T.);
#8019 = VERTEX_POINT('',#8020);
#8020 = CARTESIAN_POINT('',(50.48,59.07,2.915));
#8021 = CIRCLE('',#8022,0.85);
#8022 = AXIS2_PLACEMENT_3D('',#8023,#8024,#8025);
#8023 = CARTESIAN_POINT('',(50.48,59.92,2.915));
#8024 = DIRECTION('',(-0.,0.,-1.));
#8025 = DIRECTION('',(-3.343730521224E-14,-1.,0.));
#8026 = FACE_BOUND('',#8027,.T.);
#8027 = EDGE_LOOP('',(#8028));
#8028 = ORIENTED_EDGE('',*,*,#8029,.T.);
#8029 = EDGE_CURVE('',#8030,#8030,#8032,.T.);
#8030 = VERTEX_POINT('',#8031);
#8031 = CARTESIAN_POINT('',(51.75,61.71,2.915));
#8032 = CIRCLE('',#8033,0.75);
#8033 = AXIS2_PLACEMENT_3D('',#8034,#8035,#8036);
#8034 = CARTESIAN_POINT('',(51.75,62.46,2.915));
#8035 = DIRECTION('',(-0.,-0.,-1.));
#8036 = DIRECTION('',(0.,-1.,0.));
#8037 = FACE_BOUND('',#8038,.T.);
#8038 = EDGE_LOOP('',(#8039));
#8039 = ORIENTED_EDGE('',*,*,#8040,.T.);
#8040 = EDGE_CURVE('',#8041,#8041,#8043,.T.);
#8041 = VERTEX_POINT('',#8042);
#8042 = CARTESIAN_POINT('',(55.,50.6,2.915));
#8043 = CIRCLE('',#8044,0.4);
#8044 = AXIS2_PLACEMENT_3D('',#8045,#8046,#8047);
#8045 = CARTESIAN_POINT('',(55.,51.,2.915));
#8046 = DIRECTION('',(-0.,-0.,-1.));
#8047 = DIRECTION('',(0.,-1.,0.));
#8048 = FACE_BOUND('',#8049,.T.);
#8049 = EDGE_LOOP('',(#8050));
#8050 = ORIENTED_EDGE('',*,*,#8051,.T.);
#8051 = EDGE_CURVE('',#8052,#8052,#8054,.T.);
#8052 = VERTEX_POINT('',#8053);
#8053 = CARTESIAN_POINT('',(55.56,57.92,2.915));
#8054 = CIRCLE('',#8055,2.);
#8055 = AXIS2_PLACEMENT_3D('',#8056,#8057,#8058);
#8056 = CARTESIAN_POINT('',(55.56,59.92,2.915));
#8057 = DIRECTION('',(-0.,-0.,-1.));
#8058 = DIRECTION('',(0.,-1.,0.));
#8059 = FACE_BOUND('',#8060,.T.);
#8060 = EDGE_LOOP('',(#8061));
#8061 = ORIENTED_EDGE('',*,*,#8062,.T.);
#8062 = EDGE_CURVE('',#8063,#8063,#8065,.T.);
#8063 = VERTEX_POINT('',#8064);
#8064 = CARTESIAN_POINT('',(60.64,59.07,2.915));
#8065 = CIRCLE('',#8066,0.85);
#8066 = AXIS2_PLACEMENT_3D('',#8067,#8068,#8069);
#8067 = CARTESIAN_POINT('',(60.64,59.92,2.915));
#8068 = DIRECTION('',(-0.,-0.,-1.));
#8069 = DIRECTION('',(0.,-1.,0.));
#8070 = FACE_BOUND('',#8071,.T.);
#8071 = EDGE_LOOP('',(#8072));
#8072 = ORIENTED_EDGE('',*,*,#8073,.T.);
#8073 = EDGE_CURVE('',#8074,#8074,#8076,.T.);
#8074 = VERTEX_POINT('',#8075);
#8075 = CARTESIAN_POINT('',(58.1,64.25,2.915));
#8076 = CIRCLE('',#8077,0.75);
#8077 = AXIS2_PLACEMENT_3D('',#8078,#8079,#8080);
#8078 = CARTESIAN_POINT('',(58.1,65.,2.915));
#8079 = DIRECTION('',(-0.,-0.,-1.));
#8080 = DIRECTION('',(0.,-1.,0.));
#8081 = FACE_BOUND('',#8082,.T.);
#8082 = EDGE_LOOP('',(#8083));
#8083 = ORIENTED_EDGE('',*,*,#8084,.T.);
#8084 = EDGE_CURVE('',#8085,#8085,#8087,.T.);
#8085 = VERTEX_POINT('',#8086);
#8086 = CARTESIAN_POINT('',(44.75,75.26,2.915));
#8087 = CIRCLE('',#8088,0.5);
#8088 = AXIS2_PLACEMENT_3D('',#8089,#8090,#8091);
#8089 = CARTESIAN_POINT('',(44.75,75.76,2.915));
#8090 = DIRECTION('',(-0.,-0.,-1.));
#8091 = DIRECTION('',(0.,-1.,0.));
#8092 = FACE_BOUND('',#8093,.T.);
#8093 = EDGE_LOOP('',(#8094));
#8094 = ORIENTED_EDGE('',*,*,#8095,.T.);
#8095 = EDGE_CURVE('',#8096,#8096,#8098,.T.);
#8096 = VERTEX_POINT('',#8097);
#8097 = CARTESIAN_POINT('',(44.75,77.8,2.915));
#8098 = CIRCLE('',#8099,0.5);
#8099 = AXIS2_PLACEMENT_3D('',#8100,#8101,#8102);
#8100 = CARTESIAN_POINT('',(44.75,78.3,2.915));
#8101 = DIRECTION('',(-0.,-0.,-1.));
#8102 = DIRECTION('',(0.,-1.,0.));
#8103 = FACE_BOUND('',#8104,.T.);
#8104 = EDGE_LOOP('',(#8105));
#8105 = ORIENTED_EDGE('',*,*,#8106,.T.);
#8106 = EDGE_CURVE('',#8107,#8107,#8109,.T.);
#8107 = VERTEX_POINT('',#8108);
#8108 = CARTESIAN_POINT('',(44.75,80.34,2.915));
#8109 = CIRCLE('',#8110,0.5);
#8110 = AXIS2_PLACEMENT_3D('',#8111,#8112,#8113);
#8111 = CARTESIAN_POINT('',(44.75,80.84,2.915));
#8112 = DIRECTION('',(-0.,-0.,-1.));
#8113 = DIRECTION('',(0.,-1.,0.));
#8114 = FACE_BOUND('',#8115,.T.);
#8115 = EDGE_LOOP('',(#8116));
#8116 = ORIENTED_EDGE('',*,*,#8117,.T.);
#8117 = EDGE_CURVE('',#8118,#8118,#8120,.T.);
#8118 = VERTEX_POINT('',#8119);
#8119 = CARTESIAN_POINT('',(44.75,82.88,2.915));
#8120 = CIRCLE('',#8121,0.5);
#8121 = AXIS2_PLACEMENT_3D('',#8122,#8123,#8124);
#8122 = CARTESIAN_POINT('',(44.75,83.38,2.915));
#8123 = DIRECTION('',(-0.,-0.,-1.));
#8124 = DIRECTION('',(0.,-1.,0.));
#8125 = FACE_BOUND('',#8126,.T.);
#8126 = EDGE_LOOP('',(#8127));
#8127 = ORIENTED_EDGE('',*,*,#8128,.T.);
#8128 = EDGE_CURVE('',#8129,#8129,#8131,.T.);
#8129 = VERTEX_POINT('',#8130);
#8130 = CARTESIAN_POINT('',(44.75,85.42,2.915));
#8131 = CIRCLE('',#8132,0.5);
#8132 = AXIS2_PLACEMENT_3D('',#8133,#8134,#8135);
#8133 = CARTESIAN_POINT('',(44.75,85.92,2.915));
#8134 = DIRECTION('',(-0.,-0.,-1.));
#8135 = DIRECTION('',(0.,-1.,0.));
#8136 = FACE_BOUND('',#8137,.T.);
#8137 = EDGE_LOOP('',(#8138));
#8138 = ORIENTED_EDGE('',*,*,#8139,.T.);
#8139 = EDGE_CURVE('',#8140,#8140,#8142,.T.);
#8140 = VERTEX_POINT('',#8141);
#8141 = CARTESIAN_POINT('',(44.75,87.96,2.915));
#8142 = CIRCLE('',#8143,0.5);
#8143 = AXIS2_PLACEMENT_3D('',#8144,#8145,#8146);
#8144 = CARTESIAN_POINT('',(44.75,88.46,2.915));
#8145 = DIRECTION('',(-0.,-0.,-1.));
#8146 = DIRECTION('',(0.,-1.,0.));
#8147 = FACE_BOUND('',#8148,.T.);
#8148 = EDGE_LOOP('',(#8149));
#8149 = ORIENTED_EDGE('',*,*,#8150,.T.);
#8150 = EDGE_CURVE('',#8151,#8151,#8153,.T.);
#8151 = VERTEX_POINT('',#8152);
#8152 = CARTESIAN_POINT('',(44.75,90.5,2.915));
#8153 = CIRCLE('',#8154,0.5);
#8154 = AXIS2_PLACEMENT_3D('',#8155,#8156,#8157);
#8155 = CARTESIAN_POINT('',(44.75,91.,2.915));
#8156 = DIRECTION('',(-0.,-0.,-1.));
#8157 = DIRECTION('',(0.,-1.,0.));
#8158 = FACE_BOUND('',#8159,.T.);
#8159 = EDGE_LOOP('',(#8160));
#8160 = ORIENTED_EDGE('',*,*,#8161,.T.);
#8161 = EDGE_CURVE('',#8162,#8162,#8164,.T.);
#8162 = VERTEX_POINT('',#8163);
#8163 = CARTESIAN_POINT('',(60.,75.26,2.915));
#8164 = CIRCLE('',#8165,0.5);
#8165 = AXIS2_PLACEMENT_3D('',#8166,#8167,#8168);
#8166 = CARTESIAN_POINT('',(60.,75.76,2.915));
#8167 = DIRECTION('',(-0.,-0.,-1.));
#8168 = DIRECTION('',(0.,-1.,0.));
#8169 = FACE_BOUND('',#8170,.T.);
#8170 = EDGE_LOOP('',(#8171));
#8171 = ORIENTED_EDGE('',*,*,#8172,.T.);
#8172 = EDGE_CURVE('',#8173,#8173,#8175,.T.);
#8173 = VERTEX_POINT('',#8174);
#8174 = CARTESIAN_POINT('',(60.,77.8,2.915));
#8175 = CIRCLE('',#8176,0.5);
#8176 = AXIS2_PLACEMENT_3D('',#8177,#8178,#8179);
#8177 = CARTESIAN_POINT('',(60.,78.3,2.915));
#8178 = DIRECTION('',(-0.,-0.,-1.));
#8179 = DIRECTION('',(0.,-1.,0.));
#8180 = FACE_BOUND('',#8181,.T.);
#8181 = EDGE_LOOP('',(#8182));
#8182 = ORIENTED_EDGE('',*,*,#8183,.T.);
#8183 = EDGE_CURVE('',#8184,#8184,#8186,.T.);
#8184 = VERTEX_POINT('',#8185);
#8185 = CARTESIAN_POINT('',(60.,80.34,2.915));
#8186 = CIRCLE('',#8187,0.5);
#8187 = AXIS2_PLACEMENT_3D('',#8188,#8189,#8190);
#8188 = CARTESIAN_POINT('',(60.,80.84,2.915));
#8189 = DIRECTION('',(-0.,-0.,-1.));
#8190 = DIRECTION('',(0.,-1.,0.));
#8191 = FACE_BOUND('',#8192,.T.);
#8192 = EDGE_LOOP('',(#8193));
#8193 = ORIENTED_EDGE('',*,*,#8194,.T.);
#8194 = EDGE_CURVE('',#8195,#8195,#8197,.T.);
#8195 = VERTEX_POINT('',#8196);
#8196 = CARTESIAN_POINT('',(60.,82.88,2.915));
#8197 = CIRCLE('',#8198,0.5);
#8198 = AXIS2_PLACEMENT_3D('',#8199,#8200,#8201);
#8199 = CARTESIAN_POINT('',(60.,83.38,2.915));
#8200 = DIRECTION('',(-0.,-0.,-1.));
#8201 = DIRECTION('',(0.,-1.,0.));
#8202 = FACE_BOUND('',#8203,.T.);
#8203 = EDGE_LOOP('',(#8204));
#8204 = ORIENTED_EDGE('',*,*,#8205,.T.);
#8205 = EDGE_CURVE('',#8206,#8206,#8208,.T.);
#8206 = VERTEX_POINT('',#8207);
#8207 = CARTESIAN_POINT('',(60.,85.42,2.915));
#8208 = CIRCLE('',#8209,0.5);
#8209 = AXIS2_PLACEMENT_3D('',#8210,#8211,#8212);
#8210 = CARTESIAN_POINT('',(60.,85.92,2.915));
#8211 = DIRECTION('',(-0.,-0.,-1.));
#8212 = DIRECTION('',(0.,-1.,0.));
#8213 = FACE_BOUND('',#8214,.T.);
#8214 = EDGE_LOOP('',(#8215));
#8215 = ORIENTED_EDGE('',*,*,#8216,.T.);
#8216 = EDGE_CURVE('',#8217,#8217,#8219,.T.);
#8217 = VERTEX_POINT('',#8218);
#8218 = CARTESIAN_POINT('',(60.,87.96,2.915));
#8219 = CIRCLE('',#8220,0.5);
#8220 = AXIS2_PLACEMENT_3D('',#8221,#8222,#8223);
#8221 = CARTESIAN_POINT('',(60.,88.46,2.915));
#8222 = DIRECTION('',(-0.,-0.,-1.));
#8223 = DIRECTION('',(0.,-1.,0.));
#8224 = FACE_BOUND('',#8225,.T.);
#8225 = EDGE_LOOP('',(#8226));
#8226 = ORIENTED_EDGE('',*,*,#8227,.T.);
#8227 = EDGE_CURVE('',#8228,#8228,#8230,.T.);
#8228 = VERTEX_POINT('',#8229);
#8229 = CARTESIAN_POINT('',(60.,90.5,2.915));
#8230 = CIRCLE('',#8231,0.5);
#8231 = AXIS2_PLACEMENT_3D('',#8232,#8233,#8234);
#8232 = CARTESIAN_POINT('',(60.,91.,2.915));
#8233 = DIRECTION('',(-0.,-0.,-1.));
#8234 = DIRECTION('',(0.,-1.,0.));
#8235 = FACE_BOUND('',#8236,.T.);
#8236 = EDGE_LOOP('',(#8237));
#8237 = ORIENTED_EDGE('',*,*,#8238,.T.);
#8238 = EDGE_CURVE('',#8239,#8239,#8241,.T.);
#8239 = VERTEX_POINT('',#8240);
#8240 = CARTESIAN_POINT('',(70.,88.4,2.915));
#8241 = CIRCLE('',#8242,1.6);
#8242 = AXIS2_PLACEMENT_3D('',#8243,#8244,#8245);
#8243 = CARTESIAN_POINT('',(70.,90.,2.915));
#8244 = DIRECTION('',(-0.,-0.,-1.));
#8245 = DIRECTION('',(0.,-1.,0.));
#8246 = PLANE('',#8247);
#8247 = AXIS2_PLACEMENT_3D('',#8248,#8249,#8250);
#8248 = CARTESIAN_POINT('',(-80.,165.,2.915));
#8249 = DIRECTION('',(0.,0.,1.));
#8250 = DIRECTION('',(1.,0.,0.));
#8251 = ADVANCED_FACE('',(#8252),#8258,.T.);
#8252 = FACE_BOUND('',#8253,.T.);
#8253 = EDGE_LOOP('',(#8254,#8255,#8256,#8257));
#8254 = ORIENTED_EDGE('',*,*,#6031,.T.);
#8255 = ORIENTED_EDGE('',*,*,#7156,.T.);
#8256 = ORIENTED_EDGE('',*,*,#5991,.F.);
#8257 = ORIENTED_EDGE('',*,*,#6055,.F.);
#8258 = PLANE('',#8259);
#8259 = AXIS2_PLACEMENT_3D('',#8260,#8261,#8262);
#8260 = CARTESIAN_POINT('',(0.,95.,1.405));
#8261 = DIRECTION('',(0.,1.,0.));
#8262 = DIRECTION('',(1.,0.,0.));
#8263 = ADVANCED_FACE('',(#8264),#8275,.F.);
#8264 = FACE_BOUND('',#8265,.F.);
#8265 = EDGE_LOOP('',(#8266,#8272,#8273,#8274));
#8266 = ORIENTED_EDGE('',*,*,#8267,.T.);
#8267 = EDGE_CURVE('',#6065,#7166,#8268,.T.);
#8268 = LINE('',#8269,#8270);
#8269 = CARTESIAN_POINT('',(4.,3.4,1.359));
#8270 = VECTOR('',#8271,1.);
#8271 = DIRECTION('',(0.,0.,1.));
#8272 = ORIENTED_EDGE('',*,*,#7165,.T.);
#8273 = ORIENTED_EDGE('',*,*,#8267,.F.);
#8274 = ORIENTED_EDGE('',*,*,#6064,.F.);
#8275 = CYLINDRICAL_SURFACE('',#8276,1.6);
#8276 = AXIS2_PLACEMENT_3D('',#8277,#8278,#8279);
#8277 = CARTESIAN_POINT('',(4.,5.,1.359));
#8278 = DIRECTION('',(-0.,-0.,-1.));
#8279 = DIRECTION('',(0.,-1.,0.));
#8280 = ADVANCED_FACE('',(#8281),#8292,.F.);
#8281 = FACE_BOUND('',#8282,.F.);
#8282 = EDGE_LOOP('',(#8283,#8289,#8290,#8291));
#8283 = ORIENTED_EDGE('',*,*,#8284,.T.);
#8284 = EDGE_CURVE('',#6076,#7177,#8285,.T.);
#8285 = LINE('',#8286,#8287);
#8286 = CARTESIAN_POINT('',(9.19,12.6,1.359));
#8287 = VECTOR('',#8288,1.);
#8288 = DIRECTION('',(0.,0.,1.));
#8289 = ORIENTED_EDGE('',*,*,#7176,.T.);
#8290 = ORIENTED_EDGE('',*,*,#8284,.F.);
#8291 = ORIENTED_EDGE('',*,*,#6075,.F.);
#8292 = CYLINDRICAL_SURFACE('',#8293,0.4);
#8293 = AXIS2_PLACEMENT_3D('',#8294,#8295,#8296);
#8294 = CARTESIAN_POINT('',(9.19,13.,1.359));
#8295 = DIRECTION('',(-0.,-0.,-1.));
#8296 = DIRECTION('',(0.,-1.,0.));
#8297 = ADVANCED_FACE('',(#8298),#8309,.F.);
#8298 = FACE_BOUND('',#8299,.F.);
#8299 = EDGE_LOOP('',(#8300,#8306,#8307,#8308));
#8300 = ORIENTED_EDGE('',*,*,#8301,.T.);
#8301 = EDGE_CURVE('',#6087,#7188,#8302,.T.);
#8302 = LINE('',#8303,#8304);
#8303 = CARTESIAN_POINT('',(16.81,12.6,1.359));
#8304 = VECTOR('',#8305,1.);
#8305 = DIRECTION('',(0.,0.,1.));
#8306 = ORIENTED_EDGE('',*,*,#7187,.T.);
#8307 = ORIENTED_EDGE('',*,*,#8301,.F.);
#8308 = ORIENTED_EDGE('',*,*,#6086,.F.);
#8309 = CYLINDRICAL_SURFACE('',#8310,0.4);
#8310 = AXIS2_PLACEMENT_3D('',#8311,#8312,#8313);
#8311 = CARTESIAN_POINT('',(16.81,13.,1.359));
#8312 = DIRECTION('',(-0.,-0.,-1.));
#8313 = DIRECTION('',(0.,-1.,0.));
#8314 = ADVANCED_FACE('',(#8315),#8326,.F.);
#8315 = FACE_BOUND('',#8316,.F.);
#8316 = EDGE_LOOP('',(#8317,#8323,#8324,#8325));
#8317 = ORIENTED_EDGE('',*,*,#8318,.T.);
#8318 = EDGE_CURVE('',#6098,#7199,#8319,.T.);
#8319 = LINE('',#8320,#8321);
#8320 = CARTESIAN_POINT('',(12.38,20.97,1.359));
#8321 = VECTOR('',#8322,1.);
#8322 = DIRECTION('',(0.,0.,1.));
#8323 = ORIENTED_EDGE('',*,*,#7198,.T.);
#8324 = ORIENTED_EDGE('',*,*,#8318,.F.);
#8325 = ORIENTED_EDGE('',*,*,#6097,.F.);
#8326 = CYLINDRICAL_SURFACE('',#8327,0.85);
#8327 = AXIS2_PLACEMENT_3D('',#8328,#8329,#8330);
#8328 = CARTESIAN_POINT('',(12.38,21.82,1.359));
#8329 = DIRECTION('',(-0.,-0.,-1.));
#8330 = DIRECTION('',(0.,-1.,0.));
#8331 = ADVANCED_FACE('',(#8332),#8343,.F.);
#8332 = FACE_BOUND('',#8333,.F.);
#8333 = EDGE_LOOP('',(#8334,#8340,#8341,#8342));
#8334 = ORIENTED_EDGE('',*,*,#8335,.T.);
#8335 = EDGE_CURVE('',#6109,#7210,#8336,.T.);
#8336 = LINE('',#8337,#8338);
#8337 = CARTESIAN_POINT('',(13.65,23.61,1.359));
#8338 = VECTOR('',#8339,1.);
#8339 = DIRECTION('',(0.,0.,1.));
#8340 = ORIENTED_EDGE('',*,*,#7209,.T.);
#8341 = ORIENTED_EDGE('',*,*,#8335,.F.);
#8342 = ORIENTED_EDGE('',*,*,#6108,.F.);
#8343 = CYLINDRICAL_SURFACE('',#8344,0.75);
#8344 = AXIS2_PLACEMENT_3D('',#8345,#8346,#8347);
#8345 = CARTESIAN_POINT('',(13.65,24.36,1.359));
#8346 = DIRECTION('',(-0.,-0.,-1.));
#8347 = DIRECTION('',(0.,-1.,0.));
#8348 = ADVANCED_FACE('',(#8349),#8360,.F.);
#8349 = FACE_BOUND('',#8350,.F.);
#8350 = EDGE_LOOP('',(#8351,#8357,#8358,#8359));
#8351 = ORIENTED_EDGE('',*,*,#8352,.T.);
#8352 = EDGE_CURVE('',#6120,#7221,#8353,.T.);
#8353 = LINE('',#8354,#8355);
#8354 = CARTESIAN_POINT('',(17.46,19.82,1.359));
#8355 = VECTOR('',#8356,1.);
#8356 = DIRECTION('',(0.,0.,1.));
#8357 = ORIENTED_EDGE('',*,*,#7220,.T.);
#8358 = ORIENTED_EDGE('',*,*,#8352,.F.);
#8359 = ORIENTED_EDGE('',*,*,#6119,.F.);
#8360 = CYLINDRICAL_SURFACE('',#8361,2.);
#8361 = AXIS2_PLACEMENT_3D('',#8362,#8363,#8364);
#8362 = CARTESIAN_POINT('',(17.46,21.82,1.359));
#8363 = DIRECTION('',(-0.,-0.,-1.));
#8364 = DIRECTION('',(0.,-1.,0.));
#8365 = ADVANCED_FACE('',(#8366),#8377,.F.);
#8366 = FACE_BOUND('',#8367,.F.);
#8367 = EDGE_LOOP('',(#8368,#8374,#8375,#8376));
#8368 = ORIENTED_EDGE('',*,*,#8369,.T.);
#8369 = EDGE_CURVE('',#6131,#7232,#8370,.T.);
#8370 = LINE('',#8371,#8372);
#8371 = CARTESIAN_POINT('',(27.5,3.4,1.359));
#8372 = VECTOR('',#8373,1.);
#8373 = DIRECTION('',(0.,0.,1.));
#8374 = ORIENTED_EDGE('',*,*,#7231,.T.);
#8375 = ORIENTED_EDGE('',*,*,#8369,.F.);
#8376 = ORIENTED_EDGE('',*,*,#6130,.F.);
#8377 = CYLINDRICAL_SURFACE('',#8378,1.6);
#8378 = AXIS2_PLACEMENT_3D('',#8379,#8380,#8381);
#8379 = CARTESIAN_POINT('',(27.5,5.,1.359));
#8380 = DIRECTION('',(-0.,-0.,-1.));
#8381 = DIRECTION('',(0.,-1.,0.));
#8382 = ADVANCED_FACE('',(#8383),#8394,.F.);
#8383 = FACE_BOUND('',#8384,.F.);
#8384 = EDGE_LOOP('',(#8385,#8391,#8392,#8393));
#8385 = ORIENTED_EDGE('',*,*,#8386,.T.);
#8386 = EDGE_CURVE('',#6142,#7243,#8387,.T.);
#8387 = LINE('',#8388,#8389);
#8388 = CARTESIAN_POINT('',(28.38,12.6,1.359));
#8389 = VECTOR('',#8390,1.);
#8390 = DIRECTION('',(0.,0.,1.));
#8391 = ORIENTED_EDGE('',*,*,#7242,.T.);
#8392 = ORIENTED_EDGE('',*,*,#8386,.F.);
#8393 = ORIENTED_EDGE('',*,*,#6141,.F.);
#8394 = CYLINDRICAL_SURFACE('',#8395,0.4);
#8395 = AXIS2_PLACEMENT_3D('',#8396,#8397,#8398);
#8396 = CARTESIAN_POINT('',(28.38,13.,1.359));
#8397 = DIRECTION('',(-0.,-0.,-1.));
#8398 = DIRECTION('',(0.,-1.,0.));
#8399 = ADVANCED_FACE('',(#8400),#8411,.F.);
#8400 = FACE_BOUND('',#8401,.F.);
#8401 = EDGE_LOOP('',(#8402,#8408,#8409,#8410));
#8402 = ORIENTED_EDGE('',*,*,#8403,.T.);
#8403 = EDGE_CURVE('',#6153,#7254,#8404,.T.);
#8404 = LINE('',#8405,#8406);
#8405 = CARTESIAN_POINT('',(36.,12.6,1.359));
#8406 = VECTOR('',#8407,1.);
#8407 = DIRECTION('',(0.,0.,1.));
#8408 = ORIENTED_EDGE('',*,*,#7253,.T.);
#8409 = ORIENTED_EDGE('',*,*,#8403,.F.);
#8410 = ORIENTED_EDGE('',*,*,#6152,.F.);
#8411 = CYLINDRICAL_SURFACE('',#8412,0.4);
#8412 = AXIS2_PLACEMENT_3D('',#8413,#8414,#8415);
#8413 = CARTESIAN_POINT('',(36.,13.,1.359));
#8414 = DIRECTION('',(-0.,-0.,-1.));
#8415 = DIRECTION('',(0.,-1.,0.));
#8416 = ADVANCED_FACE('',(#8417),#8428,.F.);
#8417 = FACE_BOUND('',#8418,.F.);
#8418 = EDGE_LOOP('',(#8419,#8425,#8426,#8427));
#8419 = ORIENTED_EDGE('',*,*,#8420,.T.);
#8420 = EDGE_CURVE('',#6164,#7265,#8421,.T.);
#8421 = LINE('',#8422,#8423);
#8422 = CARTESIAN_POINT('',(22.54,20.97,1.359));
#8423 = VECTOR('',#8424,1.);
#8424 = DIRECTION('',(0.,0.,1.));
#8425 = ORIENTED_EDGE('',*,*,#7264,.T.);
#8426 = ORIENTED_EDGE('',*,*,#8420,.F.);
#8427 = ORIENTED_EDGE('',*,*,#6163,.F.);
#8428 = CYLINDRICAL_SURFACE('',#8429,0.85);
#8429 = AXIS2_PLACEMENT_3D('',#8430,#8431,#8432);
#8430 = CARTESIAN_POINT('',(22.54,21.82,1.359));
#8431 = DIRECTION('',(0.,0.,-1.));
#8432 = DIRECTION('',(1.671865260612E-14,-1.,0.));
#8433 = ADVANCED_FACE('',(#8434),#8445,.F.);
#8434 = FACE_BOUND('',#8435,.F.);
#8435 = EDGE_LOOP('',(#8436,#8442,#8443,#8444));
#8436 = ORIENTED_EDGE('',*,*,#8437,.T.);
#8437 = EDGE_CURVE('',#6175,#7276,#8438,.T.);
#8438 = LINE('',#8439,#8440);
#8439 = CARTESIAN_POINT('',(31.43,20.97,1.359));
#8440 = VECTOR('',#8441,1.);
#8441 = DIRECTION('',(0.,0.,1.));
#8442 = ORIENTED_EDGE('',*,*,#7275,.T.);
#8443 = ORIENTED_EDGE('',*,*,#8437,.F.);
#8444 = ORIENTED_EDGE('',*,*,#6174,.F.);
#8445 = CYLINDRICAL_SURFACE('',#8446,0.85);
#8446 = AXIS2_PLACEMENT_3D('',#8447,#8448,#8449);
#8447 = CARTESIAN_POINT('',(31.43,21.82,1.359));
#8448 = DIRECTION('',(-0.,-0.,-1.));
#8449 = DIRECTION('',(0.,-1.,0.));
#8450 = ADVANCED_FACE('',(#8451),#8462,.F.);
#8451 = FACE_BOUND('',#8452,.F.);
#8452 = EDGE_LOOP('',(#8453,#8459,#8460,#8461));
#8453 = ORIENTED_EDGE('',*,*,#8454,.T.);
#8454 = EDGE_CURVE('',#6186,#7287,#8455,.T.);
#8455 = LINE('',#8456,#8457);
#8456 = CARTESIAN_POINT('',(36.51,19.82,1.359));
#8457 = VECTOR('',#8458,1.);
#8458 = DIRECTION('',(0.,0.,1.));
#8459 = ORIENTED_EDGE('',*,*,#7286,.T.);
#8460 = ORIENTED_EDGE('',*,*,#8454,.F.);
#8461 = ORIENTED_EDGE('',*,*,#6185,.F.);
#8462 = CYLINDRICAL_SURFACE('',#8463,2.);
#8463 = AXIS2_PLACEMENT_3D('',#8464,#8465,#8466);
#8464 = CARTESIAN_POINT('',(36.51,21.82,1.359));
#8465 = DIRECTION('',(-0.,-0.,-1.));
#8466 = DIRECTION('',(0.,-1.,0.));
#8467 = ADVANCED_FACE('',(#8468),#8479,.F.);
#8468 = FACE_BOUND('',#8469,.F.);
#8469 = EDGE_LOOP('',(#8470,#8476,#8477,#8478));
#8470 = ORIENTED_EDGE('',*,*,#8471,.T.);
#8471 = EDGE_CURVE('',#6197,#7298,#8472,.T.);
#8472 = LINE('',#8473,#8474);
#8473 = CARTESIAN_POINT('',(32.7,23.61,1.359));
#8474 = VECTOR('',#8475,1.);
#8475 = DIRECTION('',(0.,0.,1.));
#8476 = ORIENTED_EDGE('',*,*,#7297,.T.);
#8477 = ORIENTED_EDGE('',*,*,#8471,.F.);
#8478 = ORIENTED_EDGE('',*,*,#6196,.F.);
#8479 = CYLINDRICAL_SURFACE('',#8480,0.75);
#8480 = AXIS2_PLACEMENT_3D('',#8481,#8482,#8483);
#8481 = CARTESIAN_POINT('',(32.7,24.36,1.359));
#8482 = DIRECTION('',(-0.,-0.,-1.));
#8483 = DIRECTION('',(0.,-1.,0.));
#8484 = ADVANCED_FACE('',(#8485),#8496,.F.);
#8485 = FACE_BOUND('',#8486,.F.);
#8486 = EDGE_LOOP('',(#8487,#8493,#8494,#8495));
#8487 = ORIENTED_EDGE('',*,*,#8488,.T.);
#8488 = EDGE_CURVE('',#6208,#7309,#8489,.T.);
#8489 = LINE('',#8490,#8491);
#8490 = CARTESIAN_POINT('',(9.19,31.6,1.359));
#8491 = VECTOR('',#8492,1.);
#8492 = DIRECTION('',(0.,0.,1.));
#8493 = ORIENTED_EDGE('',*,*,#7308,.T.);
#8494 = ORIENTED_EDGE('',*,*,#8488,.F.);
#8495 = ORIENTED_EDGE('',*,*,#6207,.F.);
#8496 = CYLINDRICAL_SURFACE('',#8497,0.4);
#8497 = AXIS2_PLACEMENT_3D('',#8498,#8499,#8500);
#8498 = CARTESIAN_POINT('',(9.19,32.,1.359));
#8499 = DIRECTION('',(-0.,-0.,-1.));
#8500 = DIRECTION('',(0.,-1.,0.));
#8501 = ADVANCED_FACE('',(#8502),#8513,.F.);
#8502 = FACE_BOUND('',#8503,.F.);
#8503 = EDGE_LOOP('',(#8504,#8510,#8511,#8512));
#8504 = ORIENTED_EDGE('',*,*,#8505,.T.);
#8505 = EDGE_CURVE('',#6219,#7320,#8506,.T.);
#8506 = LINE('',#8507,#8508);
#8507 = CARTESIAN_POINT('',(16.81,31.6,1.359));
#8508 = VECTOR('',#8509,1.);
#8509 = DIRECTION('',(0.,0.,1.));
#8510 = ORIENTED_EDGE('',*,*,#7319,.T.);
#8511 = ORIENTED_EDGE('',*,*,#8505,.F.);
#8512 = ORIENTED_EDGE('',*,*,#6218,.F.);
#8513 = CYLINDRICAL_SURFACE('',#8514,0.4);
#8514 = AXIS2_PLACEMENT_3D('',#8515,#8516,#8517);
#8515 = CARTESIAN_POINT('',(16.81,32.,1.359));
#8516 = DIRECTION('',(-0.,-0.,-1.));
#8517 = DIRECTION('',(0.,-1.,0.));
#8518 = ADVANCED_FACE('',(#8519),#8530,.F.);
#8519 = FACE_BOUND('',#8520,.F.);
#8520 = EDGE_LOOP('',(#8521,#8527,#8528,#8529));
#8521 = ORIENTED_EDGE('',*,*,#8522,.T.);
#8522 = EDGE_CURVE('',#6230,#7331,#8523,.T.);
#8523 = LINE('',#8524,#8525);
#8524 = CARTESIAN_POINT('',(12.38,40.02,1.359));
#8525 = VECTOR('',#8526,1.);
#8526 = DIRECTION('',(0.,0.,1.));
#8527 = ORIENTED_EDGE('',*,*,#7330,.T.);
#8528 = ORIENTED_EDGE('',*,*,#8522,.F.);
#8529 = ORIENTED_EDGE('',*,*,#6229,.F.);
#8530 = CYLINDRICAL_SURFACE('',#8531,0.85);
#8531 = AXIS2_PLACEMENT_3D('',#8532,#8533,#8534);
#8532 = CARTESIAN_POINT('',(12.38,40.87,1.359));
#8533 = DIRECTION('',(-0.,-0.,-1.));
#8534 = DIRECTION('',(0.,-1.,0.));
#8535 = ADVANCED_FACE('',(#8536),#8547,.F.);
#8536 = FACE_BOUND('',#8537,.F.);
#8537 = EDGE_LOOP('',(#8538,#8544,#8545,#8546));
#8538 = ORIENTED_EDGE('',*,*,#8539,.T.);
#8539 = EDGE_CURVE('',#6241,#7342,#8540,.T.);
#8540 = LINE('',#8541,#8542);
#8541 = CARTESIAN_POINT('',(17.46,38.87,1.359));
#8542 = VECTOR('',#8543,1.);
#8543 = DIRECTION('',(0.,0.,1.));
#8544 = ORIENTED_EDGE('',*,*,#7341,.T.);
#8545 = ORIENTED_EDGE('',*,*,#8539,.F.);
#8546 = ORIENTED_EDGE('',*,*,#6240,.F.);
#8547 = CYLINDRICAL_SURFACE('',#8548,2.);
#8548 = AXIS2_PLACEMENT_3D('',#8549,#8550,#8551);
#8549 = CARTESIAN_POINT('',(17.46,40.87,1.359));
#8550 = DIRECTION('',(-0.,-0.,-1.));
#8551 = DIRECTION('',(0.,-1.,0.));
#8552 = ADVANCED_FACE('',(#8553),#8564,.F.);
#8553 = FACE_BOUND('',#8554,.F.);
#8554 = EDGE_LOOP('',(#8555,#8561,#8562,#8563));
#8555 = ORIENTED_EDGE('',*,*,#8556,.T.);
#8556 = EDGE_CURVE('',#6252,#7353,#8557,.T.);
#8557 = LINE('',#8558,#8559);
#8558 = CARTESIAN_POINT('',(13.65,42.66,1.359));
#8559 = VECTOR('',#8560,1.);
#8560 = DIRECTION('',(0.,0.,1.));
#8561 = ORIENTED_EDGE('',*,*,#7352,.T.);
#8562 = ORIENTED_EDGE('',*,*,#8556,.F.);
#8563 = ORIENTED_EDGE('',*,*,#6251,.F.);
#8564 = CYLINDRICAL_SURFACE('',#8565,0.75);
#8565 = AXIS2_PLACEMENT_3D('',#8566,#8567,#8568);
#8566 = CARTESIAN_POINT('',(13.65,43.41,1.359));
#8567 = DIRECTION('',(-0.,-0.,-1.));
#8568 = DIRECTION('',(0.,-1.,0.));
#8569 = ADVANCED_FACE('',(#8570),#8581,.F.);
#8570 = FACE_BOUND('',#8571,.F.);
#8571 = EDGE_LOOP('',(#8572,#8578,#8579,#8580));
#8572 = ORIENTED_EDGE('',*,*,#8573,.T.);
#8573 = EDGE_CURVE('',#6263,#7364,#8574,.T.);
#8574 = LINE('',#8575,#8576);
#8575 = CARTESIAN_POINT('',(20.,26.15,1.359));
#8576 = VECTOR('',#8577,1.);
#8577 = DIRECTION('',(0.,0.,1.));
#8578 = ORIENTED_EDGE('',*,*,#7363,.T.);
#8579 = ORIENTED_EDGE('',*,*,#8573,.F.);
#8580 = ORIENTED_EDGE('',*,*,#6262,.F.);
#8581 = CYLINDRICAL_SURFACE('',#8582,0.75);
#8582 = AXIS2_PLACEMENT_3D('',#8583,#8584,#8585);
#8583 = CARTESIAN_POINT('',(20.,26.9,1.359));
#8584 = DIRECTION('',(-0.,-0.,-1.));
#8585 = DIRECTION('',(0.,-1.,0.));
#8586 = ADVANCED_FACE('',(#8587),#8598,.F.);
#8587 = FACE_BOUND('',#8588,.F.);
#8588 = EDGE_LOOP('',(#8589,#8595,#8596,#8597));
#8589 = ORIENTED_EDGE('',*,*,#8590,.T.);
#8590 = EDGE_CURVE('',#6274,#7375,#8591,.T.);
#8591 = LINE('',#8592,#8593);
#8592 = CARTESIAN_POINT('',(28.38,31.6,1.359));
#8593 = VECTOR('',#8594,1.);
#8594 = DIRECTION('',(0.,0.,1.));
#8595 = ORIENTED_EDGE('',*,*,#7374,.T.);
#8596 = ORIENTED_EDGE('',*,*,#8590,.F.);
#8597 = ORIENTED_EDGE('',*,*,#6273,.F.);
#8598 = CYLINDRICAL_SURFACE('',#8599,0.4);
#8599 = AXIS2_PLACEMENT_3D('',#8600,#8601,#8602);
#8600 = CARTESIAN_POINT('',(28.38,32.,1.359));
#8601 = DIRECTION('',(-0.,-0.,-1.));
#8602 = DIRECTION('',(0.,-1.,0.));
#8603 = ADVANCED_FACE('',(#8604),#8615,.F.);
#8604 = FACE_BOUND('',#8605,.F.);
#8605 = EDGE_LOOP('',(#8606,#8612,#8613,#8614));
#8606 = ORIENTED_EDGE('',*,*,#8607,.T.);
#8607 = EDGE_CURVE('',#6285,#7386,#8608,.T.);
#8608 = LINE('',#8609,#8610);
#8609 = CARTESIAN_POINT('',(36.,31.6,1.359));
#8610 = VECTOR('',#8611,1.);
#8611 = DIRECTION('',(0.,0.,1.));
#8612 = ORIENTED_EDGE('',*,*,#7385,.T.);
#8613 = ORIENTED_EDGE('',*,*,#8607,.F.);
#8614 = ORIENTED_EDGE('',*,*,#6284,.F.);
#8615 = CYLINDRICAL_SURFACE('',#8616,0.4);
#8616 = AXIS2_PLACEMENT_3D('',#8617,#8618,#8619);
#8617 = CARTESIAN_POINT('',(36.,32.,1.359));
#8618 = DIRECTION('',(-0.,-0.,-1.));
#8619 = DIRECTION('',(0.,-1.,0.));
#8620 = ADVANCED_FACE('',(#8621),#8632,.F.);
#8621 = FACE_BOUND('',#8622,.F.);
#8622 = EDGE_LOOP('',(#8623,#8629,#8630,#8631));
#8623 = ORIENTED_EDGE('',*,*,#8624,.T.);
#8624 = EDGE_CURVE('',#6296,#7397,#8625,.T.);
#8625 = LINE('',#8626,#8627);
#8626 = CARTESIAN_POINT('',(22.54,40.02,1.359));
#8627 = VECTOR('',#8628,1.);
#8628 = DIRECTION('',(0.,0.,1.));
#8629 = ORIENTED_EDGE('',*,*,#7396,.T.);
#8630 = ORIENTED_EDGE('',*,*,#8624,.F.);
#8631 = ORIENTED_EDGE('',*,*,#6295,.F.);
#8632 = CYLINDRICAL_SURFACE('',#8633,0.85);
#8633 = AXIS2_PLACEMENT_3D('',#8634,#8635,#8636);
#8634 = CARTESIAN_POINT('',(22.54,40.87,1.359));
#8635 = DIRECTION('',(0.,0.,-1.));
#8636 = DIRECTION('',(1.671865260612E-14,-1.,0.));
#8637 = ADVANCED_FACE('',(#8638),#8649,.F.);
#8638 = FACE_BOUND('',#8639,.F.);
#8639 = EDGE_LOOP('',(#8640,#8646,#8647,#8648));
#8640 = ORIENTED_EDGE('',*,*,#8641,.T.);
#8641 = EDGE_CURVE('',#6307,#7408,#8642,.T.);
#8642 = LINE('',#8643,#8644);
#8643 = CARTESIAN_POINT('',(20.,45.2,1.359));
#8644 = VECTOR('',#8645,1.);
#8645 = DIRECTION('',(0.,0.,1.));
#8646 = ORIENTED_EDGE('',*,*,#7407,.T.);
#8647 = ORIENTED_EDGE('',*,*,#8641,.F.);
#8648 = ORIENTED_EDGE('',*,*,#6306,.F.);
#8649 = CYLINDRICAL_SURFACE('',#8650,0.75);
#8650 = AXIS2_PLACEMENT_3D('',#8651,#8652,#8653);
#8651 = CARTESIAN_POINT('',(20.,45.95,1.359));
#8652 = DIRECTION('',(-0.,-0.,-1.));
#8653 = DIRECTION('',(0.,-1.,0.));
#8654 = ADVANCED_FACE('',(#8655),#8666,.F.);
#8655 = FACE_BOUND('',#8656,.F.);
#8656 = EDGE_LOOP('',(#8657,#8663,#8664,#8665));
#8657 = ORIENTED_EDGE('',*,*,#8658,.T.);
#8658 = EDGE_CURVE('',#6318,#7419,#8659,.T.);
#8659 = LINE('',#8660,#8661);
#8660 = CARTESIAN_POINT('',(31.43,40.02,1.359));
#8661 = VECTOR('',#8662,1.);
#8662 = DIRECTION('',(0.,0.,1.));
#8663 = ORIENTED_EDGE('',*,*,#7418,.T.);
#8664 = ORIENTED_EDGE('',*,*,#8658,.F.);
#8665 = ORIENTED_EDGE('',*,*,#6317,.F.);
#8666 = CYLINDRICAL_SURFACE('',#8667,0.85);
#8667 = AXIS2_PLACEMENT_3D('',#8668,#8669,#8670);
#8668 = CARTESIAN_POINT('',(31.43,40.87,1.359));
#8669 = DIRECTION('',(-0.,-0.,-1.));
#8670 = DIRECTION('',(0.,-1.,0.));
#8671 = ADVANCED_FACE('',(#8672),#8683,.F.);
#8672 = FACE_BOUND('',#8673,.F.);
#8673 = EDGE_LOOP('',(#8674,#8680,#8681,#8682));
#8674 = ORIENTED_EDGE('',*,*,#8675,.T.);
#8675 = EDGE_CURVE('',#6329,#7430,#8676,.T.);
#8676 = LINE('',#8677,#8678);
#8677 = CARTESIAN_POINT('',(36.51,38.87,1.359));
#8678 = VECTOR('',#8679,1.);
#8679 = DIRECTION('',(0.,0.,1.));
#8680 = ORIENTED_EDGE('',*,*,#7429,.T.);
#8681 = ORIENTED_EDGE('',*,*,#8675,.F.);
#8682 = ORIENTED_EDGE('',*,*,#6328,.F.);
#8683 = CYLINDRICAL_SURFACE('',#8684,2.);
#8684 = AXIS2_PLACEMENT_3D('',#8685,#8686,#8687);
#8685 = CARTESIAN_POINT('',(36.51,40.87,1.359));
#8686 = DIRECTION('',(-0.,-0.,-1.));
#8687 = DIRECTION('',(0.,-1.,0.));
#8688 = ADVANCED_FACE('',(#8689),#8700,.F.);
#8689 = FACE_BOUND('',#8690,.F.);
#8690 = EDGE_LOOP('',(#8691,#8697,#8698,#8699));
#8691 = ORIENTED_EDGE('',*,*,#8692,.T.);
#8692 = EDGE_CURVE('',#6340,#7441,#8693,.T.);
#8693 = LINE('',#8694,#8695);
#8694 = CARTESIAN_POINT('',(32.7,42.66,1.359));
#8695 = VECTOR('',#8696,1.);
#8696 = DIRECTION('',(0.,0.,1.));
#8697 = ORIENTED_EDGE('',*,*,#7440,.T.);
#8698 = ORIENTED_EDGE('',*,*,#8692,.F.);
#8699 = ORIENTED_EDGE('',*,*,#6339,.F.);
#8700 = CYLINDRICAL_SURFACE('',#8701,0.75);
#8701 = AXIS2_PLACEMENT_3D('',#8702,#8703,#8704);
#8702 = CARTESIAN_POINT('',(32.7,43.41,1.359));
#8703 = DIRECTION('',(-0.,-0.,-1.));
#8704 = DIRECTION('',(0.,-1.,0.));
#8705 = ADVANCED_FACE('',(#8706),#8717,.F.);
#8706 = FACE_BOUND('',#8707,.F.);
#8707 = EDGE_LOOP('',(#8708,#8714,#8715,#8716));
#8708 = ORIENTED_EDGE('',*,*,#8709,.T.);
#8709 = EDGE_CURVE('',#6351,#7452,#8710,.T.);
#8710 = LINE('',#8711,#8712);
#8711 = CARTESIAN_POINT('',(47.38,12.6,1.359));
#8712 = VECTOR('',#8713,1.);
#8713 = DIRECTION('',(0.,0.,1.));
#8714 = ORIENTED_EDGE('',*,*,#7451,.T.);
#8715 = ORIENTED_EDGE('',*,*,#8709,.F.);
#8716 = ORIENTED_EDGE('',*,*,#6350,.F.);
#8717 = CYLINDRICAL_SURFACE('',#8718,0.4);
#8718 = AXIS2_PLACEMENT_3D('',#8719,#8720,#8721);
#8719 = CARTESIAN_POINT('',(47.38,13.,1.359));
#8720 = DIRECTION('',(-0.,-0.,-1.));
#8721 = DIRECTION('',(0.,-1.,0.));
#8722 = ADVANCED_FACE('',(#8723),#8734,.F.);
#8723 = FACE_BOUND('',#8724,.F.);
#8724 = EDGE_LOOP('',(#8725,#8731,#8732,#8733));
#8725 = ORIENTED_EDGE('',*,*,#8726,.T.);
#8726 = EDGE_CURVE('',#6362,#7463,#8727,.T.);
#8727 = LINE('',#8728,#8729);
#8728 = CARTESIAN_POINT('',(41.59,20.97,1.359));
#8729 = VECTOR('',#8730,1.);
#8730 = DIRECTION('',(0.,0.,1.));
#8731 = ORIENTED_EDGE('',*,*,#7462,.T.);
#8732 = ORIENTED_EDGE('',*,*,#8726,.F.);
#8733 = ORIENTED_EDGE('',*,*,#6361,.F.);
#8734 = CYLINDRICAL_SURFACE('',#8735,0.85);
#8735 = AXIS2_PLACEMENT_3D('',#8736,#8737,#8738);
#8736 = CARTESIAN_POINT('',(41.59,21.82,1.359));
#8737 = DIRECTION('',(-0.,-0.,-1.));
#8738 = DIRECTION('',(0.,-1.,0.));
#8739 = ADVANCED_FACE('',(#8740),#8751,.F.);
#8740 = FACE_BOUND('',#8741,.F.);
#8741 = EDGE_LOOP('',(#8742,#8748,#8749,#8750));
#8742 = ORIENTED_EDGE('',*,*,#8743,.T.);
#8743 = EDGE_CURVE('',#6373,#7474,#8744,.T.);
#8744 = LINE('',#8745,#8746);
#8745 = CARTESIAN_POINT('',(50.48,20.97,1.359));
#8746 = VECTOR('',#8747,1.);
#8747 = DIRECTION('',(0.,0.,1.));
#8748 = ORIENTED_EDGE('',*,*,#7473,.T.);
#8749 = ORIENTED_EDGE('',*,*,#8743,.F.);
#8750 = ORIENTED_EDGE('',*,*,#6372,.F.);
#8751 = CYLINDRICAL_SURFACE('',#8752,0.85);
#8752 = AXIS2_PLACEMENT_3D('',#8753,#8754,#8755);
#8753 = CARTESIAN_POINT('',(50.48,21.82,1.359));
#8754 = DIRECTION('',(-0.,-0.,-1.));
#8755 = DIRECTION('',(-3.343730521224E-14,-1.,0.));
#8756 = ADVANCED_FACE('',(#8757),#8768,.F.);
#8757 = FACE_BOUND('',#8758,.F.);
#8758 = EDGE_LOOP('',(#8759,#8765,#8766,#8767));
#8759 = ORIENTED_EDGE('',*,*,#8760,.T.);
#8760 = EDGE_CURVE('',#6384,#7485,#8761,.T.);
#8761 = LINE('',#8762,#8763);
#8762 = CARTESIAN_POINT('',(51.75,23.61,1.359));
#8763 = VECTOR('',#8764,1.);
#8764 = DIRECTION('',(0.,0.,1.));
#8765 = ORIENTED_EDGE('',*,*,#7484,.T.);
#8766 = ORIENTED_EDGE('',*,*,#8760,.F.);
#8767 = ORIENTED_EDGE('',*,*,#6383,.F.);
#8768 = CYLINDRICAL_SURFACE('',#8769,0.75);
#8769 = AXIS2_PLACEMENT_3D('',#8770,#8771,#8772);
#8770 = CARTESIAN_POINT('',(51.75,24.36,1.359));
#8771 = DIRECTION('',(-0.,-0.,-1.));
#8772 = DIRECTION('',(0.,-1.,0.));
#8773 = ADVANCED_FACE('',(#8774),#8785,.F.);
#8774 = FACE_BOUND('',#8775,.F.);
#8775 = EDGE_LOOP('',(#8776,#8782,#8783,#8784));
#8776 = ORIENTED_EDGE('',*,*,#8777,.T.);
#8777 = EDGE_CURVE('',#6395,#7496,#8778,.T.);
#8778 = LINE('',#8779,#8780);
#8779 = CARTESIAN_POINT('',(55.,12.6,1.359));
#8780 = VECTOR('',#8781,1.);
#8781 = DIRECTION('',(0.,0.,1.));
#8782 = ORIENTED_EDGE('',*,*,#7495,.T.);
#8783 = ORIENTED_EDGE('',*,*,#8777,.F.);
#8784 = ORIENTED_EDGE('',*,*,#6394,.F.);
#8785 = CYLINDRICAL_SURFACE('',#8786,0.4);
#8786 = AXIS2_PLACEMENT_3D('',#8787,#8788,#8789);
#8787 = CARTESIAN_POINT('',(55.,13.,1.359));
#8788 = DIRECTION('',(-0.,-0.,-1.));
#8789 = DIRECTION('',(0.,-1.,0.));
#8790 = ADVANCED_FACE('',(#8791),#8802,.F.);
#8791 = FACE_BOUND('',#8792,.F.);
#8792 = EDGE_LOOP('',(#8793,#8799,#8800,#8801));
#8793 = ORIENTED_EDGE('',*,*,#8794,.T.);
#8794 = EDGE_CURVE('',#6406,#7507,#8795,.T.);
#8795 = LINE('',#8796,#8797);
#8796 = CARTESIAN_POINT('',(70.,3.4,1.359));
#8797 = VECTOR('',#8798,1.);
#8798 = DIRECTION('',(0.,0.,1.));
#8799 = ORIENTED_EDGE('',*,*,#7506,.T.);
#8800 = ORIENTED_EDGE('',*,*,#8794,.F.);
#8801 = ORIENTED_EDGE('',*,*,#6405,.F.);
#8802 = CYLINDRICAL_SURFACE('',#8803,1.6);
#8803 = AXIS2_PLACEMENT_3D('',#8804,#8805,#8806);
#8804 = CARTESIAN_POINT('',(70.,5.,1.359));
#8805 = DIRECTION('',(-0.,-0.,-1.));
#8806 = DIRECTION('',(0.,-1.,0.));
#8807 = ADVANCED_FACE('',(#8808),#8819,.F.);
#8808 = FACE_BOUND('',#8809,.F.);
#8809 = EDGE_LOOP('',(#8810,#8816,#8817,#8818));
#8810 = ORIENTED_EDGE('',*,*,#8811,.T.);
#8811 = EDGE_CURVE('',#6417,#7518,#8812,.T.);
#8812 = LINE('',#8813,#8814);
#8813 = CARTESIAN_POINT('',(55.56,19.82,1.359));
#8814 = VECTOR('',#8815,1.);
#8815 = DIRECTION('',(0.,0.,1.));
#8816 = ORIENTED_EDGE('',*,*,#7517,.T.);
#8817 = ORIENTED_EDGE('',*,*,#8811,.F.);
#8818 = ORIENTED_EDGE('',*,*,#6416,.F.);
#8819 = CYLINDRICAL_SURFACE('',#8820,2.);
#8820 = AXIS2_PLACEMENT_3D('',#8821,#8822,#8823);
#8821 = CARTESIAN_POINT('',(55.56,21.82,1.359));
#8822 = DIRECTION('',(-0.,-0.,-1.));
#8823 = DIRECTION('',(0.,-1.,0.));
#8824 = ADVANCED_FACE('',(#8825),#8836,.F.);
#8825 = FACE_BOUND('',#8826,.F.);
#8826 = EDGE_LOOP('',(#8827,#8833,#8834,#8835));
#8827 = ORIENTED_EDGE('',*,*,#8828,.T.);
#8828 = EDGE_CURVE('',#6428,#7529,#8829,.T.);
#8829 = LINE('',#8830,#8831);
#8830 = CARTESIAN_POINT('',(60.64,20.97,1.359));
#8831 = VECTOR('',#8832,1.);
#8832 = DIRECTION('',(0.,0.,1.));
#8833 = ORIENTED_EDGE('',*,*,#7528,.T.);
#8834 = ORIENTED_EDGE('',*,*,#8828,.F.);
#8835 = ORIENTED_EDGE('',*,*,#6427,.F.);
#8836 = CYLINDRICAL_SURFACE('',#8837,0.85);
#8837 = AXIS2_PLACEMENT_3D('',#8838,#8839,#8840);
#8838 = CARTESIAN_POINT('',(60.64,21.82,1.359));
#8839 = DIRECTION('',(-0.,-0.,-1.));
#8840 = DIRECTION('',(0.,-1.,0.));
#8841 = ADVANCED_FACE('',(#8842),#8853,.F.);
#8842 = FACE_BOUND('',#8843,.F.);
#8843 = EDGE_LOOP('',(#8844,#8850,#8851,#8852));
#8844 = ORIENTED_EDGE('',*,*,#8845,.T.);
#8845 = EDGE_CURVE('',#6439,#7540,#8846,.T.);
#8846 = LINE('',#8847,#8848);
#8847 = CARTESIAN_POINT('',(39.05,26.15,1.359));
#8848 = VECTOR('',#8849,1.);
#8849 = DIRECTION('',(0.,0.,1.));
#8850 = ORIENTED_EDGE('',*,*,#7539,.T.);
#8851 = ORIENTED_EDGE('',*,*,#8845,.F.);
#8852 = ORIENTED_EDGE('',*,*,#6438,.F.);
#8853 = CYLINDRICAL_SURFACE('',#8854,0.75);
#8854 = AXIS2_PLACEMENT_3D('',#8855,#8856,#8857);
#8855 = CARTESIAN_POINT('',(39.05,26.9,1.359));
#8856 = DIRECTION('',(-0.,-0.,-1.));
#8857 = DIRECTION('',(0.,-1.,0.));
#8858 = ADVANCED_FACE('',(#8859),#8870,.F.);
#8859 = FACE_BOUND('',#8860,.F.);
#8860 = EDGE_LOOP('',(#8861,#8867,#8868,#8869));
#8861 = ORIENTED_EDGE('',*,*,#8862,.T.);
#8862 = EDGE_CURVE('',#6450,#7551,#8863,.T.);
#8863 = LINE('',#8864,#8865);
#8864 = CARTESIAN_POINT('',(47.38,31.6,1.359));
#8865 = VECTOR('',#8866,1.);
#8866 = DIRECTION('',(0.,0.,1.));
#8867 = ORIENTED_EDGE('',*,*,#7550,.T.);
#8868 = ORIENTED_EDGE('',*,*,#8862,.F.);
#8869 = ORIENTED_EDGE('',*,*,#6449,.F.);
#8870 = CYLINDRICAL_SURFACE('',#8871,0.4);
#8871 = AXIS2_PLACEMENT_3D('',#8872,#8873,#8874);
#8872 = CARTESIAN_POINT('',(47.38,32.,1.359));
#8873 = DIRECTION('',(-0.,-0.,-1.));
#8874 = DIRECTION('',(0.,-1.,0.));
#8875 = ADVANCED_FACE('',(#8876),#8887,.F.);
#8876 = FACE_BOUND('',#8877,.F.);
#8877 = EDGE_LOOP('',(#8878,#8884,#8885,#8886));
#8878 = ORIENTED_EDGE('',*,*,#8879,.T.);
#8879 = EDGE_CURVE('',#6461,#7562,#8880,.T.);
#8880 = LINE('',#8881,#8882);
#8881 = CARTESIAN_POINT('',(41.59,40.02,1.359));
#8882 = VECTOR('',#8883,1.);
#8883 = DIRECTION('',(0.,0.,1.));
#8884 = ORIENTED_EDGE('',*,*,#7561,.T.);
#8885 = ORIENTED_EDGE('',*,*,#8879,.F.);
#8886 = ORIENTED_EDGE('',*,*,#6460,.F.);
#8887 = CYLINDRICAL_SURFACE('',#8888,0.85);
#8888 = AXIS2_PLACEMENT_3D('',#8889,#8890,#8891);
#8889 = CARTESIAN_POINT('',(41.59,40.87,1.359));
#8890 = DIRECTION('',(-0.,-0.,-1.));
#8891 = DIRECTION('',(0.,-1.,0.));
#8892 = ADVANCED_FACE('',(#8893),#8904,.F.);
#8893 = FACE_BOUND('',#8894,.F.);
#8894 = EDGE_LOOP('',(#8895,#8901,#8902,#8903));
#8895 = ORIENTED_EDGE('',*,*,#8896,.T.);
#8896 = EDGE_CURVE('',#6472,#7573,#8897,.T.);
#8897 = LINE('',#8898,#8899);
#8898 = CARTESIAN_POINT('',(39.05,45.2,1.359));
#8899 = VECTOR('',#8900,1.);
#8900 = DIRECTION('',(0.,0.,1.));
#8901 = ORIENTED_EDGE('',*,*,#7572,.T.);
#8902 = ORIENTED_EDGE('',*,*,#8896,.F.);
#8903 = ORIENTED_EDGE('',*,*,#6471,.F.);
#8904 = CYLINDRICAL_SURFACE('',#8905,0.75);
#8905 = AXIS2_PLACEMENT_3D('',#8906,#8907,#8908);
#8906 = CARTESIAN_POINT('',(39.05,45.95,1.359));
#8907 = DIRECTION('',(-0.,-0.,-1.));
#8908 = DIRECTION('',(0.,-1.,0.));
#8909 = ADVANCED_FACE('',(#8910),#8921,.F.);
#8910 = FACE_BOUND('',#8911,.F.);
#8911 = EDGE_LOOP('',(#8912,#8918,#8919,#8920));
#8912 = ORIENTED_EDGE('',*,*,#8913,.T.);
#8913 = EDGE_CURVE('',#6483,#7584,#8914,.T.);
#8914 = LINE('',#8915,#8916);
#8915 = CARTESIAN_POINT('',(50.48,40.02,1.359));
#8916 = VECTOR('',#8917,1.);
#8917 = DIRECTION('',(0.,0.,1.));
#8918 = ORIENTED_EDGE('',*,*,#7583,.T.);
#8919 = ORIENTED_EDGE('',*,*,#8913,.F.);
#8920 = ORIENTED_EDGE('',*,*,#6482,.F.);
#8921 = CYLINDRICAL_SURFACE('',#8922,0.85);
#8922 = AXIS2_PLACEMENT_3D('',#8923,#8924,#8925);
#8923 = CARTESIAN_POINT('',(50.48,40.87,1.359));
#8924 = DIRECTION('',(-0.,-0.,-1.));
#8925 = DIRECTION('',(-3.343730521224E-14,-1.,0.));
#8926 = ADVANCED_FACE('',(#8927),#8938,.F.);
#8927 = FACE_BOUND('',#8928,.F.);
#8928 = EDGE_LOOP('',(#8929,#8935,#8936,#8937));
#8929 = ORIENTED_EDGE('',*,*,#8930,.T.);
#8930 = EDGE_CURVE('',#6494,#7595,#8931,.T.);
#8931 = LINE('',#8932,#8933);
#8932 = CARTESIAN_POINT('',(51.75,42.66,1.359));
#8933 = VECTOR('',#8934,1.);
#8934 = DIRECTION('',(0.,0.,1.));
#8935 = ORIENTED_EDGE('',*,*,#7594,.T.);
#8936 = ORIENTED_EDGE('',*,*,#8930,.F.);
#8937 = ORIENTED_EDGE('',*,*,#6493,.F.);
#8938 = CYLINDRICAL_SURFACE('',#8939,0.75);
#8939 = AXIS2_PLACEMENT_3D('',#8940,#8941,#8942);
#8940 = CARTESIAN_POINT('',(51.75,43.41,1.359));
#8941 = DIRECTION('',(-0.,-0.,-1.));
#8942 = DIRECTION('',(0.,-1.,0.));
#8943 = ADVANCED_FACE('',(#8944),#8955,.F.);
#8944 = FACE_BOUND('',#8945,.F.);
#8945 = EDGE_LOOP('',(#8946,#8952,#8953,#8954));
#8946 = ORIENTED_EDGE('',*,*,#8947,.T.);
#8947 = EDGE_CURVE('',#6505,#7606,#8948,.T.);
#8948 = LINE('',#8949,#8950);
#8949 = CARTESIAN_POINT('',(58.1,26.15,1.359));
#8950 = VECTOR('',#8951,1.);
#8951 = DIRECTION('',(0.,0.,1.));
#8952 = ORIENTED_EDGE('',*,*,#7605,.T.);
#8953 = ORIENTED_EDGE('',*,*,#8947,.F.);
#8954 = ORIENTED_EDGE('',*,*,#6504,.F.);
#8955 = CYLINDRICAL_SURFACE('',#8956,0.75);
#8956 = AXIS2_PLACEMENT_3D('',#8957,#8958,#8959);
#8957 = CARTESIAN_POINT('',(58.1,26.9,1.359));
#8958 = DIRECTION('',(-0.,-0.,-1.));
#8959 = DIRECTION('',(0.,-1.,0.));
#8960 = ADVANCED_FACE('',(#8961),#8972,.F.);
#8961 = FACE_BOUND('',#8962,.F.);
#8962 = EDGE_LOOP('',(#8963,#8969,#8970,#8971));
#8963 = ORIENTED_EDGE('',*,*,#8964,.T.);
#8964 = EDGE_CURVE('',#6516,#7617,#8965,.T.);
#8965 = LINE('',#8966,#8967);
#8966 = CARTESIAN_POINT('',(55.,31.6,1.359));
#8967 = VECTOR('',#8968,1.);
#8968 = DIRECTION('',(0.,0.,1.));
#8969 = ORIENTED_EDGE('',*,*,#7616,.T.);
#8970 = ORIENTED_EDGE('',*,*,#8964,.F.);
#8971 = ORIENTED_EDGE('',*,*,#6515,.F.);
#8972 = CYLINDRICAL_SURFACE('',#8973,0.4);
#8973 = AXIS2_PLACEMENT_3D('',#8974,#8975,#8976);
#8974 = CARTESIAN_POINT('',(55.,32.,1.359));
#8975 = DIRECTION('',(-0.,-0.,-1.));
#8976 = DIRECTION('',(0.,-1.,0.));
#8977 = ADVANCED_FACE('',(#8978),#8989,.F.);
#8978 = FACE_BOUND('',#8979,.F.);
#8979 = EDGE_LOOP('',(#8980,#8986,#8987,#8988));
#8980 = ORIENTED_EDGE('',*,*,#8981,.T.);
#8981 = EDGE_CURVE('',#6527,#7628,#8982,.T.);
#8982 = LINE('',#8983,#8984);
#8983 = CARTESIAN_POINT('',(55.56,38.87,1.359));
#8984 = VECTOR('',#8985,1.);
#8985 = DIRECTION('',(0.,0.,1.));
#8986 = ORIENTED_EDGE('',*,*,#7627,.T.);
#8987 = ORIENTED_EDGE('',*,*,#8981,.F.);
#8988 = ORIENTED_EDGE('',*,*,#6526,.F.);
#8989 = CYLINDRICAL_SURFACE('',#8990,2.);
#8990 = AXIS2_PLACEMENT_3D('',#8991,#8992,#8993);
#8991 = CARTESIAN_POINT('',(55.56,40.87,1.359));
#8992 = DIRECTION('',(-0.,-0.,-1.));
#8993 = DIRECTION('',(0.,-1.,0.));
#8994 = ADVANCED_FACE('',(#8995),#9006,.F.);
#8995 = FACE_BOUND('',#8996,.F.);
#8996 = EDGE_LOOP('',(#8997,#9003,#9004,#9005));
#8997 = ORIENTED_EDGE('',*,*,#8998,.T.);
#8998 = EDGE_CURVE('',#6538,#7639,#8999,.T.);
#8999 = LINE('',#9000,#9001);
#9000 = CARTESIAN_POINT('',(60.64,40.02,1.359));
#9001 = VECTOR('',#9002,1.);
#9002 = DIRECTION('',(0.,0.,1.));
#9003 = ORIENTED_EDGE('',*,*,#7638,.T.);
#9004 = ORIENTED_EDGE('',*,*,#8998,.F.);
#9005 = ORIENTED_EDGE('',*,*,#6537,.F.);
#9006 = CYLINDRICAL_SURFACE('',#9007,0.85);
#9007 = AXIS2_PLACEMENT_3D('',#9008,#9009,#9010);
#9008 = CARTESIAN_POINT('',(60.64,40.87,1.359));
#9009 = DIRECTION('',(-0.,-0.,-1.));
#9010 = DIRECTION('',(0.,-1.,0.));
#9011 = ADVANCED_FACE('',(#9012),#9023,.F.);
#9012 = FACE_BOUND('',#9013,.F.);
#9013 = EDGE_LOOP('',(#9014,#9020,#9021,#9022));
#9014 = ORIENTED_EDGE('',*,*,#9015,.T.);
#9015 = EDGE_CURVE('',#6549,#7650,#9016,.T.);
#9016 = LINE('',#9017,#9018);
#9017 = CARTESIAN_POINT('',(58.1,45.2,1.359));
#9018 = VECTOR('',#9019,1.);
#9019 = DIRECTION('',(0.,0.,1.));
#9020 = ORIENTED_EDGE('',*,*,#7649,.T.);
#9021 = ORIENTED_EDGE('',*,*,#9015,.F.);
#9022 = ORIENTED_EDGE('',*,*,#6548,.F.);
#9023 = CYLINDRICAL_SURFACE('',#9024,0.75);
#9024 = AXIS2_PLACEMENT_3D('',#9025,#9026,#9027);
#9025 = CARTESIAN_POINT('',(58.1,45.95,1.359));
#9026 = DIRECTION('',(-0.,-0.,-1.));
#9027 = DIRECTION('',(0.,-1.,0.));
#9028 = ADVANCED_FACE('',(#9029),#9040,.F.);
#9029 = FACE_BOUND('',#9030,.F.);
#9030 = EDGE_LOOP('',(#9031,#9037,#9038,#9039));
#9031 = ORIENTED_EDGE('',*,*,#9032,.T.);
#9032 = EDGE_CURVE('',#6560,#7661,#9033,.T.);
#9033 = LINE('',#9034,#9035);
#9034 = CARTESIAN_POINT('',(70.,45.4,1.359));
#9035 = VECTOR('',#9036,1.);
#9036 = DIRECTION('',(0.,0.,1.));
#9037 = ORIENTED_EDGE('',*,*,#7660,.T.);
#9038 = ORIENTED_EDGE('',*,*,#9032,.F.);
#9039 = ORIENTED_EDGE('',*,*,#6559,.F.);
#9040 = CYLINDRICAL_SURFACE('',#9041,1.6);
#9041 = AXIS2_PLACEMENT_3D('',#9042,#9043,#9044);
#9042 = CARTESIAN_POINT('',(70.,47.,1.359));
#9043 = DIRECTION('',(-0.,-0.,-1.));
#9044 = DIRECTION('',(0.,-1.,0.));
#9045 = ADVANCED_FACE('',(#9046),#9057,.F.);
#9046 = FACE_BOUND('',#9047,.F.);
#9047 = EDGE_LOOP('',(#9048,#9054,#9055,#9056));
#9048 = ORIENTED_EDGE('',*,*,#9049,.T.);
#9049 = EDGE_CURVE('',#6571,#7672,#9050,.T.);
#9050 = LINE('',#9051,#9052);
#9051 = CARTESIAN_POINT('',(9.19,50.6,1.359));
#9052 = VECTOR('',#9053,1.);
#9053 = DIRECTION('',(0.,0.,1.));
#9054 = ORIENTED_EDGE('',*,*,#7671,.T.);
#9055 = ORIENTED_EDGE('',*,*,#9049,.F.);
#9056 = ORIENTED_EDGE('',*,*,#6570,.F.);
#9057 = CYLINDRICAL_SURFACE('',#9058,0.4);
#9058 = AXIS2_PLACEMENT_3D('',#9059,#9060,#9061);
#9059 = CARTESIAN_POINT('',(9.19,51.,1.359));
#9060 = DIRECTION('',(-0.,-0.,-1.));
#9061 = DIRECTION('',(0.,-1.,0.));
#9062 = ADVANCED_FACE('',(#9063),#9074,.F.);
#9063 = FACE_BOUND('',#9064,.F.);
#9064 = EDGE_LOOP('',(#9065,#9071,#9072,#9073));
#9065 = ORIENTED_EDGE('',*,*,#9066,.T.);
#9066 = EDGE_CURVE('',#6582,#7683,#9067,.T.);
#9067 = LINE('',#9068,#9069);
#9068 = CARTESIAN_POINT('',(16.81,50.6,1.359));
#9069 = VECTOR('',#9070,1.);
#9070 = DIRECTION('',(0.,0.,1.));
#9071 = ORIENTED_EDGE('',*,*,#7682,.T.);
#9072 = ORIENTED_EDGE('',*,*,#9066,.F.);
#9073 = ORIENTED_EDGE('',*,*,#6581,.F.);
#9074 = CYLINDRICAL_SURFACE('',#9075,0.4);
#9075 = AXIS2_PLACEMENT_3D('',#9076,#9077,#9078);
#9076 = CARTESIAN_POINT('',(16.81,51.,1.359));
#9077 = DIRECTION('',(-0.,-0.,-1.));
#9078 = DIRECTION('',(0.,-1.,0.));
#9079 = ADVANCED_FACE('',(#9080),#9091,.F.);
#9080 = FACE_BOUND('',#9081,.F.);
#9081 = EDGE_LOOP('',(#9082,#9088,#9089,#9090));
#9082 = ORIENTED_EDGE('',*,*,#9083,.T.);
#9083 = EDGE_CURVE('',#6593,#7694,#9084,.T.);
#9084 = LINE('',#9085,#9086);
#9085 = CARTESIAN_POINT('',(12.38,59.07,1.359));
#9086 = VECTOR('',#9087,1.);
#9087 = DIRECTION('',(0.,0.,1.));
#9088 = ORIENTED_EDGE('',*,*,#7693,.T.);
#9089 = ORIENTED_EDGE('',*,*,#9083,.F.);
#9090 = ORIENTED_EDGE('',*,*,#6592,.F.);
#9091 = CYLINDRICAL_SURFACE('',#9092,0.85);
#9092 = AXIS2_PLACEMENT_3D('',#9093,#9094,#9095);
#9093 = CARTESIAN_POINT('',(12.38,59.92,1.359));
#9094 = DIRECTION('',(-0.,-0.,-1.));
#9095 = DIRECTION('',(0.,-1.,0.));
#9096 = ADVANCED_FACE('',(#9097),#9108,.F.);
#9097 = FACE_BOUND('',#9098,.F.);
#9098 = EDGE_LOOP('',(#9099,#9105,#9106,#9107));
#9099 = ORIENTED_EDGE('',*,*,#9100,.T.);
#9100 = EDGE_CURVE('',#6604,#7705,#9101,.T.);
#9101 = LINE('',#9102,#9103);
#9102 = CARTESIAN_POINT('',(13.65,61.71,1.359));
#9103 = VECTOR('',#9104,1.);
#9104 = DIRECTION('',(0.,0.,1.));
#9105 = ORIENTED_EDGE('',*,*,#7704,.T.);
#9106 = ORIENTED_EDGE('',*,*,#9100,.F.);
#9107 = ORIENTED_EDGE('',*,*,#6603,.F.);
#9108 = CYLINDRICAL_SURFACE('',#9109,0.75);
#9109 = AXIS2_PLACEMENT_3D('',#9110,#9111,#9112);
#9110 = CARTESIAN_POINT('',(13.65,62.46,1.359));
#9111 = DIRECTION('',(-0.,-0.,-1.));
#9112 = DIRECTION('',(0.,-1.,0.));
#9113 = ADVANCED_FACE('',(#9114),#9125,.F.);
#9114 = FACE_BOUND('',#9115,.F.);
#9115 = EDGE_LOOP('',(#9116,#9122,#9123,#9124));
#9116 = ORIENTED_EDGE('',*,*,#9117,.T.);
#9117 = EDGE_CURVE('',#6615,#7716,#9118,.T.);
#9118 = LINE('',#9119,#9120);
#9119 = CARTESIAN_POINT('',(17.46,57.92,1.359));
#9120 = VECTOR('',#9121,1.);
#9121 = DIRECTION('',(0.,0.,1.));
#9122 = ORIENTED_EDGE('',*,*,#7715,.T.);
#9123 = ORIENTED_EDGE('',*,*,#9117,.F.);
#9124 = ORIENTED_EDGE('',*,*,#6614,.F.);
#9125 = CYLINDRICAL_SURFACE('',#9126,2.);
#9126 = AXIS2_PLACEMENT_3D('',#9127,#9128,#9129);
#9127 = CARTESIAN_POINT('',(17.46,59.92,1.359));
#9128 = DIRECTION('',(-0.,-0.,-1.));
#9129 = DIRECTION('',(0.,-1.,0.));
#9130 = ADVANCED_FACE('',(#9131),#9142,.F.);
#9131 = FACE_BOUND('',#9132,.F.);
#9132 = EDGE_LOOP('',(#9133,#9139,#9140,#9141));
#9133 = ORIENTED_EDGE('',*,*,#9134,.T.);
#9134 = EDGE_CURVE('',#6626,#7727,#9135,.T.);
#9135 = LINE('',#9136,#9137);
#9136 = CARTESIAN_POINT('',(28.38,50.6,1.359));
#9137 = VECTOR('',#9138,1.);
#9138 = DIRECTION('',(0.,0.,1.));
#9139 = ORIENTED_EDGE('',*,*,#7726,.T.);
#9140 = ORIENTED_EDGE('',*,*,#9134,.F.);
#9141 = ORIENTED_EDGE('',*,*,#6625,.F.);
#9142 = CYLINDRICAL_SURFACE('',#9143,0.4);
#9143 = AXIS2_PLACEMENT_3D('',#9144,#9145,#9146);
#9144 = CARTESIAN_POINT('',(28.38,51.,1.359));
#9145 = DIRECTION('',(-0.,-0.,-1.));
#9146 = DIRECTION('',(0.,-1.,0.));
#9147 = ADVANCED_FACE('',(#9148),#9159,.F.);
#9148 = FACE_BOUND('',#9149,.F.);
#9149 = EDGE_LOOP('',(#9150,#9156,#9157,#9158));
#9150 = ORIENTED_EDGE('',*,*,#9151,.T.);
#9151 = EDGE_CURVE('',#6637,#7738,#9152,.T.);
#9152 = LINE('',#9153,#9154);
#9153 = CARTESIAN_POINT('',(36.,50.6,1.359));
#9154 = VECTOR('',#9155,1.);
#9155 = DIRECTION('',(0.,0.,1.));
#9156 = ORIENTED_EDGE('',*,*,#7737,.T.);
#9157 = ORIENTED_EDGE('',*,*,#9151,.F.);
#9158 = ORIENTED_EDGE('',*,*,#6636,.F.);
#9159 = CYLINDRICAL_SURFACE('',#9160,0.4);
#9160 = AXIS2_PLACEMENT_3D('',#9161,#9162,#9163);
#9161 = CARTESIAN_POINT('',(36.,51.,1.359));
#9162 = DIRECTION('',(-0.,-0.,-1.));
#9163 = DIRECTION('',(0.,-1.,0.));
#9164 = ADVANCED_FACE('',(#9165),#9176,.F.);
#9165 = FACE_BOUND('',#9166,.F.);
#9166 = EDGE_LOOP('',(#9167,#9173,#9174,#9175));
#9167 = ORIENTED_EDGE('',*,*,#9168,.T.);
#9168 = EDGE_CURVE('',#6648,#7749,#9169,.T.);
#9169 = LINE('',#9170,#9171);
#9170 = CARTESIAN_POINT('',(22.54,59.07,1.359));
#9171 = VECTOR('',#9172,1.);
#9172 = DIRECTION('',(0.,0.,1.));
#9173 = ORIENTED_EDGE('',*,*,#7748,.T.);
#9174 = ORIENTED_EDGE('',*,*,#9168,.F.);
#9175 = ORIENTED_EDGE('',*,*,#6647,.F.);
#9176 = CYLINDRICAL_SURFACE('',#9177,0.85);
#9177 = AXIS2_PLACEMENT_3D('',#9178,#9179,#9180);
#9178 = CARTESIAN_POINT('',(22.54,59.92,1.359));
#9179 = DIRECTION('',(0.,0.,-1.));
#9180 = DIRECTION('',(1.671865260612E-14,-1.,0.));
#9181 = ADVANCED_FACE('',(#9182),#9193,.F.);
#9182 = FACE_BOUND('',#9183,.F.);
#9183 = EDGE_LOOP('',(#9184,#9190,#9191,#9192));
#9184 = ORIENTED_EDGE('',*,*,#9185,.T.);
#9185 = EDGE_CURVE('',#6659,#7760,#9186,.T.);
#9186 = LINE('',#9187,#9188);
#9187 = CARTESIAN_POINT('',(20.,64.25,1.359));
#9188 = VECTOR('',#9189,1.);
#9189 = DIRECTION('',(0.,0.,1.));
#9190 = ORIENTED_EDGE('',*,*,#7759,.T.);
#9191 = ORIENTED_EDGE('',*,*,#9185,.F.);
#9192 = ORIENTED_EDGE('',*,*,#6658,.F.);
#9193 = CYLINDRICAL_SURFACE('',#9194,0.75);
#9194 = AXIS2_PLACEMENT_3D('',#9195,#9196,#9197);
#9195 = CARTESIAN_POINT('',(20.,65.,1.359));
#9196 = DIRECTION('',(-0.,-0.,-1.));
#9197 = DIRECTION('',(0.,-1.,0.));
#9198 = ADVANCED_FACE('',(#9199),#9210,.F.);
#9199 = FACE_BOUND('',#9200,.F.);
#9200 = EDGE_LOOP('',(#9201,#9207,#9208,#9209));
#9201 = ORIENTED_EDGE('',*,*,#9202,.T.);
#9202 = EDGE_CURVE('',#6670,#7771,#9203,.T.);
#9203 = LINE('',#9204,#9205);
#9204 = CARTESIAN_POINT('',(31.43,59.07,1.359));
#9205 = VECTOR('',#9206,1.);
#9206 = DIRECTION('',(0.,0.,1.));
#9207 = ORIENTED_EDGE('',*,*,#7770,.T.);
#9208 = ORIENTED_EDGE('',*,*,#9202,.F.);
#9209 = ORIENTED_EDGE('',*,*,#6669,.F.);
#9210 = CYLINDRICAL_SURFACE('',#9211,0.85);
#9211 = AXIS2_PLACEMENT_3D('',#9212,#9213,#9214);
#9212 = CARTESIAN_POINT('',(31.43,59.92,1.359));
#9213 = DIRECTION('',(-0.,-0.,-1.));
#9214 = DIRECTION('',(0.,-1.,0.));
#9215 = ADVANCED_FACE('',(#9216),#9227,.F.);
#9216 = FACE_BOUND('',#9217,.F.);
#9217 = EDGE_LOOP('',(#9218,#9224,#9225,#9226));
#9218 = ORIENTED_EDGE('',*,*,#9219,.T.);
#9219 = EDGE_CURVE('',#6681,#7782,#9220,.T.);
#9220 = LINE('',#9221,#9222);
#9221 = CARTESIAN_POINT('',(36.51,57.92,1.359));
#9222 = VECTOR('',#9223,1.);
#9223 = DIRECTION('',(0.,0.,1.));
#9224 = ORIENTED_EDGE('',*,*,#7781,.T.);
#9225 = ORIENTED_EDGE('',*,*,#9219,.F.);
#9226 = ORIENTED_EDGE('',*,*,#6680,.F.);
#9227 = CYLINDRICAL_SURFACE('',#9228,2.);
#9228 = AXIS2_PLACEMENT_3D('',#9229,#9230,#9231);
#9229 = CARTESIAN_POINT('',(36.51,59.92,1.359));
#9230 = DIRECTION('',(-0.,-0.,-1.));
#9231 = DIRECTION('',(0.,-1.,0.));
#9232 = ADVANCED_FACE('',(#9233),#9244,.F.);
#9233 = FACE_BOUND('',#9234,.F.);
#9234 = EDGE_LOOP('',(#9235,#9241,#9242,#9243));
#9235 = ORIENTED_EDGE('',*,*,#9236,.T.);
#9236 = EDGE_CURVE('',#6692,#7793,#9237,.T.);
#9237 = LINE('',#9238,#9239);
#9238 = CARTESIAN_POINT('',(32.7,61.71,1.359));
#9239 = VECTOR('',#9240,1.);
#9240 = DIRECTION('',(0.,0.,1.));
#9241 = ORIENTED_EDGE('',*,*,#7792,.T.);
#9242 = ORIENTED_EDGE('',*,*,#9236,.F.);
#9243 = ORIENTED_EDGE('',*,*,#6691,.F.);
#9244 = CYLINDRICAL_SURFACE('',#9245,0.75);
#9245 = AXIS2_PLACEMENT_3D('',#9246,#9247,#9248);
#9246 = CARTESIAN_POINT('',(32.7,62.46,1.359));
#9247 = DIRECTION('',(-0.,-0.,-1.));
#9248 = DIRECTION('',(0.,-1.,0.));
#9249 = ADVANCED_FACE('',(#9250),#9261,.F.);
#9250 = FACE_BOUND('',#9251,.F.);
#9251 = EDGE_LOOP('',(#9252,#9258,#9259,#9260));
#9252 = ORIENTED_EDGE('',*,*,#9253,.T.);
#9253 = EDGE_CURVE('',#6703,#7804,#9254,.T.);
#9254 = LINE('',#9255,#9256);
#9255 = CARTESIAN_POINT('',(9.5,76.5,1.359));
#9256 = VECTOR('',#9257,1.);
#9257 = DIRECTION('',(0.,0.,1.));
#9258 = ORIENTED_EDGE('',*,*,#7803,.T.);
#9259 = ORIENTED_EDGE('',*,*,#9253,.F.);
#9260 = ORIENTED_EDGE('',*,*,#6702,.F.);
#9261 = CYLINDRICAL_SURFACE('',#9262,0.5);
#9262 = AXIS2_PLACEMENT_3D('',#9263,#9264,#9265);
#9263 = CARTESIAN_POINT('',(9.5,77.,1.359));
#9264 = DIRECTION('',(-0.,-0.,-1.));
#9265 = DIRECTION('',(0.,-1.,0.));
#9266 = ADVANCED_FACE('',(#9267),#9278,.F.);
#9267 = FACE_BOUND('',#9268,.F.);
#9268 = EDGE_LOOP('',(#9269,#9275,#9276,#9277));
#9269 = ORIENTED_EDGE('',*,*,#9270,.T.);
#9270 = EDGE_CURVE('',#6714,#7815,#9271,.T.);
#9271 = LINE('',#9272,#9273);
#9272 = CARTESIAN_POINT('',(9.5,79.,1.359));
#9273 = VECTOR('',#9274,1.);
#9274 = DIRECTION('',(0.,0.,1.));
#9275 = ORIENTED_EDGE('',*,*,#7814,.T.);
#9276 = ORIENTED_EDGE('',*,*,#9270,.F.);
#9277 = ORIENTED_EDGE('',*,*,#6713,.F.);
#9278 = CYLINDRICAL_SURFACE('',#9279,0.5);
#9279 = AXIS2_PLACEMENT_3D('',#9280,#9281,#9282);
#9280 = CARTESIAN_POINT('',(9.5,79.5,1.359));
#9281 = DIRECTION('',(-0.,-0.,-1.));
#9282 = DIRECTION('',(0.,-1.,0.));
#9283 = ADVANCED_FACE('',(#9284),#9300,.F.);
#9284 = FACE_BOUND('',#9285,.F.);
#9285 = EDGE_LOOP('',(#9286,#9292,#9293,#9299));
#9286 = ORIENTED_EDGE('',*,*,#9287,.T.);
#9287 = EDGE_CURVE('',#6725,#7826,#9288,.T.);
#9288 = LINE('',#9289,#9290);
#9289 = CARTESIAN_POINT('',(17.65,74.65,1.359));
#9290 = VECTOR('',#9291,1.);
#9291 = DIRECTION('',(0.,0.,1.));
#9292 = ORIENTED_EDGE('',*,*,#7825,.T.);
#9293 = ORIENTED_EDGE('',*,*,#9294,.F.);
#9294 = EDGE_CURVE('',#6727,#7828,#9295,.T.);
#9295 = LINE('',#9296,#9297);
#9296 = CARTESIAN_POINT('',(17.65,73.15,1.359));
#9297 = VECTOR('',#9298,1.);
#9298 = DIRECTION('',(0.,0.,1.));
#9299 = ORIENTED_EDGE('',*,*,#6724,.F.);
#9300 = CYLINDRICAL_SURFACE('',#9301,0.75);
#9301 = AXIS2_PLACEMENT_3D('',#9302,#9303,#9304);
#9302 = CARTESIAN_POINT('',(17.65,73.9,1.359));
#9303 = DIRECTION('',(-0.,-0.,-1.));
#9304 = DIRECTION('',(0.,-1.,0.));
#9305 = ADVANCED_FACE('',(#9306),#9317,.T.);
#9306 = FACE_BOUND('',#9307,.T.);
#9307 = EDGE_LOOP('',(#9308,#9309,#9310,#9311));
#9308 = ORIENTED_EDGE('',*,*,#6752,.T.);
#9309 = ORIENTED_EDGE('',*,*,#9287,.T.);
#9310 = ORIENTED_EDGE('',*,*,#7853,.F.);
#9311 = ORIENTED_EDGE('',*,*,#9312,.F.);
#9312 = EDGE_CURVE('',#6744,#7845,#9313,.T.);
#9313 = LINE('',#9314,#9315);
#9314 = CARTESIAN_POINT('',(16.35,74.65,1.359));
#9315 = VECTOR('',#9316,1.);
#9316 = DIRECTION('',(0.,0.,1.));
#9317 = PLANE('',#9318);
#9318 = AXIS2_PLACEMENT_3D('',#9319,#9320,#9321);
#9319 = CARTESIAN_POINT('',(17.65,74.65,1.359));
#9320 = DIRECTION('',(0.,-1.,0.));
#9321 = DIRECTION('',(-1.,0.,0.));
#9322 = ADVANCED_FACE('',(#9323),#9334,.F.);
#9323 = FACE_BOUND('',#9324,.F.);
#9324 = EDGE_LOOP('',(#9325,#9331,#9332,#9333));
#9325 = ORIENTED_EDGE('',*,*,#9326,.T.);
#9326 = EDGE_CURVE('',#6736,#7837,#9327,.T.);
#9327 = LINE('',#9328,#9329);
#9328 = CARTESIAN_POINT('',(16.35,73.15,1.359));
#9329 = VECTOR('',#9330,1.);
#9330 = DIRECTION('',(0.,0.,1.));
#9331 = ORIENTED_EDGE('',*,*,#7844,.T.);
#9332 = ORIENTED_EDGE('',*,*,#9312,.F.);
#9333 = ORIENTED_EDGE('',*,*,#6743,.F.);
#9334 = CYLINDRICAL_SURFACE('',#9335,0.75);
#9335 = AXIS2_PLACEMENT_3D('',#9336,#9337,#9338);
#9336 = CARTESIAN_POINT('',(16.35,73.9,1.359));
#9337 = DIRECTION('',(0.,0.,-1.));
#9338 = DIRECTION('',(0.,1.,0.));
#9339 = ADVANCED_FACE('',(#9340),#9346,.T.);
#9340 = FACE_BOUND('',#9341,.T.);
#9341 = EDGE_LOOP('',(#9342,#9343,#9344,#9345));
#9342 = ORIENTED_EDGE('',*,*,#6735,.T.);
#9343 = ORIENTED_EDGE('',*,*,#9326,.T.);
#9344 = ORIENTED_EDGE('',*,*,#7836,.F.);
#9345 = ORIENTED_EDGE('',*,*,#9294,.F.);
#9346 = PLANE('',#9347);
#9347 = AXIS2_PLACEMENT_3D('',#9348,#9349,#9350);
#9348 = CARTESIAN_POINT('',(16.35,73.15,1.359));
#9349 = DIRECTION('',(0.,1.,0.));
#9350 = DIRECTION('',(1.,0.,0.));
#9351 = ADVANCED_FACE('',(#9352),#9363,.F.);
#9352 = FACE_BOUND('',#9353,.F.);
#9353 = EDGE_LOOP('',(#9354,#9360,#9361,#9362));
#9354 = ORIENTED_EDGE('',*,*,#9355,.T.);
#9355 = EDGE_CURVE('',#6761,#7862,#9356,.T.);
#9356 = LINE('',#9357,#9358);
#9357 = CARTESIAN_POINT('',(9.5,81.5,1.359));
#9358 = VECTOR('',#9359,1.);
#9359 = DIRECTION('',(0.,0.,1.));
#9360 = ORIENTED_EDGE('',*,*,#7861,.T.);
#9361 = ORIENTED_EDGE('',*,*,#9355,.F.);
#9362 = ORIENTED_EDGE('',*,*,#6760,.F.);
#9363 = CYLINDRICAL_SURFACE('',#9364,0.5);
#9364 = AXIS2_PLACEMENT_3D('',#9365,#9366,#9367);
#9365 = CARTESIAN_POINT('',(9.5,82.,1.359));
#9366 = DIRECTION('',(-0.,-0.,-1.));
#9367 = DIRECTION('',(0.,-1.,0.));
#9368 = ADVANCED_FACE('',(#9369),#9380,.F.);
#9369 = FACE_BOUND('',#9370,.F.);
#9370 = EDGE_LOOP('',(#9371,#9377,#9378,#9379));
#9371 = ORIENTED_EDGE('',*,*,#9372,.T.);
#9372 = EDGE_CURVE('',#6772,#7873,#9373,.T.);
#9373 = LINE('',#9374,#9375);
#9374 = CARTESIAN_POINT('',(4.,88.4,1.359));
#9375 = VECTOR('',#9376,1.);
#9376 = DIRECTION('',(0.,0.,1.));
#9377 = ORIENTED_EDGE('',*,*,#7872,.T.);
#9378 = ORIENTED_EDGE('',*,*,#9372,.F.);
#9379 = ORIENTED_EDGE('',*,*,#6771,.F.);
#9380 = CYLINDRICAL_SURFACE('',#9381,1.6);
#9381 = AXIS2_PLACEMENT_3D('',#9382,#9383,#9384);
#9382 = CARTESIAN_POINT('',(4.,90.,1.359));
#9383 = DIRECTION('',(-0.,-0.,-1.));
#9384 = DIRECTION('',(0.,-1.,0.));
#9385 = ADVANCED_FACE('',(#9386),#9402,.F.);
#9386 = FACE_BOUND('',#9387,.F.);
#9387 = EDGE_LOOP('',(#9388,#9394,#9395,#9401));
#9388 = ORIENTED_EDGE('',*,*,#9389,.T.);
#9389 = EDGE_CURVE('',#6783,#7884,#9390,.T.);
#9390 = LINE('',#9391,#9392);
#9391 = CARTESIAN_POINT('',(17.65,85.85,1.359));
#9392 = VECTOR('',#9393,1.);
#9393 = DIRECTION('',(0.,0.,1.));
#9394 = ORIENTED_EDGE('',*,*,#7883,.T.);
#9395 = ORIENTED_EDGE('',*,*,#9396,.F.);
#9396 = EDGE_CURVE('',#6785,#7886,#9397,.T.);
#9397 = LINE('',#9398,#9399);
#9398 = CARTESIAN_POINT('',(17.65,84.35,1.359));
#9399 = VECTOR('',#9400,1.);
#9400 = DIRECTION('',(0.,0.,1.));
#9401 = ORIENTED_EDGE('',*,*,#6782,.F.);
#9402 = CYLINDRICAL_SURFACE('',#9403,0.75);
#9403 = AXIS2_PLACEMENT_3D('',#9404,#9405,#9406);
#9404 = CARTESIAN_POINT('',(17.65,85.1,1.359));
#9405 = DIRECTION('',(-0.,-0.,-1.));
#9406 = DIRECTION('',(0.,-1.,0.));
#9407 = ADVANCED_FACE('',(#9408),#9419,.T.);
#9408 = FACE_BOUND('',#9409,.T.);
#9409 = EDGE_LOOP('',(#9410,#9411,#9412,#9413));
#9410 = ORIENTED_EDGE('',*,*,#6810,.T.);
#9411 = ORIENTED_EDGE('',*,*,#9389,.T.);
#9412 = ORIENTED_EDGE('',*,*,#7911,.F.);
#9413 = ORIENTED_EDGE('',*,*,#9414,.F.);
#9414 = EDGE_CURVE('',#6802,#7903,#9415,.T.);
#9415 = LINE('',#9416,#9417);
#9416 = CARTESIAN_POINT('',(16.35,85.85,1.359));
#9417 = VECTOR('',#9418,1.);
#9418 = DIRECTION('',(0.,0.,1.));
#9419 = PLANE('',#9420);
#9420 = AXIS2_PLACEMENT_3D('',#9421,#9422,#9423);
#9421 = CARTESIAN_POINT('',(17.65,85.85,1.359));
#9422 = DIRECTION('',(0.,-1.,0.));
#9423 = DIRECTION('',(-1.,0.,0.));
#9424 = ADVANCED_FACE('',(#9425),#9436,.F.);
#9425 = FACE_BOUND('',#9426,.F.);
#9426 = EDGE_LOOP('',(#9427,#9433,#9434,#9435));
#9427 = ORIENTED_EDGE('',*,*,#9428,.T.);
#9428 = EDGE_CURVE('',#6794,#7895,#9429,.T.);
#9429 = LINE('',#9430,#9431);
#9430 = CARTESIAN_POINT('',(16.35,84.35,1.359));
#9431 = VECTOR('',#9432,1.);
#9432 = DIRECTION('',(0.,0.,1.));
#9433 = ORIENTED_EDGE('',*,*,#7902,.T.);
#9434 = ORIENTED_EDGE('',*,*,#9414,.F.);
#9435 = ORIENTED_EDGE('',*,*,#6801,.F.);
#9436 = CYLINDRICAL_SURFACE('',#9437,0.75);
#9437 = AXIS2_PLACEMENT_3D('',#9438,#9439,#9440);
#9438 = CARTESIAN_POINT('',(16.35,85.1,1.359));
#9439 = DIRECTION('',(0.,0.,-1.));
#9440 = DIRECTION('',(0.,1.,0.));
#9441 = ADVANCED_FACE('',(#9442),#9448,.T.);
#9442 = FACE_BOUND('',#9443,.T.);
#9443 = EDGE_LOOP('',(#9444,#9445,#9446,#9447));
#9444 = ORIENTED_EDGE('',*,*,#6793,.T.);
#9445 = ORIENTED_EDGE('',*,*,#9428,.T.);
#9446 = ORIENTED_EDGE('',*,*,#7894,.F.);
#9447 = ORIENTED_EDGE('',*,*,#9396,.F.);
#9448 = PLANE('',#9449);
#9449 = AXIS2_PLACEMENT_3D('',#9450,#9451,#9452);
#9450 = CARTESIAN_POINT('',(16.35,84.35,1.359));
#9451 = DIRECTION('',(0.,1.,0.));
#9452 = DIRECTION('',(1.,0.,0.));
#9453 = ADVANCED_FACE('',(#9454),#9465,.F.);
#9454 = FACE_BOUND('',#9455,.F.);
#9455 = EDGE_LOOP('',(#9456,#9462,#9463,#9464));
#9456 = ORIENTED_EDGE('',*,*,#9457,.T.);
#9457 = EDGE_CURVE('',#6819,#7920,#9458,.T.);
#9458 = LINE('',#9459,#9460);
#9459 = CARTESIAN_POINT('',(24.,76.5,1.359));
#9460 = VECTOR('',#9461,1.);
#9461 = DIRECTION('',(0.,0.,1.));
#9462 = ORIENTED_EDGE('',*,*,#7919,.T.);
#9463 = ORIENTED_EDGE('',*,*,#9457,.F.);
#9464 = ORIENTED_EDGE('',*,*,#6818,.F.);
#9465 = CYLINDRICAL_SURFACE('',#9466,0.5);
#9466 = AXIS2_PLACEMENT_3D('',#9467,#9468,#9469);
#9467 = CARTESIAN_POINT('',(24.,77.,1.359));
#9468 = DIRECTION('',(-0.,-0.,-1.));
#9469 = DIRECTION('',(0.,-1.,0.));
#9470 = ADVANCED_FACE('',(#9471),#9482,.F.);
#9471 = FACE_BOUND('',#9472,.F.);
#9472 = EDGE_LOOP('',(#9473,#9479,#9480,#9481));
#9473 = ORIENTED_EDGE('',*,*,#9474,.T.);
#9474 = EDGE_CURVE('',#6830,#7931,#9475,.T.);
#9475 = LINE('',#9476,#9477);
#9476 = CARTESIAN_POINT('',(28.32,76.71,1.359));
#9477 = VECTOR('',#9478,1.);
#9478 = DIRECTION('',(0.,0.,1.));
#9479 = ORIENTED_EDGE('',*,*,#7930,.T.);
#9480 = ORIENTED_EDGE('',*,*,#9474,.F.);
#9481 = ORIENTED_EDGE('',*,*,#6829,.F.);
#9482 = CYLINDRICAL_SURFACE('',#9483,0.5);
#9483 = AXIS2_PLACEMENT_3D('',#9484,#9485,#9486);
#9484 = CARTESIAN_POINT('',(28.32,77.21,1.359));
#9485 = DIRECTION('',(-0.,-0.,-1.));
#9486 = DIRECTION('',(0.,-1.,0.));
#9487 = ADVANCED_FACE('',(#9488),#9499,.F.);
#9488 = FACE_BOUND('',#9489,.F.);
#9489 = EDGE_LOOP('',(#9490,#9496,#9497,#9498));
#9490 = ORIENTED_EDGE('',*,*,#9491,.T.);
#9491 = EDGE_CURVE('',#6841,#7942,#9492,.T.);
#9492 = LINE('',#9493,#9494);
#9493 = CARTESIAN_POINT('',(28.32,79.25,1.359));
#9494 = VECTOR('',#9495,1.);
#9495 = DIRECTION('',(0.,0.,1.));
#9496 = ORIENTED_EDGE('',*,*,#7941,.T.);
#9497 = ORIENTED_EDGE('',*,*,#9491,.F.);
#9498 = ORIENTED_EDGE('',*,*,#6840,.F.);
#9499 = CYLINDRICAL_SURFACE('',#9500,0.5);
#9500 = AXIS2_PLACEMENT_3D('',#9501,#9502,#9503);
#9501 = CARTESIAN_POINT('',(28.32,79.75,1.359));
#9502 = DIRECTION('',(-0.,-0.,-1.));
#9503 = DIRECTION('',(0.,-1.,0.));
#9504 = ADVANCED_FACE('',(#9505),#9516,.F.);
#9505 = FACE_BOUND('',#9506,.F.);
#9506 = EDGE_LOOP('',(#9507,#9513,#9514,#9515));
#9507 = ORIENTED_EDGE('',*,*,#9508,.T.);
#9508 = EDGE_CURVE('',#6852,#7953,#9509,.T.);
#9509 = LINE('',#9510,#9511);
#9510 = CARTESIAN_POINT('',(24.,81.5,1.359));
#9511 = VECTOR('',#9512,1.);
#9512 = DIRECTION('',(0.,0.,1.));
#9513 = ORIENTED_EDGE('',*,*,#7952,.T.);
#9514 = ORIENTED_EDGE('',*,*,#9508,.F.);
#9515 = ORIENTED_EDGE('',*,*,#6851,.F.);
#9516 = CYLINDRICAL_SURFACE('',#9517,0.5);
#9517 = AXIS2_PLACEMENT_3D('',#9518,#9519,#9520);
#9518 = CARTESIAN_POINT('',(24.,82.,1.359));
#9519 = DIRECTION('',(-0.,-0.,-1.));
#9520 = DIRECTION('',(0.,-1.,0.));
#9521 = ADVANCED_FACE('',(#9522),#9533,.F.);
#9522 = FACE_BOUND('',#9523,.F.);
#9523 = EDGE_LOOP('',(#9524,#9530,#9531,#9532));
#9524 = ORIENTED_EDGE('',*,*,#9525,.T.);
#9525 = EDGE_CURVE('',#6863,#7964,#9526,.T.);
#9526 = LINE('',#9527,#9528);
#9527 = CARTESIAN_POINT('',(28.32,81.79,1.359));
#9528 = VECTOR('',#9529,1.);
#9529 = DIRECTION('',(0.,0.,1.));
#9530 = ORIENTED_EDGE('',*,*,#7963,.T.);
#9531 = ORIENTED_EDGE('',*,*,#9525,.F.);
#9532 = ORIENTED_EDGE('',*,*,#6862,.F.);
#9533 = CYLINDRICAL_SURFACE('',#9534,0.5);
#9534 = AXIS2_PLACEMENT_3D('',#9535,#9536,#9537);
#9535 = CARTESIAN_POINT('',(28.32,82.29,1.359));
#9536 = DIRECTION('',(-0.,-0.,-1.));
#9537 = DIRECTION('',(0.,-1.,0.));
#9538 = ADVANCED_FACE('',(#9539),#9550,.F.);
#9539 = FACE_BOUND('',#9540,.F.);
#9540 = EDGE_LOOP('',(#9541,#9547,#9548,#9549));
#9541 = ORIENTED_EDGE('',*,*,#9542,.T.);
#9542 = EDGE_CURVE('',#6874,#7975,#9543,.T.);
#9543 = LINE('',#9544,#9545);
#9544 = CARTESIAN_POINT('',(28.32,84.33,1.359));
#9545 = VECTOR('',#9546,1.);
#9546 = DIRECTION('',(0.,0.,1.));
#9547 = ORIENTED_EDGE('',*,*,#7974,.T.);
#9548 = ORIENTED_EDGE('',*,*,#9542,.F.);
#9549 = ORIENTED_EDGE('',*,*,#6873,.F.);
#9550 = CYLINDRICAL_SURFACE('',#9551,0.5);
#9551 = AXIS2_PLACEMENT_3D('',#9552,#9553,#9554);
#9552 = CARTESIAN_POINT('',(28.32,84.83,1.359));
#9553 = DIRECTION('',(-0.,-0.,-1.));
#9554 = DIRECTION('',(0.,-1.,0.));
#9555 = ADVANCED_FACE('',(#9556),#9567,.F.);
#9556 = FACE_BOUND('',#9557,.F.);
#9557 = EDGE_LOOP('',(#9558,#9564,#9565,#9566));
#9558 = ORIENTED_EDGE('',*,*,#9559,.T.);
#9559 = EDGE_CURVE('',#6885,#7986,#9560,.T.);
#9560 = LINE('',#9561,#9562);
#9561 = CARTESIAN_POINT('',(47.38,50.6,1.359));
#9562 = VECTOR('',#9563,1.);
#9563 = DIRECTION('',(0.,0.,1.));
#9564 = ORIENTED_EDGE('',*,*,#7985,.T.);
#9565 = ORIENTED_EDGE('',*,*,#9559,.F.);
#9566 = ORIENTED_EDGE('',*,*,#6884,.F.);
#9567 = CYLINDRICAL_SURFACE('',#9568,0.4);
#9568 = AXIS2_PLACEMENT_3D('',#9569,#9570,#9571);
#9569 = CARTESIAN_POINT('',(47.38,51.,1.359));
#9570 = DIRECTION('',(-0.,-0.,-1.));
#9571 = DIRECTION('',(0.,-1.,0.));
#9572 = ADVANCED_FACE('',(#9573),#9584,.F.);
#9573 = FACE_BOUND('',#9574,.F.);
#9574 = EDGE_LOOP('',(#9575,#9581,#9582,#9583));
#9575 = ORIENTED_EDGE('',*,*,#9576,.T.);
#9576 = EDGE_CURVE('',#6896,#7997,#9577,.T.);
#9577 = LINE('',#9578,#9579);
#9578 = CARTESIAN_POINT('',(41.59,59.07,1.359));
#9579 = VECTOR('',#9580,1.);
#9580 = DIRECTION('',(0.,0.,1.));
#9581 = ORIENTED_EDGE('',*,*,#7996,.T.);
#9582 = ORIENTED_EDGE('',*,*,#9576,.F.);
#9583 = ORIENTED_EDGE('',*,*,#6895,.F.);
#9584 = CYLINDRICAL_SURFACE('',#9585,0.85);
#9585 = AXIS2_PLACEMENT_3D('',#9586,#9587,#9588);
#9586 = CARTESIAN_POINT('',(41.59,59.92,1.359));
#9587 = DIRECTION('',(-0.,-0.,-1.));
#9588 = DIRECTION('',(0.,-1.,0.));
#9589 = ADVANCED_FACE('',(#9590),#9601,.F.);
#9590 = FACE_BOUND('',#9591,.F.);
#9591 = EDGE_LOOP('',(#9592,#9598,#9599,#9600));
#9592 = ORIENTED_EDGE('',*,*,#9593,.T.);
#9593 = EDGE_CURVE('',#6907,#8008,#9594,.T.);
#9594 = LINE('',#9595,#9596);
#9595 = CARTESIAN_POINT('',(39.05,64.25,1.359));
#9596 = VECTOR('',#9597,1.);
#9597 = DIRECTION('',(0.,0.,1.));
#9598 = ORIENTED_EDGE('',*,*,#8007,.T.);
#9599 = ORIENTED_EDGE('',*,*,#9593,.F.);
#9600 = ORIENTED_EDGE('',*,*,#6906,.F.);
#9601 = CYLINDRICAL_SURFACE('',#9602,0.75);
#9602 = AXIS2_PLACEMENT_3D('',#9603,#9604,#9605);
#9603 = CARTESIAN_POINT('',(39.05,65.,1.359));
#9604 = DIRECTION('',(-0.,-0.,-1.));
#9605 = DIRECTION('',(0.,-1.,0.));
#9606 = ADVANCED_FACE('',(#9607),#9618,.F.);
#9607 = FACE_BOUND('',#9608,.F.);
#9608 = EDGE_LOOP('',(#9609,#9615,#9616,#9617));
#9609 = ORIENTED_EDGE('',*,*,#9610,.T.);
#9610 = EDGE_CURVE('',#6918,#8019,#9611,.T.);
#9611 = LINE('',#9612,#9613);
#9612 = CARTESIAN_POINT('',(50.48,59.07,1.359));
#9613 = VECTOR('',#9614,1.);
#9614 = DIRECTION('',(0.,0.,1.));
#9615 = ORIENTED_EDGE('',*,*,#8018,.T.);
#9616 = ORIENTED_EDGE('',*,*,#9610,.F.);
#9617 = ORIENTED_EDGE('',*,*,#6917,.F.);
#9618 = CYLINDRICAL_SURFACE('',#9619,0.85);
#9619 = AXIS2_PLACEMENT_3D('',#9620,#9621,#9622);
#9620 = CARTESIAN_POINT('',(50.48,59.92,1.359));
#9621 = DIRECTION('',(-0.,-0.,-1.));
#9622 = DIRECTION('',(-3.343730521224E-14,-1.,0.));
#9623 = ADVANCED_FACE('',(#9624),#9635,.F.);
#9624 = FACE_BOUND('',#9625,.F.);
#9625 = EDGE_LOOP('',(#9626,#9632,#9633,#9634));
#9626 = ORIENTED_EDGE('',*,*,#9627,.T.);
#9627 = EDGE_CURVE('',#6929,#8030,#9628,.T.);
#9628 = LINE('',#9629,#9630);
#9629 = CARTESIAN_POINT('',(51.75,61.71,1.359));
#9630 = VECTOR('',#9631,1.);
#9631 = DIRECTION('',(0.,0.,1.));
#9632 = ORIENTED_EDGE('',*,*,#8029,.T.);
#9633 = ORIENTED_EDGE('',*,*,#9627,.F.);
#9634 = ORIENTED_EDGE('',*,*,#6928,.F.);
#9635 = CYLINDRICAL_SURFACE('',#9636,0.75);
#9636 = AXIS2_PLACEMENT_3D('',#9637,#9638,#9639);
#9637 = CARTESIAN_POINT('',(51.75,62.46,1.359));
#9638 = DIRECTION('',(-0.,-0.,-1.));
#9639 = DIRECTION('',(0.,-1.,0.));
#9640 = ADVANCED_FACE('',(#9641),#9652,.F.);
#9641 = FACE_BOUND('',#9642,.F.);
#9642 = EDGE_LOOP('',(#9643,#9649,#9650,#9651));
#9643 = ORIENTED_EDGE('',*,*,#9644,.T.);
#9644 = EDGE_CURVE('',#6940,#8041,#9645,.T.);
#9645 = LINE('',#9646,#9647);
#9646 = CARTESIAN_POINT('',(55.,50.6,1.359));
#9647 = VECTOR('',#9648,1.);
#9648 = DIRECTION('',(0.,0.,1.));
#9649 = ORIENTED_EDGE('',*,*,#8040,.T.);
#9650 = ORIENTED_EDGE('',*,*,#9644,.F.);
#9651 = ORIENTED_EDGE('',*,*,#6939,.F.);
#9652 = CYLINDRICAL_SURFACE('',#9653,0.4);
#9653 = AXIS2_PLACEMENT_3D('',#9654,#9655,#9656);
#9654 = CARTESIAN_POINT('',(55.,51.,1.359));
#9655 = DIRECTION('',(-0.,-0.,-1.));
#9656 = DIRECTION('',(0.,-1.,0.));
#9657 = ADVANCED_FACE('',(#9658),#9669,.F.);
#9658 = FACE_BOUND('',#9659,.F.);
#9659 = EDGE_LOOP('',(#9660,#9666,#9667,#9668));
#9660 = ORIENTED_EDGE('',*,*,#9661,.T.);
#9661 = EDGE_CURVE('',#6951,#8052,#9662,.T.);
#9662 = LINE('',#9663,#9664);
#9663 = CARTESIAN_POINT('',(55.56,57.92,1.359));
#9664 = VECTOR('',#9665,1.);
#9665 = DIRECTION('',(0.,0.,1.));
#9666 = ORIENTED_EDGE('',*,*,#8051,.T.);
#9667 = ORIENTED_EDGE('',*,*,#9661,.F.);
#9668 = ORIENTED_EDGE('',*,*,#6950,.F.);
#9669 = CYLINDRICAL_SURFACE('',#9670,2.);
#9670 = AXIS2_PLACEMENT_3D('',#9671,#9672,#9673);
#9671 = CARTESIAN_POINT('',(55.56,59.92,1.359));
#9672 = DIRECTION('',(-0.,-0.,-1.));
#9673 = DIRECTION('',(0.,-1.,0.));
#9674 = ADVANCED_FACE('',(#9675),#9686,.F.);
#9675 = FACE_BOUND('',#9676,.F.);
#9676 = EDGE_LOOP('',(#9677,#9683,#9684,#9685));
#9677 = ORIENTED_EDGE('',*,*,#9678,.T.);
#9678 = EDGE_CURVE('',#6962,#8063,#9679,.T.);
#9679 = LINE('',#9680,#9681);
#9680 = CARTESIAN_POINT('',(60.64,59.07,1.359));
#9681 = VECTOR('',#9682,1.);
#9682 = DIRECTION('',(0.,0.,1.));
#9683 = ORIENTED_EDGE('',*,*,#8062,.T.);
#9684 = ORIENTED_EDGE('',*,*,#9678,.F.);
#9685 = ORIENTED_EDGE('',*,*,#6961,.F.);
#9686 = CYLINDRICAL_SURFACE('',#9687,0.85);
#9687 = AXIS2_PLACEMENT_3D('',#9688,#9689,#9690);
#9688 = CARTESIAN_POINT('',(60.64,59.92,1.359));
#9689 = DIRECTION('',(-0.,-0.,-1.));
#9690 = DIRECTION('',(0.,-1.,0.));
#9691 = ADVANCED_FACE('',(#9692),#9703,.F.);
#9692 = FACE_BOUND('',#9693,.F.);
#9693 = EDGE_LOOP('',(#9694,#9700,#9701,#9702));
#9694 = ORIENTED_EDGE('',*,*,#9695,.T.);
#9695 = EDGE_CURVE('',#6973,#8074,#9696,.T.);
#9696 = LINE('',#9697,#9698);
#9697 = CARTESIAN_POINT('',(58.1,64.25,1.359));
#9698 = VECTOR('',#9699,1.);
#9699 = DIRECTION('',(0.,0.,1.));
#9700 = ORIENTED_EDGE('',*,*,#8073,.T.);
#9701 = ORIENTED_EDGE('',*,*,#9695,.F.);
#9702 = ORIENTED_EDGE('',*,*,#6972,.F.);
#9703 = CYLINDRICAL_SURFACE('',#9704,0.75);
#9704 = AXIS2_PLACEMENT_3D('',#9705,#9706,#9707);
#9705 = CARTESIAN_POINT('',(58.1,65.,1.359));
#9706 = DIRECTION('',(-0.,-0.,-1.));
#9707 = DIRECTION('',(0.,-1.,0.));
#9708 = ADVANCED_FACE('',(#9709),#9720,.F.);
#9709 = FACE_BOUND('',#9710,.F.);
#9710 = EDGE_LOOP('',(#9711,#9717,#9718,#9719));
#9711 = ORIENTED_EDGE('',*,*,#9712,.T.);
#9712 = EDGE_CURVE('',#6984,#8085,#9713,.T.);
#9713 = LINE('',#9714,#9715);
#9714 = CARTESIAN_POINT('',(44.75,75.26,1.359));
#9715 = VECTOR('',#9716,1.);
#9716 = DIRECTION('',(0.,0.,1.));
#9717 = ORIENTED_EDGE('',*,*,#8084,.T.);
#9718 = ORIENTED_EDGE('',*,*,#9712,.F.);
#9719 = ORIENTED_EDGE('',*,*,#6983,.F.);
#9720 = CYLINDRICAL_SURFACE('',#9721,0.5);
#9721 = AXIS2_PLACEMENT_3D('',#9722,#9723,#9724);
#9722 = CARTESIAN_POINT('',(44.75,75.76,1.359));
#9723 = DIRECTION('',(-0.,-0.,-1.));
#9724 = DIRECTION('',(0.,-1.,0.));
#9725 = ADVANCED_FACE('',(#9726),#9737,.F.);
#9726 = FACE_BOUND('',#9727,.F.);
#9727 = EDGE_LOOP('',(#9728,#9734,#9735,#9736));
#9728 = ORIENTED_EDGE('',*,*,#9729,.T.);
#9729 = EDGE_CURVE('',#6995,#8096,#9730,.T.);
#9730 = LINE('',#9731,#9732);
#9731 = CARTESIAN_POINT('',(44.75,77.8,1.359));
#9732 = VECTOR('',#9733,1.);
#9733 = DIRECTION('',(0.,0.,1.));
#9734 = ORIENTED_EDGE('',*,*,#8095,.T.);
#9735 = ORIENTED_EDGE('',*,*,#9729,.F.);
#9736 = ORIENTED_EDGE('',*,*,#6994,.F.);
#9737 = CYLINDRICAL_SURFACE('',#9738,0.5);
#9738 = AXIS2_PLACEMENT_3D('',#9739,#9740,#9741);
#9739 = CARTESIAN_POINT('',(44.75,78.3,1.359));
#9740 = DIRECTION('',(-0.,-0.,-1.));
#9741 = DIRECTION('',(0.,-1.,0.));
#9742 = ADVANCED_FACE('',(#9743),#9754,.F.);
#9743 = FACE_BOUND('',#9744,.F.);
#9744 = EDGE_LOOP('',(#9745,#9751,#9752,#9753));
#9745 = ORIENTED_EDGE('',*,*,#9746,.T.);
#9746 = EDGE_CURVE('',#7006,#8107,#9747,.T.);
#9747 = LINE('',#9748,#9749);
#9748 = CARTESIAN_POINT('',(44.75,80.34,1.359));
#9749 = VECTOR('',#9750,1.);
#9750 = DIRECTION('',(0.,0.,1.));
#9751 = ORIENTED_EDGE('',*,*,#8106,.T.);
#9752 = ORIENTED_EDGE('',*,*,#9746,.F.);
#9753 = ORIENTED_EDGE('',*,*,#7005,.F.);
#9754 = CYLINDRICAL_SURFACE('',#9755,0.5);
#9755 = AXIS2_PLACEMENT_3D('',#9756,#9757,#9758);
#9756 = CARTESIAN_POINT('',(44.75,80.84,1.359));
#9757 = DIRECTION('',(-0.,-0.,-1.));
#9758 = DIRECTION('',(0.,-1.,0.));
#9759 = ADVANCED_FACE('',(#9760),#9771,.F.);
#9760 = FACE_BOUND('',#9761,.F.);
#9761 = EDGE_LOOP('',(#9762,#9768,#9769,#9770));
#9762 = ORIENTED_EDGE('',*,*,#9763,.T.);
#9763 = EDGE_CURVE('',#7017,#8118,#9764,.T.);
#9764 = LINE('',#9765,#9766);
#9765 = CARTESIAN_POINT('',(44.75,82.88,1.359));
#9766 = VECTOR('',#9767,1.);
#9767 = DIRECTION('',(0.,0.,1.));
#9768 = ORIENTED_EDGE('',*,*,#8117,.T.);
#9769 = ORIENTED_EDGE('',*,*,#9763,.F.);
#9770 = ORIENTED_EDGE('',*,*,#7016,.F.);
#9771 = CYLINDRICAL_SURFACE('',#9772,0.5);
#9772 = AXIS2_PLACEMENT_3D('',#9773,#9774,#9775);
#9773 = CARTESIAN_POINT('',(44.75,83.38,1.359));
#9774 = DIRECTION('',(-0.,-0.,-1.));
#9775 = DIRECTION('',(0.,-1.,0.));
#9776 = ADVANCED_FACE('',(#9777),#9788,.F.);
#9777 = FACE_BOUND('',#9778,.F.);
#9778 = EDGE_LOOP('',(#9779,#9785,#9786,#9787));
#9779 = ORIENTED_EDGE('',*,*,#9780,.T.);
#9780 = EDGE_CURVE('',#7028,#8129,#9781,.T.);
#9781 = LINE('',#9782,#9783);
#9782 = CARTESIAN_POINT('',(44.75,85.42,1.359));
#9783 = VECTOR('',#9784,1.);
#9784 = DIRECTION('',(0.,0.,1.));
#9785 = ORIENTED_EDGE('',*,*,#8128,.T.);
#9786 = ORIENTED_EDGE('',*,*,#9780,.F.);
#9787 = ORIENTED_EDGE('',*,*,#7027,.F.);
#9788 = CYLINDRICAL_SURFACE('',#9789,0.5);
#9789 = AXIS2_PLACEMENT_3D('',#9790,#9791,#9792);
#9790 = CARTESIAN_POINT('',(44.75,85.92,1.359));
#9791 = DIRECTION('',(-0.,-0.,-1.));
#9792 = DIRECTION('',(0.,-1.,0.));
#9793 = ADVANCED_FACE('',(#9794),#9805,.F.);
#9794 = FACE_BOUND('',#9795,.F.);
#9795 = EDGE_LOOP('',(#9796,#9802,#9803,#9804));
#9796 = ORIENTED_EDGE('',*,*,#9797,.T.);
#9797 = EDGE_CURVE('',#7039,#8140,#9798,.T.);
#9798 = LINE('',#9799,#9800);
#9799 = CARTESIAN_POINT('',(44.75,87.96,1.359));
#9800 = VECTOR('',#9801,1.);
#9801 = DIRECTION('',(0.,0.,1.));
#9802 = ORIENTED_EDGE('',*,*,#8139,.T.);
#9803 = ORIENTED_EDGE('',*,*,#9797,.F.);
#9804 = ORIENTED_EDGE('',*,*,#7038,.F.);
#9805 = CYLINDRICAL_SURFACE('',#9806,0.5);
#9806 = AXIS2_PLACEMENT_3D('',#9807,#9808,#9809);
#9807 = CARTESIAN_POINT('',(44.75,88.46,1.359));
#9808 = DIRECTION('',(-0.,-0.,-1.));
#9809 = DIRECTION('',(0.,-1.,0.));
#9810 = ADVANCED_FACE('',(#9811),#9822,.F.);
#9811 = FACE_BOUND('',#9812,.F.);
#9812 = EDGE_LOOP('',(#9813,#9819,#9820,#9821));
#9813 = ORIENTED_EDGE('',*,*,#9814,.T.);
#9814 = EDGE_CURVE('',#7050,#8151,#9815,.T.);
#9815 = LINE('',#9816,#9817);
#9816 = CARTESIAN_POINT('',(44.75,90.5,1.359));
#9817 = VECTOR('',#9818,1.);
#9818 = DIRECTION('',(0.,0.,1.));
#9819 = ORIENTED_EDGE('',*,*,#8150,.T.);
#9820 = ORIENTED_EDGE('',*,*,#9814,.F.);
#9821 = ORIENTED_EDGE('',*,*,#7049,.F.);
#9822 = CYLINDRICAL_SURFACE('',#9823,0.5);
#9823 = AXIS2_PLACEMENT_3D('',#9824,#9825,#9826);
#9824 = CARTESIAN_POINT('',(44.75,91.,1.359));
#9825 = DIRECTION('',(-0.,-0.,-1.));
#9826 = DIRECTION('',(0.,-1.,0.));
#9827 = ADVANCED_FACE('',(#9828),#9839,.F.);
#9828 = FACE_BOUND('',#9829,.F.);
#9829 = EDGE_LOOP('',(#9830,#9836,#9837,#9838));
#9830 = ORIENTED_EDGE('',*,*,#9831,.T.);
#9831 = EDGE_CURVE('',#7061,#8162,#9832,.T.);
#9832 = LINE('',#9833,#9834);
#9833 = CARTESIAN_POINT('',(60.,75.26,1.359));
#9834 = VECTOR('',#9835,1.);
#9835 = DIRECTION('',(0.,0.,1.));
#9836 = ORIENTED_EDGE('',*,*,#8161,.T.);
#9837 = ORIENTED_EDGE('',*,*,#9831,.F.);
#9838 = ORIENTED_EDGE('',*,*,#7060,.F.);
#9839 = CYLINDRICAL_SURFACE('',#9840,0.5);
#9840 = AXIS2_PLACEMENT_3D('',#9841,#9842,#9843);
#9841 = CARTESIAN_POINT('',(60.,75.76,1.359));
#9842 = DIRECTION('',(-0.,-0.,-1.));
#9843 = DIRECTION('',(0.,-1.,0.));
#9844 = ADVANCED_FACE('',(#9845),#9856,.F.);
#9845 = FACE_BOUND('',#9846,.F.);
#9846 = EDGE_LOOP('',(#9847,#9853,#9854,#9855));
#9847 = ORIENTED_EDGE('',*,*,#9848,.T.);
#9848 = EDGE_CURVE('',#7072,#8173,#9849,.T.);
#9849 = LINE('',#9850,#9851);
#9850 = CARTESIAN_POINT('',(60.,77.8,1.359));
#9851 = VECTOR('',#9852,1.);
#9852 = DIRECTION('',(0.,0.,1.));
#9853 = ORIENTED_EDGE('',*,*,#8172,.T.);
#9854 = ORIENTED_EDGE('',*,*,#9848,.F.);
#9855 = ORIENTED_EDGE('',*,*,#7071,.F.);
#9856 = CYLINDRICAL_SURFACE('',#9857,0.5);
#9857 = AXIS2_PLACEMENT_3D('',#9858,#9859,#9860);
#9858 = CARTESIAN_POINT('',(60.,78.3,1.359));
#9859 = DIRECTION('',(-0.,-0.,-1.));
#9860 = DIRECTION('',(0.,-1.,0.));
#9861 = ADVANCED_FACE('',(#9862),#9873,.F.);
#9862 = FACE_BOUND('',#9863,.F.);
#9863 = EDGE_LOOP('',(#9864,#9870,#9871,#9872));
#9864 = ORIENTED_EDGE('',*,*,#9865,.T.);
#9865 = EDGE_CURVE('',#7083,#8184,#9866,.T.);
#9866 = LINE('',#9867,#9868);
#9867 = CARTESIAN_POINT('',(60.,80.34,1.359));
#9868 = VECTOR('',#9869,1.);
#9869 = DIRECTION('',(0.,0.,1.));
#9870 = ORIENTED_EDGE('',*,*,#8183,.T.);
#9871 = ORIENTED_EDGE('',*,*,#9865,.F.);
#9872 = ORIENTED_EDGE('',*,*,#7082,.F.);
#9873 = CYLINDRICAL_SURFACE('',#9874,0.5);
#9874 = AXIS2_PLACEMENT_3D('',#9875,#9876,#9877);
#9875 = CARTESIAN_POINT('',(60.,80.84,1.359));
#9876 = DIRECTION('',(-0.,-0.,-1.));
#9877 = DIRECTION('',(0.,-1.,0.));
#9878 = ADVANCED_FACE('',(#9879),#9890,.F.);
#9879 = FACE_BOUND('',#9880,.F.);
#9880 = EDGE_LOOP('',(#9881,#9887,#9888,#9889));
#9881 = ORIENTED_EDGE('',*,*,#9882,.T.);
#9882 = EDGE_CURVE('',#7094,#8195,#9883,.T.);
#9883 = LINE('',#9884,#9885);
#9884 = CARTESIAN_POINT('',(60.,82.88,1.359));
#9885 = VECTOR('',#9886,1.);
#9886 = DIRECTION('',(0.,0.,1.));
#9887 = ORIENTED_EDGE('',*,*,#8194,.T.);
#9888 = ORIENTED_EDGE('',*,*,#9882,.F.);
#9889 = ORIENTED_EDGE('',*,*,#7093,.F.);
#9890 = CYLINDRICAL_SURFACE('',#9891,0.5);
#9891 = AXIS2_PLACEMENT_3D('',#9892,#9893,#9894);
#9892 = CARTESIAN_POINT('',(60.,83.38,1.359));
#9893 = DIRECTION('',(-0.,-0.,-1.));
#9894 = DIRECTION('',(0.,-1.,0.));
#9895 = ADVANCED_FACE('',(#9896),#9907,.F.);
#9896 = FACE_BOUND('',#9897,.F.);
#9897 = EDGE_LOOP('',(#9898,#9904,#9905,#9906));
#9898 = ORIENTED_EDGE('',*,*,#9899,.T.);
#9899 = EDGE_CURVE('',#7105,#8206,#9900,.T.);
#9900 = LINE('',#9901,#9902);
#9901 = CARTESIAN_POINT('',(60.,85.42,1.359));
#9902 = VECTOR('',#9903,1.);
#9903 = DIRECTION('',(0.,0.,1.));
#9904 = ORIENTED_EDGE('',*,*,#8205,.T.);
#9905 = ORIENTED_EDGE('',*,*,#9899,.F.);
#9906 = ORIENTED_EDGE('',*,*,#7104,.F.);
#9907 = CYLINDRICAL_SURFACE('',#9908,0.5);
#9908 = AXIS2_PLACEMENT_3D('',#9909,#9910,#9911);
#9909 = CARTESIAN_POINT('',(60.,85.92,1.359));
#9910 = DIRECTION('',(-0.,-0.,-1.));
#9911 = DIRECTION('',(0.,-1.,0.));
#9912 = ADVANCED_FACE('',(#9913),#9924,.F.);
#9913 = FACE_BOUND('',#9914,.F.);
#9914 = EDGE_LOOP('',(#9915,#9921,#9922,#9923));
#9915 = ORIENTED_EDGE('',*,*,#9916,.T.);
#9916 = EDGE_CURVE('',#7116,#8217,#9917,.T.);
#9917 = LINE('',#9918,#9919);
#9918 = CARTESIAN_POINT('',(60.,87.96,1.359));
#9919 = VECTOR('',#9920,1.);
#9920 = DIRECTION('',(0.,0.,1.));
#9921 = ORIENTED_EDGE('',*,*,#8216,.T.);
#9922 = ORIENTED_EDGE('',*,*,#9916,.F.);
#9923 = ORIENTED_EDGE('',*,*,#7115,.F.);
#9924 = CYLINDRICAL_SURFACE('',#9925,0.5);
#9925 = AXIS2_PLACEMENT_3D('',#9926,#9927,#9928);
#9926 = CARTESIAN_POINT('',(60.,88.46,1.359));
#9927 = DIRECTION('',(-0.,-0.,-1.));
#9928 = DIRECTION('',(0.,-1.,0.));
#9929 = ADVANCED_FACE('',(#9930),#9941,.F.);
#9930 = FACE_BOUND('',#9931,.F.);
#9931 = EDGE_LOOP('',(#9932,#9938,#9939,#9940));
#9932 = ORIENTED_EDGE('',*,*,#9933,.T.);
#9933 = EDGE_CURVE('',#7127,#8228,#9934,.T.);
#9934 = LINE('',#9935,#9936);
#9935 = CARTESIAN_POINT('',(60.,90.5,1.359));
#9936 = VECTOR('',#9937,1.);
#9937 = DIRECTION('',(0.,0.,1.));
#9938 = ORIENTED_EDGE('',*,*,#8227,.T.);
#9939 = ORIENTED_EDGE('',*,*,#9933,.F.);
#9940 = ORIENTED_EDGE('',*,*,#7126,.F.);
#9941 = CYLINDRICAL_SURFACE('',#9942,0.5);
#9942 = AXIS2_PLACEMENT_3D('',#9943,#9944,#9945);
#9943 = CARTESIAN_POINT('',(60.,91.,1.359));
#9944 = DIRECTION('',(-0.,-0.,-1.));
#9945 = DIRECTION('',(0.,-1.,0.));
#9946 = ADVANCED_FACE('',(#9947),#9958,.F.);
#9947 = FACE_BOUND('',#9948,.F.);
#9948 = EDGE_LOOP('',(#9949,#9955,#9956,#9957));
#9949 = ORIENTED_EDGE('',*,*,#9950,.T.);
#9950 = EDGE_CURVE('',#7138,#8239,#9951,.T.);
#9951 = LINE('',#9952,#9953);
#9952 = CARTESIAN_POINT('',(70.,88.4,1.359));
#9953 = VECTOR('',#9954,1.);
#9954 = DIRECTION('',(0.,0.,1.));
#9955 = ORIENTED_EDGE('',*,*,#8238,.T.);
#9956 = ORIENTED_EDGE('',*,*,#9950,.F.);
#9957 = ORIENTED_EDGE('',*,*,#7137,.F.);
#9958 = CYLINDRICAL_SURFACE('',#9959,1.6);
#9959 = AXIS2_PLACEMENT_3D('',#9960,#9961,#9962);
#9960 = CARTESIAN_POINT('',(70.,90.,1.359));
#9961 = DIRECTION('',(-0.,-0.,-1.));
#9962 = DIRECTION('',(0.,-1.,0.));
#9963 = ( GEOMETRIC_REPRESENTATION_CONTEXT(3) 
GLOBAL_UNCERTAINTY_ASSIGNED_CONTEXT((#9967)) 
GLOBAL_UNIT_ASSIGNED_CONTEXT((#9964,#9965,#9966)) REPRESENTATION_CONTEXT
('Context #1','3D Context with UNIT and UNCERTAINTY') );
#9964 = ( LENGTH_UNIT() NAMED_UNIT(*) SI_UNIT(.MILLI.,.METRE.) );
#9965 = ( NAMED_UNIT(*) PLANE_ANGLE_UNIT() SI_UNIT($,.RADIAN.) );
#9966 = ( NAMED_UNIT(*) SI_UNIT($,.STERADIAN.) SOLID_ANGLE_UNIT() );
#9967 = UNCERTAINTY_MEASURE_WITH_UNIT(LENGTH_MEASURE(1.E-07),#9964,
  'distance_accuracy_value','confusion accuracy');
#9968 = PRODUCT_RELATED_PRODUCT_CATEGORY('part',$,(#7));
ENDSEC;
END-ISO-10303-21;
